scenario,sample_point,component,estimate,relative_change,rank_or_direction_stable
componentwise_pm_5pct_phase0,07,SiO2,46.81838298297673,0.03308651507308276,1.0
componentwise_pm_5pct_phase0,07,K2O,35.63673021691122,-0.016108080882778403,
componentwise_pm_5pct_phase0,07,CaO,5.764514160558519,-0.06530267683864055,1.0
componentwise_pm_5pct_phase0,07,MgO,0.963238667315767,-0.016108080882778493,
componentwise_pm_5pct_phase0,07,Al2O3,4.389290355213537,-0.06530267683864008,1.0
componentwise_pm_5pct_phase0,07,Fe2O3,0.7311286712070932,0.033086515073082925,1.0
componentwise_pm_5pct_phase0,07,CuO,3.3180485799443034,-0.06530267683864018,1.0
componentwise_pm_5pct_phase0,07,PbO,0.2778346263857563,-0.016108080882778153,
componentwise_pm_5pct_phase0,07,BaO,0.8813365187858879,-0.01610808088277846,
componentwise_pm_5pct_phase0,07,P2O5,1.1674010949163602,0.03308651507308277,1.0
componentwise_pm_5pct_phase0,07,SrO,0.052094125784828645,-0.016108080882779336,
componentwise_pm_5pct_phase1,07,SiO2,43.76957714320592,-0.034187918588765784,1.0
componentwise_pm_5pct_phase1,07,K2O,36.82302680516381,0.016644296222351633,
componentwise_pm_5pct_phase1,07,CaO,6.5833969044690885,0.06747651103346958,1.0
componentwise_pm_5pct_phase1,07,MgO,0.9953035267390214,0.01664429622235241,
componentwise_pm_5pct_phase1,07,Al2O3,5.012814563808625,0.06747651103346901,1.0
componentwise_pm_5pct_phase1,07,Fe2O3,0.683517685513493,-0.03418791858876397,1.0
componentwise_pm_5pct_phase1,07,CuO,3.7893966675531487,0.06747651103347026,1.0
componentwise_pm_5pct_phase1,07,PbO,0.28708335003053825,0.01664429622235243,
componentwise_pm_5pct_phase1,07,BaO,0.9106749709663856,0.016644296222352462,
componentwise_pm_5pct_phase1,07,P2O5,1.0913801166431483,-0.03418791858876497,1.0
componentwise_pm_5pct_phase1,07,SrO,0.053828265906843,0.01664429622235235,
componentwise_pm_10pct_phase0,07,SiO2,48.270288086950295,0.06512400736806988,1.0
componentwise_pm_10pct_phase0,07,K2O,35.071790971242535,-0.03170544784720953,
componentwise_pm_10pct_phase0,07,CaO,5.374545071700771,-0.12853490306248846,1.0
componentwise_pm_10pct_phase0,07,MgO,0.9479687106502704,-0.03170544784720819,
componentwise_pm_10pct_phase0,07,Al2O3,4.092355086623809,-0.1285349030624884,1.0
componentwise_pm_10pct_phase0,07,Fe2O3,0.7538020183359968,0.06512400736806985,1.0
componentwise_pm_10pct_phase0,07,CuO,3.0935827627970607,-0.12853490306248794,0.0
componentwise_pm_10pct_phase0,07,PbO,0.273430190757245,-0.03170544784720918,
componentwise_pm_10pct_phase0,07,BaO,0.867364934269785,-0.0317054478472087,
componentwise_pm_10pct_phase0,07,P2O5,1.2036038746815152,0.06512400736806975,1.0
componentwise_pm_10pct_phase0,07,SrO,0.05126829199072028,-0.03170544784720914,
componentwise_pm_10pct_phase1,07,SiO2,42.167768010095784,-0.06953316782000642,1.0
componentwise_pm_10pct_phase1,07,K2O,37.446294015181756,0.033852035755547814,
componentwise_pm_10pct_phase1,07,CaO,7.013628912369212,0.13723723933110282,1.0
componentwise_pm_10pct_phase1,07,MgO,1.0121500520264173,0.03385203575554854,
componentwise_pm_10pct_phase1,07,Al2O3,5.340407340959025,0.13723723933110255,1.0
componentwise_pm_10pct_phase1,07,Fe2O3,0.6585033960741485,-0.06953316782000639,1.0
componentwise_pm_10pct_phase1,07,CuO,4.037037780593846,0.13723723933110268,1.0
componentwise_pm_10pct_phase1,07,PbO,0.29194252794556613,0.033852035755548,
componentwise_pm_10pct_phase1,07,BaO,0.926089071805803,0.033852035755547905,
componentwise_pm_10pct_phase1,07,P2O5,1.0514395288505338,-0.06953316782000613,1.0
componentwise_pm_10pct_phase1,07,SrO,0.0547393640979117,0.03385203575554705,
componentwise_pm_5pct_phase0,09,SiO2,76.91076039701612,0.014980271728218622,1.0
componentwise_pm_5pct_phase0,09,K2O,3.7531471346458187,0.014980271728218713,1.0
componentwise_pm_5pct_phase0,09,CaO,5.3490659857907605,-0.08168451605542225,1.0
componentwise_pm_5pct_phase0,09,MgO,1.5425570726257158,-0.033352122163602345,
componentwise_pm_5pct_phase0,09,Al2O3,4.686087405599626,-0.08168451605542185,1.0
componentwise_pm_5pct_phase0,09,Fe2O3,2.203952372786694,0.014980271728217252,1.0
componentwise_pm_5pct_phase0,09,CuO,2.5420071128906336,-0.08168451605542155,1.0
componentwise_pm_5pct_phase0,09,PbO,0.4449320635621621,-0.03335212216360152,
componentwise_pm_5pct_phase0,09,BaO,1.411396704209369,-0.03335212216360109,
componentwise_pm_5pct_phase0,09,P2O5,1.0726687754248267,0.014980271728217589,1.0
componentwise_pm_5pct_phase0,09,SrO,0.08342497544826888,-0.033352122163601575,
componentwise_pm_5pct_phase1,09,SiO2,74.55935125658796,-0.016050937376672562,1.0
componentwise_pm_5pct_phase1,09,K2O,3.638401363934127,-0.016050937376672295,1.0
componentwise_pm_5pct_phase1,09,CaO,6.334675291628715,0.08752264816262356,1.0
componentwise_pm_5pct_phase1,09,MgO,1.6528062655912457,0.03573585539297487,
componentwise_pm_5pct_phase1,09,Al2O3,5.549537467198794,0.08752264816262469,1.0
componentwise_pm_5pct_phase1,09,Fe2O3,2.1365704651357076,-0.016050937376673447,1.0
componentwise_pm_5pct_phase1,09,CuO,3.0103927848241443,0.08752264816262521,1.0
componentwise_pm_5pct_phase1,09,PbO,0.47673211932847454,0.03573585539297753,
componentwise_pm_5pct_phase1,09,BaO,1.512271641256866,0.035735855392975725,
componentwise_pm_5pct_phase1,09,P2O5,1.0398738433481476,-0.01605093737667443,1.0
componentwise_pm_5pct_phase1,09,SrO,0.08938750116583268,0.03573585539297548,
componentwise_pm_10pct_phase0,09,SiO2,77.9726250429303,0.028993547130581974,1.0
componentwise_pm_10pct_phase0,09,K2O,3.8049647767107544,0.028993547130582394,1.0
componentwise_pm_10pct_phase0,09,CaO,4.903978119728128,-0.15809618871134337,1.0
componentwise_pm_10pct_phase0,09,MgO,1.49277002440945,-0.06455132079038094,
componentwise_pm_10pct_phase0,09,Al2O3,4.296165006234614,-0.1580961887113428,1.0
componentwise_pm_10pct_phase0,09,Fe2O3,2.2343811332600043,0.028993547130581113,1.0
componentwise_pm_10pct_phase0,09,CuO,2.3304904622458285,-0.15809618871134204,1.0
componentwise_pm_10pct_phase0,09,PbO,0.43057158737969836,-0.06455132079038085,
componentwise_pm_10pct_phase0,09,BaO,1.3658429435014152,-0.06455132079038095,
componentwise_pm_10pct_phase0,09,P2O5,1.0874785243275797,0.028993547130579975,1.0
componentwise_pm_10pct_phase0,09,SrO,0.0807323792722235,-0.06455132079038015,
componentwise_pm_10pct_phase1,09,SiO2,73.25293102487898,-0.03329157776205446,1.0
componentwise_pm_10pct_phase1,09,K2O,3.574649720809401,-0.033291577762054075,1.0
componentwise_pm_10pct_phase1,09,CaO,6.8822703126606015,0.1815325160685995,1.0
componentwise_pm_10pct_phase1,09,MgO,1.7140596535037929,0.07412046915327244,
componentwise_pm_10pct_phase1,09,Al2O3,6.029261990740493,0.1815325160686004,1.0
componentwise_pm_10pct_phase1,09,Fe2O3,2.099133727354564,-0.03329157776205479,1.0
componentwise_pm_10pct_phase1,09,CuO,3.2706233451021838,0.18153251606859994,1.0
componentwise_pm_10pct_phase1,09,PbO,0.49439992350100426,0.07412046915327322,
componentwise_pm_10pct_phase1,09,BaO,1.56831678302544,0.07412046915327238,
componentwise_pm_10pct_phase1,09,P2O5,1.0216532954962785,-0.03329157776205603,1.0
componentwise_pm_10pct_phase1,09,SrO,0.09270022292725787,0.07412046915327315,
componentwise_pm_5pct_phase0,10,SiO2,80.17766758796695,0.009430204081293326,1.0
componentwise_pm_5pct_phase0,10,K2O,5.99062320229933,0.009430204081294068,1.0
componentwise_pm_5pct_phase0,10,CaO,1.8545825055709138,-0.08670600583121116,1.0
componentwise_pm_5pct_phase0,10,MgO,1.5789989436768834,-0.038637900874959046,
componentwise_pm_5pct_phase0,10,Al2O3,2.943486651566176,-0.08670600583121028,1.0
componentwise_pm_5pct_phase0,10,Fe2O3,1.8330156503573047,0.009430204081292614,1.0
componentwise_pm_5pct_phase0,10,CuO,1.4101488171959768,-0.08670600583121174,1.0
componentwise_pm_5pct_phase0,10,PbO,0.4554432836489905,-0.03863790087495899,
componentwise_pm_5pct_phase0,10,BaO,1.4447399999678143,-0.038637900874958116,
componentwise_pm_5pct_phase0,10,P2O5,2.2258975234905987,-0.03863790087495815,
componentwise_pm_5pct_phase0,10,SrO,0.0853958342590601,-0.03863790087495905,
componentwise_pm_5pct_phase1,10,SiO2,78.61688181997273,-0.010219959657693184,1.0
componentwise_pm_5pct_phase1,10,K2O,5.874006197628963,-0.010219959657693291,1.0
componentwise_pm_5pct_phase1,10,CaO,2.2214673903329127,0.09396741300991661,1.0
componentwise_pm_5pct_phase1,10,MgO,1.7112360840556773,0.04187372667611335,
componentwise_pm_5pct_phase1,10,Al2O3,3.5257852323596497,0.09396741300991907,1.0
componentwise_pm_5pct_phase1,10,Fe2O3,1.7973330865505017,-0.010219959657693364,1.0
componentwise_pm_5pct_phase1,10,CuO,1.6891131041662966,0.09396741300991723,1.0
componentwise_pm_5pct_phase1,10,PbO,0.4935854988009687,0.04187372667611286,
componentwise_pm_5pct_phase1,10,BaO,1.5657332957212107,0.041873726676112284,
componentwise_pm_5pct_phase1,10,P2O5,2.4123107725059567,0.04187372667611167,
componentwise_pm_5pct_phase1,10,SrO,0.09254751790514501,0.04187372667611175,
componentwise_pm_10pct_phase0,10,SiO2,80.87096733911193,0.01815879061095206,1.0
componentwise_pm_10pct_phase0,10,K2O,6.042424379613457,0.018158790610952595,1.0
componentwise_pm_10pct_phase0,10,CaO,1.6916125422868329,-0.16696098950013152,1.0
componentwise_pm_10pct_phase0,10,MgO,1.520259314961181,-0.0744010994445896,
componentwise_pm_10pct_phase0,10,Al2O3,2.6848301021314853,-0.16696098950012972,1.0
componentwise_pm_10pct_phase0,10,Fe2O3,1.8488658157770368,0.01815879061095133,1.0
componentwise_pm_10pct_phase0,10,CuO,1.2862331109530927,-0.16696098950013172,1.0
componentwise_pm_10pct_phase0,10,PbO,0.43850054312992126,-0.07440109944458927,
componentwise_pm_10pct_phase0,10,BaO,1.390994877763223,-0.0744010994445892,
componentwise_pm_10pct_phase0,10,P2O5,2.1430929119912534,-0.07440109944458914,
componentwise_pm_10pct_phase0,10,SrO,0.08221906228062907,-0.07440109944459,
componentwise_pm_10pct_phase1,10,SiO2,77.73417061144691,-0.0213332207710757,1.0
componentwise_pm_10pct_phase1,10,K2O,5.808052791826496,-0.02133322077107583,1.0
componentwise_pm_10pct_phase1,10,CaO,2.4289612095739157,0.1961482857242399,1.0
componentwise_pm_10pct_phase1,10,MgO,1.7860235458517726,0.08740753247658177,
componentwise_pm_10pct_phase1,10,Al2O3,3.855107484340213,0.1961482857242411,1.0
componentwise_pm_10pct_phase1,10,Fe2O3,1.7771526110060065,-0.021333220771075842,1.0
componentwise_pm_10pct_phase1,10,CuO,1.8468829326313285,0.1961482857242391,1.0
componentwise_pm_10pct_phase1,10,PbO,0.5151570440591765,0.08740753247658281,
componentwise_pm_10pct_phase1,10,BaO,1.634161737668921,0.08740753247658327,
componentwise_pm_10pct_phase1,10,P2O5,2.5177378386016693,0.08740753247658202,
componentwise_pm_10pct_phase1,10,SrO,0.09659219299360546,0.08740753247658091,
componentwise_pm_5pct_phase0,12,SiO2,74.25193577559568,0.016134868546515028,1.0
componentwise_pm_5pct_phase0,12,K2O,6.250791574669516,0.016134868546515323,1.0
componentwise_pm_5pct_phase0,12,CaO,6.043504194426022,-0.08063988083886806,1.0
componentwise_pm_5pct_phase0,12,MgO,1.50076021092537,-0.03225250614617687,
componentwise_pm_5pct_phase0,12,Al2O3,5.042656377903361,-0.08063988083886867,1.0
componentwise_pm_5pct_phase0,12,Fe2O3,1.9432124771495831,0.01613486854651409,1.0
componentwise_pm_5pct_phase0,12,CuO,2.6326860550369946,-0.08063988083886797,1.0
componentwise_pm_5pct_phase0,12,PbO,0.4328762607288175,-0.03225250614617635,
componentwise_pm_5pct_phase0,12,BaO,1.37315374134139,-0.032252506146176814,
componentwise_pm_5pct_phase0,12,P2O5,0.4472588255920361,0.016134868546514924,1.0
componentwise_pm_5pct_phase0,12,SrO,0.08116450663123455,-0.0322525061461781,
componentwise_pm_5pct_phase1,12,SiO2,71.81259517937806,-0.01724741314333742,1.0
componentwise_pm_5pct_phase1,12,K2O,6.045439222743392,-0.017247413143336464,1.0
componentwise_pm_5pct_phase1,12,CaO,7.140244061648423,0.08620022757841633,1.0
componentwise_pm_5pct_phase1,12,MgO,1.6042418512608594,0.0344764072175401,
componentwise_pm_5pct_phase1,12,Al2O3,5.957768225008682,0.08620022757841635,1.0
componentwise_pm_5pct_phase1,12,Fe2O3,1.8793736420663727,-0.01724741314333695,1.0
componentwise_pm_5pct_phase1,12,CuO,3.1104505541669205,0.0862002275784173,1.0
componentwise_pm_5pct_phase1,12,PbO,0.4627242972082031,0.03447640721754028,
componentwise_pm_5pct_phase1,12,BaO,1.4678365564589386,0.03447640721753959,
componentwise_pm_5pct_phase1,12,P2O5,0.43256538226443714,-0.017247413143336443,1.0
componentwise_pm_5pct_phase1,12,SrO,0.08676102779569296,0.03447640721753912,
componentwise_pm_10pct_phase0,12,SiO2,75.35728107022368,0.03126147614163285,1.0
componentwise_pm_10pct_phase0,12,K2O,6.343843465944679,0.03126147614163283,1.0
componentwise_pm_10pct_phase0,12,CaO,5.546535360494022,-0.15624061042957302,1.0
componentwise_pm_10pct_phase0,12,MgO,1.4538692829415611,-0.06248956714396984,
componentwise_pm_10pct_phase0,12,Al2O3,4.627989161761152,-0.1562406104295736,1.0
componentwise_pm_10pct_phase0,12,Fe2O3,1.972139948812695,0.031261476141632195,1.0
componentwise_pm_10pct_phase0,12,CuO,2.4161952780325726,-0.15624061042957288,1.0
componentwise_pm_10pct_phase0,12,PbO,0.41935113564889553,-0.062489567143969804,
componentwise_pm_10pct_phase0,12,BaO,1.3302498498821158,-0.06248956714397103,
componentwise_pm_10pct_phase0,12,P2O5,0.4539169070707889,0.03126147614163384,1.0
componentwise_pm_10pct_phase0,12,SrO,0.07862853918781473,-0.062489567143971046,
componentwise_pm_10pct_phase1,12,SiO2,70.46227085007915,-0.03572654935056185,1.0
componentwise_pm_10pct_phase1,12,K2O,5.931764126565932,-0.03572654935056192,1.0
componentwise_pm_10pct_phase1,12,CaO,7.747356708368945,0.17855643968264556,1.0
componentwise_pm_10pct_phase1,12,MgO,1.6615252731812893,0.07141494516604113,
componentwise_pm_10pct_phase1,12,Al2O3,6.464338645347703,0.17855643968264556,1.0
componentwise_pm_10pct_phase1,12,Fe2O3,1.8440349393445676,-0.03572654935056168,1.0
componentwise_pm_10pct_phase1,12,CuO,3.374922447862611,0.17855643968264548,1.0
componentwise_pm_10pct_phase1,12,PbO,0.4792470123642628,0.07141494516604305,
componentwise_pm_10pct_phase1,12,BaO,1.5202492900550508,0.07141494516604104,
componentwise_pm_10pct_phase1,12,P2O5,0.42443166201348115,-0.0357265493505627,1.0
componentwise_pm_10pct_phase1,12,SrO,0.08985904481698236,0.07141494516604106,
componentwise_pm_5pct_phase0,22,SiO2,66.15619666888931,0.026616619725956903,1.0
componentwise_pm_5pct_phase0,22,K2O,4.166168675729471,0.02661661972595657,1.0
componentwise_pm_5pct_phase0,22,CaO,12.67523163588247,-0.07115639167651569,1.0
componentwise_pm_5pct_phase0,22,MgO,0.787491980493428,0.026616619725956827,1.0
componentwise_pm_5pct_phase0,22,Al2O3,10.996792966095668,-0.07115639167651513,1.0
componentwise_pm_5pct_phase0,22,Fe2O3,2.133446821266098,0.02661661972595715,1.0
componentwise_pm_5pct_phase0,22,CuO,0.7983058347975823,-0.07115639167651511,1.0
componentwise_pm_5pct_phase0,22,PbO,0.39378145072483983,-0.022269885975278524,
componentwise_pm_5pct_phase0,22,BaO,1.2491386601410297,-0.02226988597527951,
componentwise_pm_5pct_phase0,22,P2O5,0.5696110949868801,0.02661661972595515,1.0
componentwise_pm_5pct_phase0,22,SrO,0.07383421099323344,-0.022269885975280512,
componentwise_pm_5pct_phase1,22,SiO2,62.64583784103903,-0.027857381128562383,1.0
componentwise_pm_5pct_phase1,22,K2O,3.9451047735472327,-0.027857381128562887,1.0
componentwise_pm_5pct_phase1,22,CaO,14.66253239396773,0.07447342085790387,1.0
componentwise_pm_5pct_phase1,22,MgO,0.7457063343290609,-0.027857381128564177,1.0
componentwise_pm_5pct_phase1,22,Al2O3,12.720937788519432,0.07447342085790504,1.0
componentwise_pm_5pct_phase1,22,Fe2O3,2.0202425522803247,-0.02785738112856294,1.0
componentwise_pm_5pct_phase1,22,CuO,0.9234691324990579,0.07447342085790434,1.0
componentwise_pm_5pct_phase1,22,PbO,0.4121379824765067,0.023308019864671445,
componentwise_pm_5pct_phase1,22,BaO,1.3073685575496203,0.023308019864670446,
componentwise_pm_5pct_phase1,22,P2O5,0.5393865742857231,-0.027857381128564097,1.0
componentwise_pm_5pct_phase1,22,SrO,0.07727606950627867,0.023308019864670522,
componentwise_pm_10pct_phase0,22,SiO2,67.79666768941308,0.052073567051353756,1.0
componentwise_pm_10pct_phase0,22,K2O,4.269476896626064,0.05207356705135317,1.0
componentwise_pm_10pct_phase0,22,CaO,11.746520509020177,-0.13921253604889297,1.0
componentwise_pm_10pct_phase0,22,MgO,0.8070193692784888,0.05207356705135383,1.0
componentwise_pm_10pct_phase0,22,Al2O3,10.191060630719454,-0.13921253604889258,1.0
componentwise_pm_10pct_phase0,22,Fe2O3,2.186349767026907,0.052073567051354575,1.0
componentwise_pm_10pct_phase0,22,CuO,0.739814161216109,-0.13921253604889203,1.0
componentwise_pm_10pct_phase0,22,PbO,0.38520302331821044,-0.04356948449876854,
componentwise_pm_10pct_phase0,22,BaO,1.221926496396116,-0.04356948449876921,
componentwise_pm_10pct_phase0,22,P2O5,0.58373570524783,0.05207356705135255,1.0
componentwise_pm_10pct_phase0,22,SrO,0.07222575173755924,-0.04356948449876948,
componentwise_pm_10pct_phase1,22,SiO2,60.765000315412706,-0.05704435317407386,1.0
componentwise_pm_10pct_phase1,22,K2O,3.8266595366993665,-0.05704435317407316,1.0
componentwise_pm_10pct_phase1,22,CaO,15.727320930928034,0.1525013461205758,1.0
componentwise_pm_10pct_phase1,22,MgO,0.7233177366976878,-0.05704435317407385,1.0
componentwise_pm_10pct_phase1,22,Al2O3,13.64472832978863,0.15250134612057684,1.0
componentwise_pm_10pct_phase1,22,Fe2O3,1.9595881156226562,-0.05704435317407387,1.0
componentwise_pm_10pct_phase1,22,CuO,0.9905311733594905,0.15250134612057686,1.0
componentwise_pm_10pct_phase1,22,PbO,0.42197334559806843,0.047728496473252606,
componentwise_pm_10pct_phase1,22,BaO,1.338567925343743,0.04772849647325028,
componentwise_pm_10pct_phase1,22,P2O5,0.5231923857378769,-0.05704435317407462,1.0
componentwise_pm_10pct_phase1,22,SrO,0.07912020481172723,0.04772849647325061,
componentwise_pm_5pct_phase0,27,SiO2,47.851902911690985,0.031931145222071224,1.0
componentwise_pm_5pct_phase0,27,K2O,36.38805926556846,-0.017208433121836692,
componentwise_pm_5pct_phase0,27,CaO,5.1709201377545115,-0.06634801146574487,1.0
componentwise_pm_5pct_phase0,27,MgO,0.47868749879253275,0.031931145222072216,1.0
componentwise_pm_5pct_phase0,27,Al2O3,5.681511447215355,-0.06634801146574482,1.0
componentwise_pm_5pct_phase0,27,Fe2O3,0.8782859461442442,0.03193114522206921,1.0
componentwise_pm_5pct_phase0,27,CuO,1.6103470981089212,-0.06634801146574482,1.0
componentwise_pm_5pct_phase0,27,PbO,0.28369221276519896,-0.017208433121835398,
componentwise_pm_5pct_phase0,27,BaO,0.8999177332849679,-0.017208433121838007,
componentwise_pm_5pct_phase0,27,P2O5,0.7034833226326949,0.031931145222071224,1.0
componentwise_pm_5pct_phase0,27,SrO,0.0531924260421282,-0.017208433121837202,
componentwise_pm_5pct_phase1,27,SiO2,44.83775380006695,-0.03306928642990308,1.0
componentwise_pm_5pct_phase1,27,K2O,37.685060968299105,0.017821803757997218,
componentwise_pm_5pct_phase1,27,CaO,5.918938847287624,0.06871289394589727,1.0
componentwise_pm_5pct_phase1,27,MgO,0.4485353959201816,-0.03306928642990313,1.0
componentwise_pm_5pct_phase1,27,Al2O3,6.503391644109892,0.06871289394589641,1.0
componentwise_pm_5pct_phase1,27,Fe2O3,0.8229634899149074,-0.033069286429903644,1.0
componentwise_pm_5pct_phase1,27,CuO,1.8432978546740604,0.06871289394589733,1.0
componentwise_pm_5pct_phase1,27,PbO,0.29380402665234545,0.017821803757998248,
componentwise_pm_5pct_phase1,27,BaO,0.931994047766861,0.017821803757996742,
componentwise_pm_5pct_phase1,27,P2O5,0.6591715293092649,-0.03306928642990382,1.0
componentwise_pm_5pct_phase1,27,SrO,0.055088395998797286,0.017821803757995563,
componentwise_pm_10pct_phase0,27,SiO2,49.282490513033736,0.06278191210836458,1.0
componentwise_pm_10pct_phase0,27,K2O,35.77247108922666,-0.03383462535603175,
componentwise_pm_10pct_phase0,27,CaO,4.8158924825852285,-0.13045116282042774,1.0
componentwise_pm_10pct_phase0,27,MgO,0.4929984114004216,0.06278191210836657,1.0
componentwise_pm_10pct_phase0,27,Al2O3,5.291427355180186,-0.13045116282042865,1.0
componentwise_pm_10pct_phase0,27,Fe2O3,0.9045433133236932,0.06278191210836433,1.0
componentwise_pm_10pct_phase0,27,CuO,1.4997830710074418,-0.1304511628204283,0.0
componentwise_pm_10pct_phase0,27,PbO,0.2788929028975319,-0.03383462535603046,
componentwise_pm_10pct_phase0,27,BaO,0.8846935436064959,-0.033834625356031885,
componentwise_pm_10pct_phase0,27,P2O5,0.7245147645999459,0.06278191210836533,1.0
componentwise_pm_10pct_phase0,27,SrO,0.052292553138671274,-0.03383462535603235,
componentwise_pm_10pct_phase1,27,SiO2,43.2486408104398,-0.06733866941138046,1.0
componentwise_pm_10pct_phase1,27,K2O,38.368863320820154,0.0362903673206887,
componentwise_pm_10pct_phase1,27,CaO,6.313307607352953,0.13991940405275735,1.0
componentwise_pm_10pct_phase1,27,MgO,0.4326386713174601,-0.06733866941137948,1.0
componentwise_pm_10pct_phase1,27,Al2O3,6.936701493236347,0.1399194040527585,1.0
componentwise_pm_10pct_phase1,27,Fe2O3,0.7937965076070048,-0.06733866941138039,1.0
componentwise_pm_10pct_phase1,27,CuO,1.9661136343491665,0.13991940405275874,1.0
componentwise_pm_10pct_phase1,27,PbO,0.2991351546761009,0.0362903673206899,
componentwise_pm_10pct_phase1,27,BaO,0.9489052509339374,0.03629036732068742,
componentwise_pm_10pct_phase1,27,P2O5,0.6358095642052913,-0.06733866941138048,1.0
componentwise_pm_10pct_phase1,27,SrO,0.05608798506174928,0.03629036732068805,
zero_c_0.25,07,SiO2,45.34613895262177,0.0006002274708480614,
zero_c_0.25,07,K2O,36.24190794589733,0.0006002274708480262,
zero_c_0.25,07,CaO,6.17095399482388,0.0006002274708480302,
zero_c_0.25,07,MgO,0.9795962451746119,0.0006002274708481476,
zero_c_0.25,07,Al2O3,4.698766990160805,0.0006002274708480635,
zero_c_0.25,07,Fe2O3,0.708137705842113,0.000600227470848139,
zero_c_0.25,07,CuO,3.551994941659252,0.0006002274708477509,
zero_c_0.25,07,PbO,0.28255277328662,0.0006002274708480765,
zero_c_0.25,07,BaO,0.8362804992786358,-0.06640697643046524,
zero_c_0.25,07,P2O5,1.1306911706619198,0.0006002274708479699,
zero_c_0.25,07,SrO,0.052978780593058473,0.0006002274708471846,
zero_c_0.25,09,SiO2,75.84978550051568,0.000978738221229474,
zero_c_0.25,09,K2O,3.7013729112188676,0.0009787382212293931,
zero_c_0.25,09,CaO,5.830568486245928,0.0009787382212297325,
zero_c_0.25,09,MgO,1.5973415631420351,0.0009787382212294515,
zero_c_0.25,09,Al2O3,5.107911105128005,0.0009787382212294098,
zero_c_0.25,09,Fe2O3,2.173549108945089,0.0009787382212299277,
zero_c_0.25,09,CuO,2.7708288893059994,0.0009787382212297457,
zero_c_0.25,09,PbO,0.4607339919635121,0.0009787382212303349,
zero_c_0.25,09,BaO,1.363649163135397,-0.06605381341270751,
zero_c_0.25,09,P2O5,1.057871435792365,0.0009787382212294387,
zero_c_0.25,09,SrO,0.08638784460713254,0.0009787382212294712,
zero_c_0.25,10,SiO2,79.50865552527662,0.0010073975406388956,
zero_c_0.25,10,K2O,5.94063672469353,0.0010073975406387162,
zero_c_0.25,10,CaO,2.0326979256176303,0.0010073975406385707,
zero_c_0.25,10,MgO,1.6441147667127163,0.0010073975406382641,
zero_c_0.25,10,Al2O3,3.22618119859805,0.0010073975406385913,
zero_c_0.25,10,Fe2O3,1.8177207481971274,0.0010073975406382906,
zero_c_0.25,10,CuO,1.5455805103931062,0.0010073975406384476,
zero_c_0.25,10,PbO,0.47422516085017963,0.0010073975406386846,
zero_c_0.25,10,BaO,1.4035794080986979,-0.06602707332218355,
zero_c_0.25,10,P2O5,2.317690586314312,0.0010073975406383068,
zero_c_0.25,10,SrO,0.0889174452480211,0.0010073975406386922,
zero_c_0.25,12,SiO2,73.14241431451978,0.0009511102751186044,
zero_c_0.25,12,K2O,6.157388118875868,0.0009511102751180923,
zero_c_0.25,12,CaO,6.579850601832378,0.0009511102751181942,
zero_c_0.25,12,MgO,1.5522516037735907,0.0009511102751185193,
zero_c_0.25,12,Al2O3,5.49017995777739,0.0009511102751184311,
zero_c_0.25,12,Fe2O3,1.9141757129991672,0.0009511102751185568,
zero_c_0.25,12,CuO,2.8663305867558995,0.0009511102751184057,
zero_c_0.25,12,PbO,0.4477283346534802,0.0009511102751184409,
zero_c_0.25,12,BaO,1.3251559023467396,-0.06607959119791822,
zero_c_0.25,12,P2O5,0.44057558884586234,0.0009511102751176199,
zero_c_0.25,12,SrO,0.08394927761986845,0.000951110275118422,
zero_c_0.25,22,SiO2,64.49617581785428,0.0008562967241116541,
zero_c_0.25,22,K2O,4.061629309519319,0.0008562967241115653,
zero_c_0.25,22,CaO,13.657934749755535,0.0008562967241118829,
zero_c_0.25,22,MgO,0.7677318798004462,0.0008562967241116799,
zero_c_0.25,22,Al2O3,11.849367735601819,0.0008562967241120149,
zero_c_0.25,22,Fe2O3,2.07991342022127,0.0008562967241116713,
zero_c_0.25,22,CuO,0.8601980078335186,0.0008562967241117161,
zero_c_0.25,22,PbO,0.403095536117594,0.0008562967241116281,
zero_c_0.25,22,BaO,1.1930547779810972,-0.06616805536905113,
zero_c_0.25,22,P2O5,0.5553181588407532,0.0008562967241117387,
zero_c_0.25,22,SrO,0.07558060647436088,0.0008562967241116792,
zero_c_0.25,27,SiO2,46.39966913861737,0.0006135764444272243,
zero_c_0.25,27,K2O,37.04792282380872,0.0006135764444274085,
zero_c_0.25,27,CaO,5.541778902725722,0.0006135764444272775,
zero_c_0.25,27,MgO,0.4641600482587979,0.0006135764444272444,
zero_c_0.25,27,Al2O3,6.088989857701707,0.0006135764444272471,
zero_c_0.25,27,Fe2O3,0.8516312796462293,0.0006135764444271677,
zero_c_0.25,27,CuO,1.725841308050247,0.0006135764444276462,
zero_c_0.25,27,PbO,0.2888367067761069,0.0006135764444270902,
zero_c_0.25,27,BaO,0.8548792586356768,-0.06639452139771237,
zero_c_0.25,27,P2O5,0.6821336546412963,0.0006135764444272214,
zero_c_0.25,27,SrO,0.0541570211381025,0.0006135764444263941,
zero_c_0.75,07,SiO2,45.30214533893059,-0.00037052816311341585,
zero_c_0.75,07,K2O,36.206747014130485,-0.000370528163113457,
zero_c_0.75,07,CaO,6.164967099965248,-0.00037052816311321197,
zero_c_0.75,07,MgO,0.9786458670436635,-0.0003705281631127811,
zero_c_0.75,07,Al2O3,4.694208371840379,-0.0003705281631135142,
zero_c_0.75,07,Fe2O3,0.7074506895406033,-0.0003705281631133255,
zero_c_0.75,07,CuO,3.548548890972123,-0.0003705281631134335,
zero_c_0.75,07,PbO,0.2822786481275115,-0.00037052816311334316,
zero_c_0.75,07,BaO,0.9324864931881375,0.04099388346876601,
zero_c_0.75,07,P2O5,1.1295942042670941,-0.0003705281631134359,
zero_c_0.75,07,SrO,0.052927381994168424,-0.0003705281631132762,
zero_c_0.75,09,SiO2,75.72986629615407,-0.0006038183157242134,
zero_c_0.75,09,K2O,3.695521006805032,-0.0006038183157242224,
zero_c_0.75,09,CaO,5.821350304160998,-0.0006038183157243128,
zero_c_0.75,09,MgO,1.5948161515264094,-0.000603818315724233,
zero_c_0.75,09,Al2O3,5.099835450969792,-0.0006038183157243127,
zero_c_0.75,09,Fe2O3,2.1701127079313527,-0.0006038183157241813,
zero_c_0.75,09,CuO,2.7664481834986567,-0.0006038183157242654,
zero_c_0.75,09,PbO,0.460005567309783,-0.0006038183157242187,
zero_c_0.75,09,BaO,1.5195941356285425,0.040750939829363994,
zero_c_0.75,09,P2O5,1.0561989313803886,-0.0006038183157241669,
zero_c_0.75,09,SrO,0.08625126463497518,-0.0006038183157243803,
zero_c_0.75,10,SiO2,79.379276753575,-0.0006214704952050156,
zero_c_0.75,10,K2O,5.930969949705464,-0.0006214704952053678,
zero_c_0.75,10,CaO,2.029390261073192,-0.0006214704952056531,
zero_c_0.75,10,MgO,1.6414394158638248,-0.0006214704952054544,
zero_c_0.75,10,Al2O3,3.220931463735803,-0.0006214704952051291,
zero_c_0.75,10,Fe2O3,1.8147629007005925,-0.0006214704952055322,
zero_c_0.75,10,CuO,1.5430654973208873,-0.0006214704952053899,
zero_c_0.75,10,PbO,0.47345348802518394,-0.0006214704952051576,
zero_c_0.75,10,BaO,1.5640183402637837,0.04073255720721501,
zero_c_0.75,10,P2O5,2.313919173513269,-0.000621470495205553,
zero_c_0.75,10,SrO,0.08877275622299567,-0.0006214704952051622,
zero_c_0.75,12,SiO2,73.0300347407541,-0.0005867998442999047,
zero_c_0.75,12,K2O,6.147927607368367,-0.0005867998442999633,
zero_c_0.75,12,CaO,6.5697409983553055,-0.0005867998442998764,
zero_c_0.75,12,MgO,1.5498666486795594,-0.0005867998442999733,
zero_c_0.75,12,Al2O3,5.48174457743981,-0.0005867998443000024,
zero_c_0.75,12,Fe2O3,1.9112346800464612,-0.0005867998443000576,
zero_c_0.75,12,CuO,2.8619266166021933,-0.0005867998443001061,
zero_c_0.75,12,PbO,0.4470404229967114,-0.0005867998443000452,
zero_c_0.75,12,BaO,1.476764746886702,0.0407686625207785,
zero_c_0.75,12,P2O5,0.43989866701671504,-0.0005867998443000646,
zero_c_0.75,12,SrO,0.08382029385408395,-0.0005867998443000404,
zero_c_0.75,22,SiO2,64.40694559323423,-0.0005283843214948412,
zero_c_0.75,22,K2O,4.05601006014498,-0.0005283843214947411,
zero_c_0.75,22,CaO,13.63903904671403,-0.0005283843214947681,
zero_c_0.75,22,MgO,0.7666697255375945,-0.0005283843214947912,
zero_c_0.75,22,Al2O3,11.832974178445195,-0.000528384321494868,
zero_c_0.75,22,Fe2O3,2.0770358675706957,-0.0005283843214946358,
zero_c_0.75,22,CuO,0.859007927018906,-0.0005283843214948048,
zero_c_0.75,22,PbO,0.40253785490975474,-0.0005283843214949377,
zero_c_0.75,22,BaO,1.3297538272562295,0.04082949526296292,
zero_c_0.75,22,P2O5,0.5545498781881314,-0.0005283843214946676,
zero_c_0.75,22,SrO,0.07547604098025038,-0.0005283843214957991,
zero_c_0.75,27,SiO2,46.353653267698924,-0.0003787604844279304,
zero_c_0.75,27,K2O,37.01118134555889,-0.00037876048442711177,
zero_c_0.75,27,CaO,5.536282963048127,-0.00037876048442701853,
zero_c_0.75,27,MgO,0.4636997275439595,-0.00037876048442690973,
zero_c_0.75,27,Al2O3,6.082951233364137,-0.0003787604844275447,
zero_c_0.75,27,Fe2O3,0.8507866926963259,-0.0003787604844280115,
zero_c_0.75,27,CuO,1.7241297421634365,-0.0003787604844274086,
zero_c_0.75,27,PbO,0.2885502592030477,-0.00037876048442713774,
zero_c_0.75,27,BaO,0.9532042933379564,0.04098531049610277,
zero_c_0.75,27,P2O5,0.6814571633045299,-0.00037876048442794227,
zero_c_0.75,27,SrO,0.054103312080682864,-0.00037876048442865345,
componentwise_pm_5pct_phase0,02,SiO2,61.503666999348326,0.012693167568581562,1.0
componentwise_pm_5pct_phase0,02,Na2O,2.399297695195543,-0.035530316601349865,
componentwise_pm_5pct_phase0,02,K2O,0.6851847016482137,0.012693167568581723,1.0
componentwise_pm_5pct_phase0,02,CaO,0.854642676718837,-0.0837538007712829,1.0
componentwise_pm_5pct_phase0,02,MgO,0.8617405839701063,0.01269316756858173,1.0
componentwise_pm_5pct_phase0,02,Al2O3,6.217557107613672,-0.08375380077128305,1.0
componentwise_pm_5pct_phase0,02,Fe2O3,1.8556257825411455,0.012693167568581704,1.0
componentwise_pm_5pct_phase0,02,CuO,0.11905342654569223,-0.08375380077128297,1.0
componentwise_pm_5pct_phase0,02,PbO,17.08911260016314,0.012693167568582481,1.0
componentwise_pm_5pct_phase0,02,BaO,4.803067908075881,-0.03553031660135023,
componentwise_pm_5pct_phase0,02,P2O5,0.6908945895340375,0.01269316756858167,1.0
componentwise_pm_5pct_phase0,02,SrO,0.1124919078362011,-0.08375380077128297,1.0
componentwise_pm_5pct_phase0,02,SnO2,0.2898713026555436,-0.03553031660135,
componentwise_pm_5pct_phase0,02,SO2,2.5177927181536575,-0.035530316601350975,
componentwise_pm_5pct_phase1,02,SiO2,59.90291389633256,-0.013664150774818218,1.0
componentwise_pm_5pct_phase1,02,Na2O,2.5828356305617595,0.03824826234229792,
componentwise_pm_5pct_phase1,02,K2O,0.6673514310350331,-0.013664150774818225,1.0
componentwise_pm_5pct_phase1,02,CaO,1.0168640683175956,0.0901606754594123,1.0
componentwise_pm_5pct_phase1,02,MgO,0.8393121015545889,-0.013664150774817184,1.0
componentwise_pm_5pct_phase1,02,Al2O3,7.397723736097717,0.09016067545941336,1.0
componentwise_pm_5pct_phase1,02,Fe2O3,1.8073294959234671,-0.01366415077481781,1.0
componentwise_pm_5pct_phase1,02,CuO,0.14165118939435972,0.09016067545941127,1.0
componentwise_pm_5pct_phase1,02,PbO,16.644335055065106,-0.013664150774817434,1.0
componentwise_pm_5pct_phase1,02,BaO,5.170485910867794,0.0382482623422982,
componentwise_pm_5pct_phase1,02,P2O5,0.6729127079323253,-0.0136641507748181,1.0
componentwise_pm_5pct_phase1,02,SrO,0.1338442160345797,0.09016067545941231,1.0
componentwise_pm_5pct_phase1,02,SnO2,0.3120454499144891,0.03824826234229838,
componentwise_pm_5pct_phase1,02,SO2,2.710395110968593,0.03824826234229762,
componentwise_pm_10pct_phase0,02,SiO2,62.22165784426858,0.0245152988089064,1.0
componentwise_pm_10pct_phase0,02,Na2O,2.3169748453817607,-0.06862245562826727,
componentwise_pm_10pct_phase0,02,K2O,0.6931835148387838,0.024515298808906346,1.0
componentwise_pm_10pct_phase0,02,CaO,0.7818810036046641,-0.16176021006543964,1.0
componentwise_pm_10pct_phase0,02,MgO,0.8718005020233399,0.0245152988089074,1.0
componentwise_pm_10pct_phase0,02,Al2O3,5.688213242444486,-0.16176021006543972,0.0
componentwise_pm_10pct_phase0,02,Fe2O3,1.87728826851091,0.024515298808905933,0.0
componentwise_pm_10pct_phase0,02,CuO,0.10891758060514403,-0.16176021006543984,1.0
componentwise_pm_10pct_phase0,02,PbO,17.28861007719744,0.02451529880890659,1.0
componentwise_pm_10pct_phase0,02,BaO,4.638268750875135,-0.0686224556282667,
componentwise_pm_10pct_phase0,02,P2O5,0.6989600596806496,0.02451529880890747,1.0
componentwise_pm_10pct_phase0,02,SrO,0.10291468960343995,-0.16176021006544064,1.0
componentwise_pm_10pct_phase0,02,SnO2,0.2799254623533497,-0.06862245562826604,
componentwise_pm_10pct_phase0,02,SO2,2.431404158612323,-0.06862245562826645,
componentwise_pm_10pct_phase1,02,SiO2,59.007045927083425,-0.028415130932013536,1.0
componentwise_pm_10pct_phase1,02,Na2O,2.685553380805035,0.07953874340887504,
componentwise_pm_10pct_phase1,02,K2O,0.6573709687768621,-0.028415130932012582,1.0
componentwise_pm_10pct_phase1,02,CaO,1.1076519283483284,0.18749261774976184,1.0
componentwise_pm_10pct_phase1,02,MgO,0.8267599103659059,-0.028415130932013533,1.0
componentwise_pm_10pct_phase1,02,Al2O3,8.058208778321767,0.1874926177497625,1.0
componentwise_pm_10pct_phase1,02,Fe2O3,1.7803002831529655,-0.02841513093201312,1.0
componentwise_pm_10pct_phase1,02,CuO,0.15429811906431992,0.18749261774976284,1.0
componentwise_pm_10pct_phase1,02,PbO,16.39541349724091,-0.028415130932013276,1.0
componentwise_pm_10pct_phase1,02,BaO,5.376112886949647,0.07953874340887436,
componentwise_pm_10pct_phase1,02,P2O5,0.6628490749314248,-0.028415130932012644,1.0
componentwise_pm_10pct_phase1,02,SrO,0.14579412195600266,0.1874926177497627,1.0
componentwise_pm_10pct_phase1,02,SnO2,0.32445530140081713,0.07953874340887643,
componentwise_pm_10pct_phase1,02,SO2,2.818185821602592,0.0795387434088743,
componentwise_pm_5pct_phase0,08,SiO2,46.14773461506718,0.03763044910351939,1.0
componentwise_pm_5pct_phase0,08,Na2O,3.2429580080670513,-0.011780524663315558,
componentwise_pm_5pct_phase0,08,K2O,0.2310037030548882,-0.011780524663315126,
componentwise_pm_5pct_phase0,08,CaO,0.7306133809820039,-0.061191498430148886,1.0
componentwise_pm_5pct_phase0,08,MgO,0.9400748382757406,-0.0117805246633157,
componentwise_pm_5pct_phase0,08,Al2O3,1.9652922777124344,-0.06119149843015044,1.0
componentwise_pm_5pct_phase0,08,Fe2O3,1.2842374878933485,-0.011780524663316012,
componentwise_pm_5pct_phase0,08,CuO,6.442826992379381,-0.061191498430149975,1.0
componentwise_pm_5pct_phase0,08,PbO,13.966986779317997,0.03763044910351894,1.0
componentwise_pm_5pct_phase0,08,BaO,21.142343661354264,-0.061191498430149406,1.0
componentwise_pm_5pct_phase0,08,P2O5,0.939064044944669,0.03763044910351929,1.0
componentwise_pm_5pct_phase0,08,SrO,0.29609194568969033,-0.06119149843014839,1.0
componentwise_pm_5pct_phase0,08,SnO2,0.39179817666561373,-0.011780524663316732,
componentwise_pm_5pct_phase0,08,SO2,2.278974088595729,-0.06119149843014942,1.0
componentwise_pm_5pct_phase1,08,SiO2,42.760187149418435,-0.03853845555584269,1.0
componentwise_pm_5pct_phase1,08,Na2O,3.321209181414416,0.012064783625429292,
componentwise_pm_5pct_phase1,08,K2O,0.2365777224429486,0.012064783625430073,
componentwise_pm_5pct_phase1,08,CaO,0.8270051620815002,0.06266802280670103,1.0
componentwise_pm_5pct_phase1,08,MgO,0.9627584373067557,0.012064783625429688,
componentwise_pm_5pct_phase1,08,Al2O3,2.2245785540945744,0.06266802280670064,1.0
componentwise_pm_5pct_phase1,08,Fe2O3,1.3152255827235455,0.01206478362542931,
componentwise_pm_5pct_phase1,08,CuO,7.292846421638453,0.06266802280670074,1.0
componentwise_pm_5pct_phase1,08,PbO,12.941718018853654,-0.038538455555841775,1.0
componentwise_pm_5pct_phase1,08,BaO,23.931709713473953,0.06266802280670086,1.0
componentwise_pm_5pct_phase1,08,P2O5,0.8701305631157369,-0.03853845555584142,1.0
componentwise_pm_5pct_phase1,08,SrO,0.3351561494904524,0.0626680228067027,1.0
componentwise_pm_5pct_phase1,08,SnO2,0.4012520971182313,0.012064783625430123,
componentwise_pm_5pct_phase1,08,SO2,2.5796452468273023,0.06266802280670121,1.0
componentwise_pm_10pct_phase0,08,SiO2,47.78234469703872,0.07438460849212533,1.0
componentwise_pm_10pct_phase0,08,Na2O,3.2051990812396696,-0.023286719552614254,
componentwise_pm_10pct_phase0,08,K2O,0.22831404383056117,-0.023286719552612585,
componentwise_pm_10pct_phase0,08,CaO,0.6841009767124855,-0.1209580475973524,1.0
componentwise_pm_10pct_phase0,08,MgO,0.9291292087170426,-0.023286719552613917,
componentwise_pm_10pct_phase0,08,Al2O3,1.8401775846228299,-0.12095804759735276,1.0
componentwise_pm_10pct_phase0,08,Fe2O3,1.2692846487835858,-0.02328671955261412,
componentwise_pm_10pct_phase0,08,CuO,6.032662900797413,-0.12095804759735312,1.0
componentwise_pm_10pct_phase0,08,PbO,14.461714799981934,0.0743846084921256,1.0
componentwise_pm_10pct_phase0,08,BaO,19.796377024033383,-0.12095804759735215,1.0
componentwise_pm_10pct_phase0,08,P2O5,0.9723268598647833,0.07438460849212529,1.0
componentwise_pm_10pct_phase0,08,SrO,0.27724210165815,-0.12095804759735176,1.0
componentwise_pm_10pct_phase0,08,SnO2,0.3872363295349953,-0.02328671955261402,
componentwise_pm_10pct_phase0,08,SO2,2.1338897431844144,-0.12095804759735262,1.0
componentwise_pm_10pct_phase1,08,SiO2,41.00435971127542,-0.07801818361585824,1.0
componentwise_pm_10pct_phase1,08,Na2O,3.3617681871917346,0.024424240426823268,
componentwise_pm_10pct_phase1,08,K2O,0.2394668380292371,0.024424240426824548,
componentwise_pm_10pct_phase1,08,CaO,0.876966774658806,0.12686666446950573,1.0
componentwise_pm_10pct_phase1,08,MgO,0.974515759079621,0.02442424042682264,
componentwise_pm_10pct_phase1,08,Al2O3,2.3589713450509415,0.12686666446950495,1.0
componentwise_pm_10pct_phase1,08,Fe2O3,1.3312872756475187,0.02442424042682263,
componentwise_pm_10pct_phase1,08,CuO,7.733426945448753,0.12686666446950506,1.0
componentwise_pm_10pct_phase1,08,PbO,12.410302580590704,-0.07801818361585887,1.0
componentwise_pm_10pct_phase1,08,BaO,25.37748884985534,0.126866664469506,1.0
componentwise_pm_10pct_phase1,08,P2O5,0.8344010862510336,-0.07801818361585923,1.0
componentwise_pm_10pct_phase1,08,SrO,0.3554038365201175,0.12686666446950778,1.0
componentwise_pm_10pct_phase1,08,SnO2,0.40615223596412237,0.024424240426823597,
componentwise_pm_10pct_phase1,08,SO2,2.735488574436633,0.12686666446950634,0.0
componentwise_pm_5pct_phase0,08严重风化点,SiO2,14.272617020569104,0.06040287831060716,1.0
componentwise_pm_5pct_phase0,08严重风化点,Na2O,4.38180545841528,0.009907503152958682,
componentwise_pm_5pct_phase0,08严重风化点,K2O,0.31212654756617586,0.009907503152957573,
componentwise_pm_5pct_phase0,08严重风化点,CaO,2.1277880056380654,-0.040587872004689045,1.0
componentwise_pm_5pct_phase0,08严重风化点,MgO,1.2702061042507136,0.009907503152959431,
componentwise_pm_5pct_phase0,08严重风化点,Al2O3,2.199667787489827,-0.0405878720046893,1.0
componentwise_pm_5pct_phase0,08严重风化点,Fe2O3,1.7352302497764114,0.009907503152958044,
componentwise_pm_5pct_phase0,08严重风化点,CuO,2.625833319927628,-0.04058787200468966,1.0
componentwise_pm_5pct_phase0,08严重风化点,PbO,21.35256453062664,0.06040287831060715,1.0
componentwise_pm_5pct_phase0,08严重风化点,BaO,28.00903181199203,-0.040587872004689045,1.0
componentwise_pm_5pct_phase0,08严重风化点,P2O5,2.671986910468463,0.06040287831060586,1.0
componentwise_pm_5pct_phase0,08严重风化点,SrO,0.5730763764938923,-0.04058787200468962,1.0
componentwise_pm_5pct_phase0,08严重风化点,SnO2,0.5293881033426706,0.009907503152957487,
componentwise_pm_5pct_phase0,08严重风化点,SO2,17.93867777344311,-0.040587872004689406,1.0
componentwise_pm_5pct_phase1,08严重风化点,SiO2,12.66241434144344,-0.05922925034159298,1.0
componentwise_pm_5pct_phase1,08严重风化点,Na2O,4.296666975207123,-0.009715000359571941,
componentwise_pm_5pct_phase1,08严重风化点,K2O,0.3060619285225014,-0.009715000359572394,
componentwise_pm_5pct_phase1,08严重风化点,CaO,2.3060708813855224,0.0397992496224484,1.0
componentwise_pm_5pct_phase1,08严重风化点,MgO,1.245525998731661,-0.009715000359571634,
componentwise_pm_5pct_phase1,08严重风化点,Al2O3,2.383973318775657,0.039799249622449774,1.0
componentwise_pm_5pct_phase1,08严重风化点,Fe2O3,1.7015147247753764,-0.009715000359572231,
componentwise_pm_5pct_phase1,08严重风化点,CuO,2.8458463636470923,0.03979924962244936,1.0
componentwise_pm_5pct_phase1,08严重风化点,PbO,18.94361902582757,-0.05922925034159307,1.0
componentwise_pm_5pct_phase1,08严重风化点,BaO,30.35584959887328,0.03979924962244913,1.0
componentwise_pm_5pct_phase1,08严重风化点,P2O5,2.37053970736447,-0.05922925034159346,1.0
componentwise_pm_5pct_phase1,08严重风化点,SrO,0.6210932391482282,0.039799249622449975,1.0
componentwise_pm_5pct_phase1,08严重风化点,SnO2,0.5191020921140163,-0.009715000359573378,
componentwise_pm_5pct_phase1,08严重风化点,SO2,19.441721804184052,0.039799249622449,1.0
componentwise_pm_10pct_phase0,08严重风化点,SiO2,15.101887447622955,0.12201461682208489,1.0
componentwise_pm_10pct_phase0,08严重风化点,Na2O,4.425652625758884,0.020013288020076948,
componentwise_pm_10pct_phase0,08严重风化点,K2O,0.3152498868137532,0.020013288020076958,
componentwise_pm_10pct_phase0,08严重风化点,CaO,2.035970547858299,-0.0819880407819302,1.0
componentwise_pm_10pct_phase0,08严重风化点,MgO,1.2829166045553282,0.02001328802007784,
componentwise_pm_10pct_phase0,08严重风化点,Al2O3,2.104748602085926,-0.08198804078192988,1.0
componentwise_pm_10pct_phase0,08严重风化点,Fe2O3,1.7525940811613745,0.02001328802007675,
componentwise_pm_10pct_phase0,08严重风化点,CuO,2.512524409758798,-0.0819880407819306,1.0
componentwise_pm_10pct_phase0,08严重风化点,PbO,22.593195473185336,0.1220146168220858,1.0
componentwise_pm_10pct_phase0,08严重风化点,BaO,26.800397263326794,-0.08198804078192953,1.0
componentwise_pm_10pct_phase0,08严重风化点,P2O5,2.8272352242943866,0.12201461682208493,1.0
componentwise_pm_10pct_phase0,08严重风化点,SrO,0.5483472136901335,-0.0819880407819304,1.0
componentwise_pm_10pct_phase0,08严重风化点,SnO2,0.5346855016359706,0.02001328802007678,
componentwise_pm_10pct_phase0,08严重风化点,SO2,17.16459511825208,-0.08198804078193041,1.0
componentwise_pm_10pct_phase1,08严重风化点,SiO2,11.88055191523901,-0.11731874899452002,1.0
componentwise_pm_10pct_phase1,08严重风化点,Na2O,4.2553264769534245,-0.019243054438356028,
componentwise_pm_10pct_phase1,08严重风化点,K2O,0.3031171453464678,-0.01924305443835735,
componentwise_pm_10pct_phase1,08严重风化点,CaO,2.3926392889466785,0.07883264011780855,1.0
componentwise_pm_10pct_phase1,08严重风化点,MgO,1.2335421364326715,-0.019243054438354786,
componentwise_pm_10pct_phase1,08严重风化点,Al2O3,2.473466133389704,0.07883264011780863,1.0
componentwise_pm_10pct_phase1,08严重风化点,Fe2O3,1.685143554537119,-0.019243054438355677,
componentwise_pm_10pct_phase1,08严重风化点,CuO,2.9526775932737417,0.07883264011780808,1.0
componentwise_pm_10pct_phase1,08严重风化点,PbO,17.77391287554394,-0.11731874899452047,1.0
componentwise_pm_10pct_phase1,08严重风化点,BaO,31.495388535491532,0.07883264011780858,0.0
componentwise_pm_10pct_phase1,08严重风化点,P2O5,2.224166679517187,-0.11731874899452092,1.0
componentwise_pm_10pct_phase1,08严重风化点,SrO,0.6444086771488836,0.07883264011780904,1.0
componentwise_pm_10pct_phase1,08严重风化点,SnO2,0.5141075372052095,-0.019243054438356434,
componentwise_pm_10pct_phase1,08严重风化点,SO2,20.171551450974444,0.07883264011780879,1.0
componentwise_pm_5pct_phase0,11,SiO2,64.18731211759969,0.020075838201435787,1.0
componentwise_pm_5pct_phase0,11,Na2O,2.704516222663736,-0.02849920171291899,
componentwise_pm_5pct_phase0,11,K2O,0.15446963041220943,0.020075838201435766,1.0
componentwise_pm_5pct_phase0,11,CaO,1.445044723959405,-0.07707424162727278,1.0
componentwise_pm_5pct_phase0,11,MgO,0.5844647753172509,0.020075838201435783,1.0
componentwise_pm_5pct_phase0,11,Al2O3,3.290204522372606,-0.07707424162727212,1.0
componentwise_pm_5pct_phase0,11,Fe2O3,1.0710102046096772,-0.028499201712919486,
componentwise_pm_5pct_phase0,11,CuO,2.544608215048342,-0.0770742416272731,1.0
componentwise_pm_5pct_phase0,11,PbO,10.311801434620328,0.020075838201434826,1.0
componentwise_pm_5pct_phase0,11,BaO,8.24858825043795,-0.07707424162727315,1.0
componentwise_pm_5pct_phase0,11,P2O5,2.0462178457754208,0.02007583820143541,1.0
componentwise_pm_5pct_phase0,11,SrO,0.24693057033912733,-0.07707424162727292,1.0
componentwise_pm_5pct_phase0,11,SnO2,0.326746298338229,-0.028499201712917564,
componentwise_pm_5pct_phase0,11,SO2,2.8380851885060605,-0.02849920171291844,
componentwise_pm_5pct_phase1,11,SiO2,61.58445010490408,-0.021289293967654326,1.0
componentwise_pm_5pct_phase1,11,Na2O,2.867986896829222,0.030221795823520282,
componentwise_pm_5pct_phase1,11,K2O,0.14820572684855127,-0.021289293967654454,1.0
componentwise_pm_5pct_phase1,11,CaO,1.693692461078345,0.08173288561469827,1.0
componentwise_pm_5pct_phase1,11,MgO,0.5607641230973117,-0.02128929396765361,1.0
componentwise_pm_5pct_phase1,11,Al2O3,3.8563474905326895,0.08173288561469802,1.0
componentwise_pm_5pct_phase1,11,Fe2O3,1.1357459080669206,0.03022179582352113,
componentwise_pm_5pct_phase1,11,CuO,2.9824569985741616,0.08173288561469641,1.0
componentwise_pm_5pct_phase1,11,PbO,9.893647202091342,-0.02128929396765528,1.0
componentwise_pm_5pct_phase1,11,BaO,9.66791650297644,0.08173288561469744,1.0
componentwise_pm_5pct_phase1,11,P2O5,1.9632415919838504,-0.021289293967654728,1.0
componentwise_pm_5pct_phase1,11,SrO,0.2894197241502848,0.08173288561469674,1.0
componentwise_pm_5pct_phase1,11,SnO2,0.3464960181671678,0.030221795823523162,
componentwise_pm_5pct_phase1,11,SO2,3.009629250699639,0.030221795823521275,
componentwise_pm_10pct_phase0,11,SiO2,65.38055710483268,0.03903909340522556,1.0
componentwise_pm_10pct_phase0,11,Na2O,2.6295754222847094,-0.05541900599525,
componentwise_pm_10pct_phase0,11,K2O,0.15734122771217737,0.039039093405225316,1.0
componentwise_pm_10pct_phase0,11,CaO,1.3310557132255116,-0.14987710539572385,1.0
componentwise_pm_10pct_phase0,11,MgO,0.5953300014866197,0.039039093405226204,1.0
componentwise_pm_10pct_phase0,11,Al2O3,3.0306643487025346,-0.14987710539572496,1.0
componentwise_pm_10pct_phase0,11,Fe2O3,1.0413330441345592,-0.055419005995249716,
componentwise_pm_10pct_phase0,11,CuO,2.3438826815548532,-0.14987710539572513,1.0
componentwise_pm_10pct_phase0,11,PbO,10.50349828194523,0.03903909340522568,1.0
componentwise_pm_10pct_phase0,11,BaO,7.597917444871201,-0.1498771053957247,1.0
componentwise_pm_10pct_phase0,11,P2O5,2.0842571265414516,0.03903909340522536,1.0
componentwise_pm_10pct_phase0,11,SrO,0.2274520234358937,-0.14987710539572482,1.0
componentwise_pm_10pct_phase0,11,SnO2,0.31769232080496324,-0.05541900599524774,
componentwise_pm_10pct_phase0,11,SO2,2.7594432584676376,-0.0554190059952491,
componentwise_pm_10pct_phase1,11,SiO2,60.16134720909887,-0.043905490711112445,1.0
componentwise_pm_10pct_phase1,11,Na2O,2.9573637399539994,0.062327232543208315,
componentwise_pm_10pct_phase1,11,K2O,0.14478096623619185,-0.04390549071111257,1.0
componentwise_pm_10pct_phase1,11,CaO,1.82963947363738,0.16855995579753003,1.0
componentwise_pm_10pct_phase1,11,MgO,0.5478058999405887,-0.04390549071111086,1.0
componentwise_pm_10pct_phase1,11,Al2O3,4.165883567934642,0.16855995579752978,1.0
componentwise_pm_10pct_phase1,11,Fe2O3,1.1711398577279633,0.06232723254320879,
componentwise_pm_10pct_phase1,11,CuO,3.221848817549257,0.1685599557975296,1.0
componentwise_pm_10pct_phase1,11,PbO,9.665023288759537,-0.043905490711112105,1.0
componentwise_pm_10pct_phase1,11,BaO,10.443927730784024,0.16855995579753028,1.0
componentwise_pm_10pct_phase1,11,P2O5,1.9178747048888432,-0.0439054907111116,1.0
componentwise_pm_10pct_phase1,11,SrO,0.3126504745834777,0.16855995579752883,1.0
componentwise_pm_10pct_phase1,11,SnO2,0.357294087116968,0.0623272325432097,
componentwise_pm_10pct_phase1,11,SO2,3.103420181788238,0.06232723254320836,
componentwise_pm_5pct_phase0,19,SiO2,59.91578917872473,0.014933801950821843,1.0
componentwise_pm_5pct_phase0,19,Na2O,2.8609712239927356,-0.033396379094456384,
componentwise_pm_5pct_phase0,19,K2O,0.2037938651785754,-0.03339637909445536,
componentwise_pm_5pct_phase0,19,CaO,1.2760441220817704,-0.08172656013973295,1.0
componentwise_pm_5pct_phase0,19,MgO,0.5137784732219818,0.014933801950821782,1.0
componentwise_pm_5pct_phase0,19,Al2O3,4.619157065827813,-0.08172656013973305,1.0
componentwise_pm_5pct_phase0,19,Fe2O3,1.582189316415601,0.014933801950821588,1.0
componentwise_pm_5pct_phase0,19,CuO,1.9164832192289452,-0.08172656013973247,1.0
componentwise_pm_5pct_phase0,19,PbO,18.39680489311672,0.014933801950821026,1.0
componentwise_pm_5pct_phase0,19,BaO,3.195266528896721,-0.08172656013973324,1.0
componentwise_pm_5pct_phase0,19,P2O5,2.037668969948457,0.01493380195082167,1.0
componentwise_pm_5pct_phase0,19,SrO,0.134137631981172,-0.08172656013973392,1.0
componentwise_pm_5pct_phase0,19,SnO2,0.34564841921011047,-0.033396379094455385,
componentwise_pm_5pct_phase0,19,SO2,3.002267092174657,-0.03339637909445545,
componentwise_pm_5pct_phase1,19,SiO2,58.089480143178584,-0.016002664019022547,1.0
componentwise_pm_5pct_phase1,19,Na2O,3.0657404870116616,0.03578666945366002,
componentwise_pm_5pct_phase1,19,K2O,0.21838007255823447,0.03578666945366087,
componentwise_pm_5pct_phase1,19,CaO,1.5113090563335123,0.08757600292634467,1.0
componentwise_pm_5pct_phase1,19,MgO,0.4981178555321193,-0.01600266401902258,1.0
componentwise_pm_5pct_phase1,19,Al2O3,5.470793513647136,0.08757600292634395,1.0
componentwise_pm_5pct_phase1,19,Fe2O3,1.5339621849011518,-0.016002664019022513,1.0
componentwise_pm_5pct_phase1,19,CuO,2.2698262508404876,0.08757600292634432,1.0
componentwise_pm_5pct_phase1,19,PbO,17.836047011729946,-0.01600266401902303,1.0
componentwise_pm_5pct_phase1,19,BaO,3.784379520233788,0.08757600292634318,1.0
componentwise_pm_5pct_phase1,19,P2O5,1.9755582425045097,-0.016002664019021968,1.0
componentwise_pm_5pct_phase1,19,SrO,0.1588686586146795,0.08757600292634438,1.0
componentwise_pm_5pct_phase1,19,SnO2,0.3703876306610152,0.03578666945366007,
componentwise_pm_5pct_phase1,19,SO2,3.2171493722531723,0.03578666945366118,
componentwise_pm_10pct_phase0,19,SiO2,60.740412165719384,0.028902369415901866,1.0
componentwise_pm_10pct_phase0,19,Na2O,2.76851291708584,-0.06463420962190815,
componentwise_pm_10pct_phase0,19,K2O,0.19720783747777015,-0.06463420962190651,
componentwise_pm_10pct_phase0,19,CaO,1.1698162772637342,-0.15817078865971662,1.0
componentwise_pm_10pct_phase0,19,MgO,0.5208496233319816,0.02890236941590184,1.0
componentwise_pm_10pct_phase0,19,Al2O3,4.234622478435667,-0.1581707886597158,1.0
componentwise_pm_10pct_phase0,19,Fe2O3,1.6039650402769987,0.02890236941590132,1.0
componentwise_pm_10pct_phase0,19,CuO,1.7569402391033904,-0.15817078865971615,1.0
componentwise_pm_10pct_phase0,19,PbO,18.650000726970593,0.02890236941590129,1.0
componentwise_pm_10pct_phase0,19,BaO,2.929267672657991,-0.15817078865971665,1.0
componentwise_pm_10pct_phase0,19,P2O5,2.0657134753373962,0.028902369415902247,1.0
componentwise_pm_10pct_phase0,19,SrO,0.12297097143411496,-0.15817078865971618,1.0
componentwise_pm_10pct_phase0,19,SnO2,0.33447806301875654,-0.06463420962190813,
componentwise_pm_10pct_phase0,19,SO2,2.9052425118863714,-0.0646342096219073,
componentwise_pm_10pct_phase1,19,SiO2,57.074650743346545,-0.03319320219303586,1.0
componentwise_pm_10pct_phase1,19,Na2O,3.179525100814113,0.07422977534107097,
componentwise_pm_10pct_phase1,19,K2O,0.22648522442071675,0.07422977534107167,
componentwise_pm_10pct_phase1,19,CaO,1.6420392708707352,0.18165275287517885,1.0
componentwise_pm_10pct_phase1,19,MgO,0.4894156835875719,-0.03319320219303682,1.0
componentwise_pm_10pct_phase1,19,Al2O3,5.944024324202216,0.18165275287517854,1.0
componentwise_pm_10pct_phase1,19,Fe2O3,1.5071637022906805,-0.03319320219303591,1.0
componentwise_pm_10pct_phase1,19,CuO,2.4661691970374,0.18165275287517846,1.0
componentwise_pm_10pct_phase1,19,PbO,17.5244493723695,-0.03319320219303638,1.0
componentwise_pm_10pct_phase1,19,BaO,4.111733309650415,0.18165275287517832,1.0
componentwise_pm_10pct_phase1,19,P2O5,1.9410450297742083,-0.033193202193035745,1.0
componentwise_pm_10pct_phase1,19,SrO,0.17261100584465236,0.18165275287517793,1.0
componentwise_pm_10pct_phase1,19,SnO2,0.384134525967555,0.07422977534107188,
componentwise_pm_10pct_phase1,19,SO2,3.336553509823681,0.07422977534107136,
componentwise_pm_5pct_phase0,26,SiO2,45.87833396276095,0.037377517936281246,1.0
componentwise_pm_5pct_phase0,26,Na2O,3.281045471080325,-0.012021411489256877,
componentwise_pm_5pct_phase0,26,K2O,0.23371676470235522,-0.012021411489256069,
componentwise_pm_5pct_phase0,26,CaO,0.7192159706901927,-0.06142034091479387,1.0
componentwise_pm_5pct_phase0,26,MgO,0.9511157045291642,-0.012021411489256005,
componentwise_pm_5pct_phase0,26,Al2O3,1.038702826285571,-0.061420340914794556,1.0
componentwise_pm_5pct_phase0,26,Fe2O3,1.299320429978545,-0.012021411489256227,
componentwise_pm_5pct_phase0,26,CuO,6.61868406890361,-0.061420340914794064,1.0
componentwise_pm_5pct_phase0,26,PbO,14.549830903775485,0.03737751793628073,1.0
componentwise_pm_5pct_phase0,26,BaO,22.08929151162809,-0.06142034091479331,1.0
componentwise_pm_5pct_phase0,26,P2O5,0.8283540987380686,0.03737751793628185,1.0
componentwise_pm_5pct_phase0,26,SrO,0.3643412194397037,-0.061420340914793765,1.0
componentwise_pm_5pct_phase0,26,SnO2,0.3963997159162915,-0.012021411489257998,
componentwise_pm_5pct_phase0,26,SO2,1.7516473515716602,-0.061420340914793946,1.0
componentwise_pm_5pct_phase1,26,SiO2,42.5315472858462,-0.03829831760687799,1.0
componentwise_pm_5pct_phase1,26,Na2O,3.361874422701322,0.012317560413812106,
componentwise_pm_5pct_phase1,26,K2O,0.2394744054402393,0.012317560413812278,
componentwise_pm_5pct_phase1,26,CaO,0.8145059370323879,0.06293343843450268,1.0
componentwise_pm_5pct_phase1,26,MgO,0.9745465548312916,0.012317560413812366,
componentwise_pm_5pct_phase1,26,Al2O3,1.1763220691693355,0.062933438434503,1.0
componentwise_pm_5pct_phase1,26,Fe2O3,1.331329345764868,0.012317560413812276,
componentwise_pm_5pct_phase1,26,CuO,7.495603113888391,0.06293343843450197,1.0
componentwise_pm_5pct_phase1,26,PbO,13.488432722672309,-0.03829831760687891,1.0
componentwise_pm_5pct_phase1,26,BaO,25.015933758804604,0.06293343843450352,1.0
componentwise_pm_5pct_phase1,26,P2O5,0.7679263494724874,-0.03829831760687822,1.0
componentwise_pm_5pct_phase1,26,SrO,0.4126133156560412,0.06293343843450214,1.0
componentwise_pm_5pct_phase1,26,SnO2,0.40616507081392583,0.012317560413811265,
componentwise_pm_5pct_phase1,26,SO2,1.9837256479065983,0.06293343843450247,0.0
componentwise_pm_10pct_phase0,26,SiO2,47.49209452168443,0.0738670496729468,1.0
componentwise_pm_10pct_phase0,26,Na2O,3.24207119911826,-0.023757227570049163,
componentwise_pm_10pct_phase0,26,K2O,0.23094053351937027,-0.023757227570049798,
componentwise_pm_10pct_phase0,26,CaO,0.6732688565807453,-0.1213815048130447,1.0
componentwise_pm_10pct_phase0,26,MgO,0.9398177684101897,-0.023757227570049846,
componentwise_pm_10pct_phase0,26,Al2O3,0.9723452935970952,-0.12138150481304498,1.0
componentwise_pm_10pct_phase0,26,Fe2O3,1.2838863044078366,-0.023757227570050016,
componentwise_pm_10pct_phase0,26,CuO,6.1958494203953745,-0.12138150481304512,1.0
componentwise_pm_10pct_phase0,26,PbO,15.061618085728886,0.07386704967294565,1.0
componentwise_pm_10pct_phase0,26,BaO,20.67811706745155,-0.12138150481304422,1.0
componentwise_pm_10pct_phase0,26,P2O5,0.8574912765277215,0.07386704967294559,1.0
componentwise_pm_10pct_phase0,26,SrO,0.34106527971285616,-0.12138150481304387,1.0
componentwise_pm_10pct_phase0,26,SnO2,0.3916910367864287,-0.02375722757005006,
componentwise_pm_10pct_phase0,26,SO2,1.6397433560792651,-0.12138150481304436,1.0
componentwise_pm_10pct_phase1,26,SiO2,40.79554640457027,-0.07755188524547166,1.0
componentwise_pm_10pct_phase1,26,Na2O,3.403800946496381,0.02494234972725177,
componentwise_pm_10pct_phase1,26,K2O,0.24246093262584745,0.024942349727252473,
componentwise_pm_10pct_phase1,26,CaO,0.8639334869529891,0.12743658469997735,1.0
componentwise_pm_10pct_phase1,26,MgO,0.9867002953293375,0.024942349727252847,
componentwise_pm_10pct_phase1,26,Al2O3,1.247706101075122,0.12743658469997812,1.0
componentwise_pm_10pct_phase1,26,Fe2O3,1.3479325868369787,0.024942349727252337,
componentwise_pm_10pct_phase1,26,CuO,7.950466952507653,0.12743658469997635,1.0
componentwise_pm_10pct_phase1,26,PbO,12.93787830864602,-0.07755188524547281,1.0
componentwise_pm_10pct_phase1,26,BaO,26.534002883234564,0.12743658469997798,1.0
componentwise_pm_10pct_phase1,26,P2O5,0.7365820672981372,-0.07755188524547275,1.0
componentwise_pm_10pct_phase1,26,SrO,0.43765237839363214,0.1274365846999784,1.0
componentwise_pm_10pct_phase1,26,SnO2,0.4112304264355434,0.024942349727251376,
componentwise_pm_10pct_phase1,26,SO2,2.1041062295975355,0.1274365846999774,0.0
componentwise_pm_5pct_phase0,26严重风化点,SiO2,11.377905243019102,0.0657752631791869,1.0
componentwise_pm_5pct_phase0,26严重风化点,Na2O,4.328822493842935,0.015024060170654035,
componentwise_pm_5pct_phase0,26严重风化点,K2O,0.47093827734057836,0.06577526317918703,1.0
componentwise_pm_5pct_phase0,26严重风化点,CaO,1.9834481622639375,-0.03572714283787875,1.0
componentwise_pm_5pct_phase0,26严重风化点,MgO,1.2548473016612816,0.015024060170654463,
componentwise_pm_5pct_phase0,26严重风化点,Al2O3,2.3101107925160487,-0.035727142837878506,1.0
componentwise_pm_5pct_phase0,26严重风化点,Fe2O3,1.71424856911503,0.015024060170654554,
componentwise_pm_5pct_phase0,26严重风化点,CuO,2.974107712685108,-0.035727142837878256,1.0
componentwise_pm_5pct_phase0,26严重风化点,PbO,19.449731785693636,0.06577526317918696,1.0
componentwise_pm_5pct_phase0,26严重风化点,BaO,32.03508167708695,-0.035727142837878784,1.0
componentwise_pm_5pct_phase0,26严重风化点,P2O5,2.1089493766510286,0.06577526317918712,1.0
componentwise_pm_5pct_phase0,26严重风化点,SrO,0.6622851416169558,-0.03572714283787886,1.0
componentwise_pm_5pct_phase0,26严重风化点,SnO2,0.5229869631298946,0.015024060170655199,
componentwise_pm_5pct_phase0,26严重风化点,SO2,18.80653650337751,-0.035727142837878804,1.0
componentwise_pm_5pct_phase1,26严重风化点,SiO2,9.993994471310128,-0.06385649551730864,1.0
componentwise_pm_5pct_phase1,26严重风化点,Na2O,4.20254394756681,-0.014585784755061872,
componentwise_pm_5pct_phase1,26严重风化点,K2O,0.41365738591976353,-0.06385649551730896,1.0
componentwise_pm_5pct_phase1,26严重风化点,CaO,2.1282813259422806,0.034684926007185764,1.0
componentwise_pm_5pct_phase1,26严重风化点,MgO,1.2182414363762786,-0.014585784755061556,
componentwise_pm_5pct_phase1,26严重风化点,Al2O3,2.4787971544251404,0.03468492600718469,1.0
componentwise_pm_5pct_phase1,26严重风化点,Fe2O3,1.6642412478234614,-0.014585784755061325,
componentwise_pm_5pct_phase1,26严重风化点,CuO,3.191279725215386,0.034684926007185715,1.0
componentwise_pm_5pct_phase1,26严重风化点,PbO,17.084033289339352,-0.06385649551730845,1.0
componentwise_pm_5pct_phase1,26严重风化点,BaO,34.37431207204255,0.0346849260071858,1.0
componentwise_pm_5pct_phase1,26严重风化点,P2O5,1.8524348691913197,-0.06385649551730838,1.0
componentwise_pm_5pct_phase1,26严重风化点,SrO,0.7106457966330454,0.03468492600718556,1.0
componentwise_pm_5pct_phase1,26严重风化点,SnO2,0.5077306125820625,-0.014585784755060685,
componentwise_pm_5pct_phase1,26严重风化点,SO2,20.179806665632423,0.034684926007185556,1.0
componentwise_pm_10pct_phase0,26严重风化点,SiO2,12.101524283584645,0.13355709620802061,1.0
componentwise_pm_10pct_phase0,26严重风化点,Na2O,4.394850999703535,0.03050645109819933,
componentwise_pm_10pct_phase0,26严重风化点,K2O,0.5008893005857279,0.13355709620801973,1.0
componentwise_pm_10pct_phase0,26严重风化点,CaO,1.9077178210559032,-0.07254419401161959,1.0
componentwise_pm_10pct_phase0,26严重风化点,MgO,1.2739877705831995,0.03050645109819977,
componentwise_pm_10pct_phase0,26严重风化点,Al2O3,2.2219080948736165,-0.07254419401161952,1.0
componentwise_pm_10pct_phase0,26严重风化点,Fe2O3,1.7403963891869638,0.030506451098201,
componentwise_pm_10pct_phase0,26严重风化点,CuO,2.860552845884852,-0.07254419401161971,1.0
componentwise_pm_10pct_phase0,26严重风化点,PbO,20.686707832989864,0.13355709620802075,1.0
componentwise_pm_10pct_phase0,26严重风化点,BaO,30.81194526637081,-0.07254419401161952,1.0
componentwise_pm_10pct_phase0,26严重风化点,P2O5,2.2430756408392303,0.13355709620802034,1.0
componentwise_pm_10pct_phase0,26严重风化点,SrO,0.6369983301409173,-0.07254419401161956,1.0
componentwise_pm_10pct_phase0,26严重风化点,SnO2,0.5309642012377535,0.030506451098200982,
componentwise_pm_10pct_phase0,26严重风化点,SO2,18.088481222962972,-0.0725441940116197,1.0
componentwise_pm_10pct_phase1,26严重风化点,SiO2,9.331881940943553,-0.12587697654905494,1.0
componentwise_pm_10pct_phase1,26严重风化点,Na2O,4.142127763579275,-0.028752196165617284,
componentwise_pm_10pct_phase1,26严重风化点,K2O,0.3862521537793614,-0.12587697654905353,0.0
componentwise_pm_10pct_phase1,26严重风化点,CaO,2.197574704131426,0.06837258421782227,1.0
componentwise_pm_10pct_phase1,26严重风化点,MgO,1.2007278779983932,-0.02875219616561533,
componentwise_pm_10pct_phase1,26严重风化点,Al2O3,2.559502757853634,0.06837258421782258,1.0
componentwise_pm_10pct_phase1,26严重风化点,Fe2O3,1.6403159524112976,-0.02875219616561522,
componentwise_pm_10pct_phase1,26严重风化点,CuO,3.29518260225106,0.06837258421782227,1.0
componentwise_pm_10pct_phase1,26严重风化点,PbO,15.952198311589127,-0.12587697654905425,1.0
componentwise_pm_10pct_phase1,26严重风化点,BaO,35.49348376112607,0.06837258421782218,0.0
componentwise_pm_10pct_phase1,26严重风化点,P2O5,1.7297091320398226,-0.1258769765490539,1.0
componentwise_pm_10pct_phase1,26严重风化点,SrO,0.7337832678613001,0.06837258421782288,1.0
componentwise_pm_10pct_phase1,26严重风化点,SnO2,0.5004314274959376,-0.02875219616561716,
componentwise_pm_10pct_phase1,26严重风化点,SO2,20.836828346939736,0.06837258421782327,1.0
componentwise_pm_5pct_phase0,34,SiO2,66.00115292534733,0.012229075058740097,1.0
componentwise_pm_5pct_phase0,34,Na2O,2.6107277818716152,-0.03597230946786608,
componentwise_pm_5pct_phase0,34,K2O,0.177515312470736,0.012229075058741311,1.0
componentwise_pm_5pct_phase0,34,CaO,0.3099850682904588,-0.0841736939944704,1.0
componentwise_pm_5pct_phase0,34,MgO,0.7568027372601723,-0.035972309467866656,
componentwise_pm_5pct_phase0,34,Al2O3,1.9127474399515842,-0.08417369399447189,1.0
componentwise_pm_5pct_phase0,34,Fe2O3,0.5102144633982609,0.012229075058743124,1.0
componentwise_pm_5pct_phase0,34,CuO,0.7523552447109935,-0.08417369399447035,1.0
componentwise_pm_5pct_phase0,34,PbO,18.250027613312685,0.012229075058742479,1.0
componentwise_pm_5pct_phase0,34,BaO,5.450061577101217,-0.08417369399447205,1.0
componentwise_pm_5pct_phase0,34,P2O5,0.07159784428954961,0.012229075058743056,1.0
componentwise_pm_5pct_phase0,34,SrO,0.14173196755076797,-0.08417369399447192,1.0
componentwise_pm_5pct_phase0,34,SnO2,0.31541524193748144,-0.035972309467865615,
componentwise_pm_5pct_phase0,34,SO2,2.7396647825071545,-0.03597230946786499,
componentwise_pm_5pct_phase1,34,SiO2,64.34457474804913,-0.013177096225353832,1.0
componentwise_pm_5pct_phase1,34,Na2O,2.8131163669108883,0.03876095134173272,
componentwise_pm_5pct_phase1,34,K2O,0.1730598146537826,-0.01317709622535264,1.0
componentwise_pm_5pct_phase1,34,CaO,0.3691752480180938,0.09069899890882148,1.0
componentwise_pm_5pct_phase1,34,MgO,0.8154715254086367,0.038760951341732575,
componentwise_pm_5pct_phase1,34,Al2O3,2.2779774988337236,0.09069899890882002,1.0
componentwise_pm_5pct_phase1,34,Fe2O3,0.4974084727701342,-0.01317709622535343,1.0
componentwise_pm_5pct_phase1,34,CuO,0.8960139131722283,0.09069899890882052,1.0
componentwise_pm_5pct_phase1,34,PbO,17.79196595621556,-0.013177096225353235,1.0
componentwise_pm_5pct_phase1,34,BaO,6.490725006647537,0.0906989989088195,1.0
componentwise_pm_5pct_phase1,34,P2O5,0.06980079346339478,-0.013177096225351896,1.0
componentwise_pm_5pct_phase1,34,SrO,0.16879501506704556,0.09069899890881858,1.0
componentwise_pm_5pct_phase1,34,SnO2,0.3398668316278407,0.03876095134173282,
componentwise_pm_5pct_phase1,34,SO2,2.9520488091619925,0.03876095134173343,
componentwise_pm_10pct_phase0,34,SiO2,66.74315938514593,0.023608884034790605,1.0
componentwise_pm_10pct_phase0,34,Na2O,2.520074868808638,-0.06944646905928141,
componentwise_pm_10pct_phase0,34,K2O,0.17951099743574633,0.023608884034792766,1.0
componentwise_pm_10pct_phase0,34,CaO,0.2834728901654421,-0.16250182215335182,1.0
componentwise_pm_10pct_phase0,34,MgO,0.7305240983216139,-0.06944646905928105,
componentwise_pm_10pct_phase0,34,Al2O3,1.7491553639982707,-0.16250182215335277,1.0
componentwise_pm_10pct_phase0,34,Fe2O3,0.5159504605883757,0.02360888403479183,1.0
componentwise_pm_10pct_phase0,34,CuO,0.6880083509361666,-0.16250182215335254,1.0
componentwise_pm_10pct_phase0,34,PbO,18.455200368338602,0.023608884034792558,1.0
componentwise_pm_10pct_phase0,34,BaO,4.983932662823888,-0.16250182215335252,1.0
componentwise_pm_10pct_phase0,34,P2O5,0.0724027705766795,0.023608884034791753,1.0
componentwise_pm_10pct_phase0,34,SrO,0.12961001861162083,-0.1625018221533518,1.0
componentwise_pm_10pct_phase0,34,SnO2,0.3044630045174629,-0.06944646905928087,
componentwise_pm_10pct_phase0,34,SO2,2.64453475973156,-0.06944646905928072,
componentwise_pm_10pct_phase1,34,SiO2,63.416086006337146,-0.02741689747986541,1.0
componentwise_pm_10pct_phase1,34,Na2O,2.9265523189445313,0.08064789168903715,
componentwise_pm_10pct_phase1,34,K2O,0.17056257086628393,-0.02741689747986509,1.0
componentwise_pm_10pct_phase1,34,CaO,0.4023505102847078,0.18871268085794293,1.0
componentwise_pm_10pct_phase1,34,MgO,0.8483545550369622,0.08064789168903815,
componentwise_pm_10pct_phase1,34,Al2O3,2.4826838039475234,0.188712680857942,1.0
componentwise_pm_10pct_phase1,34,Fe2O3,0.49023089534721054,-0.027416897479865112,1.0
componentwise_pm_10pct_phase1,34,CuO,0.9765325739535363,0.1887126808579431,1.0
componentwise_pm_10pct_phase1,34,PbO,17.53522884748566,-0.027416897479864945,1.0
componentwise_pm_10pct_phase1,34,BaO,7.0740022050837945,0.18871268085794185,1.0
componentwise_pm_10pct_phase1,34,P2O5,0.06879357178002671,-0.02741689747986517,1.0
componentwise_pm_10pct_phase1,34,SrO,0.1839634721188355,0.1887126808579409,1.0
componentwise_pm_10pct_phase1,34,SnO2,0.35357160334074983,0.08064789168903734,
componentwise_pm_10pct_phase1,34,SO2,3.071087065473015,0.0806478916890376,
componentwise_pm_5pct_phase0,36,SiO2,70.15199657882567,0.012423762443304419,1.0
componentwise_pm_5pct_phase0,36,Na2O,1.9708641070173103,-0.08399754826558198,1.0
componentwise_pm_5pct_phase0,36,K2O,0.09554031044562054,0.012423762443304388,1.0
componentwise_pm_5pct_phase0,36,CaO,0.14132229970923543,-0.08399754826558248,1.0
componentwise_pm_5pct_phase0,36,MgO,0.7273534348103474,-0.03578689291113944,
componentwise_pm_5pct_phase0,36,Al2O3,1.8156218364801449,-0.08399754826558142,1.0
componentwise_pm_5pct_phase0,36,Fe2O3,0.3338625344771795,0.012423762443302679,1.0
componentwise_pm_5pct_phase0,36,CuO,0.32562498309741994,-0.08399754826558144,1.0
componentwise_pm_5pct_phase0,36,PbO,15.678494437723467,0.012423762443304528,1.0
componentwise_pm_5pct_phase0,36,BaO,5.672737214510459,-0.08399754826558196,1.0
componentwise_pm_5pct_phase0,36,P2O5,0.014167129682761298,0.012423762443304452,1.0
componentwise_pm_5pct_phase0,36,SrO,0.13621678192350387,-0.08399754826558294,1.0
componentwise_pm_5pct_phase0,36,SnO2,0.30314155633913226,-0.0357868929111386,
componentwise_pm_5pct_phase0,36,SO2,2.6330567949577497,-0.03578689291113876,
componentwise_pm_5pct_phase1,36,SiO2,68.3639185088317,-0.013381529144249185,1.0
componentwise_pm_5pct_phase1,36,Na2O,2.3462537500975387,0.09047304673530265,0.0
componentwise_pm_5pct_phase1,36,K2O,0.09310511911480406,-0.01338152914424833,1.0
componentwise_pm_5pct_phase1,36,CaO,0.16823989765941277,0.09047304673530304,1.0
componentwise_pm_5pct_phase1,36,MgO,0.7834262149249432,0.03854575879552678,
componentwise_pm_5pct_phase1,36,Al2O3,2.161442550723313,0.09047304673530314,1.0
componentwise_pm_5pct_phase1,36,Fe2O3,0.3253528368861718,-0.013381529144249322,1.0
componentwise_pm_5pct_phase1,36,CuO,0.3876466342846939,0.09047304673530326,1.0
componentwise_pm_5pct_phase1,36,PbO,15.278871141997088,-0.013381529144249213,1.0
componentwise_pm_5pct_phase1,36,BaO,6.753221044248354,0.09047304673530354,1.0
componentwise_pm_5pct_phase1,36,P2O5,0.013806028999446548,-0.013381529144251001,1.0
componentwise_pm_5pct_phase1,36,SrO,0.1621619340858149,0.0904730467353013,1.0
componentwise_pm_5pct_phase1,36,SnO2,0.3265111989622296,0.03854575879552598,
componentwise_pm_5pct_phase1,36,SO2,2.8360431391844774,0.038545758795526304,
componentwise_pm_10pct_phase0,36,SiO2,70.9533672876753,0.023989031968509763,1.0
componentwise_pm_10pct_phase0,36,Na2O,1.8026241014950521,-0.16219079202576525,1.0
componentwise_pm_10pct_phase0,36,K2O,0.09663170071303069,0.023989031968509652,1.0
componentwise_pm_10pct_phase0,36,CaO,0.12925852301410723,-0.16219079202576603,1.0
componentwise_pm_10pct_phase0,36,MgO,0.7022230535917269,-0.06910088002862895,
componentwise_pm_10pct_phase0,36,Al2O3,1.6606338661233078,-0.16219079202576503,1.0
componentwise_pm_10pct_phase0,36,Fe2O3,0.3376763625784471,0.02398903196850972,1.0
componentwise_pm_10pct_phase0,36,CuO,0.29782847051218453,-0.16219079202576514,1.0
componentwise_pm_10pct_phase0,36,PbO,15.857595344525667,0.02398903196850897,1.0
componentwise_pm_10pct_phase0,36,BaO,5.188492087260206,-0.16219079202576475,1.0
componentwise_pm_10pct_phase0,36,P2O5,0.014328965743171667,0.02398903196850959,1.0
componentwise_pm_10pct_phase0,36,SrO,0.12458883047751756,-0.16219079202576583,1.0
componentwise_pm_10pct_phase0,36,SnO2,0.2926678821809911,-0.0691008800286282,
componentwise_pm_10pct_phase0,36,SO2,2.54208352410928,-0.06910088002862787,
componentwise_pm_10pct_phase1,36,SiO2,67.36235044690902,-0.027836018753186063,1.0
componentwise_pm_10pct_phase1,36,Na2O,2.5565232476072284,0.18820042152388222,0.0
componentwise_pm_10pct_phase1,36,K2O,0.09174107919812119,-0.02783601875318618,1.0
componentwise_pm_10pct_phase1,36,CaO,0.18331743082923954,0.18820042152388192,1.0
componentwise_pm_10pct_phase1,36,MgO,0.8148346341927801,0.08018220138534847,
componentwise_pm_10pct_phase1,36,Al2O3,2.3551494074594017,0.18820042152388322,1.0
componentwise_pm_10pct_phase1,36,Fe2O3,0.3205862433761893,-0.027836018753187926,1.0
componentwise_pm_10pct_phase1,36,CuO,0.4223872342726436,0.18820042152388328,1.0
componentwise_pm_10pct_phase1,36,PbO,15.055027487451733,-0.02783601875318733,1.0
componentwise_pm_10pct_phase1,36,BaO,7.358439638139547,0.1882004215238837,1.0
componentwise_pm_10pct_phase1,36,P2O5,0.013603763272006747,-0.027836018753187954,1.0
componentwise_pm_10pct_phase1,36,SrO,0.17669476472870962,0.1882004215238821,1.0
componentwise_pm_10pct_phase1,36,SnO2,0.33960139231710995,0.08018220138534667,
componentwise_pm_10pct_phase1,36,SO2,2.9497432302462885,0.08018220138534689,
componentwise_pm_5pct_phase0,38,SiO2,63.91902421126642,0.013781245345358815,1.0
componentwise_pm_5pct_phase0,38,Na2O,1.3413657478473826,-0.08276934944943908,0.0
componentwise_pm_5pct_phase0,38,K2O,0.195689006016124,-0.03449405205203943,
componentwise_pm_5pct_phase0,38,CaO,0.28436903532774066,-0.08276934944943805,1.0
componentwise_pm_5pct_phase0,38,MgO,0.7963608732247776,-0.03449405205204099,
componentwise_pm_5pct_phase0,38,Al2O3,3.1930296996984797,-0.08276934944943816,1.0
componentwise_pm_5pct_phase0,38,Fe2O3,0.33126848810250636,0.013781245345357131,1.0
componentwise_pm_5pct_phase0,38,CuO,0.38273315511999306,-0.08276934944943791,1.0
componentwise_pm_5pct_phase0,38,PbO,20.342581427584854,0.013781245345357884,1.0
componentwise_pm_5pct_phase0,38,BaO,5.614503034597695,-0.08276934944943844,1.0
componentwise_pm_5pct_phase0,38,P2O5,0.10636273269528593,0.01378124534535715,1.0
componentwise_pm_5pct_phase0,38,SrO,0.2779433015494401,-0.08276934944943802,1.0
componentwise_pm_5pct_phase0,38,SnO2,0.3319020203429648,-0.03449405205203915,
componentwise_pm_5pct_phase0,38,SO2,2.8828672666263424,-0.03449405205204057,
componentwise_pm_5pct_phase1,38,SiO2,62.116819721466555,-0.014802437440497387,1.0
componentwise_pm_5pct_phase1,38,Na2O,1.5924201923660206,0.0889025691447132,1.0
componentwise_pm_5pct_phase1,38,K2O,0.2101895871349859,0.03705006585210836,
componentwise_pm_5pct_phase1,38,CaO,0.3375924833821408,0.0889025691447142,1.0
componentwise_pm_5pct_phase1,38,MgO,0.855371318814818,0.037050065852106635,
componentwise_pm_5pct_phase1,38,Al2O3,3.7906476863480982,0.08890256914471371,1.0
componentwise_pm_5pct_phase1,38,Fe2O3,0.3219283336812772,-0.014802437440497295,1.0
componentwise_pm_5pct_phase1,38,CuO,0.4543667567768972,0.08890256914471305,1.0
componentwise_pm_5pct_phase1,38,PbO,19.76901992480379,-0.014802437440498676,1.0
componentwise_pm_5pct_phase1,38,BaO,6.66533196985354,0.08890256914471305,1.0
componentwise_pm_5pct_phase1,38,P2O5,0.10336382279676735,-0.014802437440497251,1.0
componentwise_pm_5pct_phase1,38,SrO,0.32996408804272254,0.08890256914471412,1.0
componentwise_pm_5pct_phase1,38,SnO2,0.35649600376327384,0.03705006585210861,
componentwise_pm_5pct_phase1,38,SO2,3.0964881107691284,0.03705006585210744,
componentwise_pm_10pct_phase0,38,SiO2,64.72998770376421,0.026643450134916934,1.0
componentwise_pm_10pct_phase0,38,Na2O,1.228395221868645,-0.1600189953441591,0.0
componentwise_pm_10pct_phase0,38,K2O,0.18916397404891036,-0.06668777260461994,
componentwise_pm_10pct_phase0,38,CaO,0.26041932620135505,-0.16001899534415914,1.0
componentwise_pm_10pct_phase0,38,MgO,0.7698071068123624,-0.06668777260462158,
componentwise_pm_10pct_phase0,38,Al2O3,2.9241110656722626,-0.16001899534415936,1.0
componentwise_pm_10pct_phase0,38,Fe2O3,0.33547140974252065,0.02664345013491798,1.0
componentwise_pm_10pct_phase0,38,CuO,0.35049916829515054,-0.16001899534415828,1.0
componentwise_pm_10pct_phase0,38,PbO,20.60067502467122,0.026643450134916993,1.0
componentwise_pm_10pct_phase0,38,BaO,5.141646647780306,-0.16001899534415837,1.0
componentwise_pm_10pct_phase0,38,P2O5,0.10771219467851482,0.026643450134917247,1.0
componentwise_pm_10pct_phase0,38,SrO,0.2545347710880824,-0.1600189953441584,1.0
componentwise_pm_10pct_phase0,38,SnO2,0.32083511711314205,-0.0666877726046198,
componentwise_pm_10pct_phase0,38,SO2,2.7867412682633015,-0.06668777260462168,
componentwise_pm_10pct_phase1,38,SiO2,61.111706157818546,-0.030743939878029706,1.0
componentwise_pm_10pct_phase1,38,Na2O,1.732436616044896,0.18464629570462984,1.0
componentwise_pm_10pct_phase1,38,K2O,0.21827675529255955,0.07695117791330074,
componentwise_pm_10pct_phase1,38,CaO,0.36727591267463544,0.18464629570463076,1.0
componentwise_pm_10pct_phase1,38,MgO,0.8882822340828452,0.07695117791329995,
componentwise_pm_10pct_phase1,38,Al2O3,4.12394723568405,0.18464629570463048,1.0
componentwise_pm_10pct_phase1,38,Fe2O3,0.3167192045572079,-0.03074393987802956,1.0
componentwise_pm_10pct_phase1,38,CuO,0.4943177751246021,0.18464629570462984,1.0
componentwise_pm_10pct_phase1,38,PbO,19.449136998479734,-0.03074393987802975,1.0
componentwise_pm_10pct_phase1,38,BaO,7.251393330746445,0.18464629570463015,1.0
componentwise_pm_10pct_phase1,38,P2O5,0.1016912906106477,-0.030743939878030268,1.0
componentwise_pm_10pct_phase1,38,SrO,0.3589767768868394,0.18464629570463176,1.0
componentwise_pm_10pct_phase1,38,SnO2,0.37021239746875784,0.07695117791330093,
componentwise_pm_10pct_phase1,38,SO2,3.2156273145282332,0.0769511779132993,
componentwise_pm_5pct_phase0,39,SiO2,56.28257462091432,0.01153535938191193,1.0
componentwise_pm_5pct_phase0,39,Na2O,3.0345552776942935,-0.03663299106484449,
componentwise_pm_5pct_phase0,39,K2O,0.21615867505171918,-0.03663299106484441,
componentwise_pm_5pct_phase0,39,CaO,0.5127463921128197,-0.08480134151160247,1.0
componentwise_pm_5pct_phase0,39,MgO,0.8796626582339259,-0.036632991064843363,
componentwise_pm_5pct_phase0,39,Al2O3,0.6861926809703796,-0.08480134151160239,1.0
componentwise_pm_5pct_phase0,39,Fe2O3,1.2017083283241348,-0.036632991064844474,
componentwise_pm_5pct_phase0,39,CuO,0.5096383957981047,-0.08480134151160221,1.0
componentwise_pm_5pct_phase0,39,PbO,27.81126049224142,0.011535359381914339,1.0
componentwise_pm_5pct_phase0,39,BaO,4.57374627772253,-0.0848013415116021,1.0
componentwise_pm_5pct_phase0,39,P2O5,0.2839307836058533,0.011535359381913775,1.0
componentwise_pm_5pct_phase0,39,SrO,0.4567814224982767,-0.08480134151160301,1.0
componentwise_pm_5pct_phase0,39,SnO2,0.36661998762675835,-0.03663299106484498,
componentwise_pm_5pct_phase0,39,SO2,3.1844240072054752,-0.036632991064844966,
componentwise_pm_5pct_phase1,39,SiO2,54.94816035343678,-0.012447324862878407,1.0
componentwise_pm_5pct_phase1,39,Na2O,3.2744619482814312,0.03952913172328613,
componentwise_pm_5pct_phase1,39,K2O,0.23324780453021948,0.03952913172328514,
componentwise_pm_5pct_phase1,39,CaO,0.611523571615623,0.0915055883094509,1.0
componentwise_pm_5pct_phase1,39,MgO,0.9492072604126943,0.03952913172328715,
componentwise_pm_5pct_phase1,39,Al2O3,0.818383133530028,0.0915055883094499,1.0
componentwise_pm_5pct_phase1,39,Fe2O3,1.296713301930723,0.03952913172328652,
componentwise_pm_5pct_phase1,39,CuO,0.6078168404982934,0.09150558830945009,1.0
componentwise_pm_5pct_phase1,39,PbO,27.15187802711173,-0.012447324862877931,1.0
componentwise_pm_5pct_phase1,39,BaO,5.454848054398647,0.0915055883094503,1.0
componentwise_pm_5pct_phase1,39,P2O5,0.27719901464944585,-0.012447324862878403,1.0
componentwise_pm_5pct_phase1,39,SrO,0.5447773231183445,0.0915055883094498,1.0
componentwise_pm_5pct_phase1,39,SnO2,0.39560432719333355,0.039529131723286516,
componentwise_pm_5pct_phase1,39,SO2,3.4361790392927105,0.03952913172328548,
componentwise_pm_10pct_phase0,39,SiO2,56.87904758013045,0.022255435590687152,1.0
componentwise_pm_10pct_phase0,39,Na2O,2.927318833039598,-0.07067687673573912,
componentwise_pm_10pct_phase0,39,K2O,0.2085199650357237,-0.07067687673573804,
componentwise_pm_10pct_phase0,39,CaO,0.4685937492664355,-0.1636091890621652,1.0
componentwise_pm_10pct_phase0,39,MgO,0.8485767536014084,-0.07067687673573897,
componentwise_pm_10pct_phase0,39,Al2O3,0.6271045609314544,-0.1636091890621653,1.0
componentwise_pm_10pct_phase0,39,Fe2O3,1.1592418326274956,-0.07067687673573926,
componentwise_pm_10pct_phase0,39,CuO,0.465753382823646,-0.1636091890621652,1.0
componentwise_pm_10pct_phase0,39,PbO,28.105999404898967,0.022255435590688072,1.0
componentwise_pm_10pct_phase0,39,BaO,4.179900530630801,-0.163609189062165,1.0
componentwise_pm_10pct_phase0,39,P2O5,0.2869398327804974,0.022255435590687152,1.0
componentwise_pm_10pct_phase0,39,SrO,0.4174479287542731,-0.16360918906216673,1.0
componentwise_pm_10pct_phase0,39,SnO2,0.353664209789581,-0.07067687673573887,
componentwise_pm_10pct_phase0,39,SO2,3.0718914356896754,-0.07067687673574029,
componentwise_pm_10pct_phase1,39,SiO2,54.19857450458841,-0.02591921373984322,1.0
componentwise_pm_10pct_phase1,39,Na2O,3.4092256792301265,0.08231198473350756,
componentwise_pm_10pct_phase1,39,K2O,0.24284734939302752,0.08231198473350794,
componentwise_pm_10pct_phase1,39,CaO,0.667010070635464,0.19054318320685762,1.0
componentwise_pm_10pct_phase1,39,MgO,0.9882728271767047,0.08231198473350707,
componentwise_pm_10pct_phase1,39,Al2O3,0.8926390036946061,0.19054318320685754,1.0
componentwise_pm_10pct_phase1,39,Fe2O3,1.3500808246868499,0.08231198473350657,
componentwise_pm_10pct_phase1,39,CuO,0.6629670098293788,0.19054318320685765,1.0
componentwise_pm_10pct_phase1,39,PbO,26.781480484994418,-0.025919213739843325,1.0
componentwise_pm_10pct_phase1,39,BaO,5.949792869729526,0.19054318320685767,1.0
componentwise_pm_10pct_phase1,39,P2O5,0.2734175512235651,-0.02591921373984413,1.0
componentwise_pm_10pct_phase1,39,SrO,0.5942076113497154,0.1905431832068565,1.0
componentwise_pm_10pct_phase1,39,SnO2,0.41188581586355705,0.08231198473350801,
componentwise_pm_10pct_phase1,39,SO2,3.5775983976046386,0.0823119847335066,
componentwise_pm_5pct_phase0,40,SiO2,43.202707554070194,0.01285336029444306,1.0
componentwise_pm_5pct_phase0,40,Na2O,3.6591896627376337,-0.0353777521005307,
componentwise_pm_5pct_phase0,40,K2O,0.26065288547365134,-0.03537775210053063,
componentwise_pm_5pct_phase0,40,CaO,1.0416243126934994,-0.08360886449550423,1.0
componentwise_pm_5pct_phase0,40,MgO,1.0607328623624963,-0.03537775210052961,
componentwise_pm_5pct_phase0,40,Al2O3,0.7446950348799648,-0.08360886449550382,1.0
componentwise_pm_5pct_phase0,40,Fe2O3,0.28908918075340506,0.012853360294443105,1.0
componentwise_pm_5pct_phase0,40,CuO,0.632184991442124,-0.03537775210053139,
componentwise_pm_5pct_phase0,40,PbO,38.58034822837248,0.0128533602944436,1.0
componentwise_pm_5pct_phase0,40,BaO,5.110352486031094,-0.08360886449550405,1.0
componentwise_pm_5pct_phase0,40,P2O5,0.5224173904647819,0.012853360294442905,1.0
componentwise_pm_5pct_phase0,40,SrO,0.614012733462282,-0.08360886449550463,1.0
componentwise_pm_5pct_phase0,40,SnO2,0.4420852303261231,-0.035377752100530666,
componentwise_pm_5pct_phase0,40,SO2,3.8399074469302574,-0.03537775210052988,
componentwise_pm_5pct_phase1,40,SiO2,42.064455753256965,-0.01383205426833625,1.0
componentwise_pm_5pct_phase1,40,Na2O,3.9378115009350263,0.038071521822803975,
componentwise_pm_5pct_phase1,40,K2O,0.2804997895086256,0.038071521822804454,
componentwise_pm_5pct_phase1,40,CaO,1.23893010116538,0.08997509791394466,1.0
componentwise_pm_5pct_phase1,40,MgO,1.1415002909976955,0.03807152182280507,
componentwise_pm_5pct_phase1,40,Al2O3,0.8857561057838667,0.08997509791394483,1.0
componentwise_pm_5pct_phase1,40,Fe2O3,0.28147261458851003,-0.013832054268336337,1.0
componentwise_pm_5pct_phase1,40,CuO,0.6803214808376007,0.03807152182280339,
componentwise_pm_5pct_phase1,40,PbO,37.5638806657322,-0.013832054268335768,1.0
componentwise_pm_5pct_phase1,40,BaO,6.078361886674082,0.08997509791394462,1.0
componentwise_pm_5pct_phase1,40,P2O5,0.5086533796159612,-0.013832054268334634,1.0
componentwise_pm_5pct_phase1,40,SrO,0.7303197983331825,0.0899750979139439,0.0
componentwise_pm_5pct_phase1,40,SnO2,0.475746945313924,0.038071521822803545,
componentwise_pm_5pct_phase1,40,SO2,4.132289687256964,0.03807152182280425,
componentwise_pm_10pct_phase0,40,SiO2,43.713494181749354,0.024828349398790594,1.0
componentwise_pm_10pct_phase0,40,Na2O,3.5341590596417864,-0.06833786418291721,
componentwise_pm_10pct_phase0,40,K2O,0.25174665473045965,-0.06833786418291686,
componentwise_pm_10pct_phase0,40,CaO,0.9530840105888823,-0.16150407776462475,1.0
componentwise_pm_10pct_phase0,40,MgO,1.0244887532212552,-0.06833786418291536,
componentwise_pm_10pct_phase0,40,Al2O3,0.6813943586567106,-0.16150407776462483,1.0
componentwise_pm_10pct_phase0,40,Fe2O3,0.29250708893776545,0.02482834939879242,1.0
componentwise_pm_10pct_phase0,40,CuO,0.6105839054002999,-0.06833786418291668,
componentwise_pm_10pct_phase0,40,PbO,39.036484593011075,0.02482834939879111,1.0
componentwise_pm_10pct_phase0,40,BaO,4.675961556921305,-0.16150407776462472,1.0
componentwise_pm_10pct_phase0,40,P2O5,0.5285939435611948,0.024828349398793276,1.0
componentwise_pm_10pct_phase0,40,SrO,0.5618203333288286,-0.1615040777646255,1.0
componentwise_pm_10pct_phase0,40,SnO2,0.42697965011247346,-0.06833786418291675,
componentwise_pm_10pct_phase0,40,SO2,3.7087019101386134,-0.06833786418291649,
componentwise_pm_10pct_phase1,40,SiO2,41.42775469639493,-0.02875900772695072,1.0
componentwise_pm_10pct_phase1,40,Na2O,4.0936635002188275,0.07915665808116637,
componentwise_pm_10pct_phase1,40,K2O,0.2916015024736123,0.07915665808116626,
componentwise_pm_10pct_phase1,40,CaO,1.349296545527948,0.18707232388928327,1.0
componentwise_pm_10pct_phase1,40,MgO,1.1866789651147245,0.07915665808116769,
componentwise_pm_10pct_phase1,40,Al2O3,0.9646610834543955,0.18707232388928374,1.0
componentwise_pm_10pct_phase1,40,Fe2O3,0.27721215506331254,-0.028759007726949712,1.0
componentwise_pm_10pct_phase1,40,CuO,0.7072474682595687,0.07915665808116629,
componentwise_pm_10pct_phase1,40,PbO,36.995301752932185,-0.028759007726950243,1.0
componentwise_pm_10pct_phase1,40,BaO,6.6198348788551185,0.18707232388928374,1.0
componentwise_pm_10pct_phase1,40,P2O5,0.500954239366111,-0.028759007726949753,1.0
componentwise_pm_10pct_phase1,40,SrO,0.7953781896934403,0.18707232388928244,0.0
componentwise_pm_10pct_phase1,40,SnO2,0.4945762144556113,0.07915665808116647,
componentwise_pm_10pct_phase1,40,SO2,4.29583880819023,0.0791566580811664,
componentwise_pm_5pct_phase0,41,SiO2,45.627342501063005,0.020184887119068958,1.0
componentwise_pm_5pct_phase0,41,Na2O,3.4981939384745786,-0.02839534560088694,
componentwise_pm_5pct_phase0,41,K2O,0.41863041796813183,0.020184887119068854,1.0
componentwise_pm_5pct_phase0,41,CaO,2.641253835782145,-0.07697557832084184,1.0
componentwise_pm_5pct_phase0,41,MgO,2.906811920468067,0.02018488711906943,1.0
componentwise_pm_5pct_phase0,41,Al2O3,5.268283537834853,-0.0769755783208416,1.0
componentwise_pm_5pct_phase0,41,Fe2O3,2.6036957305748105,0.020184887119069912,1.0
componentwise_pm_5pct_phase0,41,CuO,0.12684749603512804,-0.07697557832084131,1.0
componentwise_pm_5pct_phase0,41,PbO,23.17723565953988,0.02018488711906888,1.0
componentwise_pm_5pct_phase0,41,BaO,7.127439162971244,-0.0769755783208423,1.0
componentwise_pm_5pct_phase0,41,P2O5,2.1049517685538777,0.020184887119069378,1.0
componentwise_pm_5pct_phase0,41,SrO,0.40571894308198625,-0.076975578320843,1.0
componentwise_pm_5pct_phase0,41,SnO2,0.4226345217260384,-0.02839534560088694,
componentwise_pm_5pct_phase0,41,SO2,3.670960565926247,-0.028395345600886836,
componentwise_pm_5pct_phase1,41,SiO2,43.76746595417315,-0.0214002204291085,1.0
componentwise_pm_5pct_phase1,41,Na2O,3.7088204132884774,0.030105031127253927,
componentwise_pm_5pct_phase1,41,K2O,0.40156606897223096,-0.021400220429109277,1.0
componentwise_pm_5pct_phase1,41,CaO,3.095050619313445,0.0816102826836167,1.0
componentwise_pm_5pct_phase1,41,MgO,2.788323509336682,-0.021400220429108427,1.0
componentwise_pm_5pct_phase1,41,Al2O3,6.173433240529902,0.08161028268361774,1.0
componentwise_pm_5pct_phase1,41,Fe2O3,2.4975630399755167,-0.021400220429107473,1.0
componentwise_pm_5pct_phase1,41,CuO,0.148641306580677,0.0816102826836177,1.0
componentwise_pm_5pct_phase1,41,PbO,22.232477655632163,-0.021400220429109003,1.0
componentwise_pm_5pct_phase1,41,BaO,8.352012478550963,0.08161028268361709,1.0
componentwise_pm_5pct_phase1,41,P2O5,2.0191490412401736,-0.02140022042910815,1.0
componentwise_pm_5pct_phase1,41,SrO,0.475425969682027,0.08161028268361685,0.0
componentwise_pm_5pct_phase1,41,SnO2,0.4480813725900676,0.03010503112725389,
componentwise_pm_5pct_phase1,41,SO2,3.8919893301345128,0.030105031127254107,
componentwise_pm_10pct_phase0,41,SiO2,46.48025032476431,0.039255111772749325,1.0
componentwise_pm_10pct_phase0,41,Na2O,3.40160421129736,-0.05522262566113686,
componentwise_pm_10pct_phase0,41,K2O,0.4264558388485184,0.0392551117727492,1.0
componentwise_pm_10pct_phase0,41,CaO,2.4331503314438754,-0.14970036309502327,1.0
componentwise_pm_10pct_phase0,41,MgO,2.9611486951539407,0.039255111772749936,1.0
componentwise_pm_10pct_phase0,41,Al2O3,4.853197243886739,-0.14970036309502313,1.0
componentwise_pm_10pct_phase0,41,Fe2O3,2.6523663814919276,0.03925511177275054,1.0
componentwise_pm_10pct_phase0,41,CuO,0.1168532243434684,-0.14970036309502285,1.0
componentwise_pm_10pct_phase0,41,PbO,23.610485648301115,0.03925511177274936,1.0
componentwise_pm_10pct_phase0,41,BaO,6.565870620532044,-0.14970036309502302,1.0
componentwise_pm_10pct_phase0,41,P2O5,2.144299443292369,0.039255111772750505,1.0
componentwise_pm_10pct_phase0,41,SrO,0.37375248355888024,-0.14970036309502266,1.0
componentwise_pm_10pct_phase0,41,SnO2,0.4109650277336629,-0.05522262566113758,
componentwise_pm_10pct_phase0,41,SO2,3.569600525351778,-0.05522262566113684,
componentwise_pm_10pct_phase1,41,SiO2,42.750933291953245,-0.04412894409377287,1.0
componentwise_pm_10pct_phase1,41,Na2O,3.8239402536534794,0.06207895100691976,
componentwise_pm_10pct_phase1,41,K2O,0.3922393918103198,-0.044128944093772965,1.0
componentwise_pm_10pct_phase1,41,CaO,3.3430774322980508,0.1682868461076114,1.0
componentwise_pm_10pct_phase1,41,MgO,2.723562576568856,-0.044128944093772444,0.0
componentwise_pm_10pct_phase1,41,Al2O3,6.6681511499130774,0.16828684610761208,1.0
componentwise_pm_10pct_phase1,41,Fe2O3,2.439555240100911,-0.04412894409377139,1.0
componentwise_pm_10pct_phase1,41,CuO,0.16055291452628503,0.16828684610761263,1.0
componentwise_pm_10pct_phase1,41,PbO,21.716111464299825,-0.044128944093773284,1.0
componentwise_pm_10pct_phase1,41,BaO,9.021314306487515,0.16828684610761155,1.0
componentwise_pm_10pct_phase1,41,P2O5,1.972252770104446,-0.04412894409377241,1.0
componentwise_pm_10pct_phase1,41,SrO,0.5135249872989041,0.16828684610761177,0.0
componentwise_pm_10pct_phase1,41,SnO2,0.4619895833781331,0.0620789510069178,
componentwise_pm_10pct_phase1,41,SO2,4.012794637606952,0.06207895100691967,
componentwise_pm_5pct_phase0,43部位1,SiO2,34.66387452211881,0.023608811789159138,1.0
componentwise_pm_5pct_phase0,43部位1,Na2O,3.953263178952927,-0.025134464962707097,
componentwise_pm_5pct_phase0,43部位1,K2O,0.28160044971812176,-0.025134464962704887,
componentwise_pm_5pct_phase0,43部位1,CaO,3.1533457789038626,-0.07387774171457102,1.0
componentwise_pm_5pct_phase0,43部位1,MgO,1.0709177986639502,0.023608811789159623,1.0
componentwise_pm_5pct_phase0,43部位1,Al2O3,4.022715043878714,-0.07387774171457025,1.0
componentwise_pm_5pct_phase0,43部位1,Fe2O3,1.2492881966124496,0.023608811789158607,1.0
componentwise_pm_5pct_phase0,43部位1,CuO,4.0363974602945705,-0.07387774171457016,1.0
componentwise_pm_5pct_phase0,43部位1,PbO,35.5305665074933,0.02360881178915931,1.0
componentwise_pm_5pct_phase0,43部位1,BaO,6.016211204794342,-0.07387774171457119,1.0
componentwise_pm_5pct_phase0,43部位1,P2O5,0.7713643862923408,-0.02513446496270568,
componentwise_pm_5pct_phase0,43部位1,SrO,0.6243372483638315,-0.07387774171457066,0.0
componentwise_pm_5pct_phase0,43部位1,SnO2,0.47761374077004165,-0.025134464962705633,
componentwise_pm_5pct_phase0,43部位1,SO2,4.14850448314271,-0.025134464962705338,
componentwise_pm_5pct_phase1,43部位1,SiO2,33.022561993888175,-0.024858417854335672,1.0
componentwise_pm_5pct_phase1,43部位1,Na2O,4.162508002020457,0.026464823311224423,
componentwise_pm_5pct_phase1,43部位1,K2O,0.2965054620104257,0.026464823311227455,
componentwise_pm_5pct_phase1,43部位1,CaO,3.66975138893961,0.0777880644767873,1.0
componentwise_pm_5pct_phase1,43部位1,MgO,1.0202105184223615,-0.024858417854336012,1.0
componentwise_pm_5pct_phase1,43部位1,Al2O3,4.6814923432576165,0.07778806447678696,1.0
componentwise_pm_5pct_phase1,43部位1,Fe2O3,1.1901351908755322,-0.02485841785433637,1.0
componentwise_pm_5pct_phase1,43部位1,CuO,4.697415451653166,0.07778806447678663,1.0
componentwise_pm_5pct_phase1,43部位1,PbO,33.84821666207516,-0.02485841785433529,1.0
componentwise_pm_5pct_phase1,43部位1,BaO,7.001452099751209,0.07778806447678606,1.0
componentwise_pm_5pct_phase1,43部位1,P2O5,0.8121924306759386,0.02646482331122542,
componentwise_pm_5pct_phase1,43部位1,SrO,0.7265814296922226,0.07778806447678711,1.0
componentwise_pm_5pct_phase1,43部位1,SnO2,0.502893667291027,0.02646482331122529,
componentwise_pm_5pct_phase1,43部位1,SO2,4.368083359447112,0.026464823311226324,
componentwise_pm_10pct_phase0,43部位1,SiO2,35.42416771147131,0.0460599318354169,1.0
componentwise_pm_10pct_phase0,43部位1,Na2O,3.856336231068723,-0.04903642560416717,
componentwise_pm_10pct_phase0,43部位1,K2O,0.2746961099667704,-0.04903642560416637,
componentwise_pm_10pct_phase0,43部位1,CaO,2.9141349878445615,-0.1441327830437503,1.0
componentwise_pm_10pct_phase0,43部位1,MgO,1.0944065609533766,0.04605993183541678,1.0
componentwise_pm_10pct_phase0,43部位1,Al2O3,3.717554457212293,-0.14413278304375,1.0
componentwise_pm_10pct_phase0,43部位1,Fe2O3,1.2766892105070977,0.046059931835416366,1.0
componentwise_pm_10pct_phase0,43部位1,CuO,3.730198934282473,-0.14413278304375055,1.0
componentwise_pm_10pct_phase0,43部位1,PbO,36.30986911292611,0.046059931835417026,1.0
componentwise_pm_10pct_phase0,43部位1,BaO,5.559825276201713,-0.14413278304375043,1.0
componentwise_pm_10pct_phase0,43部位1,P2O5,0.7524519101212765,-0.04903642560416722,
componentwise_pm_10pct_phase0,43部位1,SrO,0.576975424593013,-0.14413278304374985,0.0
componentwise_pm_10pct_phase0,43部位1,SnO2,0.4659035054366425,-0.049036425604167266,
componentwise_pm_10pct_phase0,43部位1,SO2,4.04679056741462,-0.04903642560416662,
componentwise_pm_10pct_phase1,43部位1,SiO2,32.134978955427826,-0.05106835058366392,1.0
componentwise_pm_10pct_phase1,43部位1,Na2O,4.275662658824656,0.05436849935148343,
componentwise_pm_10pct_phase1,43部位1,K2O,0.3045657405199381,0.05436849935148544,
componentwise_pm_10pct_phase1,43部位1,CaO,3.9490113425132285,0.15980534928663323,1.0
componentwise_pm_10pct_phase1,43部位1,MgO,0.9927892192518692,-0.051068350583664504,1.0
componentwise_pm_10pct_phase1,43部位1,Al2O3,5.0377435428276085,0.15980534928663337,1.0
componentwise_pm_10pct_phase1,43部位1,Fe2O3,1.15814664289154,-0.051068350583663616,1.0
componentwise_pm_10pct_phase1,43部位1,CuO,5.054878364508339,0.159805349286633,1.0
componentwise_pm_10pct_phase1,43部位1,PbO,32.938441612006386,-0.05106835058366348,1.0
componentwise_pm_10pct_phase1,43部位1,BaO,7.5342470989485335,0.15980534928663298,0.0
componentwise_pm_10pct_phase1,43部位1,P2O5,0.8342712724961813,0.05436849935148439,
componentwise_pm_10pct_phase1,43部位1,SrO,0.7818726673861021,0.15980534928663337,1.0
componentwise_pm_10pct_phase1,43部位1,SnO2,0.516564454303016,0.0543684993514844,
componentwise_pm_10pct_phase1,43部位1,SO2,4.4868264280947745,0.05436849935148481,
componentwise_pm_5pct_phase0,43部位2,SiO2,51.456051307665376,0.01648276083432386,1.0
componentwise_pm_5pct_phase0,43部位2,Na2O,3.3560399878395466,-0.031921180157788234,
componentwise_pm_5pct_phase0,43部位2,K2O,0.23905880460453635,-0.03192118015778677,
componentwise_pm_5pct_phase0,43部位2,CaO,3.269577847540808,-0.08032512114989804,1.0
componentwise_pm_5pct_phase0,43部位2,MgO,0.9704231196070658,0.016482760834323897,1.0
componentwise_pm_5pct_phase0,43部位2,Al2O3,5.175621758659645,-0.08032512114989794,1.0
componentwise_pm_5pct_phase0,43部位2,Fe2O3,1.9397030299250284,0.016482760834322756,1.0
componentwise_pm_5pct_phase0,43部位2,CuO,0.9671380922375566,-0.08032512114989598,1.0
componentwise_pm_5pct_phase0,43部位2,PbO,22.552901151705324,0.016482760834323512,1.0
componentwise_pm_5pct_phase0,43部位2,BaO,2.283939236177141,-0.08032512114989729,1.0
componentwise_pm_5pct_phase0,43部位2,P2O5,3.4730674839928035,0.016482760834322936,1.0
componentwise_pm_5pct_phase0,43部位2,SrO,0.3892319924952149,-0.08032512114989959,1.0
componentwise_pm_5pct_phase0,43部位2,SnO2,0.4054601831974258,-0.03192118015778594,
componentwise_pm_5pct_phase0,43部位2,SO2,3.521786004352517,-0.03192118015778723,
componentwise_pm_5pct_phase1,43部位2,SiO2,49.73037981973124,-0.01760682190221731,1.0
componentwise_pm_5pct_phase1,43部位2,Na2O,3.5849090426382157,0.034098082208191396,
componentwise_pm_5pct_phase1,43部位2,K2O,0.25536169814853205,0.03409808220819388,
componentwise_pm_5pct_phase1,43部位2,CaO,3.8601874124253333,0.08580298631860218,1.0
componentwise_pm_5pct_phase1,43部位2,MgO,0.9378782300133208,-0.01760682190221803,0.0
componentwise_pm_5pct_phase1,43部位2,Al2O3,6.110535028024977,0.08580298631860164,1.0
componentwise_pm_5pct_phase1,43部位2,Fe2O3,1.8746515903229695,-0.017606821902218017,1.0
componentwise_pm_5pct_phase1,43部位2,CuO,1.1418398532827299,0.08580298631860259,1.0
componentwise_pm_5pct_phase1,43部位2,PbO,21.796548934645546,-0.017606821902217268,1.0
componentwise_pm_5pct_phase1,43部位2,BaO,2.6965051457228784,0.08580298631860203,1.0
componentwise_pm_5pct_phase1,43部位2,P2O5,3.3565919018117714,-0.017606821902217396,1.0
componentwise_pm_5pct_phase1,43部位2,SrO,0.4595420289727504,0.0858029863186009,1.0
componentwise_pm_5pct_phase1,43部位2,SnO2,0.43311101251505435,0.034098082208191945,
componentwise_pm_5pct_phase1,43部位2,SO2,3.761958301744666,0.034098082208192576,
componentwise_pm_10pct_phase0,43部位2,SiO2,52.23881484526818,0.03194577483486398,1.0
componentwise_pm_10pct_phase0,43部位2,Na2O,3.2522251237506246,-0.06186747742285177,
componentwise_pm_10pct_phase0,43部位2,K2O,0.23166382200623414,-0.061867477422849974,
componentwise_pm_10pct_phase0,43部位2,CaO,3.0016777080394563,-0.15568072968056662,1.0
componentwise_pm_10pct_phase0,43部位2,MgO,0.9851854617373099,0.03194577483486347,1.0
componentwise_pm_10pct_phase0,43部位2,Al2O3,4.751545668165564,-0.15568072968056695,1.0
componentwise_pm_10pct_phase0,43部位2,Fe2O3,1.9692103233728795,0.03194577483486256,1.0
componentwise_pm_10pct_phase0,43部位2,CuO,0.8878934796578645,-0.15568072968056546,1.0
componentwise_pm_10pct_phase0,43部位2,PbO,22.895982057450713,0.03194577483486345,1.0
componentwise_pm_10pct_phase0,43部位2,BaO,2.0967995904749643,-0.15568072968056662,1.0
componentwise_pm_10pct_phase0,43部位2,P2O5,3.5259007372451467,0.0319457748348629,1.0
componentwise_pm_10pct_phase0,43部位2,SrO,0.3573394027022282,-0.15568072968056676,1.0
componentwise_pm_10pct_phase0,43部位2,SnO2,0.3929177838325097,-0.06186747742285074,
componentwise_pm_10pct_phase0,43部位2,SO2,3.4128439962963206,-0.06186747742285153,
componentwise_pm_10pct_phase1,43部位2,SiO2,48.7761650953894,-0.036456749029899246,1.0
componentwise_pm_10pct_phase1,43部位2,Na2O,3.7114628065278517,0.07060361218899985,
componentwise_pm_10pct_phase1,43部位2,K2O,0.2643764273005337,0.07060361218900152,
componentwise_pm_10pct_phase1,43部位2,CaO,4.18676657137326,0.1776639734079008,1.0
componentwise_pm_10pct_phase1,43部位2,MgO,0.9198824451437415,-0.036456749029899524,0.0
componentwise_pm_10pct_phase1,43部位2,Al2O3,6.627497853133107,0.17766397340790024,1.0
componentwise_pm_10pct_phase1,43部位2,Fe2O3,1.8386812205614413,-0.036456749029899385,1.0
componentwise_pm_10pct_phase1,43部位2,CuO,1.238441665344495,0.1776639734079025,1.0
componentwise_pm_10pct_phase1,43部位2,PbO,21.378321927156975,-0.03645674902989925,1.0
componentwise_pm_10pct_phase1,43部位2,BaO,2.9246345831057248,0.17766397340790085,1.0
componentwise_pm_10pct_phase1,43部位2,P2O5,3.2921864130959038,-0.036456749029900176,1.0
componentwise_pm_10pct_phase1,43部位2,SrO,0.4984201541228582,0.17766397340789827,0.0
componentwise_pm_10pct_phase1,43部位2,SnO2,0.44840061349625365,0.07060361218900056,
componentwise_pm_10pct_phase1,43部位2,SO2,3.894762224248453,0.07060361218900117,
componentwise_pm_5pct_phase0,48,SiO2,73.61569087976518,0.01861900257730693,1.0
componentwise_pm_5pct_phase0,48,Na2O,0.5529915763442402,-0.07839233100148543,1.0
componentwise_pm_5pct_phase0,48,K2O,0.17003307686348731,0.018619002577306053,1.0
componentwise_pm_5pct_phase0,48,CaO,0.8386541554910328,-0.07839233100148484,1.0
componentwise_pm_5pct_phase0,48,MgO,0.9157571894867726,0.018619002577306764,1.0
componentwise_pm_5pct_phase0,48,Al2O3,12.060432686147397,-0.07839233100148563,1.0
componentwise_pm_5pct_phase0,48,Fe2O3,0.8367192395968547,0.018619002577307045,1.0
componentwise_pm_5pct_phase0,48,CuO,0.3375269650124441,-0.02988666421208964,
componentwise_pm_5pct_phase0,48,PbO,4.609009979574127,0.018619002577306098,1.0
componentwise_pm_5pct_phase0,48,BaO,2.9813050034293487,-0.07839233100148532,1.0
componentwise_pm_5pct_phase0,48,P2O5,0.17334101588594159,0.01861900257730594,1.0
componentwise_pm_5pct_phase0,48,SrO,0.12052378632301985,-0.07839233100148466,1.0
componentwise_pm_5pct_phase0,48,SnO2,0.7378672201320993,0.018619002577305286,1.0
componentwise_pm_5pct_phase0,48,SO2,2.050147225948033,-0.029886664212088625,
componentwise_pm_5pct_phase1,48,SiO2,70.83895268479289,-0.019802674333945797,1.0
componentwise_pm_5pct_phase1,48,Na2O,0.6500573047295588,0.08337599152563609,1.0
componentwise_pm_5pct_phase1,48,K2O,0.16361953467848403,-0.019802674333949093,1.0
componentwise_pm_5pct_phase1,48,CaO,0.9858617802513718,0.0833759915256367,1.0
componentwise_pm_5pct_phase1,48,MgO,0.8812153963584349,-0.019802674333947508,1.0
componentwise_pm_5pct_phase1,48,Al2O3,14.177381177591075,0.08337599152563575,0.0
componentwise_pm_5pct_phase1,48,Fe2O3,0.8051587089098367,-0.019802674333947338,1.0
componentwise_pm_5pct_phase1,48,CuO,0.3589846738199286,0.03178665859584344,
componentwise_pm_5pct_phase1,48,PbO,4.435160982188567,-0.01980267433394827,1.0
componentwise_pm_5pct_phase1,48,BaO,3.504608710168855,0.08337599152563577,1.0
componentwise_pm_5pct_phase1,48,P2O5,0.16680270029297992,-0.019802674333948448,1.0
componentwise_pm_5pct_phase1,48,SrO,0.14167913408534796,0.08337599152563696,1.0
componentwise_pm_5pct_phase1,48,SnO2,0.710035326299773,-0.019802674333950117,1.0
componentwise_pm_5pct_phase1,48,SO2,2.1804818858328923,0.03178665859584544,
componentwise_pm_10pct_phase0,48,SiO2,74.88319117937033,0.036157381631019204,1.0
componentwise_pm_10pct_phase0,48,Na2O,0.5086838918702244,-0.15223486957462237,1.0
componentwise_pm_10pct_phase0,48,K2O,0.17296067250636774,0.036157381631016484,1.0
componentwise_pm_10pct_phase0,48,CaO,0.7714581523439836,-0.15223486957462265,1.0
componentwise_pm_10pct_phase0,48,MgO,0.9315245143351636,0.03615738163101809,1.0
componentwise_pm_10pct_phase0,48,Al2O3,11.09410721404784,-0.15223486957462265,1.0
componentwise_pm_10pct_phase0,48,Fe2O3,0.8511257047702442,0.03615738163101835,1.0
componentwise_pm_10pct_phase0,48,CuO,0.32773214445947546,-0.05803874397180329,
componentwise_pm_10pct_phase0,48,PbO,4.68836699518014,0.03615738163101734,1.0
componentwise_pm_10pct_phase0,48,BaO,2.7424320674508054,-0.1522348695746219,1.0
componentwise_pm_10pct_phase0,48,P2O5,0.17632556696389215,0.03615738163101719,1.0
componentwise_pm_10pct_phase0,48,SrO,0.11086698480116483,-0.15223486957462173,1.0
componentwise_pm_10pct_phase0,48,SnO2,0.7505716709279718,0.036157381631015464,1.0
componentwise_pm_10pct_phase0,48,SO2,1.9906532409723838,-0.05803874397180145,
componentwise_pm_10pct_phase1,48,SiO2,69.3138421917291,-0.040905601042901515,1.0
componentwise_pm_10pct_phase1,48,Na2O,0.7033702029874382,0.1722264876142299,1.0
componentwise_pm_10pct_phase1,48,K2O,0.16009692656880892,-0.040905601042902376,1.0
componentwise_pm_10pct_phase1,48,CaO,1.066714881054137,0.17222648761422973,1.0
componentwise_pm_10pct_phase1,48,MgO,0.8622434777077513,-0.04090560104290158,1.0
componentwise_pm_10pct_phase1,48,Al2O3,15.340105255583774,0.1722264876142304,0.0
componentwise_pm_10pct_phase1,48,Fe2O3,0.7878242347398982,-0.040905601042902175,1.0
componentwise_pm_10pct_phase1,48,CuO,0.37077022022781714,0.06566044328566353,
componentwise_pm_10pct_phase1,48,PbO,4.339675231820968,-0.04090560104290189,1.0
componentwise_pm_10pct_phase1,48,BaO,3.792030828556778,0.17222648761423098,1.0
componentwise_pm_10pct_phase1,48,P2O5,0.16321156097136783,-0.04090560104290242,1.0
componentwise_pm_10pct_phase1,48,SrO,0.15329861010046497,0.17222648761423204,1.0
componentwise_pm_10pct_phase1,48,SnO2,0.6947487885187297,-0.04090560104290314,1.0
componentwise_pm_10pct_phase1,48,SO2,2.252067589432968,0.06566044328566484,
componentwise_pm_5pct_phase0,49,SiO2,58.37147052368113,0.017263964730842504,1.0
componentwise_pm_5pct_phase0,49,Na2O,2.8695207826713713,-0.031177176446817573,
componentwise_pm_5pct_phase0,49,K2O,0.2044028708176671,-0.031177176446815773,
componentwise_pm_5pct_phase0,49,CaO,2.0005961737451297,-0.07961831762447562,1.0
componentwise_pm_5pct_phase0,49,MgO,1.2839174804664328,0.01726396473084248,1.0
componentwise_pm_5pct_phase0,49,Al2O3,6.9818847282702405,-0.07961831762447548,1.0
componentwise_pm_5pct_phase0,49,Fe2O3,3.269288556916782,0.01726396473084194,1.0
componentwise_pm_5pct_phase0,49,CuO,0.38334678852648224,-0.0796183176244757,1.0
componentwise_pm_5pct_phase0,49,PbO,14.728675120129214,0.017263964730843347,1.0
componentwise_pm_5pct_phase0,49,BaO,3.6540882175707528,-0.07961831762447645,1.0
componentwise_pm_5pct_phase0,49,P2O5,2.569163787866543,0.017263964730842633,1.0
componentwise_pm_5pct_phase0,49,SrO,0.3257247435139682,-0.07961831762447637,1.0
componentwise_pm_5pct_phase0,49,SnO2,0.3466813346821121,-0.031177176446817747,
componentwise_pm_5pct_phase0,49,SO2,3.0112388911421624,-0.03117717644681677,
componentwise_pm_5pct_phase1,49,SiO2,56.324351334367265,-0.018412035275927337,1.0
componentwise_pm_5pct_phase1,49,Na2O,3.0603467221619343,0.03325048918323432,
componentwise_pm_5pct_phase1,49,K2O,0.21799586170795668,0.03325048918323478,
componentwise_pm_5pct_phase1,49,CaO,2.3582312267854353,0.08491301364239631,1.0
componentwise_pm_5pct_phase1,49,MgO,1.2388897967679038,-0.01841203527592706,1.0
componentwise_pm_5pct_phase1,49,Al2O3,8.229996040230755,0.08491301364239599,1.0
componentwise_pm_5pct_phase1,49,Fe2O3,3.1546328307508054,-0.018412035275927732,1.0
componentwise_pm_5pct_phase1,49,CuO,0.4518754855452568,0.08491301364239666,1.0
componentwise_pm_5pct_phase1,49,PbO,14.21213248035873,-0.018412035275927757,1.0
componentwise_pm_5pct_phase1,49,BaO,4.307308517926764,0.0849130136423963,1.0
componentwise_pm_5pct_phase1,49,P2O5,2.479061817786858,-0.018412035275927493,1.0
componentwise_pm_5pct_phase1,49,SrO,0.38395267949221557,0.0849130136423956,1.0
componentwise_pm_5pct_phase1,49,SnO2,0.3697359826198661,0.033250489183234644,
componentwise_pm_5pct_phase1,49,SO2,3.2114892234982753,0.03325048918323419,
componentwise_pm_10pct_phase0,49,SiO2,59.30218953143795,0.03348399310064262,1.0
componentwise_pm_10pct_phase0,49,Na2O,2.782762117135908,-0.06046909718123516,
componentwise_pm_10pct_phase0,49,K2O,0.19822284228786843,-0.060469097181234645,
componentwise_pm_10pct_phase0,49,CaO,1.83799804880826,-0.15442218746311062,1.0
componentwise_pm_10pct_phase0,49,MgO,1.3043892347796389,0.033483993100642484,1.0
componentwise_pm_10pct_phase0,49,Al2O3,6.414433195451934,-0.1544221874631109,1.0
componentwise_pm_10pct_phase0,49,Fe2O3,3.3214165738138353,0.03348399310064194,1.0
componentwise_pm_10pct_phase0,49,CuO,0.35219034134689375,-0.15442218746311095,1.0
componentwise_pm_10pct_phase0,49,PbO,14.963520289702545,0.033483993100642734,1.0
componentwise_pm_10pct_phase0,49,BaO,3.3571027987599873,-0.1544221874631113,1.0
componentwise_pm_10pct_phase0,49,P2O5,2.6101284843176593,0.03348399310064251,1.0
componentwise_pm_10pct_phase0,49,SrO,0.29925151856434323,-0.15442218746311093,1.0
componentwise_pm_10pct_phase0,49,SnO2,0.33619958102320596,-0.06046909718123481,
componentwise_pm_10pct_phase0,49,SO2,2.920195442569971,-0.060469097181233604,
componentwise_pm_10pct_phase1,49,SiO2,55.195178475313256,-0.038090601691377346,1.0
componentwise_pm_10pct_phase1,49,Na2O,3.1656046244868272,0.06878822034291367,
componentwise_pm_10pct_phase1,49,K2O,0.22549363539246178,0.0687882203429145,
componentwise_pm_10pct_phase1,49,CaO,2.5554995624287513,0.1756670423772055,1.0
componentwise_pm_10pct_phase1,49,MgO,1.2140529242477995,-0.03809060169137693,1.0
componentwise_pm_10pct_phase1,49,Al2O3,8.918443213165729,0.17566704237720537,1.0
componentwise_pm_10pct_phase1,49,Fe2O3,3.0913897451515044,-0.03809060169137751,1.0
componentwise_pm_10pct_phase1,49,CuO,0.4896753093873993,0.1756670423772068,1.0
componentwise_pm_10pct_phase1,49,PbO,13.927212123782716,-0.038090601691377186,1.0
componentwise_pm_10pct_phase1,49,BaO,4.667619064569779,0.1756670423772053,1.0
componentwise_pm_10pct_phase1,49,P2O5,2.429362367118636,-0.03809060169137724,1.0
componentwise_pm_10pct_phase1,49,SrO,0.4160706945489775,0.17566704237720454,1.0
componentwise_pm_10pct_phase1,49,SnO2,0.3824527227404453,0.06878822034291347,
componentwise_pm_10pct_phase1,49,SO2,3.321945537665721,0.06878822034291399,
componentwise_pm_5pct_phase0,50,SiO2,47.01916363555725,0.022358212497079373,1.0
componentwise_pm_5pct_phase0,50,Na2O,3.7011408879896686,-0.026325511907543654,
componentwise_pm_5pct_phase0,50,K2O,0.2636411722034831,-0.026325511907545136,
componentwise_pm_5pct_phase0,50,CaO,1.7972598882765514,-0.07500923631216683,1.0
componentwise_pm_5pct_phase0,50,MgO,0.5294730722210682,0.022358212497078533,1.0
componentwise_pm_5pct_phase0,50,Al2O3,3.130100255251078,-0.07500923631216655,1.0
componentwise_pm_5pct_phase0,50,Fe2O3,0.5078586737946787,0.022358212497079363,1.0
componentwise_pm_5pct_phase0,50,CuO,0.7981756518396136,-0.07500923631216695,1.0
componentwise_pm_5pct_phase0,50,PbO,24.45516197630976,0.02235821249707854,1.0
componentwise_pm_5pct_phase0,50,BaO,10.971443731857088,-0.0750092363121666,1.0
componentwise_pm_5pct_phase0,50,P2O5,1.892711033969257,0.022358212497079026,1.0
componentwise_pm_5pct_phase0,50,SrO,0.6027859172601796,-0.07500923631216701,1.0
componentwise_pm_5pct_phase0,50,SnO2,0.447153570255826,-0.026325511907543717,
componentwise_pm_5pct_phase0,50,SO2,3.8839305332145053,-0.026325511907544417,
componentwise_pm_5pct_phase1,50,SiO2,44.90546685608589,-0.023600819823669895,1.0
componentwise_pm_5pct_phase1,50,Na2O,3.906840014642341,0.02778861071192612,
componentwise_pm_5pct_phase1,50,K2O,0.2782936160074803,0.02778861071192624,
componentwise_pm_5pct_phase1,50,CaO,2.096846241048084,0.0791780412475223,1.0
componentwise_pm_5pct_phase1,50,MgO,0.5056711701658784,-0.023600819823670616,1.0
componentwise_pm_5pct_phase1,50,Al2O3,3.6518585860282364,0.07917804124752292,1.0
componentwise_pm_5pct_phase1,50,Fe2O3,0.48502842416398034,-0.02360081982367075,1.0
componentwise_pm_5pct_phase1,50,CuO,0.9312240406482979,0.0791780412475226,1.0
componentwise_pm_5pct_phase1,50,PbO,23.355806030478224,-0.023600819823670162,1.0
componentwise_pm_5pct_phase1,50,BaO,12.800280414690457,0.0791780412475227,1.0
componentwise_pm_5pct_phase1,50,P2O5,1.8076262109388161,-0.02360081982367022,1.0
componentwise_pm_5pct_phase1,50,SrO,0.7032646714080796,0.0791780412475236,0.0
componentwise_pm_5pct_phase1,50,SnO2,0.47200512324039984,0.02778861071192605,
componentwise_pm_5pct_phase1,50,SO2,4.099788600453827,0.0277886107119257,
componentwise_pm_10pct_phase0,50,SiO2,47.99468673069875,0.043569437254898626,1.0
componentwise_pm_10pct_phase0,50,Na2O,3.606205677485957,-0.051300511586455835,
componentwise_pm_10pct_phase0,50,K2O,0.2568787086988379,-0.05130051158645471,
componentwise_pm_10pct_phase0,50,CaO,1.658993411761911,-0.1461704604278098,1.0
componentwise_pm_10pct_phase0,50,MgO,0.5404582359345419,0.043569437254898896,1.0
componentwise_pm_10pct_phase0,50,Al2O3,2.889295941832525,-0.14617046042780907,1.0
componentwise_pm_10pct_phase0,50,Fe2O3,0.5183953959957515,0.04356943725489871,1.0
componentwise_pm_10pct_phase0,50,CuO,0.7367705452440014,-0.14617046042780985,1.0
componentwise_pm_10pct_phase0,50,PbO,24.96254180739796,0.04356943725489867,1.0
componentwise_pm_10pct_phase0,50,BaO,10.127390583518482,-0.14617046042780946,1.0
componentwise_pm_10pct_phase0,50,P2O5,1.9319797742721991,0.0435694372548991,1.0
componentwise_pm_10pct_phase0,50,SrO,0.5564124988047487,-0.14617046042780896,1.0
componentwise_pm_10pct_phase0,50,SnO2,0.43568396679990923,-0.051300511586454926,
componentwise_pm_10pct_phase0,50,SO2,3.7843067215544286,-0.051300511586455294,
componentwise_pm_10pct_phase1,50,SiO2,43.75799512411987,-0.04855079889766069,1.0
componentwise_pm_10pct_phase1,50,Na2O,4.0185087910801185,0.05716577900259927,
componentwise_pm_10pct_phase1,50,K2O,0.2862480516827388,0.05716577900259793,
componentwise_pm_10pct_phase1,50,CaO,2.2594839828598983,0.16288235690285852,1.0
componentwise_pm_10pct_phase1,50,MgO,0.4927497284337369,-0.04855079889766153,1.0
componentwise_pm_10pct_phase1,50,Al2O3,3.935107792489295,0.16288235690286,1.0
componentwise_pm_10pct_phase1,50,Fe2O3,0.4726344675949097,-0.048550798897660695,1.0
componentwise_pm_10pct_phase1,50,CuO,1.0034525961461067,0.16288235690285938,1.0
componentwise_pm_10pct_phase1,50,PbO,22.758993903279,-0.04855079889766076,1.0
componentwise_pm_10pct_phase1,50,BaO,13.793108911339171,0.16288235690286004,1.0
componentwise_pm_10pct_phase1,50,P2O5,1.7614358442812208,-0.04855079889766071,1.0
componentwise_pm_10pct_phase1,50,SrO,0.7578120081725843,0.1628823569028585,0.0
componentwise_pm_10pct_phase1,50,SnO2,0.48549639352202767,0.05716577900259966,
componentwise_pm_10pct_phase1,50,SO2,4.216972404999286,0.05716577900259866,
componentwise_pm_5pct_phase0,51部位1,SiO2,53.76591529161707,0.020018761577187193,1.0
componentwise_pm_5pct_phase0,51部位1,Na2O,3.0920452060958246,-0.028553560402678268,
componentwise_pm_5pct_phase0,51部位1,K2O,0.22025382100059626,-0.028553560402679035,
componentwise_pm_5pct_phase0,51部位1,CaO,1.6850525244669814,-0.0771258823825445,1.0
componentwise_pm_5pct_phase0,51部位1,MgO,1.1199617711188188,0.02001876157718658,1.0
componentwise_pm_5pct_phase0,51部位1,Al2O3,7.341522975412293,-0.07712588238254497,1.0
componentwise_pm_5pct_phase0,51部位1,Fe2O3,1.5299812662960988,0.02001876157718718,1.0
componentwise_pm_5pct_phase0,51部位1,CuO,0.8084456278972564,-0.07712588238254571,1.0
componentwise_pm_5pct_phase0,51部位1,PbO,18.68469687724341,0.02001876157718608,1.0
componentwise_pm_5pct_phase0,51部位1,BaO,5.770629239532495,-0.07712588238254504,1.0
componentwise_pm_5pct_phase0,51部位1,P2O5,2.0201810472726924,0.020018761577187745,1.0
componentwise_pm_5pct_phase0,51部位1,SrO,0.2975733172339368,-0.07712588238254463,1.0
componentwise_pm_5pct_phase0,51部位1,SnO2,0.4189878223623631,0.020018761577187218,1.0
componentwise_pm_5pct_phase0,51部位1,SO2,3.2447532124501586,-0.0285535604026794,
componentwise_pm_5pct_phase1,51部位1,SiO2,51.591599643917554,-0.021231215145336026,1.0
componentwise_pm_5pct_phase1,51部位1,Na2O,3.2793175919801727,0.03028293142596279,
componentwise_pm_5pct_phase1,51部位1,K2O,0.23359368371593064,0.03028293142596241,
componentwise_pm_5pct_phase1,51部位1,CaO,1.9752259408318353,0.08179707799726085,1.0
componentwise_pm_5pct_phase1,51部位1,MgO,1.0746700581337236,-0.021231215145335738,1.0
componentwise_pm_5pct_phase1,51部位1,Al2O3,8.605765348966978,0.08179707799726019,1.0
componentwise_pm_5pct_phase1,51部位1,Fe2O3,1.4681081968997822,-0.021231215145335703,1.0
componentwise_pm_5pct_phase1,51部位1,CuO,0.9476635017533741,0.08179707799725985,1.0
componentwise_pm_5pct_phase1,51部位1,PbO,17.929080078526948,-0.02123121514533671,1.0
componentwise_pm_5pct_phase1,51部位1,BaO,6.764356839531041,0.08179707799726049,1.0
componentwise_pm_5pct_phase1,51部位1,P2O5,1.9384840978494966,-0.021231215145336074,1.0
componentwise_pm_5pct_phase1,51部位1,SrO,0.3488167442648584,0.08179707799726088,1.0
componentwise_pm_5pct_phase1,51部位1,SnO2,0.40204378312455114,-0.021231215145336123,1.0
componentwise_pm_5pct_phase1,51部位1,SO2,3.4412744905037553,0.030282931425961983,
componentwise_pm_10pct_phase0,51部位1,SiO2,54.7625317150412,0.03892604595010039,1.0
componentwise_pm_10pct_phase0,51部位1,Na2O,3.006207284806137,-0.0555217764089994,
componentwise_pm_10pct_phase0,51部位1,K2O,0.21413937929918495,-0.05552177640899898,
componentwise_pm_10pct_phase0,51部位1,CaO,1.5520490239419882,-0.1499695987680993,1.0
componentwise_pm_10pct_phase0,51部位1,MgO,1.1407216203402128,0.03892604595010019,1.0
componentwise_pm_10pct_phase0,51部位1,Al2O3,6.762046525428418,-0.14996959876809926,1.0
componentwise_pm_10pct_phase0,51部位1,Fe2O3,1.5583413239506876,0.03892604595010112,1.0
componentwise_pm_10pct_phase0,51部位1,CuO,0.7446339087174797,-0.1499695987681001,1.0
componentwise_pm_10pct_phase0,51部位1,PbO,19.031040386389737,0.03892604595009971,1.0
componentwise_pm_10pct_phase0,51部位1,BaO,5.315145580747154,-0.14996959876809926,1.0
componentwise_pm_10pct_phase0,51部位1,P2O5,2.0576275521649103,0.038926045950100845,1.0
componentwise_pm_10pct_phase0,51部位1,SrO,0.2740854482920076,-0.1499695987680986,1.0
componentwise_pm_10pct_phase0,51部位1,SnO2,0.426754269612749,0.03892604595010119,1.0
componentwise_pm_10pct_phase0,51部位1,SO2,3.1546759812681393,-0.055521776408999635,
componentwise_pm_10pct_phase1,51部位1,SiO2,50.40259048560404,-0.04378847363500938,1.0
componentwise_pm_10pct_phase1,51部位1,Na2O,3.3817261738028246,0.06245725151665783,
componentwise_pm_10pct_phase1,51部位1,K2O,0.2408884934442046,0.06245725151665654,
componentwise_pm_10pct_phase1,51部位1,CaO,2.1339052245512735,0.16870297666832385,1.0
componentwise_pm_10pct_phase1,51部位1,MgO,1.0499026047090276,-0.04378847363500862,1.0
componentwise_pm_10pct_phase1,51部位1,Al2O3,9.29710736367166,0.16870297666832262,1.0
componentwise_pm_10pct_phase1,51部位1,Fe2O3,1.43427334580858,-0.043788473635007666,1.0
componentwise_pm_10pct_phase1,51部位1,CuO,1.023793813003716,0.16870297666832118,1.0
componentwise_pm_10pct_phase1,51部位1,PbO,17.515876367832988,-0.04378847363500892,1.0
componentwise_pm_10pct_phase1,51部位1,BaO,7.307769760519431,0.1687029766683234,1.0
componentwise_pm_10pct_phase1,51部位1,P2O5,1.893808697949199,-0.043788473635008436,1.0
componentwise_pm_10pct_phase1,51部位1,SrO,0.3768388504883035,0.1687029766683235,1.0
componentwise_pm_10pct_phase1,51部位1,SnO2,0.3927780549153573,-0.04378847363500843,1.0
componentwise_pm_10pct_phase1,51部位1,SO2,3.548740763699381,0.06245725151665739,
componentwise_pm_5pct_phase0,51部位2,SiO2,49.43469734637043,0.014213537880486437,1.0
componentwise_pm_5pct_phase0,51部位2,Na2O,3.2770600922754785,-0.034082344875727026,
componentwise_pm_5pct_phase0,51部位2,K2O,0.23343287657931885,-0.034082344875727165,
componentwise_pm_5pct_phase0,51部位2,CaO,2.5590946665259424,-0.08237822763194107,1.0
componentwise_pm_5pct_phase0,51部位2,MgO,1.446314732351489,0.014213537880487948,1.0
componentwise_pm_5pct_phase0,51部位2,Al2O3,3.7199675445303773,-0.08237822763194144,1.0
componentwise_pm_5pct_phase0,51部位2,Fe2O3,0.5723043048533811,0.014213537880487452,1.0
componentwise_pm_5pct_phase0,51部位2,CuO,0.46906181902582844,-0.08237822763194136,1.0
componentwise_pm_5pct_phase0,51部位2,PbO,25.265187141179226,0.014213537880486198,1.0
componentwise_pm_5pct_phase0,51部位2,BaO,6.560228934309771,-0.03408234487572668,
componentwise_pm_5pct_phase0,51部位2,P2O5,2.312873589626793,0.014213537880486491,1.0
componentwise_pm_5pct_phase0,51部位2,SrO,0.31495323144070947,-0.03408234487572811,
componentwise_pm_5pct_phase0,51部位2,SnO2,0.3959182221241501,-0.03408234487572732,
componentwise_pm_5pct_phase0,51部位2,SO2,3.438905498807105,-0.03408234487572687,
componentwise_pm_5pct_phase1,51部位2,SiO2,47.998428950391,-0.015253272465813303,1.0
componentwise_pm_5pct_phase1,51部位2,Na2O,3.516780332569067,0.036575502667565984,
componentwise_pm_5pct_phase1,51部位2,K2O,0.25050872617936737,0.03657550266756485,
componentwise_pm_5pct_phase1,51部位2,CaO,3.0353786998279904,0.08840427780094356,1.0
componentwise_pm_5pct_phase1,51部位2,MgO,1.404293717715532,-0.015253272465812703,1.0
componentwise_pm_5pct_phase1,51部位2,Al2O3,4.412306584987555,0.08840427780094402,1.0
componentwise_pm_5pct_phase1,51部位2,Fe2O3,0.5556766601004552,-0.01525327246581123,1.0
componentwise_pm_5pct_phase1,51部位2,CuO,0.5563609166152506,0.08840427780094401,1.0
componentwise_pm_5pct_phase1,51部位2,PbO,24.531136125247517,-0.015253272465812116,1.0
componentwise_pm_5pct_phase1,51部位2,BaO,7.040116276083149,0.03657550266756664,
componentwise_pm_5pct_phase1,51部位2,P2O5,2.245675701928583,-0.015253272465812713,1.0
componentwise_pm_5pct_phase1,51部位2,SrO,0.3379923769541455,0.03657550266756463,
componentwise_pm_5pct_phase1,51部位2,SnO2,0.42488003810302905,0.0365755026675647,
componentwise_pm_5pct_phase1,51部位2,SO2,3.6904648932973543,0.03657550266756588,
componentwise_pm_10pct_phase0,51部位2,SiO2,50.08182453744941,0.02749014708725974,1.0
componentwise_pm_10pct_phase0,51部位2,Na2O,3.1690513898767954,-0.06591804810249025,
componentwise_pm_10pct_phase0,51部位2,K2O,0.22573915678578962,-0.06591804810249088,
componentwise_pm_10pct_phase0,51部位2,CaO,2.3444994352381583,-0.15932624329224168,1.0
componentwise_pm_10pct_phase0,51部位2,MgO,1.4652477822214003,0.02749014708726172,0.0
componentwise_pm_10pct_phase0,51部位2,Al2O3,3.4080262529308585,-0.1593262432922416,1.0
componentwise_pm_10pct_phase0,51部位2,Fe2O3,0.5797960808148536,0.02749014708726172,1.0
componentwise_pm_10pct_phase0,51部位2,CuO,0.4297282098167705,-0.15932624329224152,1.0
componentwise_pm_10pct_phase0,51部位2,PbO,25.59592224151171,0.02749014708726085,1.0
componentwise_pm_10pct_phase0,51部位2,BaO,6.344010191082178,-0.06591804810249045,
componentwise_pm_10pct_phase0,51部位2,P2O5,2.3431503682806425,0.027490147087261215,1.0
componentwise_pm_10pct_phase0,51部位2,SrO,0.3045726803106381,-0.06591804810249019,
componentwise_pm_10pct_phase0,51部位2,SnO2,0.3828691439188341,-0.06591804810249041,
componentwise_pm_10pct_phase0,51部位2,SO2,3.325562529761963,-0.06591804810249,
componentwise_pm_10pct_phase1,51部位2,SiO2,47.19850488921961,-0.03166469714657808,1.0
componentwise_pm_10pct_phase1,51部位2,Na2O,3.650291582066325,0.07592811428158039,
componentwise_pm_10pct_phase1,51部位2,K2O,0.2600190537743076,0.07592811428158036,
componentwise_pm_10pct_phase1,51部位2,CaO,3.3006432278623,0.1835209257097373,1.0
componentwise_pm_10pct_phase1,51部位2,MgO,1.380890278096424,-0.03166469714657805,1.0
componentwise_pm_10pct_phase1,51部位2,Al2O3,4.797902103555213,0.1835209257097374,1.0
componentwise_pm_10pct_phase1,51部位2,Fe2O3,0.5464159584407164,-0.0316646971465772,1.0
componentwise_pm_10pct_phase1,51部位2,CuO,0.6049818073037972,0.18352092570973733,1.0
componentwise_pm_10pct_phase1,51部位2,PbO,24.122309285212,-0.031664697146578116,1.0
componentwise_pm_10pct_phase1,51部位2,BaO,7.307387652666169,0.07592811428158043,
componentwise_pm_10pct_phase1,51部位2,P2O5,2.2082501014070064,-0.031664697146577464,1.0
componentwise_pm_10pct_phase1,51部位2,SrO,0.35082393886598395,0.0759281142815786,
componentwise_pm_10pct_phase1,51部位2,SnO2,0.44101020814755354,0.0759281142815794,
componentwise_pm_10pct_phase1,51部位2,SO2,3.8305699133825755,0.07592811428158074,
componentwise_pm_5pct_phase0,52,SiO2,59.39422523076308,0.013535174628396282,1.0
componentwise_pm_5pct_phase0,52,Na2O,1.4096952288419098,-0.08299198486002302,1.0
componentwise_pm_5pct_phase0,52,K2O,0.23262891792325655,-0.03472840511581343,
componentwise_pm_5pct_phase0,52,CaO,1.128486901380749,-0.08299198486002321,1.0
componentwise_pm_5pct_phase0,52,MgO,0.5467127168869873,0.013535174628396165,1.0
componentwise_pm_5pct_phase0,52,Al2O3,1.7132671872128462,-0.08299198486002224,1.0
componentwise_pm_5pct_phase0,52,Fe2O3,0.3123253512011077,0.013535174628397357,1.0
componentwise_pm_5pct_phase0,52,CuO,0.4362832490930122,-0.08299198486002235,1.0
componentwise_pm_5pct_phase0,52,PbO,23.255725011549945,0.013535174628396776,1.0
componentwise_pm_5pct_phase0,52,BaO,5.890330250358741,-0.08299198486002325,1.0
componentwise_pm_5pct_phase0,52,P2O5,1.5041170385147142,0.013535174628396561,1.0
componentwise_pm_5pct_phase0,52,SrO,0.35458658827735356,-0.08299198486002243,1.0
componentwise_pm_5pct_phase0,52,SnO2,0.39455465291987224,-0.034728405115812384,
componentwise_pm_5pct_phase0,52,SO2,3.4270616750764473,-0.03472840511581247,
componentwise_pm_5pct_phase1,52,SiO2,57.74867082205919,-0.014545455576076447,1.0
componentwise_pm_5pct_phase1,52,Na2O,1.6743813908162444,0.08918660173170528,1.0
componentwise_pm_5pct_phase1,52,K2O,0.24999260698599235,0.037320573077815035,
componentwise_pm_5pct_phase1,52,CaO,1.3403730315552569,0.08918660173170487,1.0
componentwise_pm_5pct_phase1,52,MgO,0.531565696817738,-0.014545455576077133,1.0
componentwise_pm_5pct_phase1,52,Al2O3,2.034952404656954,0.08918660173170573,1.0
componentwise_pm_5pct_phase1,52,Fe2O3,0.3036721806845779,-0.01454545557607524,1.0
componentwise_pm_5pct_phase1,52,CuO,0.518200344627903,0.0891866017317068,1.0
componentwise_pm_5pct_phase1,52,PbO,22.611410506702427,-0.014545455576075821,1.0
componentwise_pm_5pct_phase1,52,BaO,6.996306120057608,0.08918660173170471,1.0
componentwise_pm_5pct_phase1,52,P2O5,1.4624445288672188,-0.014545455576075839,1.0
componentwise_pm_5pct_phase1,52,SrO,0.42116421528387293,0.08918660173170662,1.0
componentwise_pm_5pct_phase1,52,SnO2,0.42400466443484797,0.03732057307781555,
componentwise_pm_5pct_phase1,52,SO2,3.682861486450183,0.037320573077815285,
componentwise_pm_10pct_phase0,52,SiO2,60.13415826093892,0.02616179194748467,1.0
componentwise_pm_10pct_phase0,52,Na2O,1.2906775696023456,-0.16041307931569448,1.0
componentwise_pm_10pct_phase0,52,K2O,0.22482123499568898,-0.06712564368410463,
componentwise_pm_10pct_phase0,52,CaO,1.0332110809502695,-0.1604130793156946,1.0
componentwise_pm_10pct_phase0,52,MgO,0.5535236618175785,0.02616179194748463,0.0
componentwise_pm_10pct_phase0,52,Al2O3,1.56861957395424,-0.1604130793156945,1.0
componentwise_pm_10pct_phase0,52,Fe2O3,0.31621629922874983,0.026161791947485746,1.0
componentwise_pm_10pct_phase0,52,CuO,0.39944875465045115,-0.16041307931569404,1.0
componentwise_pm_10pct_phase0,52,PbO,23.545444744569007,0.026161791947484053,1.0
componentwise_pm_10pct_phase0,52,BaO,5.39302182212378,-0.16041307931569482,1.0
componentwise_pm_10pct_phase0,52,P2O5,1.5228553228129464,0.026161791947484615,1.0
componentwise_pm_10pct_phase0,52,SrO,0.3246495743249239,-0.160413079315694,1.0
componentwise_pm_10pct_phase0,52,SnO2,0.38131228539696976,-0.0671256436841041,
componentwise_pm_10pct_phase0,52,SO2,3.312039814634129,-0.06712564368410476,
componentwise_pm_10pct_phase1,52,SiO2,56.830202832416596,-0.030218689979862236,1.0
componentwise_pm_10pct_phase1,52,Na2O,1.8221162610757193,0.18528826780239033,1.0
componentwise_pm_10pct_phase1,52,K2O,0.2596841689920101,0.07753478891126485,
componentwise_pm_10pct_phase1,52,CaO,1.4586375064247392,0.18528826780239063,1.0
componentwise_pm_10pct_phase1,52,MgO,0.5231113710303369,-0.03021868997986041,1.0
componentwise_pm_10pct_phase1,52,Al2O3,2.2145013599518104,0.1852882678023921,1.0
componentwise_pm_10pct_phase1,52,Fe2O3,0.29884240411425367,-0.030218689979861157,1.0
componentwise_pm_10pct_phase1,52,CuO,0.5639224609282388,0.1852882678023919,1.0
componentwise_pm_10pct_phase1,52,PbO,22.251785662434298,-0.030218689979861706,1.0
componentwise_pm_10pct_phase1,52,BaO,7.613607759105586,0.18528826780239158,1.0
componentwise_pm_10pct_phase1,52,P2O5,1.43918497211428,-0.030218689979861425,1.0
componentwise_pm_10pct_phase1,52,SrO,0.4583245904792546,0.1852882678023919,0.0
componentwise_pm_10pct_phase1,52,SnO2,0.44044222051202203,0.07753478891126651,
componentwise_pm_10pct_phase1,52,SO2,3.8256364304208508,0.07753478891126465,
componentwise_pm_5pct_phase0,54,SiO2,49.71777358256263,0.01804058908987952,1.0
componentwise_pm_5pct_phase0,54,Na2O,3.1582528060299286,-0.030437534200114188,
componentwise_pm_5pct_phase0,54,K2O,0.2748723724279831,0.01804058908987853,1.0
componentwise_pm_5pct_phase0,54,CaO,1.5336355078332544,-0.07891565749010836,1.0
componentwise_pm_5pct_phase0,54,MgO,1.2304593277227178,0.018040589089881095,1.0
componentwise_pm_5pct_phase0,54,Al2O3,5.927560720834188,-0.07891565749010884,1.0
componentwise_pm_5pct_phase0,54,Fe2O3,1.2506935457254114,-0.030437534200114757,
componentwise_pm_5pct_phase0,54,CuO,0.5002756879534993,-0.0789156574901096,1.0
componentwise_pm_5pct_phase0,54,PbO,26.303225352984672,0.018040589089879648,1.0
componentwise_pm_5pct_phase0,54,BaO,4.641510831370406,-0.07891565749010876,1.0
componentwise_pm_5pct_phase0,54,P2O5,1.0801204433830787,0.01804058908988049,1.0
componentwise_pm_5pct_phase0,54,SrO,0.6858246766738059,-0.07891565749010872,1.0
componentwise_pm_5pct_phase0,54,SnO2,0.3815645123290174,-0.03043753420011314,
componentwise_pm_5pct_phase0,54,SO2,3.3142306321694055,-0.030437534200113876,
componentwise_pm_5pct_phase1,54,SiO2,47.89857665737159,-0.01920999909899973,1.0
componentwise_pm_5pct_phase1,54,Na2O,3.3629740833841346,0.032410527264210946,
componentwise_pm_5pct_phase1,54,K2O,0.26481466190097086,-0.01920999909900069,1.0
componentwise_pm_5pct_phase1,54,CaO,1.8049471027883148,0.08403105362742172,1.0
componentwise_pm_5pct_phase1,54,MgO,1.1854362371000338,-0.019209999098998322,1.0
componentwise_pm_5pct_phase1,54,Al2O3,6.976190558333591,0.0840310536274221,1.0
componentwise_pm_5pct_phase1,54,Fe2O3,1.331764820251222,0.03241052726420958,
componentwise_pm_5pct_phase1,54,CuO,0.5887781998754269,0.08403105362742036,1.0
componentwise_pm_5pct_phase1,54,PbO,25.340777857114922,-0.01920999909899958,1.0
componentwise_pm_5pct_phase1,54,BaO,5.462628822071761,0.08403105362742151,1.0
componentwise_pm_5pct_phase1,54,P2O5,1.040598323870317,-0.019209999098998662,1.0
componentwise_pm_5pct_phase1,54,SrO,0.8071521928518806,0.08403105362742139,1.0
componentwise_pm_5pct_phase1,54,SnO2,0.40629792638880735,0.032410527264212556,
componentwise_pm_5pct_phase1,54,SO2,3.529062556697023,0.03241052726421119,
componentwise_pm_10pct_phase0,54,SiO2,50.546767641510016,0.035015395870422975,1.0
componentwise_pm_10pct_phase0,54,Na2O,3.064962893147667,-0.059076912845069024,
componentwise_pm_10pct_phase0,54,K2O,0.27945559382532065,0.035015395870422836,1.0
componentwise_pm_10pct_phase0,54,CaO,1.4100008989424868,-0.15316922156056267,1.0
componentwise_pm_10pct_phase0,54,MgO,1.2509760041335098,0.035015395870423446,1.0
componentwise_pm_10pct_phase0,54,Al2O3,5.449708162222013,-0.1531692215605622,1.0
componentwise_pm_10pct_phase0,54,Fe2O3,1.2137499889270564,-0.05907691284506953,
componentwise_pm_10pct_phase0,54,CuO,0.4599457733800714,-0.15316922156056412,1.0
componentwise_pm_10pct_phase0,54,PbO,26.741805280795962,0.03501539587042294,1.0
componentwise_pm_10pct_phase0,54,BaO,4.267333672998866,-0.1531692215605628,1.0
componentwise_pm_10pct_phase0,54,P2O5,1.0981303695320286,0.035015395870423516,1.0
componentwise_pm_10pct_phase0,54,SrO,0.6305366599089889,-0.15316922156056337,1.0
componentwise_pm_10pct_phase0,54,SnO2,0.370293685609201,-0.059076912845068386,
componentwise_pm_10pct_phase0,54,SO2,3.216333375066839,-0.05907691284506935,
componentwise_pm_10pct_phase1,54,SiO2,46.89757404063181,-0.03970692042501203,1.0
componentwise_pm_10pct_phase1,54,Na2O,3.475620785616414,0.06699231063887572,
componentwise_pm_10pct_phase1,54,K2O,0.25928046468650845,-0.03970692042501355,1.0
componentwise_pm_10pct_phase1,54,CaO,1.9542347432527127,0.17369154170276271,1.0
componentwise_pm_10pct_phase1,54,MgO,1.1606625411340026,-0.03970692042501181,1.0
componentwise_pm_10pct_phase1,54,Al2O3,7.553193078947501,0.17369154170276313,1.0
componentwise_pm_10pct_phase1,54,Fe2O3,1.3763738215193202,0.06699231063887429,
componentwise_pm_10pct_phase1,54,CuO,0.6374761966646371,0.17369154170276266,1.0
componentwise_pm_10pct_phase1,54,PbO,24.811196672967352,-0.03970692042501225,1.0
componentwise_pm_10pct_phase1,54,BaO,5.914444261050612,0.17369154170276252,1.0
componentwise_pm_10pct_phase1,54,P2O5,1.0188515055333056,-0.039706920425012004,1.0
componentwise_pm_10pct_phase1,54,SrO,0.8739119589305508,0.1736915417027621,1.0
componentwise_pm_10pct_phase1,54,SnO2,0.41990734483709186,0.06699231063887603,
componentwise_pm_10pct_phase1,54,SO2,3.647272584228157,0.06699231063887542,
componentwise_pm_5pct_phase0,54严重风化点,SiO2,41.0256674960445,0.016177776320144315,1.0
componentwise_pm_5pct_phase0,54严重风化点,Na2O,3.3935640562531804,-0.032211641599863255,
componentwise_pm_5pct_phase0,54严重风化点,K2O,0.24173173429886827,-0.03221164159986272,
componentwise_pm_5pct_phase0,54严重风化点,CaO,1.016854076125092,-0.03221164159986217,
componentwise_pm_5pct_phase0,54严重风化点,MgO,1.1465405855168485,0.016177776320144215,1.0
componentwise_pm_5pct_phase0,54严重风化点,Al2O3,5.60183019071358,-0.08060105951986933,1.0
componentwise_pm_5pct_phase0,54严重风化点,Fe2O3,1.343878695859338,-0.032211641599862464,
componentwise_pm_5pct_phase0,54严重风化点,CuO,0.8678511922581237,-0.08060105951986891,1.0
componentwise_pm_5pct_phase0,54严重风化点,PbO,29.791825270486182,0.01617777632014475,1.0
componentwise_pm_5pct_phase0,54严重风化点,BaO,6.793454036665948,-0.03221164159986259,
componentwise_pm_5pct_phase0,54严重风化点,P2O5,3.867743383621871,0.016177776320144208,1.0
componentwise_pm_5pct_phase0,54严重风化点,SrO,0.9379023381337839,-0.08060105951986922,1.0
componentwise_pm_5pct_phase0,54严重风化点,SnO2,0.4099936558939466,-0.0322116415998621,
componentwise_pm_5pct_phase0,54严重风化点,SO2,3.561163288128736,-0.032211641599861986,
componentwise_pm_5pct_phase1,54严重风化点,SiO2,39.67441728861852,-0.017291768841226966,1.0
componentwise_pm_5pct_phase1,54严重风化点,Na2O,3.6272429564721937,0.034429717009233245,
componentwise_pm_5pct_phase1,54严重风化点,K2O,0.25837724470699136,0.03442971700923434,
componentwise_pm_5pct_phase1,54严重风化点,CaO,1.0868740722864387,0.034429717009234334,
componentwise_pm_5pct_phase1,54严重风化点,MgO,1.1087773192847672,-0.017291768841227673,0.0
componentwise_pm_5pct_phase1,54严重风化点,Al2O3,6.617839473125657,0.08615120285969605,1.0
componentwise_pm_5pct_phase1,54严重风化点,Fe2O3,1.4364174222456916,0.034429717009235146,
componentwise_pm_5pct_phase1,54严重风化点,CuO,1.0252541903976151,0.08615120285969553,1.0
componentwise_pm_5pct_phase1,54严重风化点,PbO,28.81058078299002,-0.017291768841227587,1.0
componentwise_pm_5pct_phase1,54严重风化点,BaO,7.261247436661248,0.03442971700923392,
componentwise_pm_5pct_phase1,54严重风化点,P2O5,3.740352670237537,-0.017291768841227618,1.0
componentwise_pm_5pct_phase1,54严重风化点,SrO,1.108010579386725,0.0861512028596961,1.0
componentwise_pm_5pct_phase1,54严重风化点,SnO2,0.4382255869899669,0.034429717009235083,
componentwise_pm_5pct_phase1,54严重风化点,SO2,3.8063829765966317,0.03442971700923497,
componentwise_pm_10pct_phase0,54严重风化点,SiO2,41.63804105476541,0.03134585131217866,1.0
componentwise_pm_10pct_phase0,54严重风化点,Na2O,3.287663032935157,-0.06241286244347477,
componentwise_pm_10pct_phase0,54严重风化点,K2O,0.23418814955835934,-0.062412862443474715,
componentwise_pm_10pct_phase0,54严重风化点,CaO,0.9851216893359509,-0.06241286244347424,
componentwise_pm_10pct_phase0,54严重风化点,MgO,1.1636545334773194,0.03134585131217813,1.0
componentwise_pm_10pct_phase0,54严重风化点,Al2O3,5.141384585195899,-0.1561715761991266,1.0
componentwise_pm_10pct_phase0,54严重风化点,Fe2O3,1.3019410377666463,-0.062412862443473924,
componentwise_pm_10pct_phase0,54严重风化点,CuO,0.7965176719416801,-0.1561715761991265,1.0
componentwise_pm_10pct_phase0,54严重风化点,PbO,30.23651580631811,0.03134585131217855,1.0
componentwise_pm_10pct_phase0,54严重风化点,BaO,6.5814545805126965,-0.06241286244347483,
componentwise_pm_10pct_phase0,54严重风化点,P2O5,3.9254756260107637,0.03134585131217837,1.0
componentwise_pm_10pct_phase0,54严重风化点,SrO,0.8608109242036792,-0.1561715761991264,1.0
componentwise_pm_10pct_phase0,54严重风化点,SnO2,0.39719921706994354,-0.06241286244347399,
componentwise_pm_10pct_phase0,54严重风化点,SO2,3.4500320909083717,-0.062412862443473695,
componentwise_pm_10pct_phase1,54严重风化点,SiO2,38.92651909965752,-0.035816696403844446,1.0
componentwise_pm_10pct_phase1,54严重风化点,Na2O,3.7565809764123452,0.071314781773505,
componentwise_pm_10pct_phase1,54严重风化点,K2O,0.26759030311775095,0.07131478177350656,
componentwise_pm_10pct_phase1,54严重风化点,CaO,1.1256291659266335,0.0713147817735061,
componentwise_pm_10pct_phase1,54严重风化点,MgO,1.0878758768509302,-0.035816696403844536,0.0
componentwise_pm_10pct_phase1,54严重风化点,Al2O3,7.180186474523001,0.17844625995085667,1.0
componentwise_pm_10pct_phase1,54严重风化点,Fe2O3,1.4876363197472473,0.07131478177350599,
componentwise_pm_10pct_phase1,54严重风化点,CuO,1.1123745598144719,0.17844625995085658,1.0
componentwise_pm_10pct_phase1,54严重风化点,PbO,28.267475611872772,-0.03581669640384448,1.0
componentwise_pm_10pct_phase1,54严重风化点,BaO,7.5201645748357135,0.07131478177350582,
componentwise_pm_10pct_phase1,54严重风化点,P2O5,3.669843682851638,-0.03581669640384505,1.0
componentwise_pm_10pct_phase1,54严重风化点,SrO,1.2021631240903174,0.1784462599508572,0.0
componentwise_pm_10pct_phase1,54严重风化点,SnO2,0.4538515680418448,0.07131478177350636,
componentwise_pm_10pct_phase1,54严重风化点,SO2,3.9421086622578185,0.0713147817735061,
componentwise_pm_5pct_phase0,56,SiO2,59.84503062478145,0.017840690617163087,1.0
componentwise_pm_5pct_phase0,56,Na2O,2.9056275149234376,-0.03062791369793916,
componentwise_pm_5pct_phase0,56,K2O,0.20697484024640767,-0.030627913697940056,
componentwise_pm_5pct_phase0,56,CaO,0.5351923426871216,-0.07909651801304371,1.0
componentwise_pm_5pct_phase0,56,MgO,0.8422888330303395,-0.03062791369793928,
componentwise_pm_5pct_phase0,56,Al2O3,2.431043287094689,-0.07909651801304236,1.0
componentwise_pm_5pct_phase0,56,Fe2O3,1.1506518959655656,-0.030627913697939695,
componentwise_pm_5pct_phase0,56,CuO,0.43807800180880824,-0.0790965180130428,1.0
componentwise_pm_5pct_phase0,56,PbO,17.998907381891552,0.017840690617164413,1.0
componentwise_pm_5pct_phase0,56,BaO,9.371481272007232,-0.07909651801304245,1.0
componentwise_pm_5pct_phase0,56,P2O5,0.595296178765545,0.017840690617163927,1.0
componentwise_pm_5pct_phase0,56,SrO,0.27925541473752324,-0.030627913697939275,
componentwise_pm_5pct_phase0,56,SnO2,0.3510435718207129,-0.030627913697940056,
componentwise_pm_5pct_phase0,56,SO2,3.049128840239608,-0.030627913697938273,
componentwise_pm_5pct_phase1,56,SiO2,57.678657805576115,-0.019004848325900357,1.0
componentwise_pm_5pct_phase1,56,Na2O,3.0952282844676273,0.03262647544642104,
componentwise_pm_5pct_phase1,56,K2O,0.2204805593330604,0.032626475446420444,
componentwise_pm_5pct_phase1,56,CaO,0.6301273510103631,0.08425779921874046,1.0
componentwise_pm_5pct_phase1,56,MgO,0.8972506648896577,0.03262647544642111,
componentwise_pm_5pct_phase1,56,Al2O3,2.8622735127285748,0.0842577992187424,1.0
componentwise_pm_5pct_phase1,56,Fe2O3,1.2257353276277634,0.03262647544642144,
componentwise_pm_5pct_phase1,56,CuO,0.515786398268923,0.08425779921874245,1.0
componentwise_pm_5pct_phase1,56,PbO,17.347352134606275,-0.019004848325899378,1.0
componentwise_pm_5pct_phase1,56,BaO,11.033839982320888,0.08425779921874177,1.0
componentwise_pm_5pct_phase1,56,P2O5,0.5737466290771123,-0.019004848325900332,1.0
componentwise_pm_5pct_phase1,56,SrO,0.2974776546019512,0.0326264754464213,
componentwise_pm_5pct_phase1,56,SnO2,0.37395020077397745,0.03262647544641932,
componentwise_pm_5pct_phase1,56,SO2,3.248093494717711,0.03262647544642181,
componentwise_pm_10pct_phase0,56,SiO2,60.8316475369996,0.034621011870618175,1.0
componentwise_pm_10pct_phase0,56,Na2O,2.8192788845568084,-0.059435443753982985,
componentwise_pm_10pct_phase0,56,K2O,0.20082401950843026,-0.05943544375398327,
componentwise_pm_10pct_phase0,56,CaO,0.4919567167861109,-0.1534918993785855,1.0
componentwise_pm_10pct_phase0,56,MgO,0.8172579277502485,-0.059435443753982506,
componentwise_pm_10pct_phase0,56,Al2O3,2.2346509441432563,-0.15349189937858482,1.0
componentwise_pm_10pct_phase0,56,Fe2O3,1.1164571429440284,-0.05943544375398294,
componentwise_pm_10pct_phase0,56,CuO,0.40268777834901415,-0.15349189937858476,1.0
componentwise_pm_10pct_phase0,56,PbO,18.29564089909471,0.0346210118706194,1.0
componentwise_pm_10pct_phase0,56,BaO,8.614404187569747,-0.1534918993785846,1.0
componentwise_pm_10pct_phase0,56,P2O5,0.6051103483234378,0.03462101187061819,1.0
componentwise_pm_10pct_phase0,56,SrO,0.2709565799897095,-0.059435443753983276,
componentwise_pm_10pct_phase0,56,SnO2,0.3406113565866391,-0.05943544375398408,
componentwise_pm_10pct_phase0,56,SO2,2.9585156773982537,-0.059435443753981985,
componentwise_pm_10pct_phase1,56,SiO2,56.48587395331104,-0.03929164452721679,1.0
componentwise_pm_10pct_phase1,56,Na2O,3.1996206283358903,0.06745372830309242,
componentwise_pm_10pct_phase1,56,K2O,0.2279166772057435,0.06745372830309199,
componentwise_pm_10pct_phase1,56,CaO,0.6823976453654003,0.174199101133401,1.0
componentwise_pm_10pct_phase1,56,MgO,0.9275121161742761,0.06745372830309303,
componentwise_pm_10pct_phase1,56,Al2O3,3.099704690402509,0.174199101133402,1.0
componentwise_pm_10pct_phase1,56,Fe2O3,1.2670755365084165,0.06745372830309336,
componentwise_pm_10pct_phase1,56,CuO,0.5585718872952473,0.17419910113340198,1.0
componentwise_pm_10pct_phase1,56,PbO,16.988612137995,-0.039291644527216785,1.0
componentwise_pm_10pct_phase1,56,BaO,11.949118557068557,0.17419910113340215,1.0
componentwise_pm_10pct_phase1,56,P2O5,0.561881656130593,-0.03929164452721685,1.0
componentwise_pm_10pct_phase1,56,SrO,0.3075106430468319,0.06745372830309311,
componentwise_pm_10pct_phase1,56,SnO2,0.38656236839492497,0.0674537283030911,
componentwise_pm_10pct_phase1,56,SO2,3.357641502765576,0.06745372830309311,
componentwise_pm_5pct_phase0,57,SiO2,54.47583061587535,0.020902481268178216,1.0
componentwise_pm_5pct_phase0,57,Na2O,3.0330440626341444,-0.027711922601734208,
componentwise_pm_5pct_phase0,57,K2O,0.21605102756626354,-0.02771192260173495,
componentwise_pm_5pct_phase0,57,CaO,0.6048317718294445,-0.07632632647164812,1.0
componentwise_pm_5pct_phase0,57,MgO,0.8792245843366582,-0.027711922601733267,
componentwise_pm_5pct_phase0,57,Al2O3,2.9903101661466884,-0.07632632647164853,1.0
componentwise_pm_5pct_phase0,57,Fe2O3,1.2011098749899618,-0.02771192260173406,
componentwise_pm_5pct_phase0,57,CuO,0.6714615113009146,-0.07632632647164868,1.0
componentwise_pm_5pct_phase0,57,PbO,20.54175340245516,0.02090248126817849,1.0
componentwise_pm_5pct_phase0,57,BaO,10.95379581448767,-0.07632632647164822,1.0
componentwise_pm_5pct_phase0,57,P2O5,0.5918103769127464,-0.027711922601734076,
componentwise_pm_5pct_phase0,57,SrO,0.29150122418578417,-0.02771192260173586,
componentwise_pm_5pct_phase0,57,SnO2,0.36643741008377345,-0.027711922601735932,
componentwise_pm_5pct_phase0,57,SO2,3.1828381571954374,-0.02771192260173495,
componentwise_pm_5pct_phase1,57,SiO2,52.179653298704366,-0.022128952929879327,1.0
componentwise_pm_5pct_phase1,57,Na2O,3.2110106180771503,0.029337944284338814,
componentwise_pm_5pct_phase1,57,K2O,0.22872801358488987,0.029337944284339217,
componentwise_pm_5pct_phase1,57,CaO,0.7077230043683248,0.08080484149855414,1.0
componentwise_pm_5pct_phase1,57,MgO,0.9308138680740359,0.02933794428433907,
componentwise_pm_5pct_phase1,57,Al2O3,3.4990081430035325,0.08080484149855464,1.0
componentwise_pm_5pct_phase1,57,Fe2O3,1.271586064173608,0.02933794428433795,
componentwise_pm_5pct_phase1,57,CuO,0.7856874923389159,0.08080484149855446,1.0
componentwise_pm_5pct_phase1,57,PbO,19.675910556473987,-0.02212895292987943,1.0
componentwise_pm_5pct_phase1,57,BaO,12.81720578206075,0.08080484149855525,1.0
componentwise_pm_5pct_phase1,57,P2O5,0.6265353766422647,0.029337944284338485,
componentwise_pm_5pct_phase1,57,SrO,0.30860531753374176,0.029337944284336517,
componentwise_pm_5pct_phase1,57,SnO2,0.3879384507252437,0.029337944284338204,
componentwise_pm_5pct_phase1,57,SO2,3.3695940142391705,0.02933794428433896,
componentwise_pm_10pct_phase0,57,SiO2,55.53104574634384,0.040677705120443206,1.0
componentwise_pm_10pct_phase0,57,Na2O,2.95125900160402,-0.05392935898141511,
componentwise_pm_10pct_phase0,57,K2O,0.21022528085430114,-0.053929358981415786,
componentwise_pm_10pct_phase0,57,CaO,0.5575477992217257,-0.14853642308327486,1.0
componentwise_pm_10pct_phase0,57,MgO,0.8555165752196692,-0.05392935898141428,
componentwise_pm_10pct_phase0,57,Al2O3,2.756536494573541,-0.14853642308327444,1.0
componentwise_pm_10pct_phase0,57,Fe2O3,1.1687223321777327,-0.05392935898141535,
componentwise_pm_10pct_phase0,57,CuO,0.6189686212342158,-0.14853642308327483,1.0
componentwise_pm_10pct_phase0,57,PbO,20.939654063198915,0.040677705120442026,1.0
componentwise_pm_10pct_phase0,57,BaO,10.097460209504225,-0.14853642308327444,1.0
componentwise_pm_10pct_phase0,57,P2O5,0.5758523997800186,-0.05392935898141589,
componentwise_pm_10pct_phase0,57,SrO,0.2836409871044657,-0.053929358981415924,
componentwise_pm_10pct_phase0,57,SnO2,0.35655654276746,-0.0539293589814151,
componentwise_pm_10pct_phase0,57,SO2,3.0970139464158666,-0.053929358981415904,
componentwise_pm_10pct_phase1,57,SiO2,50.92746282352664,-0.04559558664022022,1.0
componentwise_pm_10pct_phase1,57,Na2O,3.308062367504103,0.06044934817753461,
componentwise_pm_10pct_phase1,57,K2O,0.2356412432504636,0.0604493481775319,
componentwise_pm_10pct_phase1,57,CaO,0.763833401592884,0.1664942829952857,1.0
componentwise_pm_10pct_phase1,57,MgO,0.9589474138738782,0.06044934817753461,
componentwise_pm_10pct_phase1,57,Al2O3,3.7764199772721248,0.1664942829952864,1.0
componentwise_pm_10pct_phase1,57,Fe2O3,1.3100193385390737,0.06044934817753376,
componentwise_pm_10pct_phase1,57,CuO,0.8479791474319314,0.16649428299528599,1.0
componentwise_pm_10pct_phase1,57,PbO,19.203734406735606,-0.04559558664022052,1.0
componentwise_pm_10pct_phase1,57,BaO,13.833392204292764,0.16649428299528618,1.0
componentwise_pm_10pct_phase1,57,P2O5,0.6454722042063599,0.060449348177533814,
componentwise_pm_10pct_phase1,57,SrO,0.3179328126782595,0.060449348177531836,
componentwise_pm_10pct_phase1,57,SnO2,0.39966376396491504,0.06044934817753285,
componentwise_pm_10pct_phase1,57,SO2,3.4714388951310045,0.06044934817753296,
componentwise_pm_5pct_phase0,58,SiO2,60.74866857445392,0.016110348592402766,1.0
componentwise_pm_5pct_phase0,58,Na2O,2.8291532227813936,-0.03227585848342567,
componentwise_pm_5pct_phase0,58,K2O,0.2616191966567446,0.01611034859240388,1.0
componentwise_pm_5pct_phase0,58,CaO,1.5030259442535585,-0.08066206555925473,1.0
componentwise_pm_5pct_phase0,58,MgO,0.6802898051947017,0.01611034859240355,1.0
componentwise_pm_5pct_phase0,58,Al2O3,4.503810991207781,-0.08066206555925366,1.0
componentwise_pm_5pct_phase0,58,Fe2O3,1.0116918167434903,0.016110348592402728,1.0
componentwise_pm_5pct_phase0,58,CuO,1.6899942275049755,-0.08066206555925358,1.0
componentwise_pm_5pct_phase0,58,PbO,16.717966683929692,0.016110348592403335,1.0
componentwise_pm_5pct_phase0,58,BaO,4.524025632555951,-0.08066206555925445,1.0
componentwise_pm_5pct_phase0,58,P2O5,2.0515192637194724,0.016110348592403588,1.0
componentwise_pm_5pct_phase0,58,SrO,0.16755263231477188,-0.08066206555925272,1.0
componentwise_pm_5pct_phase0,58,SnO2,0.34180432538319744,-0.032275858483425374,
componentwise_pm_5pct_phase0,58,SO2,2.9688776833003288,-0.03227585848342426,
componentwise_pm_5pct_phase1,58,SiO2,58.755873614901844,-0.01722206228244492,1.0
componentwise_pm_5pct_phase1,58,Na2O,3.024382292528236,0.0345030923342695,
componentwise_pm_5pct_phase1,58,K2O,0.25303705932511456,-0.017222062282444953,1.0
componentwise_pm_5pct_phase1,58,CaO,1.7758749806637262,0.08622824695098281,1.0
componentwise_pm_5pct_phase1,58,MgO,0.6579736272991289,-0.01722206228244518,1.0
componentwise_pm_5pct_phase1,58,Al2O3,5.321401994092858,0.08622824695098279,1.0
componentwise_pm_5pct_phase1,58,Fe2O3,0.978504351069975,-0.017222062282443842,1.0
componentwise_pm_5pct_phase1,58,CuO,1.996784205599782,0.086228246950983,1.0
componentwise_pm_5pct_phase1,58,PbO,16.169551705898314,-0.0172220622824443,1.0
componentwise_pm_5pct_phase1,58,BaO,5.345286262990916,0.08622824695098259,1.0
componentwise_pm_5pct_phase1,58,P2O5,1.9842213731796399,-0.01722206228244417,1.0
componentwise_pm_5pct_phase1,58,SrO,0.1979689896969302,0.08622824695098358,1.0
componentwise_pm_5pct_phase1,58,SnO2,0.3653909377810951,0.0345030923342689,
componentwise_pm_5pct_phase1,58,SO2,3.1737486049724484,0.03450309233426961,
componentwise_pm_10pct_phase0,58,SiO2,61.6516038741755,0.031213262346504317,1.0
componentwise_pm_10pct_phase0,58,Na2O,2.740694940728211,-0.06253339786681372,
componentwise_pm_10pct_phase0,58,K2O,0.26550776266632947,0.03121326234650432,1.0
componentwise_pm_10pct_phase0,58,CaO,1.3793980590620365,-0.1562800580801329,1.0
componentwise_pm_10pct_phase0,58,MgO,0.6904012643190802,0.031213262346505025,1.0
componentwise_pm_10pct_phase0,58,Al2O3,4.1333605473720505,-0.15628005808013173,1.0
componentwise_pm_10pct_phase0,58,Fe2O3,1.026729055833884,0.031213262346504254,1.0
componentwise_pm_10pct_phase0,58,CuO,1.550987703278887,-0.15628005808013248,1.0
componentwise_pm_10pct_phase0,58,PbO,16.966453483932376,0.03121326234650519,1.0
componentwise_pm_10pct_phase0,58,BaO,4.151912480654976,-0.1562800580801328,1.0
componentwise_pm_10pct_phase0,58,P2O5,2.0820119346658448,0.03121326234650457,1.0
componentwise_pm_10pct_phase0,58,SrO,0.15377098225707075,-0.15628005808013262,1.0
componentwise_pm_10pct_phase0,58,SnO2,0.33111723244730457,-0.0625333978668143,
componentwise_pm_10pct_phase0,58,SO2,2.876050678606466,-0.06253339786681299,
componentwise_pm_10pct_phase1,58,SiO2,57.65265406048199,-0.03567502318382855,1.0
componentwise_pm_10pct_phase1,58,Na2O,3.132461915222745,0.07147219646241328,
componentwise_pm_10pct_phase1,58,K2O,0.24828595250522448,-0.0356750231838284,1.0
componentwise_pm_10pct_phase1,58,CaO,1.9269253388199732,0.17861941610865395,1.0
componentwise_pm_10pct_phase1,58,MgO,0.6456192986632115,-0.035675023183827884,1.0
componentwise_pm_10pct_phase1,58,Al2O3,5.7740237641234735,0.17861941610865487,1.0
componentwise_pm_10pct_phase1,58,Fe2O3,0.9601316324331853,-0.035675023183828564,1.0
componentwise_pm_10pct_phase1,58,CuO,2.1666244098375023,0.1786194161086543,1.0
componentwise_pm_10pct_phase1,58,PbO,15.86594689959303,-0.03567502318382807,1.0
componentwise_pm_10pct_phase1,58,BaO,5.7999395540523615,0.17861941610865362,1.0
componentwise_pm_10pct_phase1,58,P2O5,1.9469649818690968,-0.03567502318382786,1.0
componentwise_pm_10pct_phase1,58,SrO,0.21480761129087575,0.17861941610865537,1.0
componentwise_pm_10pct_phase1,58,SnO2,0.37844858422643296,0.07147219646241317,
componentwise_pm_10pct_phase1,58,SO2,3.2871659968808977,0.07147219646241375,
zero_c_0.25,02,SiO2,60.73277570047709,0.0,
zero_c_0.25,02,Na2O,2.4876859651417647,0.0,
zero_c_0.25,02,K2O,0.6765965482845143,0.0,
zero_c_0.25,02,CaO,0.9327653172676328,0.0,
zero_c_0.25,02,MgO,0.8509394667282056,0.0,
zero_c_0.25,02,Al2O3,6.785902209305232,0.0,
zero_c_0.25,02,Fe2O3,1.832367238140252,0.0,
zero_c_0.25,02,CuO,0.12993606592410392,0.0,
zero_c_0.25,02,PbO,16.874916457857722,0.0,
zero_c_0.25,02,BaO,4.98000921205794,0.0,
zero_c_0.25,02,P2O5,0.6822348680329658,0.0,
zero_c_0.25,02,SrO,0.12277476068211271,0.0,
zero_c_0.25,02,SnO2,0.30054993707430966,0.0,
zero_c_0.25,02,SO2,2.610546253026147,0.0,
zero_c_0.25,08,SiO2,44.474152290863664,0.0,
zero_c_0.25,08,Na2O,3.2816171801938854,0.0,
zero_c_0.25,08,K2O,0.23375748891832515,0.0,
zero_c_0.25,08,CaO,0.7782347302568002,0.0,
zero_c_0.25,08,MgO,0.9512814326548857,0.0,
zero_c_0.25,08,Al2O3,2.0933899452616025,0.0,
zero_c_0.25,08,Fe2O3,1.2995468313916925,0.0,
zero_c_0.25,08,CuO,6.862770183275781,0.0,
zero_c_0.25,08,PbO,13.460463492937247,0.0,
zero_c_0.25,08,BaO,22.52040072709248,0.0,
zero_c_0.25,08,P2O5,0.9050081806639265,0.0,
zero_c_0.25,08,SrO,0.31539120618802763,0.0,
zero_c_0.25,08,SnO2,0.3964687869889726,0.0,
zero_c_0.25,08,SO2,2.4275175233126767,0.0,
zero_c_0.25,08严重风化点,SiO2,13.459617389296119,0.0,
zero_c_0.25,08严重风化点,Na2O,4.338818599461004,0.0,
zero_c_0.25,08严重风化点,K2O,0.3090644901554931,0.0,
zero_c_0.25,08严重风化点,CaO,2.21780394842837,0.0,
zero_c_0.25,08严重风化点,MgO,1.2577449917790438,0.0,
zero_c_0.25,08严重风化点,Al2O3,2.2927246001007173,0.0,
zero_c_0.25,08严重风化点,Fe2O3,1.718207107441995,0.0,
zero_c_0.25,08严重风化点,CuO,2.736919039593862,0.0,
zero_c_0.25,08严重风化点,PbO,20.136275530150126,0.0,
zero_c_0.25,08严重风化点,BaO,29.193952207501095,0.0,
zero_c_0.25,08严重风化点,P2O5,2.519784664037665,0.0,
zero_c_0.25,08严重风化点,SrO,0.5973203379149836,0.0,
zero_c_0.25,08严重风化点,SnO2,0.524194643261791,0.0,
zero_c_0.25,08严重风化点,SO2,18.697572450877743,0.0,
zero_c_0.25,11,SiO2,62.92405889230025,0.0,
zero_c_0.25,11,Na2O,2.7838538346363193,0.0,
zero_c_0.25,11,K2O,0.15142955516382509,0.0,
zero_c_0.25,11,CaO,1.5657215229394628,0.0,
zero_c_0.25,11,MgO,0.5729620812779568,0.0,
zero_c_0.25,11,Al2O3,3.564972038675988,0.0,
zero_c_0.25,11,Fe2O3,1.102428537884939,0.0,
zero_c_0.25,11,CuO,2.7571104088967173,0.0,
zero_c_0.25,11,PbO,10.108857644154936,0.0,
zero_c_0.25,11,BaO,8.937434214623716,0.0,
zero_c_0.25,11,P2O5,2.005946782724749,0.0,
zero_c_0.25,11,SrO,0.2675519326435393,0.0,
zero_c_0.25,11,SnO2,0.3363314769420026,0.0,
zero_c_0.25,11,SO2,2.921341077135582,0.0,
zero_c_0.25,19,SiO2,59.034184361147055,0.0,
zero_c_0.25,19,Na2O,2.95981844275784,0.0,
zero_c_0.25,19,K2O,0.21083499044588194,0.0,
zero_c_0.25,19,CaO,1.3896123602093349,0.0,
zero_c_0.25,19,MgO,0.5062187033621693,0.0,
zero_c_0.25,19,Al2O3,5.030263171426048,0.0,
zero_c_0.25,19,Fe2O3,1.5589088799431527,0.0,
zero_c_0.25,19,CuO,2.087050693223332,0.0,
zero_c_0.25,19,PbO,18.126113109796833,0.0,
zero_c_0.25,19,BaO,3.479646029381992,0.0,
zero_c_0.25,19,P2O5,2.007686576239572,0.0,
zero_c_0.25,19,SrO,0.1460759139473573,0.0,
zero_c_0.25,19,SnO2,0.3575906521913255,0.0,
zero_c_0.25,19,SO2,3.105996115928098,0.0,
zero_c_0.25,26,SiO2,44.22530194603555,0.0,
zero_c_0.25,26,Na2O,3.320968196310914,0.0,
zero_c_0.25,26,K2O,0.23656055649409818,0.0,
zero_c_0.25,26,CaO,0.7662812247510052,0.0,
zero_c_0.25,26,MgO,0.9626885800863902,0.0,
zero_c_0.25,26,Al2O3,1.1066751939818849,0.0,
zero_c_0.25,26,Fe2O3,1.3151301506818187,0.0,
zero_c_0.25,26,CuO,7.051808554379457,0.0,
zero_c_0.25,26,PbO,14.025589192177948,0.0,
zero_c_0.25,26,BaO,23.534807405860015,0.0,
zero_c_0.25,26,P2O5,0.798507856991121,0.0,
zero_c_0.25,26,SrO,0.38818358773597506,0.0,
zero_c_0.25,26,SnO2,0.40122298248772376,0.0,
zero_c_0.25,26,SO2,1.8662745720261154,0.0,
zero_c_0.25,26严重风化点,SiO2,10.675707755759907,0.0,
zero_c_0.25,26严重风化点,Na2O,4.264748653460627,0.0,
zero_c_0.25,26严重风化点,K2O,0.4418739049504476,0.0,
zero_c_0.25,26严重风化点,CaO,2.0569366310914052,0.0,
zero_c_0.25,26严重风化点,MgO,1.2362734548876664,0.0,
zero_c_0.25,26严重风化点,Al2O3,2.395702394148852,0.0,
zero_c_0.25,26严重风化点,Fe2O3,1.6888748123141197,0.0,
zero_c_0.25,26严重风化点,CuO,3.084300974143334,0.0,
zero_c_0.25,26严重风化点,PbO,18.24937438280887,0.0,
zero_c_0.25,26严重风化点,BaO,33.22200914310394,0.0,
zero_c_0.25,26严重风化点,P2O5,1.9787937002403988,0.0,
zero_c_0.25,26严重风化点,SrO,0.6868233785674289,0.0,
zero_c_0.25,26严重风化点,SnO2,0.5152458780553095,0.0,
zero_c_0.25,26严重风化点,SO2,19.503334936467684,0.0,
zero_c_0.25,34,SiO2,65.20377111427791,0.0,
zero_c_0.25,34,Na2O,2.708146049653946,0.0,
zero_c_0.25,34,K2O,0.17537069112585457,0.0,
zero_c_0.25,34,CaO,0.33847582915857755,0.0,
zero_c_0.25,34,MgO,0.7850425300983056,0.0,
zero_c_0.25,34,Al2O3,2.088548262272823,0.0,
zero_c_0.25,34,Fe2O3,0.5040503933051433,0.0,
zero_c_0.25,34,CuO,0.8215042959319088,0.0,
zero_c_0.25,34,PbO,18.029542978948303,0.0,
zero_c_0.25,34,BaO,5.950977321095121,0.0,
zero_c_0.25,34,P2O5,0.07073284699453486,0.0,
zero_c_0.25,34,SrO,0.15475856788712122,0.0,
zero_c_0.25,34,SnO2,0.32718483611541815,0.0,
zero_c_0.25,34,SO2,2.8418942831350447,0.0,
zero_c_0.25,36,SiO2,69.29113991707023,0.0,
zero_c_0.25,36,Na2O,2.151592611226694,0.0,
zero_c_0.25,36,K2O,0.09436790599921423,0.0,
zero_c_0.25,36,CaO,0.1542815736373268,0.0,
zero_c_0.25,36,MgO,0.7543492506613639,0.0,
zero_c_0.25,36,Al2O3,1.9821146035606438,0.0,
zero_c_0.25,36,Fe2O3,0.3297656049394399,0.0,
zero_c_0.25,36,CuO,0.3554848379290475,0.0,
zero_c_0.25,36,PbO,15.48609882475122,0.0,
zero_c_0.25,36,BaO,6.192927981545609,0.0,
zero_c_0.25,36,P2O5,0.013993280490149158,0.0,
zero_c_0.25,36,SrO,0.14870787918261832,0.0,
zero_c_0.25,36,SnO2,0.31439269401177605,0.0,
zero_c_0.25,36,SO2,2.730783034994658,0.0,
zero_c_0.25,38,SiO2,63.05011510593837,0.0,
zero_c_0.25,38,Na2O,1.4624083343074479,0.0,
zero_c_0.25,38,K2O,0.2026802697922596,0.0,
zero_c_0.25,38,CaO,0.31003001824791826,0.0,
zero_c_0.25,38,MgO,0.8248119806173391,0.0,
zero_c_0.25,38,Al2O3,3.4811633232948376,0.0,
zero_c_0.25,38,Fe2O3,0.326765255940058,0.0,
zero_c_0.25,38,CuO,0.4172703505822225,0.0,
zero_c_0.25,38,PbO,20.066046320135747,0.0,
zero_c_0.25,38,BaO,6.121146334597113,0.0,
zero_c_0.25,38,P2O5,0.10491684787387455,0.0,
zero_c_0.25,38,SrO,0.3030244370732774,0.0,
zero_c_0.25,38,SnO2,0.34375968480398605,0.0,
zero_c_0.25,38,SO2,2.985861736795565,0.0,
zero_c_0.25,39,SiO2,55.64073870369217,0.0,
zero_c_0.25,39,Na2O,3.1499472678107354,0.0,
zero_c_0.25,39,K2O,0.2243783241971792,0.0,
zero_c_0.25,39,CaO,0.5602569314947483,0.0,
zero_c_0.25,39,MgO,0.9131127079037592,0.0,
zero_c_0.25,39,Al2O3,0.749774570368952,0.0,
zero_c_0.25,39,Fe2O3,1.247404485703145,0.0,
zero_c_0.25,39,CuO,0.5568609515226529,0.0,
zero_c_0.25,39,PbO,27.49410609752202,0.0,
zero_c_0.25,39,BaO,4.99754477926883,0.0,
zero_c_0.25,39,P2O5,0.28069289024097555,0.0,
zero_c_0.25,39,SrO,0.499106306878473,0.0,
zero_c_0.25,39,SnO2,0.3805610782042421,0.0,
zero_c_0.25,39,SO2,3.305514905192089,0.0,
zero_c_0.25,40,SiO2,42.654454482444415,0.0,
zero_c_0.25,40,Na2O,3.793391320494389,0.0,
zero_c_0.25,40,K2O,0.27021239251037465,0.0,
zero_c_0.25,40,CaO,1.1366590883924905,0.0,
zero_c_0.25,40,MgO,1.0996354942800803,0.0,
zero_c_0.25,40,Al2O3,0.8126388460425161,0.0,
zero_c_0.25,40,Fe2O3,0.2854205673656105,0.0,
zero_c_0.25,40,CuO,0.6553705274979407,0.0,
zero_c_0.25,40,PbO,38.090754042773675,0.0,
zero_c_0.25,40,BaO,5.576606197983047,0.0,
zero_c_0.25,40,P2O5,0.5157877842384921,0.0,
zero_c_0.25,40,SrO,0.6700334711599466,0.0,
zero_c_0.25,40,SnO2,0.4582988120881452,0.0,
zero_c_0.25,40,SO2,3.9807369727288733,0.0,
zero_c_0.25,41,SiO2,44.72458186467694,0.0,
zero_c_0.25,41,Na2O,3.6004293748860534,0.0,
zero_c_0.25,41,K2O,0.4103475980224673,0.0,
zero_c_0.25,41,CaO,2.8615210754415346,0.0,
zero_c_0.25,41,MgO,2.849299138979308,0.0,
zero_c_0.25,41,Al2O3,5.707631796188919,0.0,
zero_c_0.25,41,Fe2O3,2.5521802601168337,0.0,
zero_c_0.25,41,CuO,0.13742593701298617,0.0,
zero_c_0.25,41,PbO,22.7186620309489,0.0,
zero_c_0.25,41,BaO,7.721831617418173,0.0,
zero_c_0.25,41,P2O5,2.063304206062211,0.0,
zero_c_0.25,41,SrO,0.439553855296598,0.0,
zero_c_0.25,41,SnO2,0.4349861024362999,0.0,
zero_c_0.25,41,SO2,3.778245142512769,0.0,
zero_c_0.25,43部位1,SiO2,33.86437682333943,0.0,
zero_c_0.25,43部位1,Na2O,4.05518816377245,0.0,
zero_c_0.25,43部位1,K2O,0.2888608116680919,0.0,
zero_c_0.25,43部位1,CaO,3.404891471609581,0.0,
zero_c_0.25,43部位1,MgO,1.0462178386214744,0.0,
zero_c_0.25,43部位1,Al2O3,4.3436112326315754,0.0,
zero_c_0.25,43部位1,Fe2O3,1.2204742497564354,0.0,
zero_c_0.25,43部位1,CuO,4.35838510972334,0.0,
zero_c_0.25,43部位1,PbO,34.71107917231549,0.0,
zero_c_0.25,43部位1,BaO,6.496130668463168,0.0,
zero_c_0.25,43部位1,P2O5,0.7912520840762225,0.0,
zero_c_0.25,43部位1,SrO,0.6741412840240925,0.0,
zero_c_0.25,43部位1,SnO2,0.48992781425160353,0.0,
zero_c_0.25,43部位1,SO2,4.255463275747053,0.0,
zero_c_0.25,43部位2,SiO2,50.621666485942676,0.0,
zero_c_0.25,43部位2,Na2O,3.4667011807845887,0.0,
zero_c_0.25,43部位2,K2O,0.2469414676828695,0.0,
zero_c_0.25,43部位2,CaO,3.5551453266059228,0.0,
zero_c_0.25,43部位2,MgO,0.9546872381884248,0.0,
zero_c_0.25,43部位2,Al2O3,5.627664599397218,0.0,
zero_c_0.25,43部位2,Fe2O3,1.9082498047806853,0.0,
zero_c_0.25,43部位2,CuO,1.0516086874600699,0.0,
zero_c_0.25,43部位2,PbO,22.18719492418546,0.0,
zero_c_0.25,43部位2,BaO,2.4834202702511776,0.0,
zero_c_0.25,43部位2,P2O5,3.416750010735185,0.0,
zero_c_0.25,43部位2,SrO,0.4232278182719141,0.0,
zero_c_0.25,43部位2,SnO2,0.4188297222157089,0.0,
zero_c_0.25,43部位2,SO2,3.6379124634980995,0.0,
zero_c_0.25,48,SiO2,72.27009381672929,0.0,
zero_c_0.25,48,Na2O,0.6000292694451651,0.0,
zero_c_0.25,48,K2O,0.16692509803299393,0.0,
zero_c_0.25,48,CaO,0.9099904261890251,0.0,
zero_c_0.25,48,MgO,0.8990183642458334,0.0,
zero_c_0.25,48,Al2O3,13.086298098249483,0.0,
zero_c_0.25,48,Fe2O3,0.8214251231125572,0.0,
zero_c_0.25,48,CuO,0.3479252913664053,0.0,
zero_c_0.25,48,PbO,4.5247633982013165,0.0,
zero_c_0.25,48,BaO,3.2348960449396538,0.0,
zero_c_0.25,48,P2O5,0.17017257232326788,0.0,
zero_c_0.25,48,SrO,0.13077558963239705,0.0,
zero_c_0.25,48,SnO2,0.7243799872819483,0.0,
zero_c_0.25,48,SO2,2.1133069202506474,0.0,
zero_c_0.25,49,SiO2,57.380849560640456,0.0,
zero_c_0.25,49,Na2O,2.961863317946341,0.0,
zero_c_0.25,49,K2O,0.21098065182652692,0.0,
zero_c_0.25,49,CaO,2.1736592677306974,0.0,
zero_c_0.25,49,MgO,1.2621281446906891,0.0,
zero_c_0.25,49,Al2O3,7.585857978235561,0.0,
zero_c_0.25,49,Fe2O3,3.213805531568007,0.0,
zero_c_0.25,49,CuO,0.41650849410329005,0.0,
zero_c_0.25,49,PbO,14.478715093408677,0.0,
zero_c_0.25,49,BaO,3.9701878987198853,0.0,
zero_c_0.25,49,P2O5,2.525562564821921,0.0,
zero_c_0.25,49,SrO,0.3539018102503584,0.0,
zero_c_0.25,49,SnO2,0.35783770391643904,0.0,
zero_c_0.25,49,SO2,3.1081419821411354,0.0,
zero_c_0.25,50,SiO2,45.99088955397966,0.0,
zero_c_0.25,50,Na2O,3.8012096786479863,0.0,
zero_c_0.25,50,K2O,0.27076931297644224,0.0,
zero_c_0.25,50,CaO,1.9430030642804261,0.0,
zero_c_0.25,50,MgO,0.5178938905648799,0.0,
zero_c_0.25,50,Al2O3,3.3839259570243954,0.0,
zero_c_0.25,50,Fe2O3,0.4967521829303343,0.0,
zero_c_0.25,50,CuO,0.8629012128265778,0.0,
zero_c_0.25,50,PbO,23.920345801867995,0.0,
zero_c_0.25,50,BaO,11.861138686526106,0.0,
zero_c_0.25,50,P2O5,1.8513188536397311,0.0,
zero_c_0.25,50,SrO,0.6516669581185229,0.0,
zero_c_0.25,50,SnO2,0.4592433875225106,0.0,
zero_c_0.25,50,SO2,3.9889414590943923,0.0,
zero_c_0.25,51部位1,SiO2,52.710712113258005,0.0,
zero_c_0.25,51部位1,Na2O,3.1829291663033126,0.0,
zero_c_0.25,51部位1,K2O,0.22672770419735622,0.0,
zero_c_0.25,51部位1,CaO,1.8258747236483446,0.0,
zero_c_0.25,51部位1,MgO,1.0979815404445081,0.0,
zero_c_0.25,51部位1,Al2O3,7.955064331379876,0.0,
zero_c_0.25,51部位1,Fe2O3,1.4999540439142418,0.0,
zero_c_0.25,51部位1,CuO,0.8760085611506657,0.0,
zero_c_0.25,51部位1,PbO,18.31799333607602,0.0,
zero_c_0.25,51部位1,BaO,6.252888806146481,0.0,
zero_c_0.25,51部位1,P2O5,1.9805332248487466,0.0,
zero_c_0.25,51部位1,SrO,0.322441936070511,0.0,
zero_c_0.25,51部位1,SnO2,0.4107648193789201,0.0,
zero_c_0.25,51部位1,SO2,3.340125693183001,0.0,
zero_c_0.25,51部位2,SiO2,48.74190246925667,0.0,
zero_c_0.25,51部位2,Na2O,3.3926909554767986,0.0,
zero_c_0.25,51部位2,K2O,0.24166954122946008,0.0,
zero_c_0.25,51部位2,CaO,2.788833856809892,0.0,
zero_c_0.25,51部位2,MgO,1.4260455794881322,0.0,
zero_c_0.25,51部位2,Al2O3,4.053922494592136,0.0,
zero_c_0.25,51部位2,Fe2O3,0.5642838351866095,0.0,
zero_c_0.25,51部位2,CuO,0.5111711961839627,0.0,
zero_c_0.25,51部位2,PbO,24.911112105620944,0.0,
zero_c_0.25,51部位2,BaO,6.7917062075708134,0.0,
zero_c_0.25,51部位2,P2O5,2.2804601824387585,0.0,
zero_c_0.25,51部位2,SrO,0.32606633678332403,0.0,
zero_c_0.25,51部位2,SnO2,0.40988817216847767,0.0,
zero_c_0.25,51部位2,SO2,3.5602470671940063,0.0,
zero_c_0.25,52,SiO2,58.601049788468806,0.0,
zero_c_0.25,52,Na2O,1.5372768891520827,0.0,
zero_c_0.25,52,K2O,0.24099840827820837,0.0,
zero_c_0.25,52,CaO,1.230618361834592,0.0,
zero_c_0.25,52,MgO,0.5394116855267848,0.0,
zero_c_0.25,52,Al2O3,1.868323023274036,0.0,
zero_c_0.25,52,Fe2O3,0.3081544272162224,0.0,
zero_c_0.25,52,CuO,0.4757681960134397,0.0,
zero_c_0.25,52,PbO,22.945158287255733,0.0,
zero_c_0.25,52,BaO,6.423422863386436,0.0,
zero_c_0.25,52,P2O5,1.4840304275243186,0.0,
zero_c_0.25,52,SrO,0.3866777415497588,0.0,
zero_c_0.25,52,SnO2,0.40874988449982363,0.0,
zero_c_0.25,52,SO2,3.550360016019764,0.0,
zero_c_0.25,54,SiO2,48.83673020052171,0.0,
zero_c_0.25,54,Na2O,3.257400030873081,0.0,
zero_c_0.25,54,K2O,0.2700013883274705,0.0,
zero_c_0.25,54,CaO,1.665032654506104,0.0,
zero_c_0.25,54,MgO,1.2086544887397241,0.0,
zero_c_0.25,54,Al2O3,6.435415789049236,0.0,
zero_c_0.25,54,Fe2O3,1.2899566452313045,0.0,
zero_c_0.25,54,CuO,0.543137761510833,0.0,
zero_c_0.25,54,PbO,25.837108691805255,0.0,
zero_c_0.25,54,BaO,5.039181122895444,0.0,
zero_c_0.25,54,P2O5,1.0609797437926292,0.0,
zero_c_0.25,54,SrO,0.7445840136691293,0.0,
zero_c_0.25,54,SnO2,0.393542990563509,0.0,
zero_c_0.25,54,SO2,3.418274478514569,0.0,
zero_c_0.25,54严重风化点,SiO2,40.37252974042552,0.0,
zero_c_0.25,54严重风化点,Na2O,3.506514649404467,0.0,
zero_c_0.25,54严重风化点,K2O,0.24977747686330712,0.0,
zero_c_0.25,54严重风化点,CaO,1.0506988096096395,0.0,
zero_c_0.25,54严重风化点,MgO,1.1282874042658002,0.0,
zero_c_0.25,54严重风化点,Al2O3,6.092926524135626,0.0,
zero_c_0.25,54严重风化点,Fe2O3,1.3886080403787042,0.0,
zero_c_0.25,54严重风化点,CuO,0.9439332090212242,0.0,
zero_c_0.25,54严重风化点,PbO,29.317532782866458,0.0,
zero_c_0.25,54严重风化点,BaO,7.01956577355021,0.0,
zero_c_0.25,54严重风化点,P2O5,3.8061680482996003,0.0,
zero_c_0.25,54严重风化点,SrO,1.020125537281988,0.0,
zero_c_0.25,54严重风化点,SnO2,0.42363978894281373,0.0,
zero_c_0.25,54严重风化点,SO2,3.679692214954658,0.0,
zero_c_0.25,56,SiO2,58.796068163176585,0.0,
zero_c_0.25,56,Na2O,2.9974326226039385,0.0,
zero_c_0.25,56,K2O,0.2135143389944009,0.0,
zero_c_0.25,56,CaO,0.5811600815455512,0.0,
zero_c_0.25,56,MgO,0.8689014723370924,0.0,
zero_c_0.25,56,Al2O3,2.6398459063803594,0.0,
zero_c_0.25,56,Fe2O3,1.1870074579463574,0.0,
zero_c_0.25,56,CuO,0.47570457749123024,0.0,
zero_c_0.25,56,PbO,17.683422904794632,0.0,
zero_c_0.25,56,BaO,10.176398998717172,0.0,
zero_c_0.25,56,P2O5,0.5848618396309047,0.0,
zero_c_0.25,56,SrO,0.28807866317135317,0.0,
zero_c_0.25,56,SnO2,0.36213501170625456,0.0,
zero_c_0.25,56,SO2,3.1454679615041883,0.0,
zero_c_0.25,57,SiO2,53.360464506075814,0.0,
zero_c_0.25,57,Na2O,3.1194911602230393,0.0,
zero_c_0.25,57,K2O,0.22220886236144344,0.0,
zero_c_0.25,57,CaO,0.6548110974290742,0.0,
zero_c_0.25,57,MgO,0.9042840334825086,0.0,
zero_c_0.25,57,Al2O3,3.237409760444908,0.0,
zero_c_0.25,57,Fe2O3,1.2353436218245084,0.0,
zero_c_0.25,57,CuO,0.7269466810026005,0.0,
zero_c_0.25,57,PbO,20.121171002481965,0.0,
zero_c_0.25,57,BaO,11.858945565315441,0.0,
zero_c_0.25,57,P2O5,0.6086780149524869,0.0,
zero_c_0.25,57,SrO,0.2998095224676717,0.0,
zero_c_0.25,57,SnO2,0.37688152164152794,0.0,
zero_c_0.25,57,SO2,3.273554650297018,0.0,
zero_c_0.25,58,SiO2,59.78550327590683,0.0,
zero_c_0.25,58,Na2O,2.923512085115155,0.0,
zero_c_0.25,58,K2O,0.25747124514493935,0.0,
zero_c_0.25,58,CaO,1.6349003864045752,0.0,
zero_c_0.25,58,MgO,0.6695038645527949,0.0,
zero_c_0.25,58,Al2O3,4.898972208677051,0.0,
zero_c_0.25,58,Fe2O3,0.9956515236213928,0.0,
zero_c_0.25,58,CuO,1.8382731356919764,0.0,
zero_c_0.25,58,PbO,16.452904654586725,0.0,
zero_c_0.25,58,BaO,4.920960468478895,0.0,
zero_c_0.25,58,P2O5,2.018992589300364,0.0,
zero_c_0.25,58,SrO,0.18225358275539635,0.0,
zero_c_0.25,58,SnO2,0.3532042972985429,0.0,
zero_c_0.25,58,SO2,3.067896682465347,0.0,
zero_c_0.75,02,SiO2,60.73277570047709,0.0,
zero_c_0.75,02,Na2O,2.4876859651417647,0.0,
zero_c_0.75,02,K2O,0.6765965482845143,0.0,
zero_c_0.75,02,CaO,0.9327653172676328,0.0,
zero_c_0.75,02,MgO,0.8509394667282056,0.0,
zero_c_0.75,02,Al2O3,6.785902209305232,0.0,
zero_c_0.75,02,Fe2O3,1.832367238140252,0.0,
zero_c_0.75,02,CuO,0.12993606592410392,0.0,
zero_c_0.75,02,PbO,16.874916457857722,0.0,
zero_c_0.75,02,BaO,4.98000921205794,0.0,
zero_c_0.75,02,P2O5,0.6822348680329658,0.0,
zero_c_0.75,02,SrO,0.12277476068211271,0.0,
zero_c_0.75,02,SnO2,0.30054993707430966,0.0,
zero_c_0.75,02,SO2,2.610546253026147,0.0,
zero_c_0.75,08,SiO2,44.474152290863664,0.0,
zero_c_0.75,08,Na2O,3.2816171801938854,0.0,
zero_c_0.75,08,K2O,0.23375748891832515,0.0,
zero_c_0.75,08,CaO,0.7782347302568002,0.0,
zero_c_0.75,08,MgO,0.9512814326548857,0.0,
zero_c_0.75,08,Al2O3,2.0933899452616025,0.0,
zero_c_0.75,08,Fe2O3,1.2995468313916925,0.0,
zero_c_0.75,08,CuO,6.862770183275781,0.0,
zero_c_0.75,08,PbO,13.460463492937247,0.0,
zero_c_0.75,08,BaO,22.52040072709248,0.0,
zero_c_0.75,08,P2O5,0.9050081806639265,0.0,
zero_c_0.75,08,SrO,0.31539120618802763,0.0,
zero_c_0.75,08,SnO2,0.3964687869889726,0.0,
zero_c_0.75,08,SO2,2.4275175233126767,0.0,
zero_c_0.75,08严重风化点,SiO2,13.459617389296119,0.0,
zero_c_0.75,08严重风化点,Na2O,4.338818599461004,0.0,
zero_c_0.75,08严重风化点,K2O,0.3090644901554931,0.0,
zero_c_0.75,08严重风化点,CaO,2.21780394842837,0.0,
zero_c_0.75,08严重风化点,MgO,1.2577449917790438,0.0,
zero_c_0.75,08严重风化点,Al2O3,2.2927246001007173,0.0,
zero_c_0.75,08严重风化点,Fe2O3,1.718207107441995,0.0,
zero_c_0.75,08严重风化点,CuO,2.736919039593862,0.0,
zero_c_0.75,08严重风化点,PbO,20.136275530150126,0.0,
zero_c_0.75,08严重风化点,BaO,29.193952207501095,0.0,
zero_c_0.75,08严重风化点,P2O5,2.519784664037665,0.0,
zero_c_0.75,08严重风化点,SrO,0.5973203379149836,0.0,
zero_c_0.75,08严重风化点,SnO2,0.524194643261791,0.0,
zero_c_0.75,08严重风化点,SO2,18.697572450877743,0.0,
zero_c_0.75,11,SiO2,62.92405889230025,0.0,
zero_c_0.75,11,Na2O,2.7838538346363193,0.0,
zero_c_0.75,11,K2O,0.15142955516382509,0.0,
zero_c_0.75,11,CaO,1.5657215229394628,0.0,
zero_c_0.75,11,MgO,0.5729620812779568,0.0,
zero_c_0.75,11,Al2O3,3.564972038675988,0.0,
zero_c_0.75,11,Fe2O3,1.102428537884939,0.0,
zero_c_0.75,11,CuO,2.7571104088967173,0.0,
zero_c_0.75,11,PbO,10.108857644154936,0.0,
zero_c_0.75,11,BaO,8.937434214623716,0.0,
zero_c_0.75,11,P2O5,2.005946782724749,0.0,
zero_c_0.75,11,SrO,0.2675519326435393,0.0,
zero_c_0.75,11,SnO2,0.3363314769420026,0.0,
zero_c_0.75,11,SO2,2.921341077135582,0.0,
zero_c_0.75,19,SiO2,59.034184361147055,0.0,
zero_c_0.75,19,Na2O,2.95981844275784,0.0,
zero_c_0.75,19,K2O,0.21083499044588194,0.0,
zero_c_0.75,19,CaO,1.3896123602093349,0.0,
zero_c_0.75,19,MgO,0.5062187033621693,0.0,
zero_c_0.75,19,Al2O3,5.030263171426048,0.0,
zero_c_0.75,19,Fe2O3,1.5589088799431527,0.0,
zero_c_0.75,19,CuO,2.087050693223332,0.0,
zero_c_0.75,19,PbO,18.126113109796833,0.0,
zero_c_0.75,19,BaO,3.479646029381992,0.0,
zero_c_0.75,19,P2O5,2.007686576239572,0.0,
zero_c_0.75,19,SrO,0.1460759139473573,0.0,
zero_c_0.75,19,SnO2,0.3575906521913255,0.0,
zero_c_0.75,19,SO2,3.105996115928098,0.0,
zero_c_0.75,26,SiO2,44.22530194603555,0.0,
zero_c_0.75,26,Na2O,3.320968196310914,0.0,
zero_c_0.75,26,K2O,0.23656055649409818,0.0,
zero_c_0.75,26,CaO,0.7662812247510052,0.0,
zero_c_0.75,26,MgO,0.9626885800863902,0.0,
zero_c_0.75,26,Al2O3,1.1066751939818849,0.0,
zero_c_0.75,26,Fe2O3,1.3151301506818187,0.0,
zero_c_0.75,26,CuO,7.051808554379457,0.0,
zero_c_0.75,26,PbO,14.025589192177948,0.0,
zero_c_0.75,26,BaO,23.534807405860015,0.0,
zero_c_0.75,26,P2O5,0.798507856991121,0.0,
zero_c_0.75,26,SrO,0.38818358773597506,0.0,
zero_c_0.75,26,SnO2,0.40122298248772376,0.0,
zero_c_0.75,26,SO2,1.8662745720261154,0.0,
zero_c_0.75,26严重风化点,SiO2,10.675707755759907,0.0,
zero_c_0.75,26严重风化点,Na2O,4.264748653460627,0.0,
zero_c_0.75,26严重风化点,K2O,0.4418739049504476,0.0,
zero_c_0.75,26严重风化点,CaO,2.0569366310914052,0.0,
zero_c_0.75,26严重风化点,MgO,1.2362734548876664,0.0,
zero_c_0.75,26严重风化点,Al2O3,2.395702394148852,0.0,
zero_c_0.75,26严重风化点,Fe2O3,1.6888748123141197,0.0,
zero_c_0.75,26严重风化点,CuO,3.084300974143334,0.0,
zero_c_0.75,26严重风化点,PbO,18.24937438280887,0.0,
zero_c_0.75,26严重风化点,BaO,33.22200914310394,0.0,
zero_c_0.75,26严重风化点,P2O5,1.9787937002403988,0.0,
zero_c_0.75,26严重风化点,SrO,0.6868233785674289,0.0,
zero_c_0.75,26严重风化点,SnO2,0.5152458780553095,0.0,
zero_c_0.75,26严重风化点,SO2,19.503334936467684,0.0,
zero_c_0.75,34,SiO2,65.20377111427791,0.0,
zero_c_0.75,34,Na2O,2.708146049653946,0.0,
zero_c_0.75,34,K2O,0.17537069112585457,0.0,
zero_c_0.75,34,CaO,0.33847582915857755,0.0,
zero_c_0.75,34,MgO,0.7850425300983056,0.0,
zero_c_0.75,34,Al2O3,2.088548262272823,0.0,
zero_c_0.75,34,Fe2O3,0.5040503933051433,0.0,
zero_c_0.75,34,CuO,0.8215042959319088,0.0,
zero_c_0.75,34,PbO,18.029542978948303,0.0,
zero_c_0.75,34,BaO,5.950977321095121,0.0,
zero_c_0.75,34,P2O5,0.07073284699453486,0.0,
zero_c_0.75,34,SrO,0.15475856788712122,0.0,
zero_c_0.75,34,SnO2,0.32718483611541815,0.0,
zero_c_0.75,34,SO2,2.8418942831350447,0.0,
zero_c_0.75,36,SiO2,69.29113991707023,0.0,
zero_c_0.75,36,Na2O,2.151592611226694,0.0,
zero_c_0.75,36,K2O,0.09436790599921423,0.0,
zero_c_0.75,36,CaO,0.1542815736373268,0.0,
zero_c_0.75,36,MgO,0.7543492506613639,0.0,
zero_c_0.75,36,Al2O3,1.9821146035606438,0.0,
zero_c_0.75,36,Fe2O3,0.3297656049394399,0.0,
zero_c_0.75,36,CuO,0.3554848379290475,0.0,
zero_c_0.75,36,PbO,15.48609882475122,0.0,
zero_c_0.75,36,BaO,6.192927981545609,0.0,
zero_c_0.75,36,P2O5,0.013993280490149158,0.0,
zero_c_0.75,36,SrO,0.14870787918261832,0.0,
zero_c_0.75,36,SnO2,0.31439269401177605,0.0,
zero_c_0.75,36,SO2,2.730783034994658,0.0,
zero_c_0.75,38,SiO2,63.05011510593837,0.0,
zero_c_0.75,38,Na2O,1.4624083343074479,0.0,
zero_c_0.75,38,K2O,0.2026802697922596,0.0,
zero_c_0.75,38,CaO,0.31003001824791826,0.0,
zero_c_0.75,38,MgO,0.8248119806173391,0.0,
zero_c_0.75,38,Al2O3,3.4811633232948376,0.0,
zero_c_0.75,38,Fe2O3,0.326765255940058,0.0,
zero_c_0.75,38,CuO,0.4172703505822225,0.0,
zero_c_0.75,38,PbO,20.066046320135747,0.0,
zero_c_0.75,38,BaO,6.121146334597113,0.0,
zero_c_0.75,38,P2O5,0.10491684787387455,0.0,
zero_c_0.75,38,SrO,0.3030244370732774,0.0,
zero_c_0.75,38,SnO2,0.34375968480398605,0.0,
zero_c_0.75,38,SO2,2.985861736795565,0.0,
zero_c_0.75,39,SiO2,55.64073870369217,0.0,
zero_c_0.75,39,Na2O,3.1499472678107354,0.0,
zero_c_0.75,39,K2O,0.2243783241971792,0.0,
zero_c_0.75,39,CaO,0.5602569314947483,0.0,
zero_c_0.75,39,MgO,0.9131127079037592,0.0,
zero_c_0.75,39,Al2O3,0.749774570368952,0.0,
zero_c_0.75,39,Fe2O3,1.247404485703145,0.0,
zero_c_0.75,39,CuO,0.5568609515226529,0.0,
zero_c_0.75,39,PbO,27.49410609752202,0.0,
zero_c_0.75,39,BaO,4.99754477926883,0.0,
zero_c_0.75,39,P2O5,0.28069289024097555,0.0,
zero_c_0.75,39,SrO,0.499106306878473,0.0,
zero_c_0.75,39,SnO2,0.3805610782042421,0.0,
zero_c_0.75,39,SO2,3.305514905192089,0.0,
zero_c_0.75,40,SiO2,42.654454482444415,0.0,
zero_c_0.75,40,Na2O,3.793391320494389,0.0,
zero_c_0.75,40,K2O,0.27021239251037465,0.0,
zero_c_0.75,40,CaO,1.1366590883924905,0.0,
zero_c_0.75,40,MgO,1.0996354942800803,0.0,
zero_c_0.75,40,Al2O3,0.8126388460425161,0.0,
zero_c_0.75,40,Fe2O3,0.2854205673656105,0.0,
zero_c_0.75,40,CuO,0.6553705274979407,0.0,
zero_c_0.75,40,PbO,38.090754042773675,0.0,
zero_c_0.75,40,BaO,5.576606197983047,0.0,
zero_c_0.75,40,P2O5,0.5157877842384921,0.0,
zero_c_0.75,40,SrO,0.6700334711599466,0.0,
zero_c_0.75,40,SnO2,0.4582988120881452,0.0,
zero_c_0.75,40,SO2,3.9807369727288733,0.0,
zero_c_0.75,41,SiO2,44.72458186467694,0.0,
zero_c_0.75,41,Na2O,3.6004293748860534,0.0,
zero_c_0.75,41,K2O,0.4103475980224673,0.0,
zero_c_0.75,41,CaO,2.8615210754415346,0.0,
zero_c_0.75,41,MgO,2.849299138979308,0.0,
zero_c_0.75,41,Al2O3,5.707631796188919,0.0,
zero_c_0.75,41,Fe2O3,2.5521802601168337,0.0,
zero_c_0.75,41,CuO,0.13742593701298617,0.0,
zero_c_0.75,41,PbO,22.7186620309489,0.0,
zero_c_0.75,41,BaO,7.721831617418173,0.0,
zero_c_0.75,41,P2O5,2.063304206062211,0.0,
zero_c_0.75,41,SrO,0.439553855296598,0.0,
zero_c_0.75,41,SnO2,0.4349861024362999,0.0,
zero_c_0.75,41,SO2,3.778245142512769,0.0,
zero_c_0.75,43部位1,SiO2,33.86437682333943,0.0,
zero_c_0.75,43部位1,Na2O,4.05518816377245,0.0,
zero_c_0.75,43部位1,K2O,0.2888608116680919,0.0,
zero_c_0.75,43部位1,CaO,3.404891471609581,0.0,
zero_c_0.75,43部位1,MgO,1.0462178386214744,0.0,
zero_c_0.75,43部位1,Al2O3,4.3436112326315754,0.0,
zero_c_0.75,43部位1,Fe2O3,1.2204742497564354,0.0,
zero_c_0.75,43部位1,CuO,4.35838510972334,0.0,
zero_c_0.75,43部位1,PbO,34.71107917231549,0.0,
zero_c_0.75,43部位1,BaO,6.496130668463168,0.0,
zero_c_0.75,43部位1,P2O5,0.7912520840762225,0.0,
zero_c_0.75,43部位1,SrO,0.6741412840240925,0.0,
zero_c_0.75,43部位1,SnO2,0.48992781425160353,0.0,
zero_c_0.75,43部位1,SO2,4.255463275747053,0.0,
zero_c_0.75,43部位2,SiO2,50.621666485942676,0.0,
zero_c_0.75,43部位2,Na2O,3.4667011807845887,0.0,
zero_c_0.75,43部位2,K2O,0.2469414676828695,0.0,
zero_c_0.75,43部位2,CaO,3.5551453266059228,0.0,
zero_c_0.75,43部位2,MgO,0.9546872381884248,0.0,
zero_c_0.75,43部位2,Al2O3,5.627664599397218,0.0,
zero_c_0.75,43部位2,Fe2O3,1.9082498047806853,0.0,
zero_c_0.75,43部位2,CuO,1.0516086874600699,0.0,
zero_c_0.75,43部位2,PbO,22.18719492418546,0.0,
zero_c_0.75,43部位2,BaO,2.4834202702511776,0.0,
zero_c_0.75,43部位2,P2O5,3.416750010735185,0.0,
zero_c_0.75,43部位2,SrO,0.4232278182719141,0.0,
zero_c_0.75,43部位2,SnO2,0.4188297222157089,0.0,
zero_c_0.75,43部位2,SO2,3.6379124634980995,0.0,
zero_c_0.75,48,SiO2,72.27009381672929,0.0,
zero_c_0.75,48,Na2O,0.6000292694451651,0.0,
zero_c_0.75,48,K2O,0.16692509803299393,0.0,
zero_c_0.75,48,CaO,0.9099904261890251,0.0,
zero_c_0.75,48,MgO,0.8990183642458334,0.0,
zero_c_0.75,48,Al2O3,13.086298098249483,0.0,
zero_c_0.75,48,Fe2O3,0.8214251231125572,0.0,
zero_c_0.75,48,CuO,0.3479252913664053,0.0,
zero_c_0.75,48,PbO,4.5247633982013165,0.0,
zero_c_0.75,48,BaO,3.2348960449396538,0.0,
zero_c_0.75,48,P2O5,0.17017257232326788,0.0,
zero_c_0.75,48,SrO,0.13077558963239705,0.0,
zero_c_0.75,48,SnO2,0.7243799872819483,0.0,
zero_c_0.75,48,SO2,2.1133069202506474,0.0,
zero_c_0.75,49,SiO2,57.380849560640456,0.0,
zero_c_0.75,49,Na2O,2.961863317946341,0.0,
zero_c_0.75,49,K2O,0.21098065182652692,0.0,
zero_c_0.75,49,CaO,2.1736592677306974,0.0,
zero_c_0.75,49,MgO,1.2621281446906891,0.0,
zero_c_0.75,49,Al2O3,7.585857978235561,0.0,
zero_c_0.75,49,Fe2O3,3.213805531568007,0.0,
zero_c_0.75,49,CuO,0.41650849410329005,0.0,
zero_c_0.75,49,PbO,14.478715093408677,0.0,
zero_c_0.75,49,BaO,3.9701878987198853,0.0,
zero_c_0.75,49,P2O5,2.525562564821921,0.0,
zero_c_0.75,49,SrO,0.3539018102503584,0.0,
zero_c_0.75,49,SnO2,0.35783770391643904,0.0,
zero_c_0.75,49,SO2,3.1081419821411354,0.0,
zero_c_0.75,50,SiO2,45.99088955397966,0.0,
zero_c_0.75,50,Na2O,3.8012096786479863,0.0,
zero_c_0.75,50,K2O,0.27076931297644224,0.0,
zero_c_0.75,50,CaO,1.9430030642804261,0.0,
zero_c_0.75,50,MgO,0.5178938905648799,0.0,
zero_c_0.75,50,Al2O3,3.3839259570243954,0.0,
zero_c_0.75,50,Fe2O3,0.4967521829303343,0.0,
zero_c_0.75,50,CuO,0.8629012128265778,0.0,
zero_c_0.75,50,PbO,23.920345801867995,0.0,
zero_c_0.75,50,BaO,11.861138686526106,0.0,
zero_c_0.75,50,P2O5,1.8513188536397311,0.0,
zero_c_0.75,50,SrO,0.6516669581185229,0.0,
zero_c_0.75,50,SnO2,0.4592433875225106,0.0,
zero_c_0.75,50,SO2,3.9889414590943923,0.0,
zero_c_0.75,51部位1,SiO2,52.710712113258005,0.0,
zero_c_0.75,51部位1,Na2O,3.1829291663033126,0.0,
zero_c_0.75,51部位1,K2O,0.22672770419735622,0.0,
zero_c_0.75,51部位1,CaO,1.8258747236483446,0.0,
zero_c_0.75,51部位1,MgO,1.0979815404445081,0.0,
zero_c_0.75,51部位1,Al2O3,7.955064331379876,0.0,
zero_c_0.75,51部位1,Fe2O3,1.4999540439142418,0.0,
zero_c_0.75,51部位1,CuO,0.8760085611506657,0.0,
zero_c_0.75,51部位1,PbO,18.31799333607602,0.0,
zero_c_0.75,51部位1,BaO,6.252888806146481,0.0,
zero_c_0.75,51部位1,P2O5,1.9805332248487466,0.0,
zero_c_0.75,51部位1,SrO,0.322441936070511,0.0,
zero_c_0.75,51部位1,SnO2,0.4107648193789201,0.0,
zero_c_0.75,51部位1,SO2,3.340125693183001,0.0,
zero_c_0.75,51部位2,SiO2,48.74190246925667,0.0,
zero_c_0.75,51部位2,Na2O,3.3926909554767986,0.0,
zero_c_0.75,51部位2,K2O,0.24166954122946008,0.0,
zero_c_0.75,51部位2,CaO,2.788833856809892,0.0,
zero_c_0.75,51部位2,MgO,1.4260455794881322,0.0,
zero_c_0.75,51部位2,Al2O3,4.053922494592136,0.0,
zero_c_0.75,51部位2,Fe2O3,0.5642838351866095,0.0,
zero_c_0.75,51部位2,CuO,0.5111711961839627,0.0,
zero_c_0.75,51部位2,PbO,24.911112105620944,0.0,
zero_c_0.75,51部位2,BaO,6.7917062075708134,0.0,
zero_c_0.75,51部位2,P2O5,2.2804601824387585,0.0,
zero_c_0.75,51部位2,SrO,0.32606633678332403,0.0,
zero_c_0.75,51部位2,SnO2,0.40988817216847767,0.0,
zero_c_0.75,51部位2,SO2,3.5602470671940063,0.0,
zero_c_0.75,52,SiO2,58.601049788468806,0.0,
zero_c_0.75,52,Na2O,1.5372768891520827,0.0,
zero_c_0.75,52,K2O,0.24099840827820837,0.0,
zero_c_0.75,52,CaO,1.230618361834592,0.0,
zero_c_0.75,52,MgO,0.5394116855267848,0.0,
zero_c_0.75,52,Al2O3,1.868323023274036,0.0,
zero_c_0.75,52,Fe2O3,0.3081544272162224,0.0,
zero_c_0.75,52,CuO,0.4757681960134397,0.0,
zero_c_0.75,52,PbO,22.945158287255733,0.0,
zero_c_0.75,52,BaO,6.423422863386436,0.0,
zero_c_0.75,52,P2O5,1.4840304275243186,0.0,
zero_c_0.75,52,SrO,0.3866777415497588,0.0,
zero_c_0.75,52,SnO2,0.40874988449982363,0.0,
zero_c_0.75,52,SO2,3.550360016019764,0.0,
zero_c_0.75,54,SiO2,48.83673020052171,0.0,
zero_c_0.75,54,Na2O,3.257400030873081,0.0,
zero_c_0.75,54,K2O,0.2700013883274705,0.0,
zero_c_0.75,54,CaO,1.665032654506104,0.0,
zero_c_0.75,54,MgO,1.2086544887397241,0.0,
zero_c_0.75,54,Al2O3,6.435415789049236,0.0,
zero_c_0.75,54,Fe2O3,1.2899566452313045,0.0,
zero_c_0.75,54,CuO,0.543137761510833,0.0,
zero_c_0.75,54,PbO,25.837108691805255,0.0,
zero_c_0.75,54,BaO,5.039181122895444,0.0,
zero_c_0.75,54,P2O5,1.0609797437926292,0.0,
zero_c_0.75,54,SrO,0.7445840136691293,0.0,
zero_c_0.75,54,SnO2,0.393542990563509,0.0,
zero_c_0.75,54,SO2,3.418274478514569,0.0,
zero_c_0.75,54严重风化点,SiO2,40.37252974042552,0.0,
zero_c_0.75,54严重风化点,Na2O,3.506514649404467,0.0,
zero_c_0.75,54严重风化点,K2O,0.24977747686330712,0.0,
zero_c_0.75,54严重风化点,CaO,1.0506988096096395,0.0,
zero_c_0.75,54严重风化点,MgO,1.1282874042658002,0.0,
zero_c_0.75,54严重风化点,Al2O3,6.092926524135626,0.0,
zero_c_0.75,54严重风化点,Fe2O3,1.3886080403787042,0.0,
zero_c_0.75,54严重风化点,CuO,0.9439332090212242,0.0,
zero_c_0.75,54严重风化点,PbO,29.317532782866458,0.0,
zero_c_0.75,54严重风化点,BaO,7.01956577355021,0.0,
zero_c_0.75,54严重风化点,P2O5,3.8061680482996003,0.0,
zero_c_0.75,54严重风化点,SrO,1.020125537281988,0.0,
zero_c_0.75,54严重风化点,SnO2,0.42363978894281373,0.0,
zero_c_0.75,54严重风化点,SO2,3.679692214954658,0.0,
zero_c_0.75,56,SiO2,58.796068163176585,0.0,
zero_c_0.75,56,Na2O,2.9974326226039385,0.0,
zero_c_0.75,56,K2O,0.2135143389944009,0.0,
zero_c_0.75,56,CaO,0.5811600815455512,0.0,
zero_c_0.75,56,MgO,0.8689014723370924,0.0,
zero_c_0.75,56,Al2O3,2.6398459063803594,0.0,
zero_c_0.75,56,Fe2O3,1.1870074579463574,0.0,
zero_c_0.75,56,CuO,0.47570457749123024,0.0,
zero_c_0.75,56,PbO,17.683422904794632,0.0,
zero_c_0.75,56,BaO,10.176398998717172,0.0,
zero_c_0.75,56,P2O5,0.5848618396309047,0.0,
zero_c_0.75,56,SrO,0.28807866317135317,0.0,
zero_c_0.75,56,SnO2,0.36213501170625456,0.0,
zero_c_0.75,56,SO2,3.1454679615041883,0.0,
zero_c_0.75,57,SiO2,53.360464506075814,0.0,
zero_c_0.75,57,Na2O,3.1194911602230393,0.0,
zero_c_0.75,57,K2O,0.22220886236144344,0.0,
zero_c_0.75,57,CaO,0.6548110974290742,0.0,
zero_c_0.75,57,MgO,0.9042840334825086,0.0,
zero_c_0.75,57,Al2O3,3.237409760444908,0.0,
zero_c_0.75,57,Fe2O3,1.2353436218245084,0.0,
zero_c_0.75,57,CuO,0.7269466810026005,0.0,
zero_c_0.75,57,PbO,20.121171002481965,0.0,
zero_c_0.75,57,BaO,11.858945565315441,0.0,
zero_c_0.75,57,P2O5,0.6086780149524869,0.0,
zero_c_0.75,57,SrO,0.2998095224676717,0.0,
zero_c_0.75,57,SnO2,0.37688152164152794,0.0,
zero_c_0.75,57,SO2,3.273554650297018,0.0,
zero_c_0.75,58,SiO2,59.78550327590683,0.0,
zero_c_0.75,58,Na2O,2.923512085115155,0.0,
zero_c_0.75,58,K2O,0.25747124514493935,0.0,
zero_c_0.75,58,CaO,1.6349003864045752,0.0,
zero_c_0.75,58,MgO,0.6695038645527949,0.0,
zero_c_0.75,58,Al2O3,4.898972208677051,0.0,
zero_c_0.75,58,Fe2O3,0.9956515236213928,0.0,
zero_c_0.75,58,CuO,1.8382731356919764,0.0,
zero_c_0.75,58,PbO,16.452904654586725,0.0,
zero_c_0.75,58,BaO,4.920960468478895,0.0,
zero_c_0.75,58,P2O5,2.018992589300364,0.0,
zero_c_0.75,58,SrO,0.18225358275539635,0.0,
zero_c_0.75,58,SnO2,0.3532042972985429,0.0,
zero_c_0.75,58,SO2,3.067896682465347,0.0,
