repeat_id,outer_fold,artifact_id,glass_type,split_role,seed
0,0,01,高钾,validation,204308
0,0,02,铅钡,validation,204308
0,0,03,高钾,train,204308
0,0,04,高钾,train,204308
0,0,05,高钾,train,204308
0,0,06,高钾,train,204308
0,0,07,高钾,train,204308
0,0,08,铅钡,validation,204308
0,0,09,高钾,train,204308
0,0,10,高钾,train,204308
0,0,11,铅钡,train,204308
0,0,12,高钾,train,204308
0,0,13,高钾,train,204308
0,0,14,高钾,validation,204308
0,0,16,高钾,train,204308
0,0,18,高钾,validation,204308
0,0,19,铅钡,validation,204308
0,0,20,铅钡,train,204308
0,0,21,高钾,validation,204308
0,0,22,高钾,train,204308
0,0,23,铅钡,validation,204308
0,0,24,铅钡,validation,204308
0,0,25,铅钡,train,204308
0,0,26,铅钡,train,204308
0,0,27,高钾,train,204308
0,0,28,铅钡,train,204308
0,0,29,铅钡,validation,204308
0,0,30,铅钡,train,204308
0,0,31,铅钡,train,204308
0,0,32,铅钡,train,204308
0,0,33,铅钡,train,204308
0,0,34,铅钡,train,204308
0,0,35,铅钡,train,204308
0,0,36,铅钡,train,204308
0,0,37,铅钡,validation,204308
0,0,38,铅钡,validation,204308
0,0,39,铅钡,train,204308
0,0,40,铅钡,train,204308
0,0,41,铅钡,train,204308
0,0,42,铅钡,train,204308
0,0,43,铅钡,train,204308
0,0,44,铅钡,train,204308
0,0,45,铅钡,train,204308
0,0,46,铅钡,train,204308
0,0,47,铅钡,train,204308
0,0,48,铅钡,train,204308
0,0,49,铅钡,train,204308
0,0,50,铅钡,train,204308
0,0,51,铅钡,train,204308
0,0,52,铅钡,train,204308
0,0,53,铅钡,train,204308
0,0,54,铅钡,train,204308
0,0,55,铅钡,train,204308
0,0,56,铅钡,train,204308
0,0,57,铅钡,train,204308
0,0,58,铅钡,train,204308
0,1,01,高钾,train,204308
0,1,02,铅钡,train,204308
0,1,03,高钾,train,204308
0,1,04,高钾,train,204308
0,1,05,高钾,train,204308
0,1,06,高钾,train,204308
0,1,07,高钾,train,204308
0,1,08,铅钡,train,204308
0,1,09,高钾,train,204308
0,1,10,高钾,validation,204308
0,1,11,铅钡,train,204308
0,1,12,高钾,train,204308
0,1,13,高钾,train,204308
0,1,14,高钾,train,204308
0,1,16,高钾,train,204308
0,1,18,高钾,train,204308
0,1,19,铅钡,train,204308
0,1,20,铅钡,train,204308
0,1,21,高钾,train,204308
0,1,22,高钾,validation,204308
0,1,23,铅钡,train,204308
0,1,24,铅钡,train,204308
0,1,25,铅钡,train,204308
0,1,26,铅钡,train,204308
0,1,27,高钾,validation,204308
0,1,28,铅钡,validation,204308
0,1,29,铅钡,train,204308
0,1,30,铅钡,validation,204308
0,1,31,铅钡,train,204308
0,1,32,铅钡,train,204308
0,1,33,铅钡,train,204308
0,1,34,铅钡,train,204308
0,1,35,铅钡,train,204308
0,1,36,铅钡,train,204308
0,1,37,铅钡,train,204308
0,1,38,铅钡,train,204308
0,1,39,铅钡,train,204308
0,1,40,铅钡,validation,204308
0,1,41,铅钡,train,204308
0,1,42,铅钡,train,204308
0,1,43,铅钡,train,204308
0,1,44,铅钡,train,204308
0,1,45,铅钡,train,204308
0,1,46,铅钡,validation,204308
0,1,47,铅钡,validation,204308
0,1,48,铅钡,validation,204308
0,1,49,铅钡,train,204308
0,1,50,铅钡,train,204308
0,1,51,铅钡,train,204308
0,1,52,铅钡,train,204308
0,1,53,铅钡,train,204308
0,1,54,铅钡,validation,204308
0,1,55,铅钡,train,204308
0,1,56,铅钡,train,204308
0,1,57,铅钡,train,204308
0,1,58,铅钡,validation,204308
0,2,01,高钾,train,204308
0,2,02,铅钡,train,204308
0,2,03,高钾,validation,204308
0,2,04,高钾,train,204308
0,2,05,高钾,train,204308
0,2,06,高钾,validation,204308
0,2,07,高钾,train,204308
0,2,08,铅钡,train,204308
0,2,09,高钾,validation,204308
0,2,10,高钾,train,204308
0,2,11,铅钡,validation,204308
0,2,12,高钾,train,204308
0,2,13,高钾,train,204308
0,2,14,高钾,train,204308
0,2,16,高钾,train,204308
0,2,18,高钾,train,204308
0,2,19,铅钡,train,204308
0,2,20,铅钡,validation,204308
0,2,21,高钾,train,204308
0,2,22,高钾,train,204308
0,2,23,铅钡,train,204308
0,2,24,铅钡,train,204308
0,2,25,铅钡,validation,204308
0,2,26,铅钡,validation,204308
0,2,27,高钾,train,204308
0,2,28,铅钡,train,204308
0,2,29,铅钡,train,204308
0,2,30,铅钡,train,204308
0,2,31,铅钡,train,204308
0,2,32,铅钡,train,204308
0,2,33,铅钡,validation,204308
0,2,34,铅钡,validation,204308
0,2,35,铅钡,train,204308
0,2,36,铅钡,train,204308
0,2,37,铅钡,train,204308
0,2,38,铅钡,train,204308
0,2,39,铅钡,train,204308
0,2,40,铅钡,train,204308
0,2,41,铅钡,train,204308
0,2,42,铅钡,train,204308
0,2,43,铅钡,train,204308
0,2,44,铅钡,validation,204308
0,2,45,铅钡,train,204308
0,2,46,铅钡,train,204308
0,2,47,铅钡,train,204308
0,2,48,铅钡,train,204308
0,2,49,铅钡,train,204308
0,2,50,铅钡,train,204308
0,2,51,铅钡,train,204308
0,2,52,铅钡,train,204308
0,2,53,铅钡,train,204308
0,2,54,铅钡,train,204308
0,2,55,铅钡,train,204308
0,2,56,铅钡,validation,204308
0,2,57,铅钡,train,204308
0,2,58,铅钡,train,204308
0,3,01,高钾,train,204308
0,3,02,铅钡,train,204308
0,3,03,高钾,train,204308
0,3,04,高钾,validation,204308
0,3,05,高钾,train,204308
0,3,06,高钾,train,204308
0,3,07,高钾,validation,204308
0,3,08,铅钡,train,204308
0,3,09,高钾,train,204308
0,3,10,高钾,train,204308
0,3,11,铅钡,train,204308
0,3,12,高钾,train,204308
0,3,13,高钾,train,204308
0,3,14,高钾,train,204308
0,3,16,高钾,validation,204308
0,3,18,高钾,train,204308
0,3,19,铅钡,train,204308
0,3,20,铅钡,train,204308
0,3,21,高钾,train,204308
0,3,22,高钾,train,204308
0,3,23,铅钡,train,204308
0,3,24,铅钡,train,204308
0,3,25,铅钡,train,204308
0,3,26,铅钡,train,204308
0,3,27,高钾,train,204308
0,3,28,铅钡,train,204308
0,3,29,铅钡,train,204308
0,3,30,铅钡,train,204308
0,3,31,铅钡,train,204308
0,3,32,铅钡,validation,204308
0,3,33,铅钡,train,204308
0,3,34,铅钡,train,204308
0,3,35,铅钡,validation,204308
0,3,36,铅钡,validation,204308
0,3,37,铅钡,train,204308
0,3,38,铅钡,train,204308
0,3,39,铅钡,train,204308
0,3,40,铅钡,train,204308
0,3,41,铅钡,validation,204308
0,3,42,铅钡,train,204308
0,3,43,铅钡,validation,204308
0,3,44,铅钡,train,204308
0,3,45,铅钡,train,204308
0,3,46,铅钡,train,204308
0,3,47,铅钡,train,204308
0,3,48,铅钡,train,204308
0,3,49,铅钡,validation,204308
0,3,50,铅钡,train,204308
0,3,51,铅钡,validation,204308
0,3,52,铅钡,validation,204308
0,3,53,铅钡,train,204308
0,3,54,铅钡,train,204308
0,3,55,铅钡,train,204308
0,3,56,铅钡,train,204308
0,3,57,铅钡,train,204308
0,3,58,铅钡,train,204308
0,4,01,高钾,train,204308
0,4,02,铅钡,train,204308
0,4,03,高钾,train,204308
0,4,04,高钾,train,204308
0,4,05,高钾,validation,204308
0,4,06,高钾,train,204308
0,4,07,高钾,train,204308
0,4,08,铅钡,train,204308
0,4,09,高钾,train,204308
0,4,10,高钾,train,204308
0,4,11,铅钡,train,204308
0,4,12,高钾,validation,204308
0,4,13,高钾,validation,204308
0,4,14,高钾,train,204308
0,4,16,高钾,train,204308
0,4,18,高钾,train,204308
0,4,19,铅钡,train,204308
0,4,20,铅钡,train,204308
0,4,21,高钾,train,204308
0,4,22,高钾,train,204308
0,4,23,铅钡,train,204308
0,4,24,铅钡,train,204308
0,4,25,铅钡,train,204308
0,4,26,铅钡,train,204308
0,4,27,高钾,train,204308
0,4,28,铅钡,train,204308
0,4,29,铅钡,train,204308
0,4,30,铅钡,train,204308
0,4,31,铅钡,validation,204308
0,4,32,铅钡,train,204308
0,4,33,铅钡,train,204308
0,4,34,铅钡,train,204308
0,4,35,铅钡,train,204308
0,4,36,铅钡,train,204308
0,4,37,铅钡,train,204308
0,4,38,铅钡,train,204308
0,4,39,铅钡,validation,204308
0,4,40,铅钡,train,204308
0,4,41,铅钡,train,204308
0,4,42,铅钡,validation,204308
0,4,43,铅钡,train,204308
0,4,44,铅钡,train,204308
0,4,45,铅钡,validation,204308
0,4,46,铅钡,train,204308
0,4,47,铅钡,train,204308
0,4,48,铅钡,train,204308
0,4,49,铅钡,train,204308
0,4,50,铅钡,validation,204308
0,4,51,铅钡,train,204308
0,4,52,铅钡,train,204308
0,4,53,铅钡,validation,204308
0,4,54,铅钡,train,204308
0,4,55,铅钡,validation,204308
0,4,56,铅钡,train,204308
0,4,57,铅钡,validation,204308
0,4,58,铅钡,train,204308
1,0,01,高钾,train,204309
1,0,02,铅钡,validation,204309
1,0,03,高钾,train,204309
1,0,04,高钾,train,204309
1,0,05,高钾,train,204309
1,0,06,高钾,train,204309
1,0,07,高钾,train,204309
1,0,08,铅钡,train,204309
1,0,09,高钾,train,204309
1,0,10,高钾,train,204309
1,0,11,铅钡,train,204309
1,0,12,高钾,validation,204309
1,0,13,高钾,train,204309
1,0,14,高钾,train,204309
1,0,16,高钾,train,204309
1,0,18,高钾,validation,204309
1,0,19,铅钡,validation,204309
1,0,20,铅钡,train,204309
1,0,21,高钾,train,204309
1,0,22,高钾,validation,204309
1,0,23,铅钡,validation,204309
1,0,24,铅钡,train,204309
1,0,25,铅钡,train,204309
1,0,26,铅钡,validation,204309
1,0,27,高钾,validation,204309
1,0,28,铅钡,validation,204309
1,0,29,铅钡,train,204309
1,0,30,铅钡,train,204309
1,0,31,铅钡,train,204309
1,0,32,铅钡,train,204309
1,0,33,铅钡,train,204309
1,0,34,铅钡,validation,204309
1,0,35,铅钡,validation,204309
1,0,36,铅钡,train,204309
1,0,37,铅钡,train,204309
1,0,38,铅钡,validation,204309
1,0,39,铅钡,train,204309
1,0,40,铅钡,train,204309
1,0,41,铅钡,train,204309
1,0,42,铅钡,train,204309
1,0,43,铅钡,train,204309
1,0,44,铅钡,train,204309
1,0,45,铅钡,train,204309
1,0,46,铅钡,train,204309
1,0,47,铅钡,train,204309
1,0,48,铅钡,train,204309
1,0,49,铅钡,train,204309
1,0,50,铅钡,train,204309
1,0,51,铅钡,train,204309
1,0,52,铅钡,train,204309
1,0,53,铅钡,train,204309
1,0,54,铅钡,train,204309
1,0,55,铅钡,train,204309
1,0,56,铅钡,train,204309
1,0,57,铅钡,train,204309
1,0,58,铅钡,train,204309
1,1,01,高钾,train,204309
1,1,02,铅钡,train,204309
1,1,03,高钾,train,204309
1,1,04,高钾,train,204309
1,1,05,高钾,train,204309
1,1,06,高钾,validation,204309
1,1,07,高钾,train,204309
1,1,08,铅钡,train,204309
1,1,09,高钾,validation,204309
1,1,10,高钾,validation,204309
1,1,11,铅钡,train,204309
1,1,12,高钾,train,204309
1,1,13,高钾,train,204309
1,1,14,高钾,train,204309
1,1,16,高钾,train,204309
1,1,18,高钾,train,204309
1,1,19,铅钡,train,204309
1,1,20,铅钡,train,204309
1,1,21,高钾,train,204309
1,1,22,高钾,train,204309
1,1,23,铅钡,train,204309
1,1,24,铅钡,train,204309
1,1,25,铅钡,train,204309
1,1,26,铅钡,train,204309
1,1,27,高钾,train,204309
1,1,28,铅钡,train,204309
1,1,29,铅钡,validation,204309
1,1,30,铅钡,validation,204309
1,1,31,铅钡,validation,204309
1,1,32,铅钡,validation,204309
1,1,33,铅钡,train,204309
1,1,34,铅钡,train,204309
1,1,35,铅钡,train,204309
1,1,36,铅钡,train,204309
1,1,37,铅钡,validation,204309
1,1,38,铅钡,train,204309
1,1,39,铅钡,train,204309
1,1,40,铅钡,validation,204309
1,1,41,铅钡,train,204309
1,1,42,铅钡,train,204309
1,1,43,铅钡,train,204309
1,1,44,铅钡,train,204309
1,1,45,铅钡,train,204309
1,1,46,铅钡,train,204309
1,1,47,铅钡,validation,204309
1,1,48,铅钡,train,204309
1,1,49,铅钡,train,204309
1,1,50,铅钡,train,204309
1,1,51,铅钡,train,204309
1,1,52,铅钡,validation,204309
1,1,53,铅钡,train,204309
1,1,54,铅钡,train,204309
1,1,55,铅钡,train,204309
1,1,56,铅钡,train,204309
1,1,57,铅钡,train,204309
1,1,58,铅钡,train,204309
1,2,01,高钾,train,204309
1,2,02,铅钡,train,204309
1,2,03,高钾,train,204309
1,2,04,高钾,train,204309
1,2,05,高钾,train,204309
1,2,06,高钾,train,204309
1,2,07,高钾,validation,204309
1,2,08,铅钡,train,204309
1,2,09,高钾,train,204309
1,2,10,高钾,train,204309
1,2,11,铅钡,validation,204309
1,2,12,高钾,train,204309
1,2,13,高钾,validation,204309
1,2,14,高钾,validation,204309
1,2,16,高钾,train,204309
1,2,18,高钾,train,204309
1,2,19,铅钡,train,204309
1,2,20,铅钡,train,204309
1,2,21,高钾,train,204309
1,2,22,高钾,train,204309
1,2,23,铅钡,train,204309
1,2,24,铅钡,validation,204309
1,2,25,铅钡,train,204309
1,2,26,铅钡,train,204309
1,2,27,高钾,train,204309
1,2,28,铅钡,train,204309
1,2,29,铅钡,train,204309
1,2,30,铅钡,train,204309
1,2,31,铅钡,train,204309
1,2,32,铅钡,train,204309
1,2,33,铅钡,train,204309
1,2,34,铅钡,train,204309
1,2,35,铅钡,train,204309
1,2,36,铅钡,validation,204309
1,2,37,铅钡,train,204309
1,2,38,铅钡,train,204309
1,2,39,铅钡,train,204309
1,2,40,铅钡,train,204309
1,2,41,铅钡,train,204309
1,2,42,铅钡,train,204309
1,2,43,铅钡,validation,204309
1,2,44,铅钡,train,204309
1,2,45,铅钡,train,204309
1,2,46,铅钡,validation,204309
1,2,47,铅钡,train,204309
1,2,48,铅钡,train,204309
1,2,49,铅钡,train,204309
1,2,50,铅钡,train,204309
1,2,51,铅钡,train,204309
1,2,52,铅钡,train,204309
1,2,53,铅钡,train,204309
1,2,54,铅钡,validation,204309
1,2,55,铅钡,validation,204309
1,2,56,铅钡,validation,204309
1,2,57,铅钡,train,204309
1,2,58,铅钡,train,204309
1,3,01,高钾,train,204309
1,3,02,铅钡,train,204309
1,3,03,高钾,train,204309
1,3,04,高钾,validation,204309
1,3,05,高钾,validation,204309
1,3,06,高钾,train,204309
1,3,07,高钾,train,204309
1,3,08,铅钡,validation,204309
1,3,09,高钾,train,204309
1,3,10,高钾,train,204309
1,3,11,铅钡,train,204309
1,3,12,高钾,train,204309
1,3,13,高钾,train,204309
1,3,14,高钾,train,204309
1,3,16,高钾,train,204309
1,3,18,高钾,train,204309
1,3,19,铅钡,train,204309
1,3,20,铅钡,train,204309
1,3,21,高钾,validation,204309
1,3,22,高钾,train,204309
1,3,23,铅钡,train,204309
1,3,24,铅钡,train,204309
1,3,25,铅钡,validation,204309
1,3,26,铅钡,train,204309
1,3,27,高钾,train,204309
1,3,28,铅钡,train,204309
1,3,29,铅钡,train,204309
1,3,30,铅钡,train,204309
1,3,31,铅钡,train,204309
1,3,32,铅钡,train,204309
1,3,33,铅钡,validation,204309
1,3,34,铅钡,train,204309
1,3,35,铅钡,train,204309
1,3,36,铅钡,train,204309
1,3,37,铅钡,train,204309
1,3,38,铅钡,train,204309
1,3,39,铅钡,train,204309
1,3,40,铅钡,train,204309
1,3,41,铅钡,validation,204309
1,3,42,铅钡,train,204309
1,3,43,铅钡,train,204309
1,3,44,铅钡,validation,204309
1,3,45,铅钡,validation,204309
1,3,46,铅钡,train,204309
1,3,47,铅钡,train,204309
1,3,48,铅钡,validation,204309
1,3,49,铅钡,train,204309
1,3,50,铅钡,validation,204309
1,3,51,铅钡,train,204309
1,3,52,铅钡,train,204309
1,3,53,铅钡,train,204309
1,3,54,铅钡,train,204309
1,3,55,铅钡,train,204309
1,3,56,铅钡,train,204309
1,3,57,铅钡,train,204309
1,3,58,铅钡,train,204309
1,4,01,高钾,validation,204309
1,4,02,铅钡,train,204309
1,4,03,高钾,validation,204309
1,4,04,高钾,train,204309
1,4,05,高钾,train,204309
1,4,06,高钾,train,204309
1,4,07,高钾,train,204309
1,4,08,铅钡,train,204309
1,4,09,高钾,train,204309
1,4,10,高钾,train,204309
1,4,11,铅钡,train,204309
1,4,12,高钾,train,204309
1,4,13,高钾,train,204309
1,4,14,高钾,train,204309
1,4,16,高钾,validation,204309
1,4,18,高钾,train,204309
1,4,19,铅钡,train,204309
1,4,20,铅钡,validation,204309
1,4,21,高钾,train,204309
1,4,22,高钾,train,204309
1,4,23,铅钡,train,204309
1,4,24,铅钡,train,204309
1,4,25,铅钡,train,204309
1,4,26,铅钡,train,204309
1,4,27,高钾,train,204309
1,4,28,铅钡,train,204309
1,4,29,铅钡,train,204309
1,4,30,铅钡,train,204309
1,4,31,铅钡,train,204309
1,4,32,铅钡,train,204309
1,4,33,铅钡,train,204309
1,4,34,铅钡,train,204309
1,4,35,铅钡,train,204309
1,4,36,铅钡,train,204309
1,4,37,铅钡,train,204309
1,4,38,铅钡,train,204309
1,4,39,铅钡,validation,204309
1,4,40,铅钡,train,204309
1,4,41,铅钡,train,204309
1,4,42,铅钡,validation,204309
1,4,43,铅钡,train,204309
1,4,44,铅钡,train,204309
1,4,45,铅钡,train,204309
1,4,46,铅钡,train,204309
1,4,47,铅钡,train,204309
1,4,48,铅钡,train,204309
1,4,49,铅钡,validation,204309
1,4,50,铅钡,train,204309
1,4,51,铅钡,validation,204309
1,4,52,铅钡,train,204309
1,4,53,铅钡,validation,204309
1,4,54,铅钡,train,204309
1,4,55,铅钡,train,204309
1,4,56,铅钡,train,204309
1,4,57,铅钡,validation,204309
1,4,58,铅钡,validation,204309
2,0,01,高钾,train,204310
2,0,02,铅钡,validation,204310
2,0,03,高钾,train,204310
2,0,04,高钾,train,204310
2,0,05,高钾,validation,204310
2,0,06,高钾,train,204310
2,0,07,高钾,train,204310
2,0,08,铅钡,train,204310
2,0,09,高钾,validation,204310
2,0,10,高钾,train,204310
2,0,11,铅钡,train,204310
2,0,12,高钾,train,204310
2,0,13,高钾,validation,204310
2,0,14,高钾,train,204310
2,0,16,高钾,train,204310
2,0,18,高钾,train,204310
2,0,19,铅钡,train,204310
2,0,20,铅钡,train,204310
2,0,21,高钾,train,204310
2,0,22,高钾,train,204310
2,0,23,铅钡,validation,204310
2,0,24,铅钡,train,204310
2,0,25,铅钡,train,204310
2,0,26,铅钡,validation,204310
2,0,27,高钾,train,204310
2,0,28,铅钡,train,204310
2,0,29,铅钡,train,204310
2,0,30,铅钡,validation,204310
2,0,31,铅钡,train,204310
2,0,32,铅钡,train,204310
2,0,33,铅钡,validation,204310
2,0,34,铅钡,validation,204310
2,0,35,铅钡,train,204310
2,0,36,铅钡,train,204310
2,0,37,铅钡,train,204310
2,0,38,铅钡,train,204310
2,0,39,铅钡,validation,204310
2,0,40,铅钡,train,204310
2,0,41,铅钡,train,204310
2,0,42,铅钡,train,204310
2,0,43,铅钡,train,204310
2,0,44,铅钡,train,204310
2,0,45,铅钡,train,204310
2,0,46,铅钡,train,204310
2,0,47,铅钡,train,204310
2,0,48,铅钡,train,204310
2,0,49,铅钡,train,204310
2,0,50,铅钡,train,204310
2,0,51,铅钡,validation,204310
2,0,52,铅钡,train,204310
2,0,53,铅钡,train,204310
2,0,54,铅钡,train,204310
2,0,55,铅钡,train,204310
2,0,56,铅钡,train,204310
2,0,57,铅钡,train,204310
2,0,58,铅钡,train,204310
2,1,01,高钾,train,204310
2,1,02,铅钡,train,204310
2,1,03,高钾,train,204310
2,1,04,高钾,train,204310
2,1,05,高钾,train,204310
2,1,06,高钾,validation,204310
2,1,07,高钾,train,204310
2,1,08,铅钡,train,204310
2,1,09,高钾,train,204310
2,1,10,高钾,train,204310
2,1,11,铅钡,train,204310
2,1,12,高钾,train,204310
2,1,13,高钾,train,204310
2,1,14,高钾,train,204310
2,1,16,高钾,train,204310
2,1,18,高钾,validation,204310
2,1,19,铅钡,train,204310
2,1,20,铅钡,train,204310
2,1,21,高钾,train,204310
2,1,22,高钾,train,204310
2,1,23,铅钡,train,204310
2,1,24,铅钡,validation,204310
2,1,25,铅钡,train,204310
2,1,26,铅钡,train,204310
2,1,27,高钾,validation,204310
2,1,28,铅钡,train,204310
2,1,29,铅钡,train,204310
2,1,30,铅钡,train,204310
2,1,31,铅钡,train,204310
2,1,32,铅钡,train,204310
2,1,33,铅钡,train,204310
2,1,34,铅钡,train,204310
2,1,35,铅钡,train,204310
2,1,36,铅钡,train,204310
2,1,37,铅钡,validation,204310
2,1,38,铅钡,train,204310
2,1,39,铅钡,train,204310
2,1,40,铅钡,train,204310
2,1,41,铅钡,train,204310
2,1,42,铅钡,train,204310
2,1,43,铅钡,train,204310
2,1,44,铅钡,train,204310
2,1,45,铅钡,validation,204310
2,1,46,铅钡,train,204310
2,1,47,铅钡,train,204310
2,1,48,铅钡,train,204310
2,1,49,铅钡,validation,204310
2,1,50,铅钡,validation,204310
2,1,51,铅钡,train,204310
2,1,52,铅钡,validation,204310
2,1,53,铅钡,train,204310
2,1,54,铅钡,validation,204310
2,1,55,铅钡,train,204310
2,1,56,铅钡,validation,204310
2,1,57,铅钡,train,204310
2,1,58,铅钡,train,204310
2,2,01,高钾,train,204310
2,2,02,铅钡,train,204310
2,2,03,高钾,validation,204310
2,2,04,高钾,train,204310
2,2,05,高钾,train,204310
2,2,06,高钾,train,204310
2,2,07,高钾,train,204310
2,2,08,铅钡,train,204310
2,2,09,高钾,train,204310
2,2,10,高钾,validation,204310
2,2,11,铅钡,validation,204310
2,2,12,高钾,validation,204310
2,2,13,高钾,train,204310
2,2,14,高钾,validation,204310
2,2,16,高钾,train,204310
2,2,18,高钾,train,204310
2,2,19,铅钡,validation,204310
2,2,20,铅钡,validation,204310
2,2,21,高钾,train,204310
2,2,22,高钾,train,204310
2,2,23,铅钡,train,204310
2,2,24,铅钡,train,204310
2,2,25,铅钡,train,204310
2,2,26,铅钡,train,204310
2,2,27,高钾,train,204310
2,2,28,铅钡,train,204310
2,2,29,铅钡,train,204310
2,2,30,铅钡,train,204310
2,2,31,铅钡,train,204310
2,2,32,铅钡,train,204310
2,2,33,铅钡,train,204310
2,2,34,铅钡,train,204310
2,2,35,铅钡,train,204310
2,2,36,铅钡,train,204310
2,2,37,铅钡,train,204310
2,2,38,铅钡,validation,204310
2,2,39,铅钡,train,204310
2,2,40,铅钡,train,204310
2,2,41,铅钡,train,204310
2,2,42,铅钡,train,204310
2,2,43,铅钡,train,204310
2,2,44,铅钡,validation,204310
2,2,45,铅钡,train,204310
2,2,46,铅钡,validation,204310
2,2,47,铅钡,train,204310
2,2,48,铅钡,validation,204310
2,2,49,铅钡,train,204310
2,2,50,铅钡,train,204310
2,2,51,铅钡,train,204310
2,2,52,铅钡,train,204310
2,2,53,铅钡,train,204310
2,2,54,铅钡,train,204310
2,2,55,铅钡,validation,204310
2,2,56,铅钡,train,204310
2,2,57,铅钡,train,204310
2,2,58,铅钡,train,204310
2,3,01,高钾,validation,204310
2,3,02,铅钡,train,204310
2,3,03,高钾,train,204310
2,3,04,高钾,validation,204310
2,3,05,高钾,train,204310
2,3,06,高钾,train,204310
2,3,07,高钾,train,204310
2,3,08,铅钡,validation,204310
2,3,09,高钾,train,204310
2,3,10,高钾,train,204310
2,3,11,铅钡,train,204310
2,3,12,高钾,train,204310
2,3,13,高钾,train,204310
2,3,14,高钾,train,204310
2,3,16,高钾,train,204310
2,3,18,高钾,train,204310
2,3,19,铅钡,train,204310
2,3,20,铅钡,train,204310
2,3,21,高钾,validation,204310
2,3,22,高钾,train,204310
2,3,23,铅钡,train,204310
2,3,24,铅钡,train,204310
2,3,25,铅钡,validation,204310
2,3,26,铅钡,train,204310
2,3,27,高钾,train,204310
2,3,28,铅钡,train,204310
2,3,29,铅钡,train,204310
2,3,30,铅钡,train,204310
2,3,31,铅钡,validation,204310
2,3,32,铅钡,train,204310
2,3,33,铅钡,train,204310
2,3,34,铅钡,train,204310
2,3,35,铅钡,validation,204310
2,3,36,铅钡,train,204310
2,3,37,铅钡,train,204310
2,3,38,铅钡,train,204310
2,3,39,铅钡,train,204310
2,3,40,铅钡,train,204310
2,3,41,铅钡,validation,204310
2,3,42,铅钡,validation,204310
2,3,43,铅钡,validation,204310
2,3,44,铅钡,train,204310
2,3,45,铅钡,train,204310
2,3,46,铅钡,train,204310
2,3,47,铅钡,train,204310
2,3,48,铅钡,train,204310
2,3,49,铅钡,train,204310
2,3,50,铅钡,train,204310
2,3,51,铅钡,train,204310
2,3,52,铅钡,train,204310
2,3,53,铅钡,train,204310
2,3,54,铅钡,train,204310
2,3,55,铅钡,train,204310
2,3,56,铅钡,train,204310
2,3,57,铅钡,train,204310
2,3,58,铅钡,validation,204310
2,4,01,高钾,train,204310
2,4,02,铅钡,train,204310
2,4,03,高钾,train,204310
2,4,04,高钾,train,204310
2,4,05,高钾,train,204310
2,4,06,高钾,train,204310
2,4,07,高钾,validation,204310
2,4,08,铅钡,train,204310
2,4,09,高钾,train,204310
2,4,10,高钾,train,204310
2,4,11,铅钡,train,204310
2,4,12,高钾,train,204310
2,4,13,高钾,train,204310
2,4,14,高钾,train,204310
2,4,16,高钾,validation,204310
2,4,18,高钾,train,204310
2,4,19,铅钡,train,204310
2,4,20,铅钡,train,204310
2,4,21,高钾,train,204310
2,4,22,高钾,validation,204310
2,4,23,铅钡,train,204310
2,4,24,铅钡,train,204310
2,4,25,铅钡,train,204310
2,4,26,铅钡,train,204310
2,4,27,高钾,train,204310
2,4,28,铅钡,validation,204310
2,4,29,铅钡,validation,204310
2,4,30,铅钡,train,204310
2,4,31,铅钡,train,204310
2,4,32,铅钡,validation,204310
2,4,33,铅钡,train,204310
2,4,34,铅钡,train,204310
2,4,35,铅钡,train,204310
2,4,36,铅钡,validation,204310
2,4,37,铅钡,train,204310
2,4,38,铅钡,train,204310
2,4,39,铅钡,train,204310
2,4,40,铅钡,validation,204310
2,4,41,铅钡,train,204310
2,4,42,铅钡,train,204310
2,4,43,铅钡,train,204310
2,4,44,铅钡,train,204310
2,4,45,铅钡,train,204310
2,4,46,铅钡,train,204310
2,4,47,铅钡,validation,204310
2,4,48,铅钡,train,204310
2,4,49,铅钡,train,204310
2,4,50,铅钡,train,204310
2,4,51,铅钡,train,204310
2,4,52,铅钡,train,204310
2,4,53,铅钡,validation,204310
2,4,54,铅钡,train,204310
2,4,55,铅钡,train,204310
2,4,56,铅钡,train,204310
2,4,57,铅钡,validation,204310
2,4,58,铅钡,train,204310
3,0,01,高钾,validation,204311
3,0,02,铅钡,train,204311
3,0,03,高钾,validation,204311
3,0,04,高钾,validation,204311
3,0,05,高钾,train,204311
3,0,06,高钾,train,204311
3,0,07,高钾,train,204311
3,0,08,铅钡,validation,204311
3,0,09,高钾,train,204311
3,0,10,高钾,train,204311
3,0,11,铅钡,train,204311
3,0,12,高钾,train,204311
3,0,13,高钾,train,204311
3,0,14,高钾,train,204311
3,0,16,高钾,train,204311
3,0,18,高钾,train,204311
3,0,19,铅钡,train,204311
3,0,20,铅钡,validation,204311
3,0,21,高钾,train,204311
3,0,22,高钾,train,204311
3,0,23,铅钡,train,204311
3,0,24,铅钡,train,204311
3,0,25,铅钡,validation,204311
3,0,26,铅钡,train,204311
3,0,27,高钾,train,204311
3,0,28,铅钡,train,204311
3,0,29,铅钡,train,204311
3,0,30,铅钡,train,204311
3,0,31,铅钡,train,204311
3,0,32,铅钡,train,204311
3,0,33,铅钡,train,204311
3,0,34,铅钡,train,204311
3,0,35,铅钡,train,204311
3,0,36,铅钡,validation,204311
3,0,37,铅钡,train,204311
3,0,38,铅钡,train,204311
3,0,39,铅钡,train,204311
3,0,40,铅钡,train,204311
3,0,41,铅钡,validation,204311
3,0,42,铅钡,train,204311
3,0,43,铅钡,validation,204311
3,0,44,铅钡,train,204311
3,0,45,铅钡,train,204311
3,0,46,铅钡,validation,204311
3,0,47,铅钡,train,204311
3,0,48,铅钡,train,204311
3,0,49,铅钡,validation,204311
3,0,50,铅钡,train,204311
3,0,51,铅钡,train,204311
3,0,52,铅钡,train,204311
3,0,53,铅钡,train,204311
3,0,54,铅钡,train,204311
3,0,55,铅钡,train,204311
3,0,56,铅钡,train,204311
3,0,57,铅钡,train,204311
3,0,58,铅钡,train,204311
3,1,01,高钾,train,204311
3,1,02,铅钡,validation,204311
3,1,03,高钾,train,204311
3,1,04,高钾,train,204311
3,1,05,高钾,train,204311
3,1,06,高钾,train,204311
3,1,07,高钾,train,204311
3,1,08,铅钡,train,204311
3,1,09,高钾,train,204311
3,1,10,高钾,train,204311
3,1,11,铅钡,train,204311
3,1,12,高钾,validation,204311
3,1,13,高钾,train,204311
3,1,14,高钾,validation,204311
3,1,16,高钾,train,204311
3,1,18,高钾,train,204311
3,1,19,铅钡,train,204311
3,1,20,铅钡,train,204311
3,1,21,高钾,validation,204311
3,1,22,高钾,train,204311
3,1,23,铅钡,train,204311
3,1,24,铅钡,train,204311
3,1,25,铅钡,train,204311
3,1,26,铅钡,train,204311
3,1,27,高钾,train,204311
3,1,28,铅钡,validation,204311
3,1,29,铅钡,train,204311
3,1,30,铅钡,train,204311
3,1,31,铅钡,train,204311
3,1,32,铅钡,train,204311
3,1,33,铅钡,train,204311
3,1,34,铅钡,train,204311
3,1,35,铅钡,train,204311
3,1,36,铅钡,train,204311
3,1,37,铅钡,validation,204311
3,1,38,铅钡,validation,204311
3,1,39,铅钡,train,204311
3,1,40,铅钡,train,204311
3,1,41,铅钡,train,204311
3,1,42,铅钡,train,204311
3,1,43,铅钡,train,204311
3,1,44,铅钡,train,204311
3,1,45,铅钡,validation,204311
3,1,46,铅钡,train,204311
3,1,47,铅钡,validation,204311
3,1,48,铅钡,train,204311
3,1,49,铅钡,train,204311
3,1,50,铅钡,train,204311
3,1,51,铅钡,train,204311
3,1,52,铅钡,validation,204311
3,1,53,铅钡,validation,204311
3,1,54,铅钡,train,204311
3,1,55,铅钡,train,204311
3,1,56,铅钡,train,204311
3,1,57,铅钡,train,204311
3,1,58,铅钡,train,204311
3,2,01,高钾,train,204311
3,2,02,铅钡,train,204311
3,2,03,高钾,train,204311
3,2,04,高钾,train,204311
3,2,05,高钾,validation,204311
3,2,06,高钾,train,204311
3,2,07,高钾,train,204311
3,2,08,铅钡,train,204311
3,2,09,高钾,train,204311
3,2,10,高钾,train,204311
3,2,11,铅钡,train,204311
3,2,12,高钾,train,204311
3,2,13,高钾,validation,204311
3,2,14,高钾,train,204311
3,2,16,高钾,validation,204311
3,2,18,高钾,train,204311
3,2,19,铅钡,train,204311
3,2,20,铅钡,train,204311
3,2,21,高钾,train,204311
3,2,22,高钾,train,204311
3,2,23,铅钡,train,204311
3,2,24,铅钡,train,204311
3,2,25,铅钡,train,204311
3,2,26,铅钡,train,204311
3,2,27,高钾,validation,204311
3,2,28,铅钡,train,204311
3,2,29,铅钡,train,204311
3,2,30,铅钡,train,204311
3,2,31,铅钡,train,204311
3,2,32,铅钡,validation,204311
3,2,33,铅钡,validation,204311
3,2,34,铅钡,train,204311
3,2,35,铅钡,validation,204311
3,2,36,铅钡,train,204311
3,2,37,铅钡,train,204311
3,2,38,铅钡,train,204311
3,2,39,铅钡,validation,204311
3,2,40,铅钡,train,204311
3,2,41,铅钡,train,204311
3,2,42,铅钡,validation,204311
3,2,43,铅钡,train,204311
3,2,44,铅钡,train,204311
3,2,45,铅钡,train,204311
3,2,46,铅钡,train,204311
3,2,47,铅钡,train,204311
3,2,48,铅钡,train,204311
3,2,49,铅钡,train,204311
3,2,50,铅钡,train,204311
3,2,51,铅钡,train,204311
3,2,52,铅钡,train,204311
3,2,53,铅钡,train,204311
3,2,54,铅钡,validation,204311
3,2,55,铅钡,train,204311
3,2,56,铅钡,validation,204311
3,2,57,铅钡,validation,204311
3,2,58,铅钡,train,204311
3,3,01,高钾,train,204311
3,3,02,铅钡,train,204311
3,3,03,高钾,train,204311
3,3,04,高钾,train,204311
3,3,05,高钾,train,204311
3,3,06,高钾,validation,204311
3,3,07,高钾,train,204311
3,3,08,铅钡,train,204311
3,3,09,高钾,validation,204311
3,3,10,高钾,train,204311
3,3,11,铅钡,validation,204311
3,3,12,高钾,train,204311
3,3,13,高钾,train,204311
3,3,14,高钾,train,204311
3,3,16,高钾,train,204311
3,3,18,高钾,train,204311
3,3,19,铅钡,validation,204311
3,3,20,铅钡,train,204311
3,3,21,高钾,train,204311
3,3,22,高钾,validation,204311
3,3,23,铅钡,validation,204311
3,3,24,铅钡,train,204311
3,3,25,铅钡,train,204311
3,3,26,铅钡,train,204311
3,3,27,高钾,train,204311
3,3,28,铅钡,train,204311
3,3,29,铅钡,train,204311
3,3,30,铅钡,train,204311
3,3,31,铅钡,validation,204311
3,3,32,铅钡,train,204311
3,3,33,铅钡,train,204311
3,3,34,铅钡,train,204311
3,3,35,铅钡,train,204311
3,3,36,铅钡,train,204311
3,3,37,铅钡,train,204311
3,3,38,铅钡,train,204311
3,3,39,铅钡,train,204311
3,3,40,铅钡,train,204311
3,3,41,铅钡,train,204311
3,3,42,铅钡,train,204311
3,3,43,铅钡,train,204311
3,3,44,铅钡,validation,204311
3,3,45,铅钡,train,204311
3,3,46,铅钡,train,204311
3,3,47,铅钡,train,204311
3,3,48,铅钡,validation,204311
3,3,49,铅钡,train,204311
3,3,50,铅钡,train,204311
3,3,51,铅钡,validation,204311
3,3,52,铅钡,train,204311
3,3,53,铅钡,train,204311
3,3,54,铅钡,train,204311
3,3,55,铅钡,train,204311
3,3,56,铅钡,train,204311
3,3,57,铅钡,train,204311
3,3,58,铅钡,validation,204311
3,4,01,高钾,train,204311
3,4,02,铅钡,train,204311
3,4,03,高钾,train,204311
3,4,04,高钾,train,204311
3,4,05,高钾,train,204311
3,4,06,高钾,train,204311
3,4,07,高钾,validation,204311
3,4,08,铅钡,train,204311
3,4,09,高钾,train,204311
3,4,10,高钾,validation,204311
3,4,11,铅钡,train,204311
3,4,12,高钾,train,204311
3,4,13,高钾,train,204311
3,4,14,高钾,train,204311
3,4,16,高钾,train,204311
3,4,18,高钾,validation,204311
3,4,19,铅钡,train,204311
3,4,20,铅钡,train,204311
3,4,21,高钾,train,204311
3,4,22,高钾,train,204311
3,4,23,铅钡,train,204311
3,4,24,铅钡,validation,204311
3,4,25,铅钡,train,204311
3,4,26,铅钡,validation,204311
3,4,27,高钾,train,204311
3,4,28,铅钡,train,204311
3,4,29,铅钡,validation,204311
3,4,30,铅钡,validation,204311
3,4,31,铅钡,train,204311
3,4,32,铅钡,train,204311
3,4,33,铅钡,train,204311
3,4,34,铅钡,validation,204311
3,4,35,铅钡,train,204311
3,4,36,铅钡,train,204311
3,4,37,铅钡,train,204311
3,4,38,铅钡,train,204311
3,4,39,铅钡,train,204311
3,4,40,铅钡,validation,204311
3,4,41,铅钡,train,204311
3,4,42,铅钡,train,204311
3,4,43,铅钡,train,204311
3,4,44,铅钡,train,204311
3,4,45,铅钡,train,204311
3,4,46,铅钡,train,204311
3,4,47,铅钡,train,204311
3,4,48,铅钡,train,204311
3,4,49,铅钡,train,204311
3,4,50,铅钡,validation,204311
3,4,51,铅钡,train,204311
3,4,52,铅钡,train,204311
3,4,53,铅钡,train,204311
3,4,54,铅钡,train,204311
3,4,55,铅钡,validation,204311
3,4,56,铅钡,train,204311
3,4,57,铅钡,train,204311
3,4,58,铅钡,train,204311
4,0,01,高钾,train,204312
4,0,02,铅钡,train,204312
4,0,03,高钾,train,204312
4,0,04,高钾,validation,204312
4,0,05,高钾,train,204312
4,0,06,高钾,train,204312
4,0,07,高钾,train,204312
4,0,08,铅钡,train,204312
4,0,09,高钾,validation,204312
4,0,10,高钾,train,204312
4,0,11,铅钡,train,204312
4,0,12,高钾,train,204312
4,0,13,高钾,validation,204312
4,0,14,高钾,train,204312
4,0,16,高钾,train,204312
4,0,18,高钾,train,204312
4,0,19,铅钡,train,204312
4,0,20,铅钡,train,204312
4,0,21,高钾,train,204312
4,0,22,高钾,train,204312
4,0,23,铅钡,train,204312
4,0,24,铅钡,train,204312
4,0,25,铅钡,train,204312
4,0,26,铅钡,train,204312
4,0,27,高钾,train,204312
4,0,28,铅钡,validation,204312
4,0,29,铅钡,train,204312
4,0,30,铅钡,train,204312
4,0,31,铅钡,train,204312
4,0,32,铅钡,validation,204312
4,0,33,铅钡,train,204312
4,0,34,铅钡,train,204312
4,0,35,铅钡,validation,204312
4,0,36,铅钡,train,204312
4,0,37,铅钡,validation,204312
4,0,38,铅钡,train,204312
4,0,39,铅钡,train,204312
4,0,40,铅钡,train,204312
4,0,41,铅钡,train,204312
4,0,42,铅钡,train,204312
4,0,43,铅钡,train,204312
4,0,44,铅钡,validation,204312
4,0,45,铅钡,train,204312
4,0,46,铅钡,train,204312
4,0,47,铅钡,train,204312
4,0,48,铅钡,validation,204312
4,0,49,铅钡,train,204312
4,0,50,铅钡,train,204312
4,0,51,铅钡,train,204312
4,0,52,铅钡,validation,204312
4,0,53,铅钡,train,204312
4,0,54,铅钡,train,204312
4,0,55,铅钡,train,204312
4,0,56,铅钡,train,204312
4,0,57,铅钡,validation,204312
4,0,58,铅钡,train,204312
4,1,01,高钾,train,204312
4,1,02,铅钡,train,204312
4,1,03,高钾,train,204312
4,1,04,高钾,train,204312
4,1,05,高钾,train,204312
4,1,06,高钾,train,204312
4,1,07,高钾,train,204312
4,1,08,铅钡,train,204312
4,1,09,高钾,train,204312
4,1,10,高钾,validation,204312
4,1,11,铅钡,validation,204312
4,1,12,高钾,train,204312
4,1,13,高钾,train,204312
4,1,14,高钾,train,204312
4,1,16,高钾,validation,204312
4,1,18,高钾,train,204312
4,1,19,铅钡,train,204312
4,1,20,铅钡,train,204312
4,1,21,高钾,validation,204312
4,1,22,高钾,train,204312
4,1,23,铅钡,train,204312
4,1,24,铅钡,train,204312
4,1,25,铅钡,train,204312
4,1,26,铅钡,validation,204312
4,1,27,高钾,validation,204312
4,1,28,铅钡,train,204312
4,1,29,铅钡,train,204312
4,1,30,铅钡,train,204312
4,1,31,铅钡,validation,204312
4,1,32,铅钡,train,204312
4,1,33,铅钡,train,204312
4,1,34,铅钡,train,204312
4,1,35,铅钡,train,204312
4,1,36,铅钡,train,204312
4,1,37,铅钡,train,204312
4,1,38,铅钡,train,204312
4,1,39,铅钡,train,204312
4,1,40,铅钡,train,204312
4,1,41,铅钡,train,204312
4,1,42,铅钡,validation,204312
4,1,43,铅钡,train,204312
4,1,44,铅钡,train,204312
4,1,45,铅钡,validation,204312
4,1,46,铅钡,validation,204312
4,1,47,铅钡,train,204312
4,1,48,铅钡,train,204312
4,1,49,铅钡,train,204312
4,1,50,铅钡,train,204312
4,1,51,铅钡,train,204312
4,1,52,铅钡,train,204312
4,1,53,铅钡,train,204312
4,1,54,铅钡,train,204312
4,1,55,铅钡,train,204312
4,1,56,铅钡,validation,204312
4,1,57,铅钡,train,204312
4,1,58,铅钡,validation,204312
4,2,01,高钾,train,204312
4,2,02,铅钡,train,204312
4,2,03,高钾,validation,204312
4,2,04,高钾,train,204312
4,2,05,高钾,validation,204312
4,2,06,高钾,train,204312
4,2,07,高钾,train,204312
4,2,08,铅钡,train,204312
4,2,09,高钾,train,204312
4,2,10,高钾,train,204312
4,2,11,铅钡,train,204312
4,2,12,高钾,train,204312
4,2,13,高钾,train,204312
4,2,14,高钾,train,204312
4,2,16,高钾,train,204312
4,2,18,高钾,validation,204312
4,2,19,铅钡,validation,204312
4,2,20,铅钡,train,204312
4,2,21,高钾,train,204312
4,2,22,高钾,train,204312
4,2,23,铅钡,train,204312
4,2,24,铅钡,train,204312
4,2,25,铅钡,train,204312
4,2,26,铅钡,train,204312
4,2,27,高钾,train,204312
4,2,28,铅钡,train,204312
4,2,29,铅钡,train,204312
4,2,30,铅钡,train,204312
4,2,31,铅钡,train,204312
4,2,32,铅钡,train,204312
4,2,33,铅钡,validation,204312
4,2,34,铅钡,validation,204312
4,2,35,铅钡,train,204312
4,2,36,铅钡,train,204312
4,2,37,铅钡,train,204312
4,2,38,铅钡,train,204312
4,2,39,铅钡,validation,204312
4,2,40,铅钡,train,204312
4,2,41,铅钡,train,204312
4,2,42,铅钡,train,204312
4,2,43,铅钡,train,204312
4,2,44,铅钡,train,204312
4,2,45,铅钡,train,204312
4,2,46,铅钡,train,204312
4,2,47,铅钡,validation,204312
4,2,48,铅钡,train,204312
4,2,49,铅钡,train,204312
4,2,50,铅钡,train,204312
4,2,51,铅钡,validation,204312
4,2,52,铅钡,train,204312
4,2,53,铅钡,train,204312
4,2,54,铅钡,validation,204312
4,2,55,铅钡,validation,204312
4,2,56,铅钡,train,204312
4,2,57,铅钡,train,204312
4,2,58,铅钡,train,204312
4,3,01,高钾,validation,204312
4,3,02,铅钡,train,204312
4,3,03,高钾,train,204312
4,3,04,高钾,train,204312
4,3,05,高钾,train,204312
4,3,06,高钾,train,204312
4,3,07,高钾,validation,204312
4,3,08,铅钡,train,204312
4,3,09,高钾,train,204312
4,3,10,高钾,train,204312
4,3,11,铅钡,train,204312
4,3,12,高钾,validation,204312
4,3,13,高钾,train,204312
4,3,14,高钾,train,204312
4,3,16,高钾,train,204312
4,3,18,高钾,train,204312
4,3,19,铅钡,train,204312
4,3,20,铅钡,train,204312
4,3,21,高钾,train,204312
4,3,22,高钾,train,204312
4,3,23,铅钡,validation,204312
4,3,24,铅钡,validation,204312
4,3,25,铅钡,validation,204312
4,3,26,铅钡,train,204312
4,3,27,高钾,train,204312
4,3,28,铅钡,train,204312
4,3,29,铅钡,validation,204312
4,3,30,铅钡,train,204312
4,3,31,铅钡,train,204312
4,3,32,铅钡,train,204312
4,3,33,铅钡,train,204312
4,3,34,铅钡,train,204312
4,3,35,铅钡,train,204312
4,3,36,铅钡,validation,204312
4,3,37,铅钡,train,204312
4,3,38,铅钡,train,204312
4,3,39,铅钡,train,204312
4,3,40,铅钡,validation,204312
4,3,41,铅钡,validation,204312
4,3,42,铅钡,train,204312
4,3,43,铅钡,validation,204312
4,3,44,铅钡,train,204312
4,3,45,铅钡,train,204312
4,3,46,铅钡,train,204312
4,3,47,铅钡,train,204312
4,3,48,铅钡,train,204312
4,3,49,铅钡,train,204312
4,3,50,铅钡,train,204312
4,3,51,铅钡,train,204312
4,3,52,铅钡,train,204312
4,3,53,铅钡,train,204312
4,3,54,铅钡,train,204312
4,3,55,铅钡,train,204312
4,3,56,铅钡,train,204312
4,3,57,铅钡,train,204312
4,3,58,铅钡,train,204312
4,4,01,高钾,train,204312
4,4,02,铅钡,validation,204312
4,4,03,高钾,train,204312
4,4,04,高钾,train,204312
4,4,05,高钾,train,204312
4,4,06,高钾,validation,204312
4,4,07,高钾,train,204312
4,4,08,铅钡,validation,204312
4,4,09,高钾,train,204312
4,4,10,高钾,train,204312
4,4,11,铅钡,train,204312
4,4,12,高钾,train,204312
4,4,13,高钾,train,204312
4,4,14,高钾,validation,204312
4,4,16,高钾,train,204312
4,4,18,高钾,train,204312
4,4,19,铅钡,train,204312
4,4,20,铅钡,validation,204312
4,4,21,高钾,train,204312
4,4,22,高钾,validation,204312
4,4,23,铅钡,train,204312
4,4,24,铅钡,train,204312
4,4,25,铅钡,train,204312
4,4,26,铅钡,train,204312
4,4,27,高钾,train,204312
4,4,28,铅钡,train,204312
4,4,29,铅钡,train,204312
4,4,30,铅钡,validation,204312
4,4,31,铅钡,train,204312
4,4,32,铅钡,train,204312
4,4,33,铅钡,train,204312
4,4,34,铅钡,train,204312
4,4,35,铅钡,train,204312
4,4,36,铅钡,train,204312
4,4,37,铅钡,train,204312
4,4,38,铅钡,validation,204312
4,4,39,铅钡,train,204312
4,4,40,铅钡,train,204312
4,4,41,铅钡,train,204312
4,4,42,铅钡,train,204312
4,4,43,铅钡,train,204312
4,4,44,铅钡,train,204312
4,4,45,铅钡,train,204312
4,4,46,铅钡,train,204312
4,4,47,铅钡,train,204312
4,4,48,铅钡,train,204312
4,4,49,铅钡,validation,204312
4,4,50,铅钡,validation,204312
4,4,51,铅钡,train,204312
4,4,52,铅钡,train,204312
4,4,53,铅钡,validation,204312
4,4,54,铅钡,train,204312
4,4,55,铅钡,train,204312
4,4,56,铅钡,train,204312
4,4,57,铅钡,train,204312
4,4,58,铅钡,train,204312
5,0,01,高钾,validation,204313
5,0,02,铅钡,train,204313
5,0,03,高钾,train,204313
5,0,04,高钾,train,204313
5,0,05,高钾,train,204313
5,0,06,高钾,train,204313
5,0,07,高钾,train,204313
5,0,08,铅钡,train,204313
5,0,09,高钾,train,204313
5,0,10,高钾,validation,204313
5,0,11,铅钡,train,204313
5,0,12,高钾,train,204313
5,0,13,高钾,train,204313
5,0,14,高钾,validation,204313
5,0,16,高钾,train,204313
5,0,18,高钾,train,204313
5,0,19,铅钡,train,204313
5,0,20,铅钡,train,204313
5,0,21,高钾,train,204313
5,0,22,高钾,train,204313
5,0,23,铅钡,train,204313
5,0,24,铅钡,validation,204313
5,0,25,铅钡,train,204313
5,0,26,铅钡,train,204313
5,0,27,高钾,train,204313
5,0,28,铅钡,train,204313
5,0,29,铅钡,train,204313
5,0,30,铅钡,train,204313
5,0,31,铅钡,validation,204313
5,0,32,铅钡,train,204313
5,0,33,铅钡,train,204313
5,0,34,铅钡,train,204313
5,0,35,铅钡,validation,204313
5,0,36,铅钡,validation,204313
5,0,37,铅钡,train,204313
5,0,38,铅钡,train,204313
5,0,39,铅钡,train,204313
5,0,40,铅钡,train,204313
5,0,41,铅钡,train,204313
5,0,42,铅钡,train,204313
5,0,43,铅钡,train,204313
5,0,44,铅钡,validation,204313
5,0,45,铅钡,train,204313
5,0,46,铅钡,train,204313
5,0,47,铅钡,train,204313
5,0,48,铅钡,validation,204313
5,0,49,铅钡,train,204313
5,0,50,铅钡,train,204313
5,0,51,铅钡,train,204313
5,0,52,铅钡,validation,204313
5,0,53,铅钡,train,204313
5,0,54,铅钡,validation,204313
5,0,55,铅钡,train,204313
5,0,56,铅钡,train,204313
5,0,57,铅钡,train,204313
5,0,58,铅钡,train,204313
5,1,01,高钾,train,204313
5,1,02,铅钡,validation,204313
5,1,03,高钾,train,204313
5,1,04,高钾,train,204313
5,1,05,高钾,validation,204313
5,1,06,高钾,train,204313
5,1,07,高钾,train,204313
5,1,08,铅钡,train,204313
5,1,09,高钾,train,204313
5,1,10,高钾,train,204313
5,1,11,铅钡,validation,204313
5,1,12,高钾,train,204313
5,1,13,高钾,validation,204313
5,1,14,高钾,train,204313
5,1,16,高钾,train,204313
5,1,18,高钾,train,204313
5,1,19,铅钡,train,204313
5,1,20,铅钡,train,204313
5,1,21,高钾,train,204313
5,1,22,高钾,train,204313
5,1,23,铅钡,train,204313
5,1,24,铅钡,train,204313
5,1,25,铅钡,train,204313
5,1,26,铅钡,validation,204313
5,1,27,高钾,validation,204313
5,1,28,铅钡,train,204313
5,1,29,铅钡,train,204313
5,1,30,铅钡,train,204313
5,1,31,铅钡,train,204313
5,1,32,铅钡,train,204313
5,1,33,铅钡,validation,204313
5,1,34,铅钡,validation,204313
5,1,35,铅钡,train,204313
5,1,36,铅钡,train,204313
5,1,37,铅钡,train,204313
5,1,38,铅钡,train,204313
5,1,39,铅钡,train,204313
5,1,40,铅钡,train,204313
5,1,41,铅钡,train,204313
5,1,42,铅钡,train,204313
5,1,43,铅钡,train,204313
5,1,44,铅钡,train,204313
5,1,45,铅钡,train,204313
5,1,46,铅钡,train,204313
5,1,47,铅钡,validation,204313
5,1,48,铅钡,train,204313
5,1,49,铅钡,train,204313
5,1,50,铅钡,validation,204313
5,1,51,铅钡,train,204313
5,1,52,铅钡,train,204313
5,1,53,铅钡,validation,204313
5,1,54,铅钡,train,204313
5,1,55,铅钡,train,204313
5,1,56,铅钡,train,204313
5,1,57,铅钡,train,204313
5,1,58,铅钡,train,204313
5,2,01,高钾,train,204313
5,2,02,铅钡,train,204313
5,2,03,高钾,train,204313
5,2,04,高钾,train,204313
5,2,05,高钾,train,204313
5,2,06,高钾,validation,204313
5,2,07,高钾,train,204313
5,2,08,铅钡,train,204313
5,2,09,高钾,validation,204313
5,2,10,高钾,train,204313
5,2,11,铅钡,train,204313
5,2,12,高钾,validation,204313
5,2,13,高钾,train,204313
5,2,14,高钾,train,204313
5,2,16,高钾,train,204313
5,2,18,高钾,train,204313
5,2,19,铅钡,train,204313
5,2,20,铅钡,validation,204313
5,2,21,高钾,train,204313
5,2,22,高钾,train,204313
5,2,23,铅钡,validation,204313
5,2,24,铅钡,train,204313
5,2,25,铅钡,validation,204313
5,2,26,铅钡,train,204313
5,2,27,高钾,train,204313
5,2,28,铅钡,validation,204313
5,2,29,铅钡,train,204313
5,2,30,铅钡,validation,204313
5,2,31,铅钡,train,204313
5,2,32,铅钡,train,204313
5,2,33,铅钡,train,204313
5,2,34,铅钡,train,204313
5,2,35,铅钡,train,204313
5,2,36,铅钡,train,204313
5,2,37,铅钡,validation,204313
5,2,38,铅钡,train,204313
5,2,39,铅钡,train,204313
5,2,40,铅钡,train,204313
5,2,41,铅钡,train,204313
5,2,42,铅钡,train,204313
5,2,43,铅钡,train,204313
5,2,44,铅钡,train,204313
5,2,45,铅钡,train,204313
5,2,46,铅钡,train,204313
5,2,47,铅钡,train,204313
5,2,48,铅钡,train,204313
5,2,49,铅钡,train,204313
5,2,50,铅钡,train,204313
5,2,51,铅钡,validation,204313
5,2,52,铅钡,train,204313
5,2,53,铅钡,train,204313
5,2,54,铅钡,train,204313
5,2,55,铅钡,train,204313
5,2,56,铅钡,train,204313
5,2,57,铅钡,train,204313
5,2,58,铅钡,validation,204313
5,3,01,高钾,train,204313
5,3,02,铅钡,train,204313
5,3,03,高钾,validation,204313
5,3,04,高钾,train,204313
5,3,05,高钾,train,204313
5,3,06,高钾,train,204313
5,3,07,高钾,train,204313
5,3,08,铅钡,train,204313
5,3,09,高钾,train,204313
5,3,10,高钾,train,204313
5,3,11,铅钡,train,204313
5,3,12,高钾,train,204313
5,3,13,高钾,train,204313
5,3,14,高钾,train,204313
5,3,16,高钾,train,204313
5,3,18,高钾,validation,204313
5,3,19,铅钡,train,204313
5,3,20,铅钡,train,204313
5,3,21,高钾,validation,204313
5,3,22,高钾,validation,204313
5,3,23,铅钡,train,204313
5,3,24,铅钡,train,204313
5,3,25,铅钡,train,204313
5,3,26,铅钡,train,204313
5,3,27,高钾,train,204313
5,3,28,铅钡,train,204313
5,3,29,铅钡,train,204313
5,3,30,铅钡,train,204313
5,3,31,铅钡,train,204313
5,3,32,铅钡,validation,204313
5,3,33,铅钡,train,204313
5,3,34,铅钡,train,204313
5,3,35,铅钡,train,204313
5,3,36,铅钡,train,204313
5,3,37,铅钡,train,204313
5,3,38,铅钡,validation,204313
5,3,39,铅钡,train,204313
5,3,40,铅钡,validation,204313
5,3,41,铅钡,train,204313
5,3,42,铅钡,train,204313
5,3,43,铅钡,validation,204313
5,3,44,铅钡,train,204313
5,3,45,铅钡,validation,204313
5,3,46,铅钡,train,204313
5,3,47,铅钡,train,204313
5,3,48,铅钡,train,204313
5,3,49,铅钡,validation,204313
5,3,50,铅钡,train,204313
5,3,51,铅钡,train,204313
5,3,52,铅钡,train,204313
5,3,53,铅钡,train,204313
5,3,54,铅钡,train,204313
5,3,55,铅钡,validation,204313
5,3,56,铅钡,train,204313
5,3,57,铅钡,validation,204313
5,3,58,铅钡,train,204313
5,4,01,高钾,train,204313
5,4,02,铅钡,train,204313
5,4,03,高钾,train,204313
5,4,04,高钾,validation,204313
5,4,05,高钾,train,204313
5,4,06,高钾,train,204313
5,4,07,高钾,validation,204313
5,4,08,铅钡,validation,204313
5,4,09,高钾,train,204313
5,4,10,高钾,train,204313
5,4,11,铅钡,train,204313
5,4,12,高钾,train,204313
5,4,13,高钾,train,204313
5,4,14,高钾,train,204313
5,4,16,高钾,validation,204313
5,4,18,高钾,train,204313
5,4,19,铅钡,validation,204313
5,4,20,铅钡,train,204313
5,4,21,高钾,train,204313
5,4,22,高钾,train,204313
5,4,23,铅钡,train,204313
5,4,24,铅钡,train,204313
5,4,25,铅钡,train,204313
5,4,26,铅钡,train,204313
5,4,27,高钾,train,204313
5,4,28,铅钡,train,204313
5,4,29,铅钡,validation,204313
5,4,30,铅钡,train,204313
5,4,31,铅钡,train,204313
5,4,32,铅钡,train,204313
5,4,33,铅钡,train,204313
5,4,34,铅钡,train,204313
5,4,35,铅钡,train,204313
5,4,36,铅钡,train,204313
5,4,37,铅钡,train,204313
5,4,38,铅钡,train,204313
5,4,39,铅钡,validation,204313
5,4,40,铅钡,train,204313
5,4,41,铅钡,validation,204313
5,4,42,铅钡,validation,204313
5,4,43,铅钡,train,204313
5,4,44,铅钡,train,204313
5,4,45,铅钡,train,204313
5,4,46,铅钡,validation,204313
5,4,47,铅钡,train,204313
5,4,48,铅钡,train,204313
5,4,49,铅钡,train,204313
5,4,50,铅钡,train,204313
5,4,51,铅钡,train,204313
5,4,52,铅钡,train,204313
5,4,53,铅钡,train,204313
5,4,54,铅钡,train,204313
5,4,55,铅钡,train,204313
5,4,56,铅钡,validation,204313
5,4,57,铅钡,train,204313
5,4,58,铅钡,train,204313
6,0,01,高钾,train,204314
6,0,02,铅钡,train,204314
6,0,03,高钾,validation,204314
6,0,04,高钾,train,204314
6,0,05,高钾,train,204314
6,0,06,高钾,train,204314
6,0,07,高钾,train,204314
6,0,08,铅钡,train,204314
6,0,09,高钾,train,204314
6,0,10,高钾,train,204314
6,0,11,铅钡,train,204314
6,0,12,高钾,validation,204314
6,0,13,高钾,train,204314
6,0,14,高钾,validation,204314
6,0,16,高钾,train,204314
6,0,18,高钾,train,204314
6,0,19,铅钡,validation,204314
6,0,20,铅钡,validation,204314
6,0,21,高钾,train,204314
6,0,22,高钾,train,204314
6,0,23,铅钡,train,204314
6,0,24,铅钡,train,204314
6,0,25,铅钡,train,204314
6,0,26,铅钡,validation,204314
6,0,27,高钾,train,204314
6,0,28,铅钡,validation,204314
6,0,29,铅钡,train,204314
6,0,30,铅钡,validation,204314
6,0,31,铅钡,train,204314
6,0,32,铅钡,train,204314
6,0,33,铅钡,train,204314
6,0,34,铅钡,validation,204314
6,0,35,铅钡,train,204314
6,0,36,铅钡,validation,204314
6,0,37,铅钡,train,204314
6,0,38,铅钡,train,204314
6,0,39,铅钡,train,204314
6,0,40,铅钡,train,204314
6,0,41,铅钡,train,204314
6,0,42,铅钡,train,204314
6,0,43,铅钡,train,204314
6,0,44,铅钡,train,204314
6,0,45,铅钡,train,204314
6,0,46,铅钡,train,204314
6,0,47,铅钡,validation,204314
6,0,48,铅钡,train,204314
6,0,49,铅钡,train,204314
6,0,50,铅钡,train,204314
6,0,51,铅钡,train,204314
6,0,52,铅钡,train,204314
6,0,53,铅钡,train,204314
6,0,54,铅钡,train,204314
6,0,55,铅钡,train,204314
6,0,56,铅钡,train,204314
6,0,57,铅钡,train,204314
6,0,58,铅钡,train,204314
6,1,01,高钾,train,204314
6,1,02,铅钡,train,204314
6,1,03,高钾,train,204314
6,1,04,高钾,train,204314
6,1,05,高钾,train,204314
6,1,06,高钾,validation,204314
6,1,07,高钾,validation,204314
6,1,08,铅钡,validation,204314
6,1,09,高钾,train,204314
6,1,10,高钾,train,204314
6,1,11,铅钡,train,204314
6,1,12,高钾,train,204314
6,1,13,高钾,train,204314
6,1,14,高钾,train,204314
6,1,16,高钾,validation,204314
6,1,18,高钾,train,204314
6,1,19,铅钡,train,204314
6,1,20,铅钡,train,204314
6,1,21,高钾,train,204314
6,1,22,高钾,train,204314
6,1,23,铅钡,validation,204314
6,1,24,铅钡,train,204314
6,1,25,铅钡,train,204314
6,1,26,铅钡,train,204314
6,1,27,高钾,train,204314
6,1,28,铅钡,train,204314
6,1,29,铅钡,train,204314
6,1,30,铅钡,train,204314
6,1,31,铅钡,train,204314
6,1,32,铅钡,train,204314
6,1,33,铅钡,train,204314
6,1,34,铅钡,train,204314
6,1,35,铅钡,train,204314
6,1,36,铅钡,train,204314
6,1,37,铅钡,train,204314
6,1,38,铅钡,train,204314
6,1,39,铅钡,validation,204314
6,1,40,铅钡,train,204314
6,1,41,铅钡,train,204314
6,1,42,铅钡,validation,204314
6,1,43,铅钡,validation,204314
6,1,44,铅钡,train,204314
6,1,45,铅钡,validation,204314
6,1,46,铅钡,train,204314
6,1,47,铅钡,train,204314
6,1,48,铅钡,validation,204314
6,1,49,铅钡,train,204314
6,1,50,铅钡,train,204314
6,1,51,铅钡,train,204314
6,1,52,铅钡,validation,204314
6,1,53,铅钡,train,204314
6,1,54,铅钡,train,204314
6,1,55,铅钡,train,204314
6,1,56,铅钡,train,204314
6,1,57,铅钡,train,204314
6,1,58,铅钡,train,204314
6,2,01,高钾,train,204314
6,2,02,铅钡,train,204314
6,2,03,高钾,train,204314
6,2,04,高钾,train,204314
6,2,05,高钾,validation,204314
6,2,06,高钾,train,204314
6,2,07,高钾,train,204314
6,2,08,铅钡,train,204314
6,2,09,高钾,validation,204314
6,2,10,高钾,train,204314
6,2,11,铅钡,train,204314
6,2,12,高钾,train,204314
6,2,13,高钾,train,204314
6,2,14,高钾,train,204314
6,2,16,高钾,train,204314
6,2,18,高钾,train,204314
6,2,19,铅钡,train,204314
6,2,20,铅钡,train,204314
6,2,21,高钾,validation,204314
6,2,22,高钾,train,204314
6,2,23,铅钡,train,204314
6,2,24,铅钡,train,204314
6,2,25,铅钡,validation,204314
6,2,26,铅钡,train,204314
6,2,27,高钾,train,204314
6,2,28,铅钡,train,204314
6,2,29,铅钡,train,204314
6,2,30,铅钡,train,204314
6,2,31,铅钡,validation,204314
6,2,32,铅钡,train,204314
6,2,33,铅钡,validation,204314
6,2,34,铅钡,train,204314
6,2,35,铅钡,validation,204314
6,2,36,铅钡,train,204314
6,2,37,铅钡,train,204314
6,2,38,铅钡,validation,204314
6,2,39,铅钡,train,204314
6,2,40,铅钡,train,204314
6,2,41,铅钡,train,204314
6,2,42,铅钡,train,204314
6,2,43,铅钡,train,204314
6,2,44,铅钡,validation,204314
6,2,45,铅钡,train,204314
6,2,46,铅钡,train,204314
6,2,47,铅钡,train,204314
6,2,48,铅钡,train,204314
6,2,49,铅钡,train,204314
6,2,50,铅钡,train,204314
6,2,51,铅钡,train,204314
6,2,52,铅钡,train,204314
6,2,53,铅钡,train,204314
6,2,54,铅钡,train,204314
6,2,55,铅钡,train,204314
6,2,56,铅钡,validation,204314
6,2,57,铅钡,train,204314
6,2,58,铅钡,validation,204314
6,3,01,高钾,train,204314
6,3,02,铅钡,train,204314
6,3,03,高钾,train,204314
6,3,04,高钾,validation,204314
6,3,05,高钾,train,204314
6,3,06,高钾,train,204314
6,3,07,高钾,train,204314
6,3,08,铅钡,train,204314
6,3,09,高钾,train,204314
6,3,10,高钾,validation,204314
6,3,11,铅钡,validation,204314
6,3,12,高钾,train,204314
6,3,13,高钾,train,204314
6,3,14,高钾,train,204314
6,3,16,高钾,train,204314
6,3,18,高钾,train,204314
6,3,19,铅钡,train,204314
6,3,20,铅钡,train,204314
6,3,21,高钾,train,204314
6,3,22,高钾,validation,204314
6,3,23,铅钡,train,204314
6,3,24,铅钡,validation,204314
6,3,25,铅钡,train,204314
6,3,26,铅钡,train,204314
6,3,27,高钾,validation,204314
6,3,28,铅钡,train,204314
6,3,29,铅钡,validation,204314
6,3,30,铅钡,train,204314
6,3,31,铅钡,train,204314
6,3,32,铅钡,train,204314
6,3,33,铅钡,train,204314
6,3,34,铅钡,train,204314
6,3,35,铅钡,train,204314
6,3,36,铅钡,train,204314
6,3,37,铅钡,validation,204314
6,3,38,铅钡,train,204314
6,3,39,铅钡,train,204314
6,3,40,铅钡,validation,204314
6,3,41,铅钡,train,204314
6,3,42,铅钡,train,204314
6,3,43,铅钡,train,204314
6,3,44,铅钡,train,204314
6,3,45,铅钡,train,204314
6,3,46,铅钡,train,204314
6,3,47,铅钡,train,204314
6,3,48,铅钡,train,204314
6,3,49,铅钡,train,204314
6,3,50,铅钡,validation,204314
6,3,51,铅钡,train,204314
6,3,52,铅钡,train,204314
6,3,53,铅钡,validation,204314
6,3,54,铅钡,train,204314
6,3,55,铅钡,validation,204314
6,3,56,铅钡,train,204314
6,3,57,铅钡,train,204314
6,3,58,铅钡,train,204314
6,4,01,高钾,validation,204314
6,4,02,铅钡,validation,204314
6,4,03,高钾,train,204314
6,4,04,高钾,train,204314
6,4,05,高钾,train,204314
6,4,06,高钾,train,204314
6,4,07,高钾,train,204314
6,4,08,铅钡,train,204314
6,4,09,高钾,train,204314
6,4,10,高钾,train,204314
6,4,11,铅钡,train,204314
6,4,12,高钾,train,204314
6,4,13,高钾,validation,204314
6,4,14,高钾,train,204314
6,4,16,高钾,train,204314
6,4,18,高钾,validation,204314
6,4,19,铅钡,train,204314
6,4,20,铅钡,train,204314
6,4,21,高钾,train,204314
6,4,22,高钾,train,204314
6,4,23,铅钡,train,204314
6,4,24,铅钡,train,204314
6,4,25,铅钡,train,204314
6,4,26,铅钡,train,204314
6,4,27,高钾,train,204314
6,4,28,铅钡,train,204314
6,4,29,铅钡,train,204314
6,4,30,铅钡,train,204314
6,4,31,铅钡,train,204314
6,4,32,铅钡,validation,204314
6,4,33,铅钡,train,204314
6,4,34,铅钡,train,204314
6,4,35,铅钡,train,204314
6,4,36,铅钡,train,204314
6,4,37,铅钡,train,204314
6,4,38,铅钡,train,204314
6,4,39,铅钡,train,204314
6,4,40,铅钡,train,204314
6,4,41,铅钡,validation,204314
6,4,42,铅钡,train,204314
6,4,43,铅钡,train,204314
6,4,44,铅钡,train,204314
6,4,45,铅钡,train,204314
6,4,46,铅钡,validation,204314
6,4,47,铅钡,train,204314
6,4,48,铅钡,train,204314
6,4,49,铅钡,validation,204314
6,4,50,铅钡,train,204314
6,4,51,铅钡,validation,204314
6,4,52,铅钡,train,204314
6,4,53,铅钡,train,204314
6,4,54,铅钡,validation,204314
6,4,55,铅钡,train,204314
6,4,56,铅钡,train,204314
6,4,57,铅钡,validation,204314
6,4,58,铅钡,train,204314
7,0,01,高钾,train,204315
7,0,02,铅钡,train,204315
7,0,03,高钾,train,204315
7,0,04,高钾,train,204315
7,0,05,高钾,train,204315
7,0,06,高钾,validation,204315
7,0,07,高钾,train,204315
7,0,08,铅钡,validation,204315
7,0,09,高钾,train,204315
7,0,10,高钾,train,204315
7,0,11,铅钡,train,204315
7,0,12,高钾,validation,204315
7,0,13,高钾,train,204315
7,0,14,高钾,train,204315
7,0,16,高钾,train,204315
7,0,18,高钾,validation,204315
7,0,19,铅钡,train,204315
7,0,20,铅钡,train,204315
7,0,21,高钾,train,204315
7,0,22,高钾,train,204315
7,0,23,铅钡,validation,204315
7,0,24,铅钡,train,204315
7,0,25,铅钡,train,204315
7,0,26,铅钡,train,204315
7,0,27,高钾,train,204315
7,0,28,铅钡,train,204315
7,0,29,铅钡,train,204315
7,0,30,铅钡,validation,204315
7,0,31,铅钡,train,204315
7,0,32,铅钡,train,204315
7,0,33,铅钡,train,204315
7,0,34,铅钡,train,204315
7,0,35,铅钡,train,204315
7,0,36,铅钡,validation,204315
7,0,37,铅钡,train,204315
7,0,38,铅钡,validation,204315
7,0,39,铅钡,train,204315
7,0,40,铅钡,train,204315
7,0,41,铅钡,train,204315
7,0,42,铅钡,train,204315
7,0,43,铅钡,train,204315
7,0,44,铅钡,train,204315
7,0,45,铅钡,train,204315
7,0,46,铅钡,validation,204315
7,0,47,铅钡,train,204315
7,0,48,铅钡,train,204315
7,0,49,铅钡,train,204315
7,0,50,铅钡,validation,204315
7,0,51,铅钡,train,204315
7,0,52,铅钡,train,204315
7,0,53,铅钡,train,204315
7,0,54,铅钡,train,204315
7,0,55,铅钡,train,204315
7,0,56,铅钡,validation,204315
7,0,57,铅钡,train,204315
7,0,58,铅钡,train,204315
7,1,01,高钾,train,204315
7,1,02,铅钡,validation,204315
7,1,03,高钾,train,204315
7,1,04,高钾,validation,204315
7,1,05,高钾,validation,204315
7,1,06,高钾,train,204315
7,1,07,高钾,train,204315
7,1,08,铅钡,train,204315
7,1,09,高钾,train,204315
7,1,10,高钾,train,204315
7,1,11,铅钡,train,204315
7,1,12,高钾,train,204315
7,1,13,高钾,train,204315
7,1,14,高钾,train,204315
7,1,16,高钾,train,204315
7,1,18,高钾,train,204315
7,1,19,铅钡,validation,204315
7,1,20,铅钡,train,204315
7,1,21,高钾,train,204315
7,1,22,高钾,validation,204315
7,1,23,铅钡,train,204315
7,1,24,铅钡,train,204315
7,1,25,铅钡,train,204315
7,1,26,铅钡,train,204315
7,1,27,高钾,train,204315
7,1,28,铅钡,train,204315
7,1,29,铅钡,validation,204315
7,1,30,铅钡,train,204315
7,1,31,铅钡,train,204315
7,1,32,铅钡,train,204315
7,1,33,铅钡,train,204315
7,1,34,铅钡,validation,204315
7,1,35,铅钡,train,204315
7,1,36,铅钡,train,204315
7,1,37,铅钡,train,204315
7,1,38,铅钡,train,204315
7,1,39,铅钡,train,204315
7,1,40,铅钡,train,204315
7,1,41,铅钡,train,204315
7,1,42,铅钡,train,204315
7,1,43,铅钡,validation,204315
7,1,44,铅钡,validation,204315
7,1,45,铅钡,train,204315
7,1,46,铅钡,train,204315
7,1,47,铅钡,train,204315
7,1,48,铅钡,train,204315
7,1,49,铅钡,validation,204315
7,1,50,铅钡,train,204315
7,1,51,铅钡,train,204315
7,1,52,铅钡,validation,204315
7,1,53,铅钡,train,204315
7,1,54,铅钡,train,204315
7,1,55,铅钡,train,204315
7,1,56,铅钡,train,204315
7,1,57,铅钡,train,204315
7,1,58,铅钡,train,204315
7,2,01,高钾,train,204315
7,2,02,铅钡,train,204315
7,2,03,高钾,train,204315
7,2,04,高钾,train,204315
7,2,05,高钾,train,204315
7,2,06,高钾,train,204315
7,2,07,高钾,validation,204315
7,2,08,铅钡,train,204315
7,2,09,高钾,train,204315
7,2,10,高钾,train,204315
7,2,11,铅钡,validation,204315
7,2,12,高钾,train,204315
7,2,13,高钾,train,204315
7,2,14,高钾,validation,204315
7,2,16,高钾,validation,204315
7,2,18,高钾,train,204315
7,2,19,铅钡,train,204315
7,2,20,铅钡,validation,204315
7,2,21,高钾,train,204315
7,2,22,高钾,train,204315
7,2,23,铅钡,train,204315
7,2,24,铅钡,train,204315
7,2,25,铅钡,validation,204315
7,2,26,铅钡,validation,204315
7,2,27,高钾,train,204315
7,2,28,铅钡,validation,204315
7,2,29,铅钡,train,204315
7,2,30,铅钡,train,204315
7,2,31,铅钡,train,204315
7,2,32,铅钡,train,204315
7,2,33,铅钡,train,204315
7,2,34,铅钡,train,204315
7,2,35,铅钡,train,204315
7,2,36,铅钡,train,204315
7,2,37,铅钡,train,204315
7,2,38,铅钡,train,204315
7,2,39,铅钡,train,204315
7,2,40,铅钡,train,204315
7,2,41,铅钡,train,204315
7,2,42,铅钡,train,204315
7,2,43,铅钡,train,204315
7,2,44,铅钡,train,204315
7,2,45,铅钡,train,204315
7,2,46,铅钡,train,204315
7,2,47,铅钡,train,204315
7,2,48,铅钡,train,204315
7,2,49,铅钡,train,204315
7,2,50,铅钡,train,204315
7,2,51,铅钡,train,204315
7,2,52,铅钡,train,204315
7,2,53,铅钡,train,204315
7,2,54,铅钡,train,204315
7,2,55,铅钡,validation,204315
7,2,56,铅钡,train,204315
7,2,57,铅钡,validation,204315
7,2,58,铅钡,validation,204315
7,3,01,高钾,train,204315
7,3,02,铅钡,train,204315
7,3,03,高钾,validation,204315
7,3,04,高钾,train,204315
7,3,05,高钾,train,204315
7,3,06,高钾,train,204315
7,3,07,高钾,train,204315
7,3,08,铅钡,train,204315
7,3,09,高钾,validation,204315
7,3,10,高钾,validation,204315
7,3,11,铅钡,train,204315
7,3,12,高钾,train,204315
7,3,13,高钾,validation,204315
7,3,14,高钾,train,204315
7,3,16,高钾,train,204315
7,3,18,高钾,train,204315
7,3,19,铅钡,train,204315
7,3,20,铅钡,train,204315
7,3,21,高钾,train,204315
7,3,22,高钾,train,204315
7,3,23,铅钡,train,204315
7,3,24,铅钡,train,204315
7,3,25,铅钡,train,204315
7,3,26,铅钡,train,204315
7,3,27,高钾,train,204315
7,3,28,铅钡,train,204315
7,3,29,铅钡,train,204315
7,3,30,铅钡,train,204315
7,3,31,铅钡,train,204315
7,3,32,铅钡,train,204315
7,3,33,铅钡,validation,204315
7,3,34,铅钡,train,204315
7,3,35,铅钡,train,204315
7,3,36,铅钡,train,204315
7,3,37,铅钡,validation,204315
7,3,38,铅钡,train,204315
7,3,39,铅钡,train,204315
7,3,40,铅钡,validation,204315
7,3,41,铅钡,validation,204315
7,3,42,铅钡,train,204315
7,3,43,铅钡,train,204315
7,3,44,铅钡,train,204315
7,3,45,铅钡,validation,204315
7,3,46,铅钡,train,204315
7,3,47,铅钡,validation,204315
7,3,48,铅钡,train,204315
7,3,49,铅钡,train,204315
7,3,50,铅钡,train,204315
7,3,51,铅钡,validation,204315
7,3,52,铅钡,train,204315
7,3,53,铅钡,train,204315
7,3,54,铅钡,validation,204315
7,3,55,铅钡,train,204315
7,3,56,铅钡,train,204315
7,3,57,铅钡,train,204315
7,3,58,铅钡,train,204315
7,4,01,高钾,validation,204315
7,4,02,铅钡,train,204315
7,4,03,高钾,train,204315
7,4,04,高钾,train,204315
7,4,05,高钾,train,204315
7,4,06,高钾,train,204315
7,4,07,高钾,train,204315
7,4,08,铅钡,train,204315
7,4,09,高钾,train,204315
7,4,10,高钾,train,204315
7,4,11,铅钡,train,204315
7,4,12,高钾,train,204315
7,4,13,高钾,train,204315
7,4,14,高钾,train,204315
7,4,16,高钾,train,204315
7,4,18,高钾,train,204315
7,4,19,铅钡,train,204315
7,4,20,铅钡,train,204315
7,4,21,高钾,validation,204315
7,4,22,高钾,train,204315
7,4,23,铅钡,train,204315
7,4,24,铅钡,validation,204315
7,4,25,铅钡,train,204315
7,4,26,铅钡,train,204315
7,4,27,高钾,validation,204315
7,4,28,铅钡,train,204315
7,4,29,铅钡,train,204315
7,4,30,铅钡,train,204315
7,4,31,铅钡,validation,204315
7,4,32,铅钡,validation,204315
7,4,33,铅钡,train,204315
7,4,34,铅钡,train,204315
7,4,35,铅钡,validation,204315
7,4,36,铅钡,train,204315
7,4,37,铅钡,train,204315
7,4,38,铅钡,train,204315
7,4,39,铅钡,validation,204315
7,4,40,铅钡,train,204315
7,4,41,铅钡,train,204315
7,4,42,铅钡,validation,204315
7,4,43,铅钡,train,204315
7,4,44,铅钡,train,204315
7,4,45,铅钡,train,204315
7,4,46,铅钡,train,204315
7,4,47,铅钡,train,204315
7,4,48,铅钡,validation,204315
7,4,49,铅钡,train,204315
7,4,50,铅钡,train,204315
7,4,51,铅钡,train,204315
7,4,52,铅钡,train,204315
7,4,53,铅钡,validation,204315
7,4,54,铅钡,train,204315
7,4,55,铅钡,train,204315
7,4,56,铅钡,train,204315
7,4,57,铅钡,train,204315
7,4,58,铅钡,train,204315
8,0,01,高钾,train,204316
8,0,02,铅钡,train,204316
8,0,03,高钾,validation,204316
8,0,04,高钾,train,204316
8,0,05,高钾,train,204316
8,0,06,高钾,validation,204316
8,0,07,高钾,train,204316
8,0,08,铅钡,validation,204316
8,0,09,高钾,train,204316
8,0,10,高钾,validation,204316
8,0,11,铅钡,validation,204316
8,0,12,高钾,train,204316
8,0,13,高钾,train,204316
8,0,14,高钾,validation,204316
8,0,16,高钾,train,204316
8,0,18,高钾,train,204316
8,0,19,铅钡,train,204316
8,0,20,铅钡,train,204316
8,0,21,高钾,train,204316
8,0,22,高钾,train,204316
8,0,23,铅钡,train,204316
8,0,24,铅钡,train,204316
8,0,25,铅钡,train,204316
8,0,26,铅钡,train,204316
8,0,27,高钾,train,204316
8,0,28,铅钡,train,204316
8,0,29,铅钡,validation,204316
8,0,30,铅钡,train,204316
8,0,31,铅钡,validation,204316
8,0,32,铅钡,train,204316
8,0,33,铅钡,train,204316
8,0,34,铅钡,train,204316
8,0,35,铅钡,train,204316
8,0,36,铅钡,train,204316
8,0,37,铅钡,train,204316
8,0,38,铅钡,train,204316
8,0,39,铅钡,train,204316
8,0,40,铅钡,train,204316
8,0,41,铅钡,validation,204316
8,0,42,铅钡,train,204316
8,0,43,铅钡,train,204316
8,0,44,铅钡,train,204316
8,0,45,铅钡,train,204316
8,0,46,铅钡,train,204316
8,0,47,铅钡,train,204316
8,0,48,铅钡,validation,204316
8,0,49,铅钡,train,204316
8,0,50,铅钡,train,204316
8,0,51,铅钡,validation,204316
8,0,52,铅钡,train,204316
8,0,53,铅钡,validation,204316
8,0,54,铅钡,train,204316
8,0,55,铅钡,train,204316
8,0,56,铅钡,train,204316
8,0,57,铅钡,train,204316
8,0,58,铅钡,train,204316
8,1,01,高钾,train,204316
8,1,02,铅钡,train,204316
8,1,03,高钾,train,204316
8,1,04,高钾,validation,204316
8,1,05,高钾,train,204316
8,1,06,高钾,train,204316
8,1,07,高钾,train,204316
8,1,08,铅钡,train,204316
8,1,09,高钾,train,204316
8,1,10,高钾,train,204316
8,1,11,铅钡,train,204316
8,1,12,高钾,validation,204316
8,1,13,高钾,train,204316
8,1,14,高钾,train,204316
8,1,16,高钾,train,204316
8,1,18,高钾,validation,204316
8,1,19,铅钡,train,204316
8,1,20,铅钡,validation,204316
8,1,21,高钾,train,204316
8,1,22,高钾,train,204316
8,1,23,铅钡,train,204316
8,1,24,铅钡,train,204316
8,1,25,铅钡,train,204316
8,1,26,铅钡,train,204316
8,1,27,高钾,train,204316
8,1,28,铅钡,validation,204316
8,1,29,铅钡,train,204316
8,1,30,铅钡,train,204316
8,1,31,铅钡,train,204316
8,1,32,铅钡,train,204316
8,1,33,铅钡,train,204316
8,1,34,铅钡,validation,204316
8,1,35,铅钡,train,204316
8,1,36,铅钡,train,204316
8,1,37,铅钡,train,204316
8,1,38,铅钡,train,204316
8,1,39,铅钡,train,204316
8,1,40,铅钡,train,204316
8,1,41,铅钡,train,204316
8,1,42,铅钡,validation,204316
8,1,43,铅钡,train,204316
8,1,44,铅钡,train,204316
8,1,45,铅钡,train,204316
8,1,46,铅钡,train,204316
8,1,47,铅钡,train,204316
8,1,48,铅钡,train,204316
8,1,49,铅钡,validation,204316
8,1,50,铅钡,train,204316
8,1,51,铅钡,train,204316
8,1,52,铅钡,train,204316
8,1,53,铅钡,train,204316
8,1,54,铅钡,train,204316
8,1,55,铅钡,validation,204316
8,1,56,铅钡,validation,204316
8,1,57,铅钡,validation,204316
8,1,58,铅钡,train,204316
8,2,01,高钾,train,204316
8,2,02,铅钡,train,204316
8,2,03,高钾,train,204316
8,2,04,高钾,train,204316
8,2,05,高钾,validation,204316
8,2,06,高钾,train,204316
8,2,07,高钾,validation,204316
8,2,08,铅钡,train,204316
8,2,09,高钾,validation,204316
8,2,10,高钾,train,204316
8,2,11,铅钡,train,204316
8,2,12,高钾,train,204316
8,2,13,高钾,train,204316
8,2,14,高钾,train,204316
8,2,16,高钾,train,204316
8,2,18,高钾,train,204316
8,2,19,铅钡,validation,204316
8,2,20,铅钡,train,204316
8,2,21,高钾,train,204316
8,2,22,高钾,train,204316
8,2,23,铅钡,train,204316
8,2,24,铅钡,validation,204316
8,2,25,铅钡,train,204316
8,2,26,铅钡,train,204316
8,2,27,高钾,train,204316
8,2,28,铅钡,train,204316
8,2,29,铅钡,train,204316
8,2,30,铅钡,validation,204316
8,2,31,铅钡,train,204316
8,2,32,铅钡,train,204316
8,2,33,铅钡,train,204316
8,2,34,铅钡,train,204316
8,2,35,铅钡,train,204316
8,2,36,铅钡,train,204316
8,2,37,铅钡,train,204316
8,2,38,铅钡,validation,204316
8,2,39,铅钡,train,204316
8,2,40,铅钡,train,204316
8,2,41,铅钡,train,204316
8,2,42,铅钡,train,204316
8,2,43,铅钡,train,204316
8,2,44,铅钡,train,204316
8,2,45,铅钡,validation,204316
8,2,46,铅钡,validation,204316
8,2,47,铅钡,train,204316
8,2,48,铅钡,train,204316
8,2,49,铅钡,train,204316
8,2,50,铅钡,validation,204316
8,2,51,铅钡,train,204316
8,2,52,铅钡,train,204316
8,2,53,铅钡,train,204316
8,2,54,铅钡,validation,204316
8,2,55,铅钡,train,204316
8,2,56,铅钡,train,204316
8,2,57,铅钡,train,204316
8,2,58,铅钡,train,204316
8,3,01,高钾,train,204316
8,3,02,铅钡,train,204316
8,3,03,高钾,train,204316
8,3,04,高钾,train,204316
8,3,05,高钾,train,204316
8,3,06,高钾,train,204316
8,3,07,高钾,train,204316
8,3,08,铅钡,train,204316
8,3,09,高钾,train,204316
8,3,10,高钾,train,204316
8,3,11,铅钡,train,204316
8,3,12,高钾,train,204316
8,3,13,高钾,validation,204316
8,3,14,高钾,train,204316
8,3,16,高钾,validation,204316
8,3,18,高钾,train,204316
8,3,19,铅钡,train,204316
8,3,20,铅钡,train,204316
8,3,21,高钾,train,204316
8,3,22,高钾,train,204316
8,3,23,铅钡,validation,204316
8,3,24,铅钡,train,204316
8,3,25,铅钡,validation,204316
8,3,26,铅钡,validation,204316
8,3,27,高钾,validation,204316
8,3,28,铅钡,train,204316
8,3,29,铅钡,train,204316
8,3,30,铅钡,train,204316
8,3,31,铅钡,train,204316
8,3,32,铅钡,train,204316
8,3,33,铅钡,validation,204316
8,3,34,铅钡,train,204316
8,3,35,铅钡,validation,204316
8,3,36,铅钡,train,204316
8,3,37,铅钡,train,204316
8,3,38,铅钡,train,204316
8,3,39,铅钡,train,204316
8,3,40,铅钡,train,204316
8,3,41,铅钡,train,204316
8,3,42,铅钡,train,204316
8,3,43,铅钡,train,204316
8,3,44,铅钡,validation,204316
8,3,45,铅钡,train,204316
8,3,46,铅钡,train,204316
8,3,47,铅钡,validation,204316
8,3,48,铅钡,train,204316
8,3,49,铅钡,train,204316
8,3,50,铅钡,train,204316
8,3,51,铅钡,train,204316
8,3,52,铅钡,validation,204316
8,3,53,铅钡,train,204316
8,3,54,铅钡,train,204316
8,3,55,铅钡,train,204316
8,3,56,铅钡,train,204316
8,3,57,铅钡,train,204316
8,3,58,铅钡,train,204316
8,4,01,高钾,validation,204316
8,4,02,铅钡,validation,204316
8,4,03,高钾,train,204316
8,4,04,高钾,train,204316
8,4,05,高钾,train,204316
8,4,06,高钾,train,204316
8,4,07,高钾,train,204316
8,4,08,铅钡,train,204316
8,4,09,高钾,train,204316
8,4,10,高钾,train,204316
8,4,11,铅钡,train,204316
8,4,12,高钾,train,204316
8,4,13,高钾,train,204316
8,4,14,高钾,train,204316
8,4,16,高钾,train,204316
8,4,18,高钾,train,204316
8,4,19,铅钡,train,204316
8,4,20,铅钡,train,204316
8,4,21,高钾,validation,204316
8,4,22,高钾,validation,204316
8,4,23,铅钡,train,204316
8,4,24,铅钡,train,204316
8,4,25,铅钡,train,204316
8,4,26,铅钡,train,204316
8,4,27,高钾,train,204316
8,4,28,铅钡,train,204316
8,4,29,铅钡,train,204316
8,4,30,铅钡,train,204316
8,4,31,铅钡,train,204316
8,4,32,铅钡,validation,204316
8,4,33,铅钡,train,204316
8,4,34,铅钡,train,204316
8,4,35,铅钡,train,204316
8,4,36,铅钡,validation,204316
8,4,37,铅钡,validation,204316
8,4,38,铅钡,train,204316
8,4,39,铅钡,validation,204316
8,4,40,铅钡,validation,204316
8,4,41,铅钡,train,204316
8,4,42,铅钡,train,204316
8,4,43,铅钡,validation,204316
8,4,44,铅钡,train,204316
8,4,45,铅钡,train,204316
8,4,46,铅钡,train,204316
8,4,47,铅钡,train,204316
8,4,48,铅钡,train,204316
8,4,49,铅钡,train,204316
8,4,50,铅钡,train,204316
8,4,51,铅钡,train,204316
8,4,52,铅钡,train,204316
8,4,53,铅钡,train,204316
8,4,54,铅钡,train,204316
8,4,55,铅钡,train,204316
8,4,56,铅钡,train,204316
8,4,57,铅钡,train,204316
8,4,58,铅钡,validation,204316
9,0,01,高钾,train,204317
9,0,02,铅钡,train,204317
9,0,03,高钾,train,204317
9,0,04,高钾,train,204317
9,0,05,高钾,train,204317
9,0,06,高钾,validation,204317
9,0,07,高钾,train,204317
9,0,08,铅钡,train,204317
9,0,09,高钾,train,204317
9,0,10,高钾,validation,204317
9,0,11,铅钡,train,204317
9,0,12,高钾,train,204317
9,0,13,高钾,train,204317
9,0,14,高钾,validation,204317
9,0,16,高钾,train,204317
9,0,18,高钾,validation,204317
9,0,19,铅钡,train,204317
9,0,20,铅钡,train,204317
9,0,21,高钾,train,204317
9,0,22,高钾,train,204317
9,0,23,铅钡,validation,204317
9,0,24,铅钡,train,204317
9,0,25,铅钡,train,204317
9,0,26,铅钡,train,204317
9,0,27,高钾,train,204317
9,0,28,铅钡,validation,204317
9,0,29,铅钡,train,204317
9,0,30,铅钡,train,204317
9,0,31,铅钡,train,204317
9,0,32,铅钡,train,204317
9,0,33,铅钡,validation,204317
9,0,34,铅钡,train,204317
9,0,35,铅钡,validation,204317
9,0,36,铅钡,train,204317
9,0,37,铅钡,train,204317
9,0,38,铅钡,validation,204317
9,0,39,铅钡,train,204317
9,0,40,铅钡,train,204317
9,0,41,铅钡,validation,204317
9,0,42,铅钡,train,204317
9,0,43,铅钡,train,204317
9,0,44,铅钡,train,204317
9,0,45,铅钡,train,204317
9,0,46,铅钡,train,204317
9,0,47,铅钡,train,204317
9,0,48,铅钡,train,204317
9,0,49,铅钡,validation,204317
9,0,50,铅钡,validation,204317
9,0,51,铅钡,train,204317
9,0,52,铅钡,train,204317
9,0,53,铅钡,train,204317
9,0,54,铅钡,train,204317
9,0,55,铅钡,train,204317
9,0,56,铅钡,train,204317
9,0,57,铅钡,train,204317
9,0,58,铅钡,train,204317
9,1,01,高钾,validation,204317
9,1,02,铅钡,train,204317
9,1,03,高钾,train,204317
9,1,04,高钾,train,204317
9,1,05,高钾,train,204317
9,1,06,高钾,train,204317
9,1,07,高钾,train,204317
9,1,08,铅钡,validation,204317
9,1,09,高钾,validation,204317
9,1,10,高钾,train,204317
9,1,11,铅钡,validation,204317
9,1,12,高钾,train,204317
9,1,13,高钾,train,204317
9,1,14,高钾,train,204317
9,1,16,高钾,train,204317
9,1,18,高钾,train,204317
9,1,19,铅钡,train,204317
9,1,20,铅钡,validation,204317
9,1,21,高钾,train,204317
9,1,22,高钾,train,204317
9,1,23,铅钡,train,204317
9,1,24,铅钡,train,204317
9,1,25,铅钡,validation,204317
9,1,26,铅钡,train,204317
9,1,27,高钾,validation,204317
9,1,28,铅钡,train,204317
9,1,29,铅钡,train,204317
9,1,30,铅钡,train,204317
9,1,31,铅钡,train,204317
9,1,32,铅钡,train,204317
9,1,33,铅钡,train,204317
9,1,34,铅钡,train,204317
9,1,35,铅钡,train,204317
9,1,36,铅钡,train,204317
9,1,37,铅钡,train,204317
9,1,38,铅钡,train,204317
9,1,39,铅钡,train,204317
9,1,40,铅钡,train,204317
9,1,41,铅钡,train,204317
9,1,42,铅钡,train,204317
9,1,43,铅钡,train,204317
9,1,44,铅钡,train,204317
9,1,45,铅钡,train,204317
9,1,46,铅钡,train,204317
9,1,47,铅钡,train,204317
9,1,48,铅钡,train,204317
9,1,49,铅钡,train,204317
9,1,50,铅钡,train,204317
9,1,51,铅钡,train,204317
9,1,52,铅钡,validation,204317
9,1,53,铅钡,train,204317
9,1,54,铅钡,train,204317
9,1,55,铅钡,train,204317
9,1,56,铅钡,validation,204317
9,1,57,铅钡,validation,204317
9,1,58,铅钡,validation,204317
9,2,01,高钾,train,204317
9,2,02,铅钡,validation,204317
9,2,03,高钾,train,204317
9,2,04,高钾,validation,204317
9,2,05,高钾,train,204317
9,2,06,高钾,train,204317
9,2,07,高钾,validation,204317
9,2,08,铅钡,train,204317
9,2,09,高钾,train,204317
9,2,10,高钾,train,204317
9,2,11,铅钡,train,204317
9,2,12,高钾,train,204317
9,2,13,高钾,train,204317
9,2,14,高钾,train,204317
9,2,16,高钾,validation,204317
9,2,18,高钾,train,204317
9,2,19,铅钡,validation,204317
9,2,20,铅钡,train,204317
9,2,21,高钾,train,204317
9,2,22,高钾,train,204317
9,2,23,铅钡,train,204317
9,2,24,铅钡,validation,204317
9,2,25,铅钡,train,204317
9,2,26,铅钡,train,204317
9,2,27,高钾,train,204317
9,2,28,铅钡,train,204317
9,2,29,铅钡,train,204317
9,2,30,铅钡,train,204317
9,2,31,铅钡,train,204317
9,2,32,铅钡,train,204317
9,2,33,铅钡,train,204317
9,2,34,铅钡,train,204317
9,2,35,铅钡,train,204317
9,2,36,铅钡,train,204317
9,2,37,铅钡,validation,204317
9,2,38,铅钡,train,204317
9,2,39,铅钡,train,204317
9,2,40,铅钡,validation,204317
9,2,41,铅钡,train,204317
9,2,42,铅钡,validation,204317
9,2,43,铅钡,validation,204317
9,2,44,铅钡,validation,204317
9,2,45,铅钡,train,204317
9,2,46,铅钡,train,204317
9,2,47,铅钡,train,204317
9,2,48,铅钡,train,204317
9,2,49,铅钡,train,204317
9,2,50,铅钡,train,204317
9,2,51,铅钡,train,204317
9,2,52,铅钡,train,204317
9,2,53,铅钡,train,204317
9,2,54,铅钡,train,204317
9,2,55,铅钡,train,204317
9,2,56,铅钡,train,204317
9,2,57,铅钡,train,204317
9,2,58,铅钡,train,204317
9,3,01,高钾,train,204317
9,3,02,铅钡,train,204317
9,3,03,高钾,train,204317
9,3,04,高钾,train,204317
9,3,05,高钾,validation,204317
9,3,06,高钾,train,204317
9,3,07,高钾,train,204317
9,3,08,铅钡,train,204317
9,3,09,高钾,train,204317
9,3,10,高钾,train,204317
9,3,11,铅钡,train,204317
9,3,12,高钾,validation,204317
9,3,13,高钾,train,204317
9,3,14,高钾,train,204317
9,3,16,高钾,train,204317
9,3,18,高钾,train,204317
9,3,19,铅钡,train,204317
9,3,20,铅钡,train,204317
9,3,21,高钾,train,204317
9,3,22,高钾,validation,204317
9,3,23,铅钡,train,204317
9,3,24,铅钡,train,204317
9,3,25,铅钡,train,204317
9,3,26,铅钡,train,204317
9,3,27,高钾,train,204317
9,3,28,铅钡,train,204317
9,3,29,铅钡,train,204317
9,3,30,铅钡,train,204317
9,3,31,铅钡,validation,204317
9,3,32,铅钡,validation,204317
9,3,33,铅钡,train,204317
9,3,34,铅钡,validation,204317
9,3,35,铅钡,train,204317
9,3,36,铅钡,train,204317
9,3,37,铅钡,train,204317
9,3,38,铅钡,train,204317
9,3,39,铅钡,validation,204317
9,3,40,铅钡,train,204317
9,3,41,铅钡,train,204317
9,3,42,铅钡,train,204317
9,3,43,铅钡,train,204317
9,3,44,铅钡,train,204317
9,3,45,铅钡,train,204317
9,3,46,铅钡,train,204317
9,3,47,铅钡,validation,204317
9,3,48,铅钡,validation,204317
9,3,49,铅钡,train,204317
9,3,50,铅钡,train,204317
9,3,51,铅钡,train,204317
9,3,52,铅钡,train,204317
9,3,53,铅钡,validation,204317
9,3,54,铅钡,validation,204317
9,3,55,铅钡,train,204317
9,3,56,铅钡,train,204317
9,3,57,铅钡,train,204317
9,3,58,铅钡,train,204317
9,4,01,高钾,train,204317
9,4,02,铅钡,train,204317
9,4,03,高钾,validation,204317
9,4,04,高钾,train,204317
9,4,05,高钾,train,204317
9,4,06,高钾,train,204317
9,4,07,高钾,train,204317
9,4,08,铅钡,train,204317
9,4,09,高钾,train,204317
9,4,10,高钾,train,204317
9,4,11,铅钡,train,204317
9,4,12,高钾,train,204317
9,4,13,高钾,validation,204317
9,4,14,高钾,train,204317
9,4,16,高钾,train,204317
9,4,18,高钾,train,204317
9,4,19,铅钡,train,204317
9,4,20,铅钡,train,204317
9,4,21,高钾,validation,204317
9,4,22,高钾,train,204317
9,4,23,铅钡,train,204317
9,4,24,铅钡,train,204317
9,4,25,铅钡,train,204317
9,4,26,铅钡,validation,204317
9,4,27,高钾,train,204317
9,4,28,铅钡,train,204317
9,4,29,铅钡,validation,204317
9,4,30,铅钡,validation,204317
9,4,31,铅钡,train,204317
9,4,32,铅钡,train,204317
9,4,33,铅钡,train,204317
9,4,34,铅钡,train,204317
9,4,35,铅钡,train,204317
9,4,36,铅钡,validation,204317
9,4,37,铅钡,train,204317
9,4,38,铅钡,train,204317
9,4,39,铅钡,train,204317
9,4,40,铅钡,train,204317
9,4,41,铅钡,train,204317
9,4,42,铅钡,train,204317
9,4,43,铅钡,train,204317
9,4,44,铅钡,train,204317
9,4,45,铅钡,validation,204317
9,4,46,铅钡,validation,204317
9,4,47,铅钡,train,204317
9,4,48,铅钡,train,204317
9,4,49,铅钡,train,204317
9,4,50,铅钡,train,204317
9,4,51,铅钡,validation,204317
9,4,52,铅钡,train,204317
9,4,53,铅钡,train,204317
9,4,54,铅钡,train,204317
9,4,55,铅钡,validation,204317
9,4,56,铅钡,train,204317
9,4,57,铅钡,train,204317
9,4,58,铅钡,train,204317
10,0,01,高钾,train,204318
10,0,02,铅钡,train,204318
10,0,03,高钾,train,204318
10,0,04,高钾,train,204318
10,0,05,高钾,validation,204318
10,0,06,高钾,validation,204318
10,0,07,高钾,train,204318
10,0,08,铅钡,train,204318
10,0,09,高钾,train,204318
10,0,10,高钾,train,204318
10,0,11,铅钡,train,204318
10,0,12,高钾,train,204318
10,0,13,高钾,train,204318
10,0,14,高钾,validation,204318
10,0,16,高钾,train,204318
10,0,18,高钾,train,204318
10,0,19,铅钡,train,204318
10,0,20,铅钡,train,204318
10,0,21,高钾,train,204318
10,0,22,高钾,train,204318
10,0,23,铅钡,validation,204318
10,0,24,铅钡,validation,204318
10,0,25,铅钡,train,204318
10,0,26,铅钡,validation,204318
10,0,27,高钾,train,204318
10,0,28,铅钡,train,204318
10,0,29,铅钡,train,204318
10,0,30,铅钡,train,204318
10,0,31,铅钡,train,204318
10,0,32,铅钡,train,204318
10,0,33,铅钡,train,204318
10,0,34,铅钡,validation,204318
10,0,35,铅钡,train,204318
10,0,36,铅钡,train,204318
10,0,37,铅钡,train,204318
10,0,38,铅钡,train,204318
10,0,39,铅钡,validation,204318
10,0,40,铅钡,train,204318
10,0,41,铅钡,train,204318
10,0,42,铅钡,train,204318
10,0,43,铅钡,train,204318
10,0,44,铅钡,train,204318
10,0,45,铅钡,train,204318
10,0,46,铅钡,train,204318
10,0,47,铅钡,validation,204318
10,0,48,铅钡,train,204318
10,0,49,铅钡,train,204318
10,0,50,铅钡,train,204318
10,0,51,铅钡,train,204318
10,0,52,铅钡,train,204318
10,0,53,铅钡,train,204318
10,0,54,铅钡,validation,204318
10,0,55,铅钡,train,204318
10,0,56,铅钡,train,204318
10,0,57,铅钡,validation,204318
10,0,58,铅钡,train,204318
10,1,01,高钾,train,204318
10,1,02,铅钡,train,204318
10,1,03,高钾,validation,204318
10,1,04,高钾,train,204318
10,1,05,高钾,train,204318
10,1,06,高钾,train,204318
10,1,07,高钾,validation,204318
10,1,08,铅钡,train,204318
10,1,09,高钾,train,204318
10,1,10,高钾,train,204318
10,1,11,铅钡,train,204318
10,1,12,高钾,validation,204318
10,1,13,高钾,validation,204318
10,1,14,高钾,train,204318
10,1,16,高钾,train,204318
10,1,18,高钾,train,204318
10,1,19,铅钡,train,204318
10,1,20,铅钡,train,204318
10,1,21,高钾,train,204318
10,1,22,高钾,train,204318
10,1,23,铅钡,train,204318
10,1,24,铅钡,train,204318
10,1,25,铅钡,train,204318
10,1,26,铅钡,train,204318
10,1,27,高钾,train,204318
10,1,28,铅钡,train,204318
10,1,29,铅钡,train,204318
10,1,30,铅钡,train,204318
10,1,31,铅钡,train,204318
10,1,32,铅钡,train,204318
10,1,33,铅钡,train,204318
10,1,34,铅钡,train,204318
10,1,35,铅钡,validation,204318
10,1,36,铅钡,validation,204318
10,1,37,铅钡,validation,204318
10,1,38,铅钡,train,204318
10,1,39,铅钡,train,204318
10,1,40,铅钡,train,204318
10,1,41,铅钡,validation,204318
10,1,42,铅钡,validation,204318
10,1,43,铅钡,validation,204318
10,1,44,铅钡,train,204318
10,1,45,铅钡,train,204318
10,1,46,铅钡,train,204318
10,1,47,铅钡,train,204318
10,1,48,铅钡,train,204318
10,1,49,铅钡,train,204318
10,1,50,铅钡,train,204318
10,1,51,铅钡,train,204318
10,1,52,铅钡,validation,204318
10,1,53,铅钡,train,204318
10,1,54,铅钡,train,204318
10,1,55,铅钡,validation,204318
10,1,56,铅钡,train,204318
10,1,57,铅钡,train,204318
10,1,58,铅钡,train,204318
10,2,01,高钾,train,204318
10,2,02,铅钡,train,204318
10,2,03,高钾,train,204318
10,2,04,高钾,train,204318
10,2,05,高钾,train,204318
10,2,06,高钾,train,204318
10,2,07,高钾,train,204318
10,2,08,铅钡,train,204318
10,2,09,高钾,train,204318
10,2,10,高钾,validation,204318
10,2,11,铅钡,train,204318
10,2,12,高钾,train,204318
10,2,13,高钾,train,204318
10,2,14,高钾,train,204318
10,2,16,高钾,train,204318
10,2,18,高钾,train,204318
10,2,19,铅钡,train,204318
10,2,20,铅钡,validation,204318
10,2,21,高钾,validation,204318
10,2,22,高钾,train,204318
10,2,23,铅钡,train,204318
10,2,24,铅钡,train,204318
10,2,25,铅钡,validation,204318
10,2,26,铅钡,train,204318
10,2,27,高钾,validation,204318
10,2,28,铅钡,train,204318
10,2,29,铅钡,train,204318
10,2,30,铅钡,train,204318
10,2,31,铅钡,validation,204318
10,2,32,铅钡,train,204318
10,2,33,铅钡,train,204318
10,2,34,铅钡,train,204318
10,2,35,铅钡,train,204318
10,2,36,铅钡,train,204318
10,2,37,铅钡,train,204318
10,2,38,铅钡,validation,204318
10,2,39,铅钡,train,204318
10,2,40,铅钡,train,204318
10,2,41,铅钡,train,204318
10,2,42,铅钡,train,204318
10,2,43,铅钡,train,204318
10,2,44,铅钡,validation,204318
10,2,45,铅钡,validation,204318
10,2,46,铅钡,validation,204318
10,2,47,铅钡,train,204318
10,2,48,铅钡,train,204318
10,2,49,铅钡,train,204318
10,2,50,铅钡,train,204318
10,2,51,铅钡,train,204318
10,2,52,铅钡,train,204318
10,2,53,铅钡,train,204318
10,2,54,铅钡,train,204318
10,2,55,铅钡,train,204318
10,2,56,铅钡,validation,204318
10,2,57,铅钡,train,204318
10,2,58,铅钡,train,204318
10,3,01,高钾,validation,204318
10,3,02,铅钡,validation,204318
10,3,03,高钾,train,204318
10,3,04,高钾,train,204318
10,3,05,高钾,train,204318
10,3,06,高钾,train,204318
10,3,07,高钾,train,204318
10,3,08,铅钡,validation,204318
10,3,09,高钾,train,204318
10,3,10,高钾,train,204318
10,3,11,铅钡,train,204318
10,3,12,高钾,train,204318
10,3,13,高钾,train,204318
10,3,14,高钾,train,204318
10,3,16,高钾,validation,204318
10,3,18,高钾,train,204318
10,3,19,铅钡,train,204318
10,3,20,铅钡,train,204318
10,3,21,高钾,train,204318
10,3,22,高钾,validation,204318
10,3,23,铅钡,train,204318
10,3,24,铅钡,train,204318
10,3,25,铅钡,train,204318
10,3,26,铅钡,train,204318
10,3,27,高钾,train,204318
10,3,28,铅钡,validation,204318
10,3,29,铅钡,train,204318
10,3,30,铅钡,validation,204318
10,3,31,铅钡,train,204318
10,3,32,铅钡,train,204318
10,3,33,铅钡,validation,204318
10,3,34,铅钡,train,204318
10,3,35,铅钡,train,204318
10,3,36,铅钡,train,204318
10,3,37,铅钡,train,204318
10,3,38,铅钡,train,204318
10,3,39,铅钡,train,204318
10,3,40,铅钡,train,204318
10,3,41,铅钡,train,204318
10,3,42,铅钡,train,204318
10,3,43,铅钡,train,204318
10,3,44,铅钡,train,204318
10,3,45,铅钡,train,204318
10,3,46,铅钡,train,204318
10,3,47,铅钡,train,204318
10,3,48,铅钡,train,204318
10,3,49,铅钡,train,204318
10,3,50,铅钡,validation,204318
10,3,51,铅钡,train,204318
10,3,52,铅钡,train,204318
10,3,53,铅钡,validation,204318
10,3,54,铅钡,train,204318
10,3,55,铅钡,train,204318
10,3,56,铅钡,train,204318
10,3,57,铅钡,train,204318
10,3,58,铅钡,validation,204318
10,4,01,高钾,train,204318
10,4,02,铅钡,train,204318
10,4,03,高钾,train,204318
10,4,04,高钾,validation,204318
10,4,05,高钾,train,204318
10,4,06,高钾,train,204318
10,4,07,高钾,train,204318
10,4,08,铅钡,train,204318
10,4,09,高钾,validation,204318
10,4,10,高钾,train,204318
10,4,11,铅钡,validation,204318
10,4,12,高钾,train,204318
10,4,13,高钾,train,204318
10,4,14,高钾,train,204318
10,4,16,高钾,train,204318
10,4,18,高钾,validation,204318
10,4,19,铅钡,validation,204318
10,4,20,铅钡,train,204318
10,4,21,高钾,train,204318
10,4,22,高钾,train,204318
10,4,23,铅钡,train,204318
10,4,24,铅钡,train,204318
10,4,25,铅钡,train,204318
10,4,26,铅钡,train,204318
10,4,27,高钾,train,204318
10,4,28,铅钡,train,204318
10,4,29,铅钡,validation,204318
10,4,30,铅钡,train,204318
10,4,31,铅钡,train,204318
10,4,32,铅钡,validation,204318
10,4,33,铅钡,train,204318
10,4,34,铅钡,train,204318
10,4,35,铅钡,train,204318
10,4,36,铅钡,train,204318
10,4,37,铅钡,train,204318
10,4,38,铅钡,train,204318
10,4,39,铅钡,train,204318
10,4,40,铅钡,validation,204318
10,4,41,铅钡,train,204318
10,4,42,铅钡,train,204318
10,4,43,铅钡,train,204318
10,4,44,铅钡,train,204318
10,4,45,铅钡,train,204318
10,4,46,铅钡,train,204318
10,4,47,铅钡,train,204318
10,4,48,铅钡,validation,204318
10,4,49,铅钡,validation,204318
10,4,50,铅钡,train,204318
10,4,51,铅钡,validation,204318
10,4,52,铅钡,train,204318
10,4,53,铅钡,train,204318
10,4,54,铅钡,train,204318
10,4,55,铅钡,train,204318
10,4,56,铅钡,train,204318
10,4,57,铅钡,train,204318
10,4,58,铅钡,train,204318
11,0,01,高钾,validation,204319
11,0,02,铅钡,train,204319
11,0,03,高钾,train,204319
11,0,04,高钾,train,204319
11,0,05,高钾,train,204319
11,0,06,高钾,validation,204319
11,0,07,高钾,train,204319
11,0,08,铅钡,train,204319
11,0,09,高钾,train,204319
11,0,10,高钾,train,204319
11,0,11,铅钡,train,204319
11,0,12,高钾,train,204319
11,0,13,高钾,train,204319
11,0,14,高钾,validation,204319
11,0,16,高钾,train,204319
11,0,18,高钾,train,204319
11,0,19,铅钡,train,204319
11,0,20,铅钡,train,204319
11,0,21,高钾,train,204319
11,0,22,高钾,train,204319
11,0,23,铅钡,train,204319
11,0,24,铅钡,validation,204319
11,0,25,铅钡,validation,204319
11,0,26,铅钡,train,204319
11,0,27,高钾,train,204319
11,0,28,铅钡,train,204319
11,0,29,铅钡,train,204319
11,0,30,铅钡,train,204319
11,0,31,铅钡,train,204319
11,0,32,铅钡,train,204319
11,0,33,铅钡,train,204319
11,0,34,铅钡,train,204319
11,0,35,铅钡,validation,204319
11,0,36,铅钡,train,204319
11,0,37,铅钡,train,204319
11,0,38,铅钡,train,204319
11,0,39,铅钡,train,204319
11,0,40,铅钡,train,204319
11,0,41,铅钡,train,204319
11,0,42,铅钡,train,204319
11,0,43,铅钡,validation,204319
11,0,44,铅钡,train,204319
11,0,45,铅钡,validation,204319
11,0,46,铅钡,train,204319
11,0,47,铅钡,train,204319
11,0,48,铅钡,train,204319
11,0,49,铅钡,train,204319
11,0,50,铅钡,train,204319
11,0,51,铅钡,train,204319
11,0,52,铅钡,train,204319
11,0,53,铅钡,validation,204319
11,0,54,铅钡,validation,204319
11,0,55,铅钡,train,204319
11,0,56,铅钡,train,204319
11,0,57,铅钡,train,204319
11,0,58,铅钡,validation,204319
11,1,01,高钾,train,204319
11,1,02,铅钡,train,204319
11,1,03,高钾,train,204319
11,1,04,高钾,train,204319
11,1,05,高钾,validation,204319
11,1,06,高钾,train,204319
11,1,07,高钾,validation,204319
11,1,08,铅钡,train,204319
11,1,09,高钾,train,204319
11,1,10,高钾,train,204319
11,1,11,铅钡,train,204319
11,1,12,高钾,train,204319
11,1,13,高钾,train,204319
11,1,14,高钾,train,204319
11,1,16,高钾,train,204319
11,1,18,高钾,train,204319
11,1,19,铅钡,train,204319
11,1,20,铅钡,train,204319
11,1,21,高钾,validation,204319
11,1,22,高钾,train,204319
11,1,23,铅钡,train,204319
11,1,24,铅钡,train,204319
11,1,25,铅钡,train,204319
11,1,26,铅钡,validation,204319
11,1,27,高钾,train,204319
11,1,28,铅钡,validation,204319
11,1,29,铅钡,train,204319
11,1,30,铅钡,validation,204319
11,1,31,铅钡,train,204319
11,1,32,铅钡,train,204319
11,1,33,铅钡,train,204319
11,1,34,铅钡,train,204319
11,1,35,铅钡,train,204319
11,1,36,铅钡,train,204319
11,1,37,铅钡,train,204319
11,1,38,铅钡,validation,204319
11,1,39,铅钡,validation,204319
11,1,40,铅钡,train,204319
11,1,41,铅钡,train,204319
11,1,42,铅钡,train,204319
11,1,43,铅钡,train,204319
11,1,44,铅钡,train,204319
11,1,45,铅钡,train,204319
11,1,46,铅钡,validation,204319
11,1,47,铅钡,train,204319
11,1,48,铅钡,train,204319
11,1,49,铅钡,train,204319
11,1,50,铅钡,train,204319
11,1,51,铅钡,train,204319
11,1,52,铅钡,train,204319
11,1,53,铅钡,train,204319
11,1,54,铅钡,train,204319
11,1,55,铅钡,validation,204319
11,1,56,铅钡,validation,204319
11,1,57,铅钡,train,204319
11,1,58,铅钡,train,204319
11,2,01,高钾,train,204319
11,2,02,铅钡,train,204319
11,2,03,高钾,validation,204319
11,2,04,高钾,validation,204319
11,2,05,高钾,train,204319
11,2,06,高钾,train,204319
11,2,07,高钾,train,204319
11,2,08,铅钡,train,204319
11,2,09,高钾,train,204319
11,2,10,高钾,validation,204319
11,2,11,铅钡,train,204319
11,2,12,高钾,train,204319
11,2,13,高钾,train,204319
11,2,14,高钾,train,204319
11,2,16,高钾,train,204319
11,2,18,高钾,train,204319
11,2,19,铅钡,train,204319
11,2,20,铅钡,train,204319
11,2,21,高钾,train,204319
11,2,22,高钾,train,204319
11,2,23,铅钡,validation,204319
11,2,24,铅钡,train,204319
11,2,25,铅钡,train,204319
11,2,26,铅钡,train,204319
11,2,27,高钾,train,204319
11,2,28,铅钡,train,204319
11,2,29,铅钡,train,204319
11,2,30,铅钡,train,204319
11,2,31,铅钡,validation,204319
11,2,32,铅钡,validation,204319
11,2,33,铅钡,validation,204319
11,2,34,铅钡,train,204319
11,2,35,铅钡,train,204319
11,2,36,铅钡,train,204319
11,2,37,铅钡,train,204319
11,2,38,铅钡,train,204319
11,2,39,铅钡,train,204319
11,2,40,铅钡,validation,204319
11,2,41,铅钡,train,204319
11,2,42,铅钡,validation,204319
11,2,43,铅钡,train,204319
11,2,44,铅钡,train,204319
11,2,45,铅钡,train,204319
11,2,46,铅钡,train,204319
11,2,47,铅钡,validation,204319
11,2,48,铅钡,train,204319
11,2,49,铅钡,train,204319
11,2,50,铅钡,train,204319
11,2,51,铅钡,train,204319
11,2,52,铅钡,train,204319
11,2,53,铅钡,train,204319
11,2,54,铅钡,train,204319
11,2,55,铅钡,train,204319
11,2,56,铅钡,train,204319
11,2,57,铅钡,validation,204319
11,2,58,铅钡,train,204319
11,3,01,高钾,train,204319
11,3,02,铅钡,train,204319
11,3,03,高钾,train,204319
11,3,04,高钾,train,204319
11,3,05,高钾,train,204319
11,3,06,高钾,train,204319
11,3,07,高钾,train,204319
11,3,08,铅钡,train,204319
11,3,09,高钾,train,204319
11,3,10,高钾,train,204319
11,3,11,铅钡,train,204319
11,3,12,高钾,train,204319
11,3,13,高钾,validation,204319
11,3,14,高钾,train,204319
11,3,16,高钾,validation,204319
11,3,18,高钾,validation,204319
11,3,19,铅钡,validation,204319
11,3,20,铅钡,train,204319
11,3,21,高钾,train,204319
11,3,22,高钾,train,204319
11,3,23,铅钡,train,204319
11,3,24,铅钡,train,204319
11,3,25,铅钡,train,204319
11,3,26,铅钡,train,204319
11,3,27,高钾,validation,204319
11,3,28,铅钡,train,204319
11,3,29,铅钡,validation,204319
11,3,30,铅钡,train,204319
11,3,31,铅钡,train,204319
11,3,32,铅钡,train,204319
11,3,33,铅钡,train,204319
11,3,34,铅钡,validation,204319
11,3,35,铅钡,train,204319
11,3,36,铅钡,train,204319
11,3,37,铅钡,validation,204319
11,3,38,铅钡,train,204319
11,3,39,铅钡,train,204319
11,3,40,铅钡,train,204319
11,3,41,铅钡,validation,204319
11,3,42,铅钡,train,204319
11,3,43,铅钡,train,204319
11,3,44,铅钡,validation,204319
11,3,45,铅钡,train,204319
11,3,46,铅钡,train,204319
11,3,47,铅钡,train,204319
11,3,48,铅钡,validation,204319
11,3,49,铅钡,train,204319
11,3,50,铅钡,train,204319
11,3,51,铅钡,train,204319
11,3,52,铅钡,validation,204319
11,3,53,铅钡,train,204319
11,3,54,铅钡,train,204319
11,3,55,铅钡,train,204319
11,3,56,铅钡,train,204319
11,3,57,铅钡,train,204319
11,3,58,铅钡,train,204319
11,4,01,高钾,train,204319
11,4,02,铅钡,validation,204319
11,4,03,高钾,train,204319
11,4,04,高钾,train,204319
11,4,05,高钾,train,204319
11,4,06,高钾,train,204319
11,4,07,高钾,train,204319
11,4,08,铅钡,validation,204319
11,4,09,高钾,validation,204319
11,4,10,高钾,train,204319
11,4,11,铅钡,validation,204319
11,4,12,高钾,validation,204319
11,4,13,高钾,train,204319
11,4,14,高钾,train,204319
11,4,16,高钾,train,204319
11,4,18,高钾,train,204319
11,4,19,铅钡,train,204319
11,4,20,铅钡,validation,204319
11,4,21,高钾,train,204319
11,4,22,高钾,validation,204319
11,4,23,铅钡,train,204319
11,4,24,铅钡,train,204319
11,4,25,铅钡,train,204319
11,4,26,铅钡,train,204319
11,4,27,高钾,train,204319
11,4,28,铅钡,train,204319
11,4,29,铅钡,train,204319
11,4,30,铅钡,train,204319
11,4,31,铅钡,train,204319
11,4,32,铅钡,train,204319
11,4,33,铅钡,train,204319
11,4,34,铅钡,train,204319
11,4,35,铅钡,train,204319
11,4,36,铅钡,validation,204319
11,4,37,铅钡,train,204319
11,4,38,铅钡,train,204319
11,4,39,铅钡,train,204319
11,4,40,铅钡,train,204319
11,4,41,铅钡,train,204319
11,4,42,铅钡,train,204319
11,4,43,铅钡,train,204319
11,4,44,铅钡,train,204319
11,4,45,铅钡,train,204319
11,4,46,铅钡,train,204319
11,4,47,铅钡,train,204319
11,4,48,铅钡,train,204319
11,4,49,铅钡,validation,204319
11,4,50,铅钡,validation,204319
11,4,51,铅钡,validation,204319
11,4,52,铅钡,train,204319
11,4,53,铅钡,train,204319
11,4,54,铅钡,train,204319
11,4,55,铅钡,train,204319
11,4,56,铅钡,train,204319
11,4,57,铅钡,train,204319
11,4,58,铅钡,train,204319
12,0,01,高钾,train,204320
12,0,02,铅钡,train,204320
12,0,03,高钾,train,204320
12,0,04,高钾,train,204320
12,0,05,高钾,validation,204320
12,0,06,高钾,validation,204320
12,0,07,高钾,train,204320
12,0,08,铅钡,train,204320
12,0,09,高钾,train,204320
12,0,10,高钾,train,204320
12,0,11,铅钡,train,204320
12,0,12,高钾,train,204320
12,0,13,高钾,train,204320
12,0,14,高钾,train,204320
12,0,16,高钾,train,204320
12,0,18,高钾,validation,204320
12,0,19,铅钡,validation,204320
12,0,20,铅钡,validation,204320
12,0,21,高钾,train,204320
12,0,22,高钾,train,204320
12,0,23,铅钡,validation,204320
12,0,24,铅钡,validation,204320
12,0,25,铅钡,train,204320
12,0,26,铅钡,train,204320
12,0,27,高钾,train,204320
12,0,28,铅钡,train,204320
12,0,29,铅钡,train,204320
12,0,30,铅钡,train,204320
12,0,31,铅钡,train,204320
12,0,32,铅钡,train,204320
12,0,33,铅钡,train,204320
12,0,34,铅钡,train,204320
12,0,35,铅钡,train,204320
12,0,36,铅钡,train,204320
12,0,37,铅钡,train,204320
12,0,38,铅钡,train,204320
12,0,39,铅钡,validation,204320
12,0,40,铅钡,train,204320
12,0,41,铅钡,train,204320
12,0,42,铅钡,train,204320
12,0,43,铅钡,train,204320
12,0,44,铅钡,train,204320
12,0,45,铅钡,train,204320
12,0,46,铅钡,train,204320
12,0,47,铅钡,train,204320
12,0,48,铅钡,train,204320
12,0,49,铅钡,train,204320
12,0,50,铅钡,train,204320
12,0,51,铅钡,validation,204320
12,0,52,铅钡,train,204320
12,0,53,铅钡,train,204320
12,0,54,铅钡,validation,204320
12,0,55,铅钡,validation,204320
12,0,56,铅钡,train,204320
12,0,57,铅钡,train,204320
12,0,58,铅钡,train,204320
12,1,01,高钾,train,204320
12,1,02,铅钡,train,204320
12,1,03,高钾,train,204320
12,1,04,高钾,train,204320
12,1,05,高钾,train,204320
12,1,06,高钾,train,204320
12,1,07,高钾,validation,204320
12,1,08,铅钡,train,204320
12,1,09,高钾,train,204320
12,1,10,高钾,train,204320
12,1,11,铅钡,train,204320
12,1,12,高钾,train,204320
12,1,13,高钾,train,204320
12,1,14,高钾,validation,204320
12,1,16,高钾,validation,204320
12,1,18,高钾,train,204320
12,1,19,铅钡,train,204320
12,1,20,铅钡,train,204320
12,1,21,高钾,train,204320
12,1,22,高钾,train,204320
12,1,23,铅钡,train,204320
12,1,24,铅钡,train,204320
12,1,25,铅钡,train,204320
12,1,26,铅钡,train,204320
12,1,27,高钾,train,204320
12,1,28,铅钡,train,204320
12,1,29,铅钡,train,204320
12,1,30,铅钡,validation,204320
12,1,31,铅钡,train,204320
12,1,32,铅钡,train,204320
12,1,33,铅钡,train,204320
12,1,34,铅钡,train,204320
12,1,35,铅钡,train,204320
12,1,36,铅钡,train,204320
12,1,37,铅钡,train,204320
12,1,38,铅钡,train,204320
12,1,39,铅钡,train,204320
12,1,40,铅钡,validation,204320
12,1,41,铅钡,validation,204320
12,1,42,铅钡,train,204320
12,1,43,铅钡,validation,204320
12,1,44,铅钡,train,204320
12,1,45,铅钡,validation,204320
12,1,46,铅钡,validation,204320
12,1,47,铅钡,validation,204320
12,1,48,铅钡,train,204320
12,1,49,铅钡,train,204320
12,1,50,铅钡,train,204320
12,1,51,铅钡,train,204320
12,1,52,铅钡,train,204320
12,1,53,铅钡,train,204320
12,1,54,铅钡,train,204320
12,1,55,铅钡,train,204320
12,1,56,铅钡,train,204320
12,1,57,铅钡,train,204320
12,1,58,铅钡,validation,204320
12,2,01,高钾,train,204320
12,2,02,铅钡,train,204320
12,2,03,高钾,train,204320
12,2,04,高钾,train,204320
12,2,05,高钾,train,204320
12,2,06,高钾,train,204320
12,2,07,高钾,train,204320
12,2,08,铅钡,train,204320
12,2,09,高钾,train,204320
12,2,10,高钾,train,204320
12,2,11,铅钡,train,204320
12,2,12,高钾,validation,204320
12,2,13,高钾,validation,204320
12,2,14,高钾,train,204320
12,2,16,高钾,train,204320
12,2,18,高钾,train,204320
12,2,19,铅钡,train,204320
12,2,20,铅钡,train,204320
12,2,21,高钾,train,204320
12,2,22,高钾,validation,204320
12,2,23,铅钡,train,204320
12,2,24,铅钡,train,204320
12,2,25,铅钡,train,204320
12,2,26,铅钡,validation,204320
12,2,27,高钾,train,204320
12,2,28,铅钡,train,204320
12,2,29,铅钡,validation,204320
12,2,30,铅钡,train,204320
12,2,31,铅钡,train,204320
12,2,32,铅钡,validation,204320
12,2,33,铅钡,train,204320
12,2,34,铅钡,validation,204320
12,2,35,铅钡,train,204320
12,2,36,铅钡,train,204320
12,2,37,铅钡,train,204320
12,2,38,铅钡,validation,204320
12,2,39,铅钡,train,204320
12,2,40,铅钡,train,204320
12,2,41,铅钡,train,204320
12,2,42,铅钡,train,204320
12,2,43,铅钡,train,204320
12,2,44,铅钡,train,204320
12,2,45,铅钡,train,204320
12,2,46,铅钡,train,204320
12,2,47,铅钡,train,204320
12,2,48,铅钡,train,204320
12,2,49,铅钡,train,204320
12,2,50,铅钡,validation,204320
12,2,51,铅钡,train,204320
12,2,52,铅钡,train,204320
12,2,53,铅钡,validation,204320
12,2,54,铅钡,train,204320
12,2,55,铅钡,train,204320
12,2,56,铅钡,validation,204320
12,2,57,铅钡,train,204320
12,2,58,铅钡,train,204320
12,3,01,高钾,train,204320
12,3,02,铅钡,train,204320
12,3,03,高钾,train,204320
12,3,04,高钾,train,204320
12,3,05,高钾,train,204320
12,3,06,高钾,train,204320
12,3,07,高钾,train,204320
12,3,08,铅钡,train,204320
12,3,09,高钾,validation,204320
12,3,10,高钾,validation,204320
12,3,11,铅钡,train,204320
12,3,12,高钾,train,204320
12,3,13,高钾,train,204320
12,3,14,高钾,train,204320
12,3,16,高钾,train,204320
12,3,18,高钾,train,204320
12,3,19,铅钡,train,204320
12,3,20,铅钡,train,204320
12,3,21,高钾,validation,204320
12,3,22,高钾,train,204320
12,3,23,铅钡,train,204320
12,3,24,铅钡,train,204320
12,3,25,铅钡,validation,204320
12,3,26,铅钡,train,204320
12,3,27,高钾,validation,204320
12,3,28,铅钡,train,204320
12,3,29,铅钡,train,204320
12,3,30,铅钡,train,204320
12,3,31,铅钡,validation,204320
12,3,32,铅钡,train,204320
12,3,33,铅钡,validation,204320
12,3,34,铅钡,train,204320
12,3,35,铅钡,validation,204320
12,3,36,铅钡,validation,204320
12,3,37,铅钡,train,204320
12,3,38,铅钡,train,204320
12,3,39,铅钡,train,204320
12,3,40,铅钡,train,204320
12,3,41,铅钡,train,204320
12,3,42,铅钡,validation,204320
12,3,43,铅钡,train,204320
12,3,44,铅钡,validation,204320
12,3,45,铅钡,train,204320
12,3,46,铅钡,train,204320
12,3,47,铅钡,train,204320
12,3,48,铅钡,train,204320
12,3,49,铅钡,train,204320
12,3,50,铅钡,train,204320
12,3,51,铅钡,train,204320
12,3,52,铅钡,validation,204320
12,3,53,铅钡,train,204320
12,3,54,铅钡,train,204320
12,3,55,铅钡,train,204320
12,3,56,铅钡,train,204320
12,3,57,铅钡,train,204320
12,3,58,铅钡,train,204320
12,4,01,高钾,validation,204320
12,4,02,铅钡,validation,204320
12,4,03,高钾,validation,204320
12,4,04,高钾,validation,204320
12,4,05,高钾,train,204320
12,4,06,高钾,train,204320
12,4,07,高钾,train,204320
12,4,08,铅钡,validation,204320
12,4,09,高钾,train,204320
12,4,10,高钾,train,204320
12,4,11,铅钡,validation,204320
12,4,12,高钾,train,204320
12,4,13,高钾,train,204320
12,4,14,高钾,train,204320
12,4,16,高钾,train,204320
12,4,18,高钾,train,204320
12,4,19,铅钡,train,204320
12,4,20,铅钡,train,204320
12,4,21,高钾,train,204320
12,4,22,高钾,train,204320
12,4,23,铅钡,train,204320
12,4,24,铅钡,train,204320
12,4,25,铅钡,train,204320
12,4,26,铅钡,train,204320
12,4,27,高钾,train,204320
12,4,28,铅钡,validation,204320
12,4,29,铅钡,train,204320
12,4,30,铅钡,train,204320
12,4,31,铅钡,train,204320
12,4,32,铅钡,train,204320
12,4,33,铅钡,train,204320
12,4,34,铅钡,train,204320
12,4,35,铅钡,train,204320
12,4,36,铅钡,train,204320
12,4,37,铅钡,validation,204320
12,4,38,铅钡,train,204320
12,4,39,铅钡,train,204320
12,4,40,铅钡,train,204320
12,4,41,铅钡,train,204320
12,4,42,铅钡,train,204320
12,4,43,铅钡,train,204320
12,4,44,铅钡,train,204320
12,4,45,铅钡,train,204320
12,4,46,铅钡,train,204320
12,4,47,铅钡,train,204320
12,4,48,铅钡,validation,204320
12,4,49,铅钡,validation,204320
12,4,50,铅钡,train,204320
12,4,51,铅钡,train,204320
12,4,52,铅钡,train,204320
12,4,53,铅钡,train,204320
12,4,54,铅钡,train,204320
12,4,55,铅钡,train,204320
12,4,56,铅钡,train,204320
12,4,57,铅钡,validation,204320
12,4,58,铅钡,train,204320
13,0,01,高钾,train,204321
13,0,02,铅钡,train,204321
13,0,03,高钾,train,204321
13,0,04,高钾,train,204321
13,0,05,高钾,validation,204321
13,0,06,高钾,train,204321
13,0,07,高钾,train,204321
13,0,08,铅钡,train,204321
13,0,09,高钾,train,204321
13,0,10,高钾,validation,204321
13,0,11,铅钡,train,204321
13,0,12,高钾,train,204321
13,0,13,高钾,train,204321
13,0,14,高钾,train,204321
13,0,16,高钾,validation,204321
13,0,18,高钾,train,204321
13,0,19,铅钡,train,204321
13,0,20,铅钡,train,204321
13,0,21,高钾,train,204321
13,0,22,高钾,train,204321
13,0,23,铅钡,validation,204321
13,0,24,铅钡,validation,204321
13,0,25,铅钡,train,204321
13,0,26,铅钡,train,204321
13,0,27,高钾,train,204321
13,0,28,铅钡,train,204321
13,0,29,铅钡,train,204321
13,0,30,铅钡,train,204321
13,0,31,铅钡,train,204321
13,0,32,铅钡,train,204321
13,0,33,铅钡,train,204321
13,0,34,铅钡,train,204321
13,0,35,铅钡,train,204321
13,0,36,铅钡,train,204321
13,0,37,铅钡,train,204321
13,0,38,铅钡,train,204321
13,0,39,铅钡,train,204321
13,0,40,铅钡,train,204321
13,0,41,铅钡,train,204321
13,0,42,铅钡,validation,204321
13,0,43,铅钡,train,204321
13,0,44,铅钡,train,204321
13,0,45,铅钡,train,204321
13,0,46,铅钡,train,204321
13,0,47,铅钡,train,204321
13,0,48,铅钡,validation,204321
13,0,49,铅钡,train,204321
13,0,50,铅钡,train,204321
13,0,51,铅钡,validation,204321
13,0,52,铅钡,train,204321
13,0,53,铅钡,validation,204321
13,0,54,铅钡,train,204321
13,0,55,铅钡,train,204321
13,0,56,铅钡,train,204321
13,0,57,铅钡,validation,204321
13,0,58,铅钡,validation,204321
13,1,01,高钾,train,204321
13,1,02,铅钡,train,204321
13,1,03,高钾,train,204321
13,1,04,高钾,validation,204321
13,1,05,高钾,train,204321
13,1,06,高钾,train,204321
13,1,07,高钾,train,204321
13,1,08,铅钡,train,204321
13,1,09,高钾,train,204321
13,1,10,高钾,train,204321
13,1,11,铅钡,train,204321
13,1,12,高钾,train,204321
13,1,13,高钾,train,204321
13,1,14,高钾,validation,204321
13,1,16,高钾,train,204321
13,1,18,高钾,train,204321
13,1,19,铅钡,validation,204321
13,1,20,铅钡,train,204321
13,1,21,高钾,validation,204321
13,1,22,高钾,train,204321
13,1,23,铅钡,train,204321
13,1,24,铅钡,train,204321
13,1,25,铅钡,train,204321
13,1,26,铅钡,train,204321
13,1,27,高钾,train,204321
13,1,28,铅钡,train,204321
13,1,29,铅钡,train,204321
13,1,30,铅钡,train,204321
13,1,31,铅钡,validation,204321
13,1,32,铅钡,train,204321
13,1,33,铅钡,train,204321
13,1,34,铅钡,train,204321
13,1,35,铅钡,validation,204321
13,1,36,铅钡,train,204321
13,1,37,铅钡,train,204321
13,1,38,铅钡,train,204321
13,1,39,铅钡,validation,204321
13,1,40,铅钡,train,204321
13,1,41,铅钡,train,204321
13,1,42,铅钡,train,204321
13,1,43,铅钡,train,204321
13,1,44,铅钡,train,204321
13,1,45,铅钡,train,204321
13,1,46,铅钡,train,204321
13,1,47,铅钡,train,204321
13,1,48,铅钡,train,204321
13,1,49,铅钡,validation,204321
13,1,50,铅钡,validation,204321
13,1,51,铅钡,train,204321
13,1,52,铅钡,validation,204321
13,1,53,铅钡,train,204321
13,1,54,铅钡,train,204321
13,1,55,铅钡,validation,204321
13,1,56,铅钡,train,204321
13,1,57,铅钡,train,204321
13,1,58,铅钡,train,204321
13,2,01,高钾,train,204321
13,2,02,铅钡,validation,204321
13,2,03,高钾,train,204321
13,2,04,高钾,train,204321
13,2,05,高钾,train,204321
13,2,06,高钾,validation,204321
13,2,07,高钾,train,204321
13,2,08,铅钡,validation,204321
13,2,09,高钾,train,204321
13,2,10,高钾,train,204321
13,2,11,铅钡,train,204321
13,2,12,高钾,validation,204321
13,2,13,高钾,validation,204321
13,2,14,高钾,train,204321
13,2,16,高钾,train,204321
13,2,18,高钾,train,204321
13,2,19,铅钡,train,204321
13,2,20,铅钡,train,204321
13,2,21,高钾,train,204321
13,2,22,高钾,train,204321
13,2,23,铅钡,train,204321
13,2,24,铅钡,train,204321
13,2,25,铅钡,train,204321
13,2,26,铅钡,validation,204321
13,2,27,高钾,validation,204321
13,2,28,铅钡,validation,204321
13,2,29,铅钡,train,204321
13,2,30,铅钡,train,204321
13,2,31,铅钡,train,204321
13,2,32,铅钡,train,204321
13,2,33,铅钡,train,204321
13,2,34,铅钡,train,204321
13,2,35,铅钡,train,204321
13,2,36,铅钡,validation,204321
13,2,37,铅钡,validation,204321
13,2,38,铅钡,train,204321
13,2,39,铅钡,train,204321
13,2,40,铅钡,train,204321
13,2,41,铅钡,train,204321
13,2,42,铅钡,train,204321
13,2,43,铅钡,train,204321
13,2,44,铅钡,validation,204321
13,2,45,铅钡,train,204321
13,2,46,铅钡,train,204321
13,2,47,铅钡,train,204321
13,2,48,铅钡,train,204321
13,2,49,铅钡,train,204321
13,2,50,铅钡,train,204321
13,2,51,铅钡,train,204321
13,2,52,铅钡,train,204321
13,2,53,铅钡,train,204321
13,2,54,铅钡,train,204321
13,2,55,铅钡,train,204321
13,2,56,铅钡,validation,204321
13,2,57,铅钡,train,204321
13,2,58,铅钡,train,204321
13,3,01,高钾,validation,204321
13,3,02,铅钡,train,204321
13,3,03,高钾,validation,204321
13,3,04,高钾,train,204321
13,3,05,高钾,train,204321
13,3,06,高钾,train,204321
13,3,07,高钾,train,204321
13,3,08,铅钡,train,204321
13,3,09,高钾,validation,204321
13,3,10,高钾,train,204321
13,3,11,铅钡,validation,204321
13,3,12,高钾,train,204321
13,3,13,高钾,train,204321
13,3,14,高钾,train,204321
13,3,16,高钾,train,204321
13,3,18,高钾,train,204321
13,3,19,铅钡,train,204321
13,3,20,铅钡,validation,204321
13,3,21,高钾,train,204321
13,3,22,高钾,train,204321
13,3,23,铅钡,train,204321
13,3,24,铅钡,train,204321
13,3,25,铅钡,train,204321
13,3,26,铅钡,train,204321
13,3,27,高钾,train,204321
13,3,28,铅钡,train,204321
13,3,29,铅钡,validation,204321
13,3,30,铅钡,validation,204321
13,3,31,铅钡,train,204321
13,3,32,铅钡,validation,204321
13,3,33,铅钡,train,204321
13,3,34,铅钡,train,204321
13,3,35,铅钡,train,204321
13,3,36,铅钡,train,204321
13,3,37,铅钡,train,204321
13,3,38,铅钡,train,204321
13,3,39,铅钡,train,204321
13,3,40,铅钡,train,204321
13,3,41,铅钡,train,204321
13,3,42,铅钡,train,204321
13,3,43,铅钡,validation,204321
13,3,44,铅钡,train,204321
13,3,45,铅钡,validation,204321
13,3,46,铅钡,train,204321
13,3,47,铅钡,train,204321
13,3,48,铅钡,train,204321
13,3,49,铅钡,train,204321
13,3,50,铅钡,train,204321
13,3,51,铅钡,train,204321
13,3,52,铅钡,train,204321
13,3,53,铅钡,train,204321
13,3,54,铅钡,validation,204321
13,3,55,铅钡,train,204321
13,3,56,铅钡,train,204321
13,3,57,铅钡,train,204321
13,3,58,铅钡,train,204321
13,4,01,高钾,train,204321
13,4,02,铅钡,train,204321
13,4,03,高钾,train,204321
13,4,04,高钾,train,204321
13,4,05,高钾,train,204321
13,4,06,高钾,train,204321
13,4,07,高钾,validation,204321
13,4,08,铅钡,train,204321
13,4,09,高钾,train,204321
13,4,10,高钾,train,204321
13,4,11,铅钡,train,204321
13,4,12,高钾,train,204321
13,4,13,高钾,train,204321
13,4,14,高钾,train,204321
13,4,16,高钾,train,204321
13,4,18,高钾,validation,204321
13,4,19,铅钡,train,204321
13,4,20,铅钡,train,204321
13,4,21,高钾,train,204321
13,4,22,高钾,validation,204321
13,4,23,铅钡,train,204321
13,4,24,铅钡,train,204321
13,4,25,铅钡,validation,204321
13,4,26,铅钡,train,204321
13,4,27,高钾,train,204321
13,4,28,铅钡,train,204321
13,4,29,铅钡,train,204321
13,4,30,铅钡,train,204321
13,4,31,铅钡,train,204321
13,4,32,铅钡,train,204321
13,4,33,铅钡,validation,204321
13,4,34,铅钡,validation,204321
13,4,35,铅钡,train,204321
13,4,36,铅钡,train,204321
13,4,37,铅钡,train,204321
13,4,38,铅钡,validation,204321
13,4,39,铅钡,train,204321
13,4,40,铅钡,validation,204321
13,4,41,铅钡,validation,204321
13,4,42,铅钡,train,204321
13,4,43,铅钡,train,204321
13,4,44,铅钡,train,204321
13,4,45,铅钡,train,204321
13,4,46,铅钡,validation,204321
13,4,47,铅钡,validation,204321
13,4,48,铅钡,train,204321
13,4,49,铅钡,train,204321
13,4,50,铅钡,train,204321
13,4,51,铅钡,train,204321
13,4,52,铅钡,train,204321
13,4,53,铅钡,train,204321
13,4,54,铅钡,train,204321
13,4,55,铅钡,train,204321
13,4,56,铅钡,train,204321
13,4,57,铅钡,train,204321
13,4,58,铅钡,train,204321
14,0,01,高钾,validation,204322
14,0,02,铅钡,validation,204322
14,0,03,高钾,train,204322
14,0,04,高钾,train,204322
14,0,05,高钾,train,204322
14,0,06,高钾,train,204322
14,0,07,高钾,train,204322
14,0,08,铅钡,train,204322
14,0,09,高钾,validation,204322
14,0,10,高钾,train,204322
14,0,11,铅钡,train,204322
14,0,12,高钾,train,204322
14,0,13,高钾,train,204322
14,0,14,高钾,train,204322
14,0,16,高钾,train,204322
14,0,18,高钾,validation,204322
14,0,19,铅钡,train,204322
14,0,20,铅钡,validation,204322
14,0,21,高钾,train,204322
14,0,22,高钾,train,204322
14,0,23,铅钡,train,204322
14,0,24,铅钡,train,204322
14,0,25,铅钡,train,204322
14,0,26,铅钡,train,204322
14,0,27,高钾,train,204322
14,0,28,铅钡,validation,204322
14,0,29,铅钡,train,204322
14,0,30,铅钡,train,204322
14,0,31,铅钡,train,204322
14,0,32,铅钡,train,204322
14,0,33,铅钡,train,204322
14,0,34,铅钡,train,204322
14,0,35,铅钡,train,204322
14,0,36,铅钡,validation,204322
14,0,37,铅钡,train,204322
14,0,38,铅钡,validation,204322
14,0,39,铅钡,train,204322
14,0,40,铅钡,train,204322
14,0,41,铅钡,train,204322
14,0,42,铅钡,train,204322
14,0,43,铅钡,train,204322
14,0,44,铅钡,train,204322
14,0,45,铅钡,validation,204322
14,0,46,铅钡,train,204322
14,0,47,铅钡,train,204322
14,0,48,铅钡,train,204322
14,0,49,铅钡,train,204322
14,0,50,铅钡,train,204322
14,0,51,铅钡,validation,204322
14,0,52,铅钡,train,204322
14,0,53,铅钡,train,204322
14,0,54,铅钡,train,204322
14,0,55,铅钡,train,204322
14,0,56,铅钡,train,204322
14,0,57,铅钡,train,204322
14,0,58,铅钡,validation,204322
14,1,01,高钾,train,204322
14,1,02,铅钡,train,204322
14,1,03,高钾,train,204322
14,1,04,高钾,train,204322
14,1,05,高钾,train,204322
14,1,06,高钾,train,204322
14,1,07,高钾,train,204322
14,1,08,铅钡,train,204322
14,1,09,高钾,train,204322
14,1,10,高钾,train,204322
14,1,11,铅钡,validation,204322
14,1,12,高钾,train,204322
14,1,13,高钾,train,204322
14,1,14,高钾,validation,204322
14,1,16,高钾,train,204322
14,1,18,高钾,train,204322
14,1,19,铅钡,validation,204322
14,1,20,铅钡,train,204322
14,1,21,高钾,validation,204322
14,1,22,高钾,validation,204322
14,1,23,铅钡,validation,204322
14,1,24,铅钡,train,204322
14,1,25,铅钡,train,204322
14,1,26,铅钡,train,204322
14,1,27,高钾,validation,204322
14,1,28,铅钡,train,204322
14,1,29,铅钡,train,204322
14,1,30,铅钡,train,204322
14,1,31,铅钡,train,204322
14,1,32,铅钡,train,204322
14,1,33,铅钡,validation,204322
14,1,34,铅钡,validation,204322
14,1,35,铅钡,validation,204322
14,1,36,铅钡,train,204322
14,1,37,铅钡,train,204322
14,1,38,铅钡,train,204322
14,1,39,铅钡,train,204322
14,1,40,铅钡,train,204322
14,1,41,铅钡,train,204322
14,1,42,铅钡,validation,204322
14,1,43,铅钡,validation,204322
14,1,44,铅钡,train,204322
14,1,45,铅钡,train,204322
14,1,46,铅钡,train,204322
14,1,47,铅钡,train,204322
14,1,48,铅钡,train,204322
14,1,49,铅钡,train,204322
14,1,50,铅钡,train,204322
14,1,51,铅钡,train,204322
14,1,52,铅钡,train,204322
14,1,53,铅钡,train,204322
14,1,54,铅钡,train,204322
14,1,55,铅钡,train,204322
14,1,56,铅钡,train,204322
14,1,57,铅钡,train,204322
14,1,58,铅钡,train,204322
14,2,01,高钾,train,204322
14,2,02,铅钡,train,204322
14,2,03,高钾,train,204322
14,2,04,高钾,train,204322
14,2,05,高钾,validation,204322
14,2,06,高钾,validation,204322
14,2,07,高钾,validation,204322
14,2,08,铅钡,train,204322
14,2,09,高钾,train,204322
14,2,10,高钾,train,204322
14,2,11,铅钡,train,204322
14,2,12,高钾,train,204322
14,2,13,高钾,train,204322
14,2,14,高钾,train,204322
14,2,16,高钾,train,204322
14,2,18,高钾,train,204322
14,2,19,铅钡,train,204322
14,2,20,铅钡,train,204322
14,2,21,高钾,train,204322
14,2,22,高钾,train,204322
14,2,23,铅钡,train,204322
14,2,24,铅钡,train,204322
14,2,25,铅钡,validation,204322
14,2,26,铅钡,train,204322
14,2,27,高钾,train,204322
14,2,28,铅钡,train,204322
14,2,29,铅钡,train,204322
14,2,30,铅钡,train,204322
14,2,31,铅钡,train,204322
14,2,32,铅钡,train,204322
14,2,33,铅钡,train,204322
14,2,34,铅钡,train,204322
14,2,35,铅钡,train,204322
14,2,36,铅钡,train,204322
14,2,37,铅钡,validation,204322
14,2,38,铅钡,train,204322
14,2,39,铅钡,validation,204322
14,2,40,铅钡,validation,204322
14,2,41,铅钡,train,204322
14,2,42,铅钡,train,204322
14,2,43,铅钡,train,204322
14,2,44,铅钡,train,204322
14,2,45,铅钡,train,204322
14,2,46,铅钡,validation,204322
14,2,47,铅钡,train,204322
14,2,48,铅钡,train,204322
14,2,49,铅钡,train,204322
14,2,50,铅钡,validation,204322
14,2,51,铅钡,train,204322
14,2,52,铅钡,train,204322
14,2,53,铅钡,train,204322
14,2,54,铅钡,validation,204322
14,2,55,铅钡,train,204322
14,2,56,铅钡,validation,204322
14,2,57,铅钡,train,204322
14,2,58,铅钡,train,204322
14,3,01,高钾,train,204322
14,3,02,铅钡,train,204322
14,3,03,高钾,validation,204322
14,3,04,高钾,train,204322
14,3,05,高钾,train,204322
14,3,06,高钾,train,204322
14,3,07,高钾,train,204322
14,3,08,铅钡,validation,204322
14,3,09,高钾,train,204322
14,3,10,高钾,train,204322
14,3,11,铅钡,train,204322
14,3,12,高钾,validation,204322
14,3,13,高钾,train,204322
14,3,14,高钾,train,204322
14,3,16,高钾,validation,204322
14,3,18,高钾,train,204322
14,3,19,铅钡,train,204322
14,3,20,铅钡,train,204322
14,3,21,高钾,train,204322
14,3,22,高钾,train,204322
14,3,23,铅钡,train,204322
14,3,24,铅钡,train,204322
14,3,25,铅钡,train,204322
14,3,26,铅钡,train,204322
14,3,27,高钾,train,204322
14,3,28,铅钡,train,204322
14,3,29,铅钡,train,204322
14,3,30,铅钡,validation,204322
14,3,31,铅钡,train,204322
14,3,32,铅钡,validation,204322
14,3,33,铅钡,train,204322
14,3,34,铅钡,train,204322
14,3,35,铅钡,train,204322
14,3,36,铅钡,train,204322
14,3,37,铅钡,train,204322
14,3,38,铅钡,train,204322
14,3,39,铅钡,train,204322
14,3,40,铅钡,train,204322
14,3,41,铅钡,validation,204322
14,3,42,铅钡,train,204322
14,3,43,铅钡,train,204322
14,3,44,铅钡,validation,204322
14,3,45,铅钡,train,204322
14,3,46,铅钡,train,204322
14,3,47,铅钡,validation,204322
14,3,48,铅钡,train,204322
14,3,49,铅钡,train,204322
14,3,50,铅钡,train,204322
14,3,51,铅钡,train,204322
14,3,52,铅钡,validation,204322
14,3,53,铅钡,train,204322
14,3,54,铅钡,train,204322
14,3,55,铅钡,validation,204322
14,3,56,铅钡,train,204322
14,3,57,铅钡,train,204322
14,3,58,铅钡,train,204322
14,4,01,高钾,train,204322
14,4,02,铅钡,train,204322
14,4,03,高钾,train,204322
14,4,04,高钾,validation,204322
14,4,05,高钾,train,204322
14,4,06,高钾,train,204322
14,4,07,高钾,train,204322
14,4,08,铅钡,train,204322
14,4,09,高钾,train,204322
14,4,10,高钾,validation,204322
14,4,11,铅钡,train,204322
14,4,12,高钾,train,204322
14,4,13,高钾,validation,204322
14,4,14,高钾,train,204322
14,4,16,高钾,train,204322
14,4,18,高钾,train,204322
14,4,19,铅钡,train,204322
14,4,20,铅钡,train,204322
14,4,21,高钾,train,204322
14,4,22,高钾,train,204322
14,4,23,铅钡,train,204322
14,4,24,铅钡,validation,204322
14,4,25,铅钡,train,204322
14,4,26,铅钡,validation,204322
14,4,27,高钾,train,204322
14,4,28,铅钡,train,204322
14,4,29,铅钡,validation,204322
14,4,30,铅钡,train,204322
14,4,31,铅钡,validation,204322
14,4,32,铅钡,train,204322
14,4,33,铅钡,train,204322
14,4,34,铅钡,train,204322
14,4,35,铅钡,train,204322
14,4,36,铅钡,train,204322
14,4,37,铅钡,train,204322
14,4,38,铅钡,train,204322
14,4,39,铅钡,train,204322
14,4,40,铅钡,train,204322
14,4,41,铅钡,train,204322
14,4,42,铅钡,train,204322
14,4,43,铅钡,train,204322
14,4,44,铅钡,train,204322
14,4,45,铅钡,train,204322
14,4,46,铅钡,train,204322
14,4,47,铅钡,train,204322
14,4,48,铅钡,validation,204322
14,4,49,铅钡,validation,204322
14,4,50,铅钡,train,204322
14,4,51,铅钡,train,204322
14,4,52,铅钡,train,204322
14,4,53,铅钡,validation,204322
14,4,54,铅钡,train,204322
14,4,55,铅钡,train,204322
14,4,56,铅钡,train,204322
14,4,57,铅钡,validation,204322
14,4,58,铅钡,train,204322
15,0,01,高钾,train,204323
15,0,02,铅钡,train,204323
15,0,03,高钾,validation,204323
15,0,04,高钾,validation,204323
15,0,05,高钾,validation,204323
15,0,06,高钾,train,204323
15,0,07,高钾,train,204323
15,0,08,铅钡,train,204323
15,0,09,高钾,train,204323
15,0,10,高钾,train,204323
15,0,11,铅钡,validation,204323
15,0,12,高钾,train,204323
15,0,13,高钾,train,204323
15,0,14,高钾,train,204323
15,0,16,高钾,train,204323
15,0,18,高钾,validation,204323
15,0,19,铅钡,train,204323
15,0,20,铅钡,train,204323
15,0,21,高钾,train,204323
15,0,22,高钾,train,204323
15,0,23,铅钡,train,204323
15,0,24,铅钡,validation,204323
15,0,25,铅钡,train,204323
15,0,26,铅钡,train,204323
15,0,27,高钾,train,204323
15,0,28,铅钡,train,204323
15,0,29,铅钡,validation,204323
15,0,30,铅钡,validation,204323
15,0,31,铅钡,train,204323
15,0,32,铅钡,train,204323
15,0,33,铅钡,train,204323
15,0,34,铅钡,train,204323
15,0,35,铅钡,train,204323
15,0,36,铅钡,train,204323
15,0,37,铅钡,train,204323
15,0,38,铅钡,validation,204323
15,0,39,铅钡,validation,204323
15,0,40,铅钡,train,204323
15,0,41,铅钡,train,204323
15,0,42,铅钡,train,204323
15,0,43,铅钡,train,204323
15,0,44,铅钡,train,204323
15,0,45,铅钡,train,204323
15,0,46,铅钡,train,204323
15,0,47,铅钡,train,204323
15,0,48,铅钡,train,204323
15,0,49,铅钡,validation,204323
15,0,50,铅钡,train,204323
15,0,51,铅钡,train,204323
15,0,52,铅钡,train,204323
15,0,53,铅钡,train,204323
15,0,54,铅钡,train,204323
15,0,55,铅钡,train,204323
15,0,56,铅钡,train,204323
15,0,57,铅钡,validation,204323
15,0,58,铅钡,train,204323
15,1,01,高钾,train,204323
15,1,02,铅钡,validation,204323
15,1,03,高钾,train,204323
15,1,04,高钾,train,204323
15,1,05,高钾,train,204323
15,1,06,高钾,train,204323
15,1,07,高钾,train,204323
15,1,08,铅钡,train,204323
15,1,09,高钾,train,204323
15,1,10,高钾,train,204323
15,1,11,铅钡,train,204323
15,1,12,高钾,validation,204323
15,1,13,高钾,train,204323
15,1,14,高钾,train,204323
15,1,16,高钾,validation,204323
15,1,18,高钾,train,204323
15,1,19,铅钡,validation,204323
15,1,20,铅钡,train,204323
15,1,21,高钾,train,204323
15,1,22,高钾,train,204323
15,1,23,铅钡,train,204323
15,1,24,铅钡,train,204323
15,1,25,铅钡,train,204323
15,1,26,铅钡,validation,204323
15,1,27,高钾,validation,204323
15,1,28,铅钡,train,204323
15,1,29,铅钡,train,204323
15,1,30,铅钡,train,204323
15,1,31,铅钡,train,204323
15,1,32,铅钡,train,204323
15,1,33,铅钡,train,204323
15,1,34,铅钡,train,204323
15,1,35,铅钡,validation,204323
15,1,36,铅钡,validation,204323
15,1,37,铅钡,train,204323
15,1,38,铅钡,train,204323
15,1,39,铅钡,train,204323
15,1,40,铅钡,train,204323
15,1,41,铅钡,train,204323
15,1,42,铅钡,train,204323
15,1,43,铅钡,validation,204323
15,1,44,铅钡,validation,204323
15,1,45,铅钡,train,204323
15,1,46,铅钡,train,204323
15,1,47,铅钡,train,204323
15,1,48,铅钡,train,204323
15,1,49,铅钡,train,204323
15,1,50,铅钡,train,204323
15,1,51,铅钡,validation,204323
15,1,52,铅钡,train,204323
15,1,53,铅钡,train,204323
15,1,54,铅钡,train,204323
15,1,55,铅钡,train,204323
15,1,56,铅钡,train,204323
15,1,57,铅钡,train,204323
15,1,58,铅钡,train,204323
15,2,01,高钾,train,204323
15,2,02,铅钡,train,204323
15,2,03,高钾,train,204323
15,2,04,高钾,train,204323
15,2,05,高钾,train,204323
15,2,06,高钾,validation,204323
15,2,07,高钾,train,204323
15,2,08,铅钡,train,204323
15,2,09,高钾,train,204323
15,2,10,高钾,validation,204323
15,2,11,铅钡,train,204323
15,2,12,高钾,train,204323
15,2,13,高钾,train,204323
15,2,14,高钾,train,204323
15,2,16,高钾,train,204323
15,2,18,高钾,train,204323
15,2,19,铅钡,train,204323
15,2,20,铅钡,validation,204323
15,2,21,高钾,validation,204323
15,2,22,高钾,train,204323
15,2,23,铅钡,train,204323
15,2,24,铅钡,train,204323
15,2,25,铅钡,validation,204323
15,2,26,铅钡,train,204323
15,2,27,高钾,train,204323
15,2,28,铅钡,train,204323
15,2,29,铅钡,train,204323
15,2,30,铅钡,train,204323
15,2,31,铅钡,validation,204323
15,2,32,铅钡,train,204323
15,2,33,铅钡,validation,204323
15,2,34,铅钡,train,204323
15,2,35,铅钡,train,204323
15,2,36,铅钡,train,204323
15,2,37,铅钡,validation,204323
15,2,38,铅钡,train,204323
15,2,39,铅钡,train,204323
15,2,40,铅钡,train,204323
15,2,41,铅钡,train,204323
15,2,42,铅钡,train,204323
15,2,43,铅钡,train,204323
15,2,44,铅钡,train,204323
15,2,45,铅钡,train,204323
15,2,46,铅钡,validation,204323
15,2,47,铅钡,train,204323
15,2,48,铅钡,train,204323
15,2,49,铅钡,train,204323
15,2,50,铅钡,train,204323
15,2,51,铅钡,train,204323
15,2,52,铅钡,train,204323
15,2,53,铅钡,validation,204323
15,2,54,铅钡,validation,204323
15,2,55,铅钡,train,204323
15,2,56,铅钡,train,204323
15,2,57,铅钡,train,204323
15,2,58,铅钡,train,204323
15,3,01,高钾,train,204323
15,3,02,铅钡,train,204323
15,3,03,高钾,train,204323
15,3,04,高钾,train,204323
15,3,05,高钾,train,204323
15,3,06,高钾,train,204323
15,3,07,高钾,train,204323
15,3,08,铅钡,train,204323
15,3,09,高钾,train,204323
15,3,10,高钾,train,204323
15,3,11,铅钡,train,204323
15,3,12,高钾,train,204323
15,3,13,高钾,validation,204323
15,3,14,高钾,validation,204323
15,3,16,高钾,train,204323
15,3,18,高钾,train,204323
15,3,19,铅钡,train,204323
15,3,20,铅钡,train,204323
15,3,21,高钾,train,204323
15,3,22,高钾,validation,204323
15,3,23,铅钡,train,204323
15,3,24,铅钡,train,204323
15,3,25,铅钡,train,204323
15,3,26,铅钡,train,204323
15,3,27,高钾,train,204323
15,3,28,铅钡,validation,204323
15,3,29,铅钡,train,204323
15,3,30,铅钡,train,204323
15,3,31,铅钡,train,204323
15,3,32,铅钡,validation,204323
15,3,33,铅钡,train,204323
15,3,34,铅钡,train,204323
15,3,35,铅钡,train,204323
15,3,36,铅钡,train,204323
15,3,37,铅钡,train,204323
15,3,38,铅钡,train,204323
15,3,39,铅钡,train,204323
15,3,40,铅钡,validation,204323
15,3,41,铅钡,validation,204323
15,3,42,铅钡,train,204323
15,3,43,铅钡,train,204323
15,3,44,铅钡,train,204323
15,3,45,铅钡,validation,204323
15,3,46,铅钡,train,204323
15,3,47,铅钡,validation,204323
15,3,48,铅钡,validation,204323
15,3,49,铅钡,train,204323
15,3,50,铅钡,validation,204323
15,3,51,铅钡,train,204323
15,3,52,铅钡,train,204323
15,3,53,铅钡,train,204323
15,3,54,铅钡,train,204323
15,3,55,铅钡,train,204323
15,3,56,铅钡,train,204323
15,3,57,铅钡,train,204323
15,3,58,铅钡,train,204323
15,4,01,高钾,validation,204323
15,4,02,铅钡,train,204323
15,4,03,高钾,train,204323
15,4,04,高钾,train,204323
15,4,05,高钾,train,204323
15,4,06,高钾,train,204323
15,4,07,高钾,validation,204323
15,4,08,铅钡,validation,204323
15,4,09,高钾,validation,204323
15,4,10,高钾,train,204323
15,4,11,铅钡,train,204323
15,4,12,高钾,train,204323
15,4,13,高钾,train,204323
15,4,14,高钾,train,204323
15,4,16,高钾,train,204323
15,4,18,高钾,train,204323
15,4,19,铅钡,train,204323
15,4,20,铅钡,train,204323
15,4,21,高钾,train,204323
15,4,22,高钾,train,204323
15,4,23,铅钡,validation,204323
15,4,24,铅钡,train,204323
15,4,25,铅钡,train,204323
15,4,26,铅钡,train,204323
15,4,27,高钾,train,204323
15,4,28,铅钡,train,204323
15,4,29,铅钡,train,204323
15,4,30,铅钡,train,204323
15,4,31,铅钡,train,204323
15,4,32,铅钡,train,204323
15,4,33,铅钡,train,204323
15,4,34,铅钡,validation,204323
15,4,35,铅钡,train,204323
15,4,36,铅钡,train,204323
15,4,37,铅钡,train,204323
15,4,38,铅钡,train,204323
15,4,39,铅钡,train,204323
15,4,40,铅钡,train,204323
15,4,41,铅钡,train,204323
15,4,42,铅钡,validation,204323
15,4,43,铅钡,train,204323
15,4,44,铅钡,train,204323
15,4,45,铅钡,train,204323
15,4,46,铅钡,train,204323
15,4,47,铅钡,train,204323
15,4,48,铅钡,train,204323
15,4,49,铅钡,train,204323
15,4,50,铅钡,train,204323
15,4,51,铅钡,train,204323
15,4,52,铅钡,validation,204323
15,4,53,铅钡,train,204323
15,4,54,铅钡,train,204323
15,4,55,铅钡,validation,204323
15,4,56,铅钡,validation,204323
15,4,57,铅钡,train,204323
15,4,58,铅钡,validation,204323
16,0,01,高钾,train,204324
16,0,02,铅钡,train,204324
16,0,03,高钾,validation,204324
16,0,04,高钾,train,204324
16,0,05,高钾,train,204324
16,0,06,高钾,train,204324
16,0,07,高钾,train,204324
16,0,08,铅钡,train,204324
16,0,09,高钾,train,204324
16,0,10,高钾,validation,204324
16,0,11,铅钡,validation,204324
16,0,12,高钾,validation,204324
16,0,13,高钾,train,204324
16,0,14,高钾,train,204324
16,0,16,高钾,train,204324
16,0,18,高钾,train,204324
16,0,19,铅钡,validation,204324
16,0,20,铅钡,train,204324
16,0,21,高钾,train,204324
16,0,22,高钾,train,204324
16,0,23,铅钡,validation,204324
16,0,24,铅钡,validation,204324
16,0,25,铅钡,train,204324
16,0,26,铅钡,validation,204324
16,0,27,高钾,validation,204324
16,0,28,铅钡,train,204324
16,0,29,铅钡,train,204324
16,0,30,铅钡,validation,204324
16,0,31,铅钡,train,204324
16,0,32,铅钡,train,204324
16,0,33,铅钡,train,204324
16,0,34,铅钡,validation,204324
16,0,35,铅钡,train,204324
16,0,36,铅钡,train,204324
16,0,37,铅钡,validation,204324
16,0,38,铅钡,train,204324
16,0,39,铅钡,train,204324
16,0,40,铅钡,train,204324
16,0,41,铅钡,train,204324
16,0,42,铅钡,train,204324
16,0,43,铅钡,train,204324
16,0,44,铅钡,train,204324
16,0,45,铅钡,train,204324
16,0,46,铅钡,train,204324
16,0,47,铅钡,train,204324
16,0,48,铅钡,train,204324
16,0,49,铅钡,train,204324
16,0,50,铅钡,train,204324
16,0,51,铅钡,train,204324
16,0,52,铅钡,train,204324
16,0,53,铅钡,train,204324
16,0,54,铅钡,train,204324
16,0,55,铅钡,train,204324
16,0,56,铅钡,train,204324
16,0,57,铅钡,train,204324
16,0,58,铅钡,train,204324
16,1,01,高钾,validation,204324
16,1,02,铅钡,validation,204324
16,1,03,高钾,train,204324
16,1,04,高钾,train,204324
16,1,05,高钾,train,204324
16,1,06,高钾,train,204324
16,1,07,高钾,train,204324
16,1,08,铅钡,train,204324
16,1,09,高钾,validation,204324
16,1,10,高钾,train,204324
16,1,11,铅钡,train,204324
16,1,12,高钾,train,204324
16,1,13,高钾,train,204324
16,1,14,高钾,train,204324
16,1,16,高钾,train,204324
16,1,18,高钾,train,204324
16,1,19,铅钡,train,204324
16,1,20,铅钡,train,204324
16,1,21,高钾,validation,204324
16,1,22,高钾,train,204324
16,1,23,铅钡,train,204324
16,1,24,铅钡,train,204324
16,1,25,铅钡,train,204324
16,1,26,铅钡,train,204324
16,1,27,高钾,train,204324
16,1,28,铅钡,train,204324
16,1,29,铅钡,train,204324
16,1,30,铅钡,train,204324
16,1,31,铅钡,train,204324
16,1,32,铅钡,train,204324
16,1,33,铅钡,validation,204324
16,1,34,铅钡,train,204324
16,1,35,铅钡,train,204324
16,1,36,铅钡,train,204324
16,1,37,铅钡,train,204324
16,1,38,铅钡,train,204324
16,1,39,铅钡,train,204324
16,1,40,铅钡,train,204324
16,1,41,铅钡,validation,204324
16,1,42,铅钡,train,204324
16,1,43,铅钡,validation,204324
16,1,44,铅钡,train,204324
16,1,45,铅钡,train,204324
16,1,46,铅钡,validation,204324
16,1,47,铅钡,validation,204324
16,1,48,铅钡,train,204324
16,1,49,铅钡,train,204324
16,1,50,铅钡,train,204324
16,1,51,铅钡,train,204324
16,1,52,铅钡,train,204324
16,1,53,铅钡,validation,204324
16,1,54,铅钡,train,204324
16,1,55,铅钡,train,204324
16,1,56,铅钡,train,204324
16,1,57,铅钡,validation,204324
16,1,58,铅钡,train,204324
16,2,01,高钾,train,204324
16,2,02,铅钡,train,204324
16,2,03,高钾,train,204324
16,2,04,高钾,validation,204324
16,2,05,高钾,train,204324
16,2,06,高钾,train,204324
16,2,07,高钾,validation,204324
16,2,08,铅钡,train,204324
16,2,09,高钾,train,204324
16,2,10,高钾,train,204324
16,2,11,铅钡,train,204324
16,2,12,高钾,train,204324
16,2,13,高钾,train,204324
16,2,14,高钾,train,204324
16,2,16,高钾,validation,204324
16,2,18,高钾,train,204324
16,2,19,铅钡,train,204324
16,2,20,铅钡,validation,204324
16,2,21,高钾,train,204324
16,2,22,高钾,train,204324
16,2,23,铅钡,train,204324
16,2,24,铅钡,train,204324
16,2,25,铅钡,validation,204324
16,2,26,铅钡,train,204324
16,2,27,高钾,train,204324
16,2,28,铅钡,validation,204324
16,2,29,铅钡,train,204324
16,2,30,铅钡,train,204324
16,2,31,铅钡,validation,204324
16,2,32,铅钡,validation,204324
16,2,33,铅钡,train,204324
16,2,34,铅钡,train,204324
16,2,35,铅钡,train,204324
16,2,36,铅钡,validation,204324
16,2,37,铅钡,train,204324
16,2,38,铅钡,validation,204324
16,2,39,铅钡,train,204324
16,2,40,铅钡,validation,204324
16,2,41,铅钡,train,204324
16,2,42,铅钡,train,204324
16,2,43,铅钡,train,204324
16,2,44,铅钡,train,204324
16,2,45,铅钡,train,204324
16,2,46,铅钡,train,204324
16,2,47,铅钡,train,204324
16,2,48,铅钡,train,204324
16,2,49,铅钡,train,204324
16,2,50,铅钡,train,204324
16,2,51,铅钡,train,204324
16,2,52,铅钡,train,204324
16,2,53,铅钡,train,204324
16,2,54,铅钡,train,204324
16,2,55,铅钡,train,204324
16,2,56,铅钡,train,204324
16,2,57,铅钡,train,204324
16,2,58,铅钡,train,204324
16,3,01,高钾,train,204324
16,3,02,铅钡,train,204324
16,3,03,高钾,train,204324
16,3,04,高钾,train,204324
16,3,05,高钾,validation,204324
16,3,06,高钾,train,204324
16,3,07,高钾,train,204324
16,3,08,铅钡,validation,204324
16,3,09,高钾,train,204324
16,3,10,高钾,train,204324
16,3,11,铅钡,train,204324
16,3,12,高钾,train,204324
16,3,13,高钾,validation,204324
16,3,14,高钾,train,204324
16,3,16,高钾,train,204324
16,3,18,高钾,train,204324
16,3,19,铅钡,train,204324
16,3,20,铅钡,train,204324
16,3,21,高钾,train,204324
16,3,22,高钾,validation,204324
16,3,23,铅钡,train,204324
16,3,24,铅钡,train,204324
16,3,25,铅钡,train,204324
16,3,26,铅钡,train,204324
16,3,27,高钾,train,204324
16,3,28,铅钡,train,204324
16,3,29,铅钡,train,204324
16,3,30,铅钡,train,204324
16,3,31,铅钡,train,204324
16,3,32,铅钡,train,204324
16,3,33,铅钡,train,204324
16,3,34,铅钡,train,204324
16,3,35,铅钡,train,204324
16,3,36,铅钡,train,204324
16,3,37,铅钡,train,204324
16,3,38,铅钡,train,204324
16,3,39,铅钡,validation,204324
16,3,40,铅钡,train,204324
16,3,41,铅钡,train,204324
16,3,42,铅钡,train,204324
16,3,43,铅钡,train,204324
16,3,44,铅钡,validation,204324
16,3,45,铅钡,validation,204324
16,3,46,铅钡,train,204324
16,3,47,铅钡,train,204324
16,3,48,铅钡,train,204324
16,3,49,铅钡,train,204324
16,3,50,铅钡,train,204324
16,3,51,铅钡,validation,204324
16,3,52,铅钡,validation,204324
16,3,53,铅钡,train,204324
16,3,54,铅钡,validation,204324
16,3,55,铅钡,validation,204324
16,3,56,铅钡,train,204324
16,3,57,铅钡,train,204324
16,3,58,铅钡,train,204324
16,4,01,高钾,train,204324
16,4,02,铅钡,train,204324
16,4,03,高钾,train,204324
16,4,04,高钾,train,204324
16,4,05,高钾,train,204324
16,4,06,高钾,validation,204324
16,4,07,高钾,train,204324
16,4,08,铅钡,train,204324
16,4,09,高钾,train,204324
16,4,10,高钾,train,204324
16,4,11,铅钡,train,204324
16,4,12,高钾,train,204324
16,4,13,高钾,train,204324
16,4,14,高钾,validation,204324
16,4,16,高钾,train,204324
16,4,18,高钾,validation,204324
16,4,19,铅钡,train,204324
16,4,20,铅钡,train,204324
16,4,21,高钾,train,204324
16,4,22,高钾,train,204324
16,4,23,铅钡,train,204324
16,4,24,铅钡,train,204324
16,4,25,铅钡,train,204324
16,4,26,铅钡,train,204324
16,4,27,高钾,train,204324
16,4,28,铅钡,train,204324
16,4,29,铅钡,validation,204324
16,4,30,铅钡,train,204324
16,4,31,铅钡,train,204324
16,4,32,铅钡,train,204324
16,4,33,铅钡,train,204324
16,4,34,铅钡,train,204324
16,4,35,铅钡,validation,204324
16,4,36,铅钡,train,204324
16,4,37,铅钡,train,204324
16,4,38,铅钡,train,204324
16,4,39,铅钡,train,204324
16,4,40,铅钡,train,204324
16,4,41,铅钡,train,204324
16,4,42,铅钡,validation,204324
16,4,43,铅钡,train,204324
16,4,44,铅钡,train,204324
16,4,45,铅钡,train,204324
16,4,46,铅钡,train,204324
16,4,47,铅钡,train,204324
16,4,48,铅钡,validation,204324
16,4,49,铅钡,validation,204324
16,4,50,铅钡,validation,204324
16,4,51,铅钡,train,204324
16,4,52,铅钡,train,204324
16,4,53,铅钡,train,204324
16,4,54,铅钡,train,204324
16,4,55,铅钡,train,204324
16,4,56,铅钡,validation,204324
16,4,57,铅钡,train,204324
16,4,58,铅钡,validation,204324
17,0,01,高钾,train,204325
17,0,02,铅钡,train,204325
17,0,03,高钾,train,204325
17,0,04,高钾,train,204325
17,0,05,高钾,train,204325
17,0,06,高钾,train,204325
17,0,07,高钾,train,204325
17,0,08,铅钡,train,204325
17,0,09,高钾,train,204325
17,0,10,高钾,train,204325
17,0,11,铅钡,validation,204325
17,0,12,高钾,train,204325
17,0,13,高钾,train,204325
17,0,14,高钾,validation,204325
17,0,16,高钾,train,204325
17,0,18,高钾,validation,204325
17,0,19,铅钡,train,204325
17,0,20,铅钡,train,204325
17,0,21,高钾,validation,204325
17,0,22,高钾,train,204325
17,0,23,铅钡,train,204325
17,0,24,铅钡,train,204325
17,0,25,铅钡,validation,204325
17,0,26,铅钡,train,204325
17,0,27,高钾,train,204325
17,0,28,铅钡,train,204325
17,0,29,铅钡,validation,204325
17,0,30,铅钡,train,204325
17,0,31,铅钡,train,204325
17,0,32,铅钡,train,204325
17,0,33,铅钡,validation,204325
17,0,34,铅钡,train,204325
17,0,35,铅钡,train,204325
17,0,36,铅钡,train,204325
17,0,37,铅钡,train,204325
17,0,38,铅钡,train,204325
17,0,39,铅钡,train,204325
17,0,40,铅钡,train,204325
17,0,41,铅钡,train,204325
17,0,42,铅钡,train,204325
17,0,43,铅钡,validation,204325
17,0,44,铅钡,train,204325
17,0,45,铅钡,train,204325
17,0,46,铅钡,train,204325
17,0,47,铅钡,train,204325
17,0,48,铅钡,train,204325
17,0,49,铅钡,validation,204325
17,0,50,铅钡,train,204325
17,0,51,铅钡,train,204325
17,0,52,铅钡,train,204325
17,0,53,铅钡,train,204325
17,0,54,铅钡,validation,204325
17,0,55,铅钡,train,204325
17,0,56,铅钡,train,204325
17,0,57,铅钡,validation,204325
17,0,58,铅钡,train,204325
17,1,01,高钾,train,204325
17,1,02,铅钡,train,204325
17,1,03,高钾,train,204325
17,1,04,高钾,train,204325
17,1,05,高钾,train,204325
17,1,06,高钾,train,204325
17,1,07,高钾,validation,204325
17,1,08,铅钡,validation,204325
17,1,09,高钾,validation,204325
17,1,10,高钾,train,204325
17,1,11,铅钡,train,204325
17,1,12,高钾,train,204325
17,1,13,高钾,train,204325
17,1,14,高钾,train,204325
17,1,16,高钾,train,204325
17,1,18,高钾,train,204325
17,1,19,铅钡,validation,204325
17,1,20,铅钡,validation,204325
17,1,21,高钾,train,204325
17,1,22,高钾,train,204325
17,1,23,铅钡,train,204325
17,1,24,铅钡,train,204325
17,1,25,铅钡,train,204325
17,1,26,铅钡,train,204325
17,1,27,高钾,validation,204325
17,1,28,铅钡,validation,204325
17,1,29,铅钡,train,204325
17,1,30,铅钡,train,204325
17,1,31,铅钡,train,204325
17,1,32,铅钡,train,204325
17,1,33,铅钡,train,204325
17,1,34,铅钡,train,204325
17,1,35,铅钡,train,204325
17,1,36,铅钡,train,204325
17,1,37,铅钡,train,204325
17,1,38,铅钡,train,204325
17,1,39,铅钡,validation,204325
17,1,40,铅钡,train,204325
17,1,41,铅钡,train,204325
17,1,42,铅钡,validation,204325
17,1,43,铅钡,train,204325
17,1,44,铅钡,validation,204325
17,1,45,铅钡,train,204325
17,1,46,铅钡,train,204325
17,1,47,铅钡,train,204325
17,1,48,铅钡,train,204325
17,1,49,铅钡,train,204325
17,1,50,铅钡,train,204325
17,1,51,铅钡,train,204325
17,1,52,铅钡,train,204325
17,1,53,铅钡,train,204325
17,1,54,铅钡,train,204325
17,1,55,铅钡,train,204325
17,1,56,铅钡,train,204325
17,1,57,铅钡,train,204325
17,1,58,铅钡,validation,204325
17,2,01,高钾,train,204325
17,2,02,铅钡,train,204325
17,2,03,高钾,validation,204325
17,2,04,高钾,train,204325
17,2,05,高钾,train,204325
17,2,06,高钾,validation,204325
17,2,07,高钾,train,204325
17,2,08,铅钡,train,204325
17,2,09,高钾,train,204325
17,2,10,高钾,train,204325
17,2,11,铅钡,train,204325
17,2,12,高钾,train,204325
17,2,13,高钾,train,204325
17,2,14,高钾,train,204325
17,2,16,高钾,validation,204325
17,2,18,高钾,train,204325
17,2,19,铅钡,train,204325
17,2,20,铅钡,train,204325
17,2,21,高钾,train,204325
17,2,22,高钾,validation,204325
17,2,23,铅钡,validation,204325
17,2,24,铅钡,validation,204325
17,2,25,铅钡,train,204325
17,2,26,铅钡,train,204325
17,2,27,高钾,train,204325
17,2,28,铅钡,train,204325
17,2,29,铅钡,train,204325
17,2,30,铅钡,validation,204325
17,2,31,铅钡,train,204325
17,2,32,铅钡,train,204325
17,2,33,铅钡,train,204325
17,2,34,铅钡,train,204325
17,2,35,铅钡,train,204325
17,2,36,铅钡,train,204325
17,2,37,铅钡,train,204325
17,2,38,铅钡,train,204325
17,2,39,铅钡,train,204325
17,2,40,铅钡,train,204325
17,2,41,铅钡,validation,204325
17,2,42,铅钡,train,204325
17,2,43,铅钡,train,204325
17,2,44,铅钡,train,204325
17,2,45,铅钡,train,204325
17,2,46,铅钡,train,204325
17,2,47,铅钡,train,204325
17,2,48,铅钡,validation,204325
17,2,49,铅钡,train,204325
17,2,50,铅钡,validation,204325
17,2,51,铅钡,validation,204325
17,2,52,铅钡,train,204325
17,2,53,铅钡,validation,204325
17,2,54,铅钡,train,204325
17,2,55,铅钡,train,204325
17,2,56,铅钡,train,204325
17,2,57,铅钡,train,204325
17,2,58,铅钡,train,204325
17,3,01,高钾,train,204325
17,3,02,铅钡,train,204325
17,3,03,高钾,train,204325
17,3,04,高钾,validation,204325
17,3,05,高钾,train,204325
17,3,06,高钾,train,204325
17,3,07,高钾,train,204325
17,3,08,铅钡,train,204325
17,3,09,高钾,train,204325
17,3,10,高钾,train,204325
17,3,11,铅钡,train,204325
17,3,12,高钾,validation,204325
17,3,13,高钾,validation,204325
17,3,14,高钾,train,204325
17,3,16,高钾,train,204325
17,3,18,高钾,train,204325
17,3,19,铅钡,train,204325
17,3,20,铅钡,train,204325
17,3,21,高钾,train,204325
17,3,22,高钾,train,204325
17,3,23,铅钡,train,204325
17,3,24,铅钡,train,204325
17,3,25,铅钡,train,204325
17,3,26,铅钡,validation,204325
17,3,27,高钾,train,204325
17,3,28,铅钡,train,204325
17,3,29,铅钡,train,204325
17,3,30,铅钡,train,204325
17,3,31,铅钡,validation,204325
17,3,32,铅钡,validation,204325
17,3,33,铅钡,train,204325
17,3,34,铅钡,validation,204325
17,3,35,铅钡,train,204325
17,3,36,铅钡,train,204325
17,3,37,铅钡,validation,204325
17,3,38,铅钡,train,204325
17,3,39,铅钡,train,204325
17,3,40,铅钡,validation,204325
17,3,41,铅钡,train,204325
17,3,42,铅钡,train,204325
17,3,43,铅钡,train,204325
17,3,44,铅钡,train,204325
17,3,45,铅钡,train,204325
17,3,46,铅钡,validation,204325
17,3,47,铅钡,train,204325
17,3,48,铅钡,train,204325
17,3,49,铅钡,train,204325
17,3,50,铅钡,train,204325
17,3,51,铅钡,train,204325
17,3,52,铅钡,train,204325
17,3,53,铅钡,train,204325
17,3,54,铅钡,train,204325
17,3,55,铅钡,validation,204325
17,3,56,铅钡,train,204325
17,3,57,铅钡,train,204325
17,3,58,铅钡,train,204325
17,4,01,高钾,validation,204325
17,4,02,铅钡,validation,204325
17,4,03,高钾,train,204325
17,4,04,高钾,train,204325
17,4,05,高钾,validation,204325
17,4,06,高钾,train,204325
17,4,07,高钾,train,204325
17,4,08,铅钡,train,204325
17,4,09,高钾,train,204325
17,4,10,高钾,validation,204325
17,4,11,铅钡,train,204325
17,4,12,高钾,train,204325
17,4,13,高钾,train,204325
17,4,14,高钾,train,204325
17,4,16,高钾,train,204325
17,4,18,高钾,train,204325
17,4,19,铅钡,train,204325
17,4,20,铅钡,train,204325
17,4,21,高钾,train,204325
17,4,22,高钾,train,204325
17,4,23,铅钡,train,204325
17,4,24,铅钡,train,204325
17,4,25,铅钡,train,204325
17,4,26,铅钡,train,204325
17,4,27,高钾,train,204325
17,4,28,铅钡,train,204325
17,4,29,铅钡,train,204325
17,4,30,铅钡,train,204325
17,4,31,铅钡,train,204325
17,4,32,铅钡,train,204325
17,4,33,铅钡,train,204325
17,4,34,铅钡,train,204325
17,4,35,铅钡,validation,204325
17,4,36,铅钡,validation,204325
17,4,37,铅钡,train,204325
17,4,38,铅钡,validation,204325
17,4,39,铅钡,train,204325
17,4,40,铅钡,train,204325
17,4,41,铅钡,train,204325
17,4,42,铅钡,train,204325
17,4,43,铅钡,train,204325
17,4,44,铅钡,train,204325
17,4,45,铅钡,validation,204325
17,4,46,铅钡,train,204325
17,4,47,铅钡,validation,204325
17,4,48,铅钡,train,204325
17,4,49,铅钡,train,204325
17,4,50,铅钡,train,204325
17,4,51,铅钡,train,204325
17,4,52,铅钡,validation,204325
17,4,53,铅钡,train,204325
17,4,54,铅钡,train,204325
17,4,55,铅钡,train,204325
17,4,56,铅钡,validation,204325
17,4,57,铅钡,train,204325
17,4,58,铅钡,train,204325
18,0,01,高钾,validation,204326
18,0,02,铅钡,train,204326
18,0,03,高钾,train,204326
18,0,04,高钾,validation,204326
18,0,05,高钾,train,204326
18,0,06,高钾,train,204326
18,0,07,高钾,train,204326
18,0,08,铅钡,train,204326
18,0,09,高钾,train,204326
18,0,10,高钾,train,204326
18,0,11,铅钡,train,204326
18,0,12,高钾,train,204326
18,0,13,高钾,train,204326
18,0,14,高钾,validation,204326
18,0,16,高钾,train,204326
18,0,18,高钾,train,204326
18,0,19,铅钡,train,204326
18,0,20,铅钡,validation,204326
18,0,21,高钾,train,204326
18,0,22,高钾,train,204326
18,0,23,铅钡,train,204326
18,0,24,铅钡,train,204326
18,0,25,铅钡,train,204326
18,0,26,铅钡,train,204326
18,0,27,高钾,train,204326
18,0,28,铅钡,validation,204326
18,0,29,铅钡,train,204326
18,0,30,铅钡,train,204326
18,0,31,铅钡,train,204326
18,0,32,铅钡,train,204326
18,0,33,铅钡,train,204326
18,0,34,铅钡,train,204326
18,0,35,铅钡,train,204326
18,0,36,铅钡,train,204326
18,0,37,铅钡,train,204326
18,0,38,铅钡,train,204326
18,0,39,铅钡,train,204326
18,0,40,铅钡,validation,204326
18,0,41,铅钡,validation,204326
18,0,42,铅钡,train,204326
18,0,43,铅钡,train,204326
18,0,44,铅钡,train,204326
18,0,45,铅钡,validation,204326
18,0,46,铅钡,validation,204326
18,0,47,铅钡,train,204326
18,0,48,铅钡,train,204326
18,0,49,铅钡,train,204326
18,0,50,铅钡,train,204326
18,0,51,铅钡,train,204326
18,0,52,铅钡,train,204326
18,0,53,铅钡,train,204326
18,0,54,铅钡,validation,204326
18,0,55,铅钡,train,204326
18,0,56,铅钡,train,204326
18,0,57,铅钡,train,204326
18,0,58,铅钡,validation,204326
18,1,01,高钾,train,204326
18,1,02,铅钡,validation,204326
18,1,03,高钾,validation,204326
18,1,04,高钾,train,204326
18,1,05,高钾,validation,204326
18,1,06,高钾,train,204326
18,1,07,高钾,train,204326
18,1,08,铅钡,train,204326
18,1,09,高钾,validation,204326
18,1,10,高钾,train,204326
18,1,11,铅钡,validation,204326
18,1,12,高钾,train,204326
18,1,13,高钾,train,204326
18,1,14,高钾,train,204326
18,1,16,高钾,train,204326
18,1,18,高钾,train,204326
18,1,19,铅钡,validation,204326
18,1,20,铅钡,train,204326
18,1,21,高钾,train,204326
18,1,22,高钾,train,204326
18,1,23,铅钡,train,204326
18,1,24,铅钡,train,204326
18,1,25,铅钡,train,204326
18,1,26,铅钡,train,204326
18,1,27,高钾,train,204326
18,1,28,铅钡,train,204326
18,1,29,铅钡,train,204326
18,1,30,铅钡,train,204326
18,1,31,铅钡,train,204326
18,1,32,铅钡,train,204326
18,1,33,铅钡,train,204326
18,1,34,铅钡,validation,204326
18,1,35,铅钡,train,204326
18,1,36,铅钡,validation,204326
18,1,37,铅钡,train,204326
18,1,38,铅钡,train,204326
18,1,39,铅钡,train,204326
18,1,40,铅钡,train,204326
18,1,41,铅钡,train,204326
18,1,42,铅钡,validation,204326
18,1,43,铅钡,validation,204326
18,1,44,铅钡,validation,204326
18,1,45,铅钡,train,204326
18,1,46,铅钡,train,204326
18,1,47,铅钡,train,204326
18,1,48,铅钡,train,204326
18,1,49,铅钡,train,204326
18,1,50,铅钡,train,204326
18,1,51,铅钡,train,204326
18,1,52,铅钡,train,204326
18,1,53,铅钡,train,204326
18,1,54,铅钡,train,204326
18,1,55,铅钡,train,204326
18,1,56,铅钡,train,204326
18,1,57,铅钡,train,204326
18,1,58,铅钡,train,204326
18,2,01,高钾,train,204326
18,2,02,铅钡,train,204326
18,2,03,高钾,train,204326
18,2,04,高钾,train,204326
18,2,05,高钾,train,204326
18,2,06,高钾,validation,204326
18,2,07,高钾,train,204326
18,2,08,铅钡,train,204326
18,2,09,高钾,train,204326
18,2,10,高钾,validation,204326
18,2,11,铅钡,train,204326
18,2,12,高钾,train,204326
18,2,13,高钾,validation,204326
18,2,14,高钾,train,204326
18,2,16,高钾,train,204326
18,2,18,高钾,train,204326
18,2,19,铅钡,train,204326
18,2,20,铅钡,train,204326
18,2,21,高钾,train,204326
18,2,22,高钾,train,204326
18,2,23,铅钡,validation,204326
18,2,24,铅钡,train,204326
18,2,25,铅钡,validation,204326
18,2,26,铅钡,validation,204326
18,2,27,高钾,train,204326
18,2,28,铅钡,train,204326
18,2,29,铅钡,train,204326
18,2,30,铅钡,train,204326
18,2,31,铅钡,validation,204326
18,2,32,铅钡,train,204326
18,2,33,铅钡,train,204326
18,2,34,铅钡,train,204326
18,2,35,铅钡,train,204326
18,2,36,铅钡,train,204326
18,2,37,铅钡,validation,204326
18,2,38,铅钡,validation,204326
18,2,39,铅钡,train,204326
18,2,40,铅钡,train,204326
18,2,41,铅钡,train,204326
18,2,42,铅钡,train,204326
18,2,43,铅钡,train,204326
18,2,44,铅钡,train,204326
18,2,45,铅钡,train,204326
18,2,46,铅钡,train,204326
18,2,47,铅钡,train,204326
18,2,48,铅钡,train,204326
18,2,49,铅钡,train,204326
18,2,50,铅钡,validation,204326
18,2,51,铅钡,train,204326
18,2,52,铅钡,validation,204326
18,2,53,铅钡,train,204326
18,2,54,铅钡,train,204326
18,2,55,铅钡,train,204326
18,2,56,铅钡,train,204326
18,2,57,铅钡,train,204326
18,2,58,铅钡,train,204326
18,3,01,高钾,train,204326
18,3,02,铅钡,train,204326
18,3,03,高钾,train,204326
18,3,04,高钾,train,204326
18,3,05,高钾,train,204326
18,3,06,高钾,train,204326
18,3,07,高钾,train,204326
18,3,08,铅钡,train,204326
18,3,09,高钾,train,204326
18,3,10,高钾,train,204326
18,3,11,铅钡,train,204326
18,3,12,高钾,train,204326
18,3,13,高钾,train,204326
18,3,14,高钾,train,204326
18,3,16,高钾,validation,204326
18,3,18,高钾,validation,204326
18,3,19,铅钡,train,204326
18,3,20,铅钡,train,204326
18,3,21,高钾,train,204326
18,3,22,高钾,validation,204326
18,3,23,铅钡,train,204326
18,3,24,铅钡,train,204326
18,3,25,铅钡,train,204326
18,3,26,铅钡,train,204326
18,3,27,高钾,train,204326
18,3,28,铅钡,train,204326
18,3,29,铅钡,train,204326
18,3,30,铅钡,validation,204326
18,3,31,铅钡,train,204326
18,3,32,铅钡,train,204326
18,3,33,铅钡,train,204326
18,3,34,铅钡,train,204326
18,3,35,铅钡,validation,204326
18,3,36,铅钡,train,204326
18,3,37,铅钡,train,204326
18,3,38,铅钡,train,204326
18,3,39,铅钡,validation,204326
18,3,40,铅钡,train,204326
18,3,41,铅钡,train,204326
18,3,42,铅钡,train,204326
18,3,43,铅钡,train,204326
18,3,44,铅钡,train,204326
18,3,45,铅钡,train,204326
18,3,46,铅钡,train,204326
18,3,47,铅钡,train,204326
18,3,48,铅钡,train,204326
18,3,49,铅钡,validation,204326
18,3,50,铅钡,train,204326
18,3,51,铅钡,validation,204326
18,3,52,铅钡,train,204326
18,3,53,铅钡,validation,204326
18,3,54,铅钡,train,204326
18,3,55,铅钡,validation,204326
18,3,56,铅钡,train,204326
18,3,57,铅钡,validation,204326
18,3,58,铅钡,train,204326
18,4,01,高钾,train,204326
18,4,02,铅钡,train,204326
18,4,03,高钾,train,204326
18,4,04,高钾,train,204326
18,4,05,高钾,train,204326
18,4,06,高钾,train,204326
18,4,07,高钾,validation,204326
18,4,08,铅钡,validation,204326
18,4,09,高钾,train,204326
18,4,10,高钾,train,204326
18,4,11,铅钡,train,204326
18,4,12,高钾,validation,204326
18,4,13,高钾,train,204326
18,4,14,高钾,train,204326
18,4,16,高钾,train,204326
18,4,18,高钾,train,204326
18,4,19,铅钡,train,204326
18,4,20,铅钡,train,204326
18,4,21,高钾,validation,204326
18,4,22,高钾,train,204326
18,4,23,铅钡,train,204326
18,4,24,铅钡,validation,204326
18,4,25,铅钡,train,204326
18,4,26,铅钡,train,204326
18,4,27,高钾,validation,204326
18,4,28,铅钡,train,204326
18,4,29,铅钡,validation,204326
18,4,30,铅钡,train,204326
18,4,31,铅钡,train,204326
18,4,32,铅钡,validation,204326
18,4,33,铅钡,validation,204326
18,4,34,铅钡,train,204326
18,4,35,铅钡,train,204326
18,4,36,铅钡,train,204326
18,4,37,铅钡,train,204326
18,4,38,铅钡,train,204326
18,4,39,铅钡,train,204326
18,4,40,铅钡,train,204326
18,4,41,铅钡,train,204326
18,4,42,铅钡,train,204326
18,4,43,铅钡,train,204326
18,4,44,铅钡,train,204326
18,4,45,铅钡,train,204326
18,4,46,铅钡,train,204326
18,4,47,铅钡,validation,204326
18,4,48,铅钡,validation,204326
18,4,49,铅钡,train,204326
18,4,50,铅钡,train,204326
18,4,51,铅钡,train,204326
18,4,52,铅钡,train,204326
18,4,53,铅钡,train,204326
18,4,54,铅钡,train,204326
18,4,55,铅钡,train,204326
18,4,56,铅钡,validation,204326
18,4,57,铅钡,train,204326
18,4,58,铅钡,train,204326
19,0,01,高钾,train,204327
19,0,02,铅钡,train,204327
19,0,03,高钾,train,204327
19,0,04,高钾,train,204327
19,0,05,高钾,validation,204327
19,0,06,高钾,train,204327
19,0,07,高钾,train,204327
19,0,08,铅钡,train,204327
19,0,09,高钾,validation,204327
19,0,10,高钾,train,204327
19,0,11,铅钡,validation,204327
19,0,12,高钾,train,204327
19,0,13,高钾,train,204327
19,0,14,高钾,train,204327
19,0,16,高钾,train,204327
19,0,18,高钾,validation,204327
19,0,19,铅钡,train,204327
19,0,20,铅钡,validation,204327
19,0,21,高钾,train,204327
19,0,22,高钾,validation,204327
19,0,23,铅钡,train,204327
19,0,24,铅钡,train,204327
19,0,25,铅钡,validation,204327
19,0,26,铅钡,train,204327
19,0,27,高钾,train,204327
19,0,28,铅钡,train,204327
19,0,29,铅钡,train,204327
19,0,30,铅钡,train,204327
19,0,31,铅钡,train,204327
19,0,32,铅钡,train,204327
19,0,33,铅钡,train,204327
19,0,34,铅钡,train,204327
19,0,35,铅钡,train,204327
19,0,36,铅钡,validation,204327
19,0,37,铅钡,train,204327
19,0,38,铅钡,train,204327
19,0,39,铅钡,train,204327
19,0,40,铅钡,train,204327
19,0,41,铅钡,train,204327
19,0,42,铅钡,validation,204327
19,0,43,铅钡,train,204327
19,0,44,铅钡,train,204327
19,0,45,铅钡,train,204327
19,0,46,铅钡,train,204327
19,0,47,铅钡,train,204327
19,0,48,铅钡,train,204327
19,0,49,铅钡,train,204327
19,0,50,铅钡,train,204327
19,0,51,铅钡,validation,204327
19,0,52,铅钡,train,204327
19,0,53,铅钡,validation,204327
19,0,54,铅钡,train,204327
19,0,55,铅钡,train,204327
19,0,56,铅钡,train,204327
19,0,57,铅钡,train,204327
19,0,58,铅钡,validation,204327
19,1,01,高钾,train,204327
19,1,02,铅钡,train,204327
19,1,03,高钾,validation,204327
19,1,04,高钾,train,204327
19,1,05,高钾,train,204327
19,1,06,高钾,train,204327
19,1,07,高钾,train,204327
19,1,08,铅钡,train,204327
19,1,09,高钾,train,204327
19,1,10,高钾,train,204327
19,1,11,铅钡,train,204327
19,1,12,高钾,train,204327
19,1,13,高钾,train,204327
19,1,14,高钾,train,204327
19,1,16,高钾,train,204327
19,1,18,高钾,train,204327
19,1,19,铅钡,train,204327
19,1,20,铅钡,train,204327
19,1,21,高钾,validation,204327
19,1,22,高钾,train,204327
19,1,23,铅钡,validation,204327
19,1,24,铅钡,train,204327
19,1,25,铅钡,train,204327
19,1,26,铅钡,train,204327
19,1,27,高钾,validation,204327
19,1,28,铅钡,train,204327
19,1,29,铅钡,train,204327
19,1,30,铅钡,train,204327
19,1,31,铅钡,validation,204327
19,1,32,铅钡,validation,204327
19,1,33,铅钡,train,204327
19,1,34,铅钡,train,204327
19,1,35,铅钡,train,204327
19,1,36,铅钡,train,204327
19,1,37,铅钡,validation,204327
19,1,38,铅钡,train,204327
19,1,39,铅钡,train,204327
19,1,40,铅钡,train,204327
19,1,41,铅钡,train,204327
19,1,42,铅钡,train,204327
19,1,43,铅钡,train,204327
19,1,44,铅钡,validation,204327
19,1,45,铅钡,train,204327
19,1,46,铅钡,train,204327
19,1,47,铅钡,train,204327
19,1,48,铅钡,train,204327
19,1,49,铅钡,validation,204327
19,1,50,铅钡,validation,204327
19,1,51,铅钡,train,204327
19,1,52,铅钡,train,204327
19,1,53,铅钡,train,204327
19,1,54,铅钡,train,204327
19,1,55,铅钡,validation,204327
19,1,56,铅钡,train,204327
19,1,57,铅钡,train,204327
19,1,58,铅钡,train,204327
19,2,01,高钾,validation,204327
19,2,02,铅钡,train,204327
19,2,03,高钾,train,204327
19,2,04,高钾,validation,204327
19,2,05,高钾,train,204327
19,2,06,高钾,train,204327
19,2,07,高钾,train,204327
19,2,08,铅钡,train,204327
19,2,09,高钾,train,204327
19,2,10,高钾,validation,204327
19,2,11,铅钡,train,204327
19,2,12,高钾,train,204327
19,2,13,高钾,train,204327
19,2,14,高钾,train,204327
19,2,16,高钾,train,204327
19,2,18,高钾,train,204327
19,2,19,铅钡,train,204327
19,2,20,铅钡,train,204327
19,2,21,高钾,train,204327
19,2,22,高钾,train,204327
19,2,23,铅钡,train,204327
19,2,24,铅钡,train,204327
19,2,25,铅钡,train,204327
19,2,26,铅钡,validation,204327
19,2,27,高钾,train,204327
19,2,28,铅钡,train,204327
19,2,29,铅钡,validation,204327
19,2,30,铅钡,train,204327
19,2,31,铅钡,train,204327
19,2,32,铅钡,train,204327
19,2,33,铅钡,train,204327
19,2,34,铅钡,validation,204327
19,2,35,铅钡,train,204327
19,2,36,铅钡,train,204327
19,2,37,铅钡,train,204327
19,2,38,铅钡,validation,204327
19,2,39,铅钡,train,204327
19,2,40,铅钡,train,204327
19,2,41,铅钡,validation,204327
19,2,42,铅钡,train,204327
19,2,43,铅钡,validation,204327
19,2,44,铅钡,train,204327
19,2,45,铅钡,train,204327
19,2,46,铅钡,validation,204327
19,2,47,铅钡,train,204327
19,2,48,铅钡,train,204327
19,2,49,铅钡,train,204327
19,2,50,铅钡,train,204327
19,2,51,铅钡,train,204327
19,2,52,铅钡,train,204327
19,2,53,铅钡,train,204327
19,2,54,铅钡,validation,204327
19,2,55,铅钡,train,204327
19,2,56,铅钡,train,204327
19,2,57,铅钡,train,204327
19,2,58,铅钡,train,204327
19,3,01,高钾,train,204327
19,3,02,铅钡,validation,204327
19,3,03,高钾,train,204327
19,3,04,高钾,train,204327
19,3,05,高钾,train,204327
19,3,06,高钾,validation,204327
19,3,07,高钾,train,204327
19,3,08,铅钡,train,204327
19,3,09,高钾,train,204327
19,3,10,高钾,train,204327
19,3,11,铅钡,train,204327
19,3,12,高钾,train,204327
19,3,13,高钾,train,204327
19,3,14,高钾,validation,204327
19,3,16,高钾,validation,204327
19,3,18,高钾,train,204327
19,3,19,铅钡,train,204327
19,3,20,铅钡,train,204327
19,3,21,高钾,train,204327
19,3,22,高钾,train,204327
19,3,23,铅钡,train,204327
19,3,24,铅钡,validation,204327
19,3,25,铅钡,train,204327
19,3,26,铅钡,train,204327
19,3,27,高钾,train,204327
19,3,28,铅钡,validation,204327
19,3,29,铅钡,train,204327
19,3,30,铅钡,train,204327
19,3,31,铅钡,train,204327
19,3,32,铅钡,train,204327
19,3,33,铅钡,validation,204327
19,3,34,铅钡,train,204327
19,3,35,铅钡,validation,204327
19,3,36,铅钡,train,204327
19,3,37,铅钡,train,204327
19,3,38,铅钡,train,204327
19,3,39,铅钡,validation,204327
19,3,40,铅钡,train,204327
19,3,41,铅钡,train,204327
19,3,42,铅钡,train,204327
19,3,43,铅钡,train,204327
19,3,44,铅钡,train,204327
19,3,45,铅钡,train,204327
19,3,46,铅钡,train,204327
19,3,47,铅钡,train,204327
19,3,48,铅钡,validation,204327
19,3,49,铅钡,train,204327
19,3,50,铅钡,train,204327
19,3,51,铅钡,train,204327
19,3,52,铅钡,train,204327
19,3,53,铅钡,train,204327
19,3,54,铅钡,train,204327
19,3,55,铅钡,train,204327
19,3,56,铅钡,train,204327
19,3,57,铅钡,validation,204327
19,3,58,铅钡,train,204327
19,4,01,高钾,train,204327
19,4,02,铅钡,train,204327
19,4,03,高钾,train,204327
19,4,04,高钾,train,204327
19,4,05,高钾,train,204327
19,4,06,高钾,train,204327
19,4,07,高钾,validation,204327
19,4,08,铅钡,validation,204327
19,4,09,高钾,train,204327
19,4,10,高钾,train,204327
19,4,11,铅钡,train,204327
19,4,12,高钾,validation,204327
19,4,13,高钾,validation,204327
19,4,14,高钾,train,204327
19,4,16,高钾,train,204327
19,4,18,高钾,train,204327
19,4,19,铅钡,validation,204327
19,4,20,铅钡,train,204327
19,4,21,高钾,train,204327
19,4,22,高钾,train,204327
19,4,23,铅钡,train,204327
19,4,24,铅钡,train,204327
19,4,25,铅钡,train,204327
19,4,26,铅钡,train,204327
19,4,27,高钾,train,204327
19,4,28,铅钡,train,204327
19,4,29,铅钡,train,204327
19,4,30,铅钡,validation,204327
19,4,31,铅钡,train,204327
19,4,32,铅钡,train,204327
19,4,33,铅钡,train,204327
19,4,34,铅钡,train,204327
19,4,35,铅钡,train,204327
19,4,36,铅钡,train,204327
19,4,37,铅钡,train,204327
19,4,38,铅钡,train,204327
19,4,39,铅钡,train,204327
19,4,40,铅钡,validation,204327
19,4,41,铅钡,train,204327
19,4,42,铅钡,train,204327
19,4,43,铅钡,train,204327
19,4,44,铅钡,train,204327
19,4,45,铅钡,validation,204327
19,4,46,铅钡,train,204327
19,4,47,铅钡,validation,204327
19,4,48,铅钡,train,204327
19,4,49,铅钡,train,204327
19,4,50,铅钡,train,204327
19,4,51,铅钡,train,204327
19,4,52,铅钡,validation,204327
19,4,53,铅钡,train,204327
19,4,54,铅钡,train,204327
19,4,55,铅钡,train,204327
19,4,56,铅钡,validation,204327
19,4,57,铅钡,train,204327
19,4,58,铅钡,train,204327
