repeat_id,outer_fold,artifact_id,true_label,model,point_probability_mean,artifact_probability,predicted_label,threshold,n_points
0,0,01,0,Logistic,0.11734570418188855,0.11734570418188855,0,0.44000000000000006,1
0,0,02,1,Logistic,0.5760768254307274,0.5760768254307274,1,0.44000000000000006,1
0,0,08,1,Logistic,0.9959098915782257,0.9959098915782257,1,0.44000000000000006,2
0,0,14,0,Logistic,0.048717686870675236,0.048717686870675236,0,0.44000000000000006,1
0,0,18,0,Logistic,0.12222944978705132,0.12222944978705132,0,0.44000000000000006,1
0,0,19,1,Logistic,0.8949601690486175,0.8949601690486175,1,0.44000000000000006,1
0,0,21,0,Logistic,0.14398049909770821,0.14398049909770821,0,0.44000000000000006,1
0,0,23,1,Logistic,0.871606610229124,0.871606610229124,1,0.44000000000000006,1
0,0,24,1,Logistic,0.09559730406766817,0.09559730406766817,0,0.44000000000000006,1
0,0,29,1,Logistic,0.31213294087402604,0.31213294087402604,0,0.44000000000000006,1
0,0,37,1,Logistic,0.7534810169790709,0.7534810169790709,1,0.44000000000000006,1
0,0,38,1,Logistic,0.5995903166723933,0.5995903166723933,1,0.44000000000000006,1
0,0,01,0,CART,0.3333333333333333,0.3333333333333333,0,0.5,1
0,0,02,1,CART,0.3333333333333333,0.3333333333333333,0,0.5,1
0,0,08,1,CART,0.9310344827586207,0.9310344827586207,1,0.5,2
0,0,14,0,CART,0.3333333333333333,0.3333333333333333,0,0.5,1
0,0,18,0,CART,0.3333333333333333,0.3333333333333333,0,0.5,1
0,0,19,1,CART,0.9310344827586207,0.9310344827586207,1,0.5,1
0,0,21,0,CART,0.3333333333333333,0.3333333333333333,0,0.5,1
0,0,23,1,CART,0.9310344827586207,0.9310344827586207,1,0.5,1
0,0,24,1,CART,0.3333333333333333,0.3333333333333333,0,0.5,1
0,0,29,1,CART,0.3333333333333333,0.3333333333333333,0,0.5,1
0,0,37,1,CART,0.9310344827586207,0.9310344827586207,1,0.5,1
0,0,38,1,CART,0.9310344827586207,0.9310344827586207,1,0.5,1
0,0,01,0,LDA,0.27078837069789313,0.27078837069789313,0,0.5,1
0,0,02,1,LDA,0.8461134943813455,0.8461134943813455,1,0.5,1
0,0,08,1,LDA,0.9829401555839525,0.9829401555839525,1,0.5,2
0,0,14,0,LDA,0.05791970424352338,0.05791970424352338,0,0.5,1
0,0,18,0,LDA,0.28564738534910633,0.28564738534910633,0,0.5,1
0,0,19,1,LDA,0.9212386062926675,0.9212386062926675,1,0.5,1
0,0,21,0,LDA,0.04705441260916497,0.04705441260916497,0,0.5,1
0,0,23,1,LDA,0.9207276015606085,0.9207276015606085,1,0.5,1
0,0,24,1,LDA,0.7648451021353688,0.7648451021353688,1,0.5,1
0,0,29,1,LDA,0.6119331065841909,0.6119331065841909,1,0.5,1
0,0,37,1,LDA,0.9151437531445052,0.9151437531445052,1,0.5,1
0,0,38,1,LDA,0.9470393231440931,0.9470393231440931,1,0.5,1
0,1,10,0,Logistic,0.939787998172659,0.939787998172659,1,0.5,1
0,1,22,0,Logistic,0.9047648176814621,0.9047648176814621,1,0.5,1
0,1,27,0,Logistic,0.9465483478809388,0.9465483478809388,1,0.5,1
0,1,28,1,Logistic,0.7852005010829447,0.7852005010829447,1,0.5,1
0,1,30,1,Logistic,0.7905713758316286,0.7905713758316286,1,0.5,2
0,1,40,1,Logistic,0.927563886432034,0.927563886432034,1,0.5,1
0,1,46,1,Logistic,0.85255768108484,0.85255768108484,1,0.5,1
0,1,47,1,Logistic,0.911113802116404,0.911113802116404,1,0.5,1
0,1,48,1,Logistic,0.8335394560832066,0.8335394560832066,1,0.5,1
0,1,54,1,Logistic,0.9154525790050404,0.9154525790050404,1,0.5,2
0,1,58,1,Logistic,0.8856181330940346,0.8856181330940346,1,0.5,1
0,1,10,0,CART,0.9142857142857143,0.9142857142857143,1,0.5,1
0,1,22,0,CART,0.9142857142857143,0.9142857142857143,1,0.5,1
0,1,27,0,CART,0.9142857142857143,0.9142857142857143,1,0.5,1
0,1,28,1,CART,0.9142857142857143,0.9142857142857143,1,0.5,1
0,1,30,1,CART,0.9142857142857143,0.9142857142857143,1,0.5,2
0,1,40,1,CART,0.9142857142857143,0.9142857142857143,1,0.5,1
0,1,46,1,CART,0.9142857142857143,0.9142857142857143,1,0.5,1
0,1,47,1,CART,0.9142857142857143,0.9142857142857143,1,0.5,1
0,1,48,1,CART,0.9142857142857143,0.9142857142857143,1,0.5,1
0,1,54,1,CART,0.9142857142857143,0.9142857142857143,1,0.5,2
0,1,58,1,CART,0.9142857142857143,0.9142857142857143,1,0.5,1
0,1,10,0,LDA,0.9658004471325278,0.9658004471325278,1,0.5,1
0,1,22,0,LDA,0.9591287675561218,0.9591287675561218,1,0.5,1
0,1,27,0,LDA,0.9871767047645923,0.9871767047645923,1,0.5,1
0,1,28,1,LDA,0.9461888988827402,0.9461888988827402,1,0.5,1
0,1,30,1,LDA,0.8304608400829977,0.8304608400829977,1,0.5,2
0,1,40,1,LDA,0.9959247919842656,0.9959247919842656,1,0.5,1
0,1,46,1,LDA,0.9840096348035572,0.9840096348035572,1,0.5,1
0,1,47,1,LDA,0.9832123140006173,0.9832123140006173,1,0.5,1
0,1,48,1,LDA,0.9456467987699766,0.9456467987699766,1,0.5,1
0,1,54,1,LDA,0.9918734366929111,0.9918734366929111,1,0.5,2
0,1,58,1,LDA,0.9850491378146069,0.9850491378146069,1,0.5,1
0,2,03,0,Logistic,0.11729390517591921,0.11729390517591921,0,0.7500000000000002,2
0,2,06,0,Logistic,0.04680215163260698,0.04680215163260698,0,0.7500000000000002,2
0,2,09,0,Logistic,0.7882179326891207,0.7882179326891207,1,0.7500000000000002,1
0,2,11,1,Logistic,0.8908213924977549,0.8908213924977549,1,0.7500000000000002,1
0,2,20,1,Logistic,0.7489471568969776,0.7489471568969776,0,0.7500000000000002,1
0,2,25,1,Logistic,0.8205048158523914,0.8205048158523914,1,0.7500000000000002,1
0,2,26,1,Logistic,0.9503841194186369,0.9503841194186369,1,0.7500000000000002,2
0,2,33,1,Logistic,0.7694562365844932,0.7694562365844932,1,0.7500000000000002,1
0,2,34,1,Logistic,0.8936576690721403,0.8936576690721403,1,0.7500000000000002,1
0,2,44,1,Logistic,0.6998447455912264,0.6998447455912264,0,0.7500000000000002,1
0,2,56,1,Logistic,0.899824407165032,0.899824407165032,1,0.7500000000000002,1
0,2,03,0,CART,0.2,0.2,0,0.5,2
0,2,06,0,CART,0.2,0.2,0,0.5,2
0,2,09,0,CART,0.8571428571428571,0.8571428571428571,1,0.5,1
0,2,11,1,CART,0.8571428571428571,0.8571428571428571,1,0.5,1
0,2,20,1,CART,0.8571428571428571,0.8571428571428571,1,0.5,1
0,2,25,1,CART,0.8571428571428571,0.8571428571428571,1,0.5,1
0,2,26,1,CART,0.8571428571428571,0.8571428571428571,1,0.5,2
0,2,33,1,CART,0.8571428571428571,0.8571428571428571,1,0.5,1
0,2,34,1,CART,0.8571428571428571,0.8571428571428571,1,0.5,1
0,2,44,1,CART,0.8571428571428571,0.8571428571428571,1,0.5,1
0,2,56,1,CART,0.8571428571428571,0.8571428571428571,1,0.5,1
0,2,03,0,LDA,0.02994725882685994,0.02994725882685994,0,0.5,2
0,2,06,0,LDA,0.00513450582100793,0.00513450582100793,0,0.5,2
0,2,09,0,LDA,0.9046108013691735,0.9046108013691735,1,0.5,1
0,2,11,1,LDA,0.9635831668258318,0.9635831668258318,1,0.5,1
0,2,20,1,LDA,0.8411819733258509,0.8411819733258509,1,0.5,1
0,2,25,1,LDA,0.9238690907640845,0.9238690907640845,1,0.5,1
0,2,26,1,LDA,0.9878518283012305,0.9878518283012305,1,0.5,2
0,2,33,1,LDA,0.8768916016822997,0.8768916016822997,1,0.5,1
0,2,34,1,LDA,0.9685570235519542,0.9685570235519542,1,0.5,1
0,2,44,1,LDA,0.8039855761321444,0.8039855761321444,1,0.5,1
0,2,56,1,LDA,0.9703498053303895,0.9703498053303895,1,0.5,1
0,3,04,0,Logistic,0.4540765232574329,0.4540765232574329,0,0.51,1
0,3,07,0,Logistic,0.5226805109809969,0.5226805109809969,1,0.51,1
0,3,16,0,Logistic,0.3769229993107327,0.3769229993107327,0,0.51,1
0,3,32,1,Logistic,0.5196584620081754,0.5196584620081754,1,0.51,1
0,3,35,1,Logistic,0.4602957561688193,0.4602957561688193,0,0.51,1
0,3,36,1,Logistic,0.5409839029529917,0.5409839029529917,1,0.51,1
0,3,41,1,Logistic,0.5198135023405437,0.5198135023405437,1,0.51,1
0,3,43,1,Logistic,0.5207426270919413,0.5207426270919413,1,0.51,2
0,3,49,1,Logistic,0.5160945322828181,0.5160945322828181,1,0.51,2
0,3,51,1,Logistic,0.5254822968262562,0.5254822968262562,1,0.51,2
0,3,52,1,Logistic,0.5251449831497254,0.5251449831497254,1,0.51,1
0,3,04,0,CART,0.1915789473684211,0.1915789473684211,0,0.5,1
0,3,07,0,CART,0.9103641456582633,0.9103641456582633,1,0.5,1
0,3,16,0,CART,0.1915789473684211,0.1915789473684211,0,0.5,1
0,3,32,1,CART,0.9103641456582633,0.9103641456582633,1,0.5,1
0,3,35,1,CART,0.1915789473684211,0.1915789473684211,0,0.5,1
0,3,36,1,CART,0.9103641456582633,0.9103641456582633,1,0.5,1
0,3,41,1,CART,0.9103641456582633,0.9103641456582633,1,0.5,1
0,3,43,1,CART,0.9103641456582633,0.9103641456582633,1,0.5,2
0,3,49,1,CART,0.9103641456582633,0.9103641456582633,1,0.5,2
0,3,51,1,CART,0.9103641456582633,0.9103641456582633,1,0.5,2
0,3,52,1,CART,0.9103641456582633,0.9103641456582633,1,0.5,1
0,3,04,0,LDA,0.21603874345971363,0.21603874345971363,0,0.5,1
0,3,07,0,LDA,0.9522128378523612,0.9522128378523612,1,0.5,1
0,3,16,0,LDA,0.00025771867603046033,0.00025771867603046033,0,0.5,1
0,3,32,1,LDA,0.9219351277449398,0.9219351277449398,1,0.5,1
0,3,35,1,LDA,0.3739219832946276,0.3739219832946276,0,0.5,1
0,3,36,1,LDA,0.9887167659865326,0.9887167659865326,1,0.5,1
0,3,41,1,LDA,0.9653933880860767,0.9653933880860767,1,0.5,1
0,3,43,1,LDA,0.9644114794365166,0.9644114794365166,1,0.5,2
0,3,49,1,LDA,0.9084257635049156,0.9084257635049156,1,0.5,2
0,3,51,1,LDA,0.9714471647838362,0.9714471647838362,1,0.5,2
0,3,52,1,LDA,0.9787432412055246,0.9787432412055246,1,0.5,1
0,4,05,0,Logistic,0.1427038494262748,0.1427038494262748,0,0.6200000000000001,1
0,4,12,0,Logistic,0.34216108991219296,0.34216108991219296,0,0.6200000000000001,1
0,4,13,0,Logistic,0.14927564841904578,0.14927564841904578,0,0.6200000000000001,1
0,4,31,1,Logistic,0.05237574556538952,0.05237574556538952,0,0.6200000000000001,1
0,4,39,1,Logistic,0.9942916420508277,0.9942916420508277,1,0.6200000000000001,1
0,4,42,1,Logistic,0.9526650395314287,0.9526650395314287,1,0.6200000000000001,2
0,4,45,1,Logistic,0.7861440735688016,0.7861440735688016,1,0.6200000000000001,1
0,4,50,1,Logistic,0.9414836957499884,0.9414836957499884,1,0.6200000000000001,2
0,4,53,1,Logistic,0.8268584321444767,0.8268584321444767,1,0.6200000000000001,1
0,4,55,1,Logistic,0.27056182418617764,0.27056182418617764,0,0.6200000000000001,1
0,4,57,1,Logistic,0.9633980123772623,0.9633980123772623,1,0.6200000000000001,1
0,4,05,0,CART,0.0,0.0,0,0.5,1
0,4,12,0,CART,0.75,0.75,1,0.5,1
0,4,13,0,CART,0.0,0.0,0,0.5,1
0,4,31,1,CART,0.0,0.0,0,0.5,1
0,4,39,1,CART,1.0,1.0,1,0.5,1
0,4,42,1,CART,0.75,0.75,1,0.5,2
0,4,45,1,CART,0.75,0.75,1,0.5,1
0,4,50,1,CART,1.0,1.0,1,0.5,2
0,4,53,1,CART,0.75,0.75,1,0.5,1
0,4,55,1,CART,1.0,1.0,1,0.5,1
0,4,57,1,CART,1.0,1.0,1,0.5,1
0,4,05,0,LDA,0.17016519237224412,0.17016519237224412,0,0.5,1
0,4,12,0,LDA,0.8787551548938721,0.8787551548938721,1,0.5,1
0,4,13,0,LDA,0.15969237485226848,0.15969237485226848,0,0.5,1
0,4,31,1,LDA,0.21982900551127987,0.21982900551127987,0,0.5,1
0,4,39,1,LDA,0.9846232677374257,0.9846232677374257,1,0.5,1
0,4,42,1,LDA,0.96281392684257,0.96281392684257,1,0.5,2
0,4,45,1,LDA,0.9743715507127452,0.9743715507127452,1,0.5,1
0,4,50,1,LDA,0.9693789712268734,0.9693789712268734,1,0.5,2
0,4,53,1,LDA,0.9660959568801792,0.9660959568801792,1,0.5,1
0,4,55,1,LDA,0.5399746775155283,0.5399746775155283,1,0.5,1
0,4,57,1,LDA,0.9843410540642702,0.9843410540642702,1,0.5,1
1,0,02,1,Logistic,0.6387359754863616,0.6387359754863616,1,0.5,1
1,0,12,0,Logistic,0.6351706027270138,0.6351706027270138,1,0.5,1
1,0,18,0,Logistic,0.42671417418035373,0.42671417418035373,0,0.5,1
1,0,19,1,Logistic,0.7051533647933788,0.7051533647933788,1,0.5,1
1,0,22,0,Logistic,0.6575750819011332,0.6575750819011332,1,0.5,1
1,0,23,1,Logistic,0.7009124485021295,0.7009124485021295,1,0.5,1
1,0,26,1,Logistic,0.7436117278876869,0.7436117278876869,1,0.5,2
1,0,27,0,Logistic,0.7164154054518246,0.7164154054518246,1,0.5,1
1,0,28,1,Logistic,0.6767430260244011,0.6767430260244011,1,0.5,1
1,0,34,1,Logistic,0.741062754958816,0.741062754958816,1,0.5,1
1,0,35,1,Logistic,0.4572346668218246,0.4572346668218246,0,0.5,1
1,0,38,1,Logistic,0.7289754377670701,0.7289754377670701,1,0.5,1
1,0,02,1,CART,0.75,0.75,1,0.5,1
1,0,12,0,CART,0.75,0.75,1,0.5,1
1,0,18,0,CART,0.75,0.75,1,0.5,1
1,0,19,1,CART,0.9629629629629629,0.9629629629629629,1,0.5,1
1,0,22,0,CART,0.75,0.75,1,0.5,1
1,0,23,1,CART,0.9629629629629629,0.9629629629629629,1,0.5,1
1,0,26,1,CART,0.9629629629629629,0.9629629629629629,1,0.5,2
1,0,27,0,CART,0.9629629629629629,0.9629629629629629,1,0.5,1
1,0,28,1,CART,0.9629629629629629,0.9629629629629629,1,0.5,1
1,0,34,1,CART,0.9629629629629629,0.9629629629629629,1,0.5,1
1,0,35,1,CART,0.75,0.75,1,0.5,1
1,0,38,1,CART,0.9629629629629629,0.9629629629629629,1,0.5,1
1,0,02,1,LDA,0.9397297160950241,0.9397297160950241,1,0.5,1
1,0,12,0,LDA,0.941503984862623,0.941503984862623,1,0.5,1
1,0,18,0,LDA,0.27630041890188434,0.27630041890188434,0,0.5,1
1,0,19,1,LDA,0.9806789231249552,0.9806789231249552,1,0.5,1
1,0,22,0,LDA,0.9507024173431508,0.9507024173431508,1,0.5,1
1,0,23,1,LDA,0.9801269470812047,0.9801269470812047,1,0.5,1
1,0,26,1,LDA,0.9964368397223309,0.9964368397223309,1,0.5,2
1,0,27,0,LDA,0.9839364241997529,0.9839364241997529,1,0.5,1
1,0,28,1,LDA,0.9454181585457261,0.9454181585457261,1,0.5,1
1,0,34,1,LDA,0.9931270563913638,0.9931270563913638,1,0.5,1
1,0,35,1,LDA,0.45736274311043484,0.45736274311043484,0,0.5,1
1,0,38,1,LDA,0.9908984171217912,0.9908984171217912,1,0.5,1
1,1,06,0,Logistic,0.09363366123192536,0.09363366123192536,0,0.44000000000000006,2
1,1,09,0,Logistic,0.6905761763480515,0.6905761763480515,1,0.44000000000000006,1
1,1,10,0,Logistic,0.6825134331974925,0.6825134331974925,1,0.44000000000000006,1
1,1,29,1,Logistic,0.460558753664772,0.460558753664772,1,0.44000000000000006,1
1,1,30,1,Logistic,0.5789445771962083,0.5789445771962083,1,0.44000000000000006,2
1,1,31,1,Logistic,0.3603073136858151,0.3603073136858151,0,0.44000000000000006,1
1,1,32,1,Logistic,0.6517218172355606,0.6517218172355606,1,0.44000000000000006,1
1,1,37,1,Logistic,0.6873226712743772,0.6873226712743772,1,0.44000000000000006,1
1,1,40,1,Logistic,0.8188572518901,0.8188572518901,1,0.44000000000000006,1
1,1,47,1,Logistic,0.6931541109658161,0.6931541109658161,1,0.44000000000000006,1
1,1,52,1,Logistic,0.774852382168482,0.774852382168482,1,0.44000000000000006,1
1,1,06,0,CART,0.0,0.0,0,0.5,2
1,1,09,0,CART,0.8888888888888888,0.8888888888888888,1,0.5,1
1,1,10,0,CART,0.8888888888888888,0.8888888888888888,1,0.5,1
1,1,29,1,CART,0.8888888888888888,0.8888888888888888,1,0.5,1
1,1,30,1,CART,0.8888888888888888,0.8888888888888888,1,0.5,2
1,1,31,1,CART,0.0,0.0,0,0.5,1
1,1,32,1,CART,0.8888888888888888,0.8888888888888888,1,0.5,1
1,1,37,1,CART,0.8888888888888888,0.8888888888888888,1,0.5,1
1,1,40,1,CART,0.8888888888888888,0.8888888888888888,1,0.5,1
1,1,47,1,CART,0.8888888888888888,0.8888888888888888,1,0.5,1
1,1,52,1,CART,0.8888888888888888,0.8888888888888888,1,0.5,1
1,1,06,0,LDA,0.0008826211568493605,0.0008826211568493605,0,0.5,2
1,1,09,0,LDA,0.9529059446609631,0.9529059446609631,1,0.5,1
1,1,10,0,LDA,0.9415235947419723,0.9415235947419723,1,0.5,1
1,1,29,1,LDA,0.5255096840907125,0.5255096840907125,1,0.5,1
1,1,30,1,LDA,0.7778766383688261,0.7778766383688261,1,0.5,2
1,1,31,1,LDA,0.1482549141315242,0.1482549141315242,0,0.5,1
1,1,32,1,LDA,0.9298246293021286,0.9298246293021286,1,0.5,1
1,1,37,1,LDA,0.9571701395232451,0.9571701395232451,1,0.5,1
1,1,40,1,LDA,0.9951568185638376,0.9951568185638376,1,0.5,1
1,1,47,1,LDA,0.9592018203117941,0.9592018203117941,1,0.5,1
1,1,52,1,LDA,0.9882967298865313,0.9882967298865313,1,0.5,1
1,2,07,0,Logistic,0.8382699397737626,0.8382699397737626,1,0.5900000000000001,1
1,2,11,1,Logistic,0.9915864794412991,0.9915864794412991,1,0.5900000000000001,1
1,2,13,0,Logistic,0.05843118612662568,0.05843118612662568,0,0.5900000000000001,1
1,2,14,0,Logistic,0.02322542353526882,0.02322542353526882,0,0.5900000000000001,1
1,2,24,1,Logistic,0.02412351983421476,0.02412351983421476,0,0.5900000000000001,1
1,2,36,1,Logistic,0.9420922556427728,0.9420922556427728,1,0.5900000000000001,1
1,2,43,1,Logistic,0.9977640290510628,0.9977640290510628,1,0.5900000000000001,2
1,2,46,1,Logistic,0.9903135993370648,0.9903135993370648,1,0.5900000000000001,1
1,2,54,1,Logistic,0.9878010989834849,0.9878010989834849,1,0.5900000000000001,2
1,2,55,1,Logistic,0.06669139250304267,0.06669139250304267,0,0.5900000000000001,1
1,2,56,1,Logistic,0.9718853385700407,0.9718853385700407,1,0.5900000000000001,1
1,2,07,0,CART,0.9135135135135135,0.9135135135135135,1,0.5,1
1,2,11,1,CART,0.9135135135135135,0.9135135135135135,1,0.5,1
1,2,13,0,CART,0.1688311688311689,0.1688311688311689,0,0.5,1
1,2,14,0,CART,0.1688311688311689,0.1688311688311689,0,0.5,1
1,2,24,1,CART,0.1688311688311689,0.1688311688311689,0,0.5,1
1,2,36,1,CART,0.9135135135135135,0.9135135135135135,1,0.5,1
1,2,43,1,CART,0.9135135135135135,0.9135135135135135,1,0.5,2
1,2,46,1,CART,0.9135135135135135,0.9135135135135135,1,0.5,1
1,2,54,1,CART,0.9135135135135135,0.9135135135135135,1,0.5,2
1,2,55,1,CART,0.1688311688311689,0.1688311688311689,0,0.5,1
1,2,56,1,CART,0.9135135135135135,0.9135135135135135,1,0.5,1
1,2,07,0,LDA,0.9631446426945051,0.9631446426945051,1,0.5,1
1,2,11,1,LDA,0.9835125924306398,0.9835125924306398,1,0.5,1
1,2,13,0,LDA,0.11421153809042983,0.11421153809042983,0,0.5,1
1,2,14,0,LDA,0.02526655518410479,0.02526655518410479,0,0.5,1
1,2,24,1,LDA,0.6278549023019282,0.6278549023019282,1,0.5,1
1,2,36,1,LDA,0.9912705243783297,0.9912705243783297,1,0.5,1
1,2,43,1,LDA,0.9648412260515923,0.9648412260515923,1,0.5,2
1,2,46,1,LDA,0.9712844729861108,0.9712844729861108,1,0.5,1
1,2,54,1,LDA,0.9757885768815535,0.9757885768815535,1,0.5,2
1,2,55,1,LDA,0.43991323145581146,0.43991323145581146,0,0.5,1
1,2,56,1,LDA,0.9806277785172016,0.9806277785172016,1,0.5,1
1,3,04,0,Logistic,0.31744036334134484,0.31744036334134484,0,0.5,1
1,3,05,0,Logistic,0.30776346590197284,0.30776346590197284,0,0.5,1
1,3,08,1,Logistic,0.9991766238803806,0.9991766238803806,1,0.5,2
1,3,21,0,Logistic,0.11122497718831002,0.11122497718831002,0,0.5,1
1,3,25,1,Logistic,0.726739677767574,0.726739677767574,1,0.5,1
1,3,33,1,Logistic,0.672600111081056,0.672600111081056,1,0.5,1
1,3,41,1,Logistic,0.9981342220938249,0.9981342220938249,1,0.5,1
1,3,44,1,Logistic,0.44645037970719154,0.44645037970719154,0,0.5,1
1,3,45,1,Logistic,0.492336211058177,0.492336211058177,0,0.5,1
1,3,48,1,Logistic,0.16169521625300023,0.16169521625300023,0,0.5,1
1,3,50,1,Logistic,0.9455186284124919,0.9455186284124919,1,0.5,2
1,3,04,0,CART,0.16883116883116883,0.16883116883116883,0,0.6100000000000001,1
1,3,05,0,CART,0.16883116883116883,0.16883116883116883,0,0.6100000000000001,1
1,3,08,1,CART,1.0,1.0,1,0.6100000000000001,2
1,3,21,0,CART,0.0,0.0,0,0.6100000000000001,1
1,3,25,1,CART,1.0,1.0,1,0.6100000000000001,1
1,3,33,1,CART,1.0,1.0,1,0.6100000000000001,1
1,3,41,1,CART,1.0,1.0,1,0.6100000000000001,1
1,3,44,1,CART,1.0,1.0,1,0.6100000000000001,1
1,3,45,1,CART,1.0,1.0,1,0.6100000000000001,1
1,3,48,1,CART,0.6701030927835051,0.6701030927835051,1,0.6100000000000001,1
1,3,50,1,CART,1.0,1.0,1,0.6100000000000001,2
1,3,04,0,LDA,0.37263289674379785,0.37263289674379785,0,0.5,1
1,3,05,0,LDA,0.35002665336888816,0.35002665336888816,0,0.5,1
1,3,08,1,LDA,0.9845111113562749,0.9845111113562749,1,0.5,2
1,3,21,0,LDA,0.04576641478279141,0.04576641478279141,0,0.5,1
1,3,25,1,LDA,0.8986057548176304,0.8986057548176304,1,0.5,1
1,3,33,1,LDA,0.8305119534197825,0.8305119534197825,1,0.5,1
1,3,41,1,LDA,0.9484997480252497,0.9484997480252497,1,0.5,1
1,3,44,1,LDA,0.7349146456333533,0.7349146456333533,1,0.5,1
1,3,45,1,LDA,0.9002331915800674,0.9002331915800674,1,0.5,1
1,3,48,1,LDA,0.7276963644058841,0.7276963644058841,1,0.5,1
1,3,50,1,LDA,0.934249899697538,0.934249899697538,1,0.5,2
1,4,01,0,Logistic,0.1608040607137439,0.1608040607137439,0,0.54,1
1,4,03,0,Logistic,0.0636292714329488,0.0636292714329488,0,0.54,2
1,4,16,0,Logistic,0.009191940145118508,0.009191940145118508,0,0.54,1
1,4,20,1,Logistic,0.8330114101613003,0.8330114101613003,1,0.54,1
1,4,39,1,Logistic,0.9993911263797369,0.9993911263797369,1,0.54,1
1,4,42,1,Logistic,0.9884787702492294,0.9884787702492294,1,0.54,2
1,4,49,1,Logistic,0.9755443370980237,0.9755443370980237,1,0.54,2
1,4,51,1,Logistic,0.9989350278312018,0.9989350278312018,1,0.54,2
1,4,53,1,Logistic,0.902949932647389,0.902949932647389,1,0.54,1
1,4,57,1,Logistic,0.9868217248569092,0.9868217248569092,1,0.54,1
1,4,58,1,Logistic,0.9892624825670381,0.9892624825670381,1,0.54,1
1,4,01,0,CART,0.0,0.0,0,0.5,1
1,4,03,0,CART,0.0,0.0,0,0.5,2
1,4,16,0,CART,0.0,0.0,0,0.5,1
1,4,20,1,CART,1.0,1.0,1,0.5,1
1,4,39,1,CART,1.0,1.0,1,0.5,1
1,4,42,1,CART,1.0,1.0,1,0.5,2
1,4,49,1,CART,1.0,1.0,1,0.5,2
1,4,51,1,CART,1.0,1.0,1,0.5,2
1,4,53,1,CART,1.0,1.0,1,0.5,1
1,4,57,1,CART,1.0,1.0,1,0.5,1
1,4,58,1,CART,1.0,1.0,1,0.5,1
1,4,01,0,LDA,0.233676429221133,0.233676429221133,1,0.21000000000000002,1
1,4,03,0,LDA,0.023122797764544085,0.023122797764544085,0,0.21000000000000002,2
1,4,16,0,LDA,0.0009027326690049748,0.0009027326690049748,0,0.21000000000000002,1
1,4,20,1,LDA,0.8150318445445753,0.8150318445445753,1,0.21000000000000002,1
1,4,39,1,LDA,0.9687072928134307,0.9687072928134307,1,0.21000000000000002,1
1,4,42,1,LDA,0.923837360716491,0.923837360716491,1,0.21000000000000002,2
1,4,49,1,LDA,0.8707831876759573,0.8707831876759573,1,0.21000000000000002,2
1,4,51,1,LDA,0.9488635231423385,0.9488635231423385,1,0.21000000000000002,2
1,4,53,1,LDA,0.9271781769660571,0.9271781769660571,1,0.21000000000000002,1
1,4,57,1,LDA,0.9676668577998467,0.9676668577998467,1,0.21000000000000002,1
1,4,58,1,LDA,0.9274194174481111,0.9274194174481111,1,0.21000000000000002,1
2,0,02,1,Logistic,0.7092422587409156,0.7092422587409156,1,0.5,1
2,0,05,0,Logistic,0.2525465646567395,0.2525465646567395,0,0.5,1
2,0,09,0,Logistic,0.5778859336603286,0.5778859336603286,1,0.5,1
2,0,13,0,Logistic,0.2330171530887101,0.2330171530887101,0,0.5,1
2,0,23,1,Logistic,0.9419755697152407,0.9419755697152407,1,0.5,1
2,0,26,1,Logistic,0.9993476446417715,0.9993476446417715,1,0.5,2
2,0,30,1,Logistic,0.630995644286919,0.630995644286919,1,0.5,2
2,0,33,1,Logistic,0.803323194639924,0.803323194639924,1,0.5,1
2,0,34,1,Logistic,0.9526155649557463,0.9526155649557463,1,0.5,1
2,0,39,1,Logistic,0.9964449011516776,0.9964449011516776,1,0.5,1
2,0,51,1,Logistic,0.9920541222808741,0.9920541222808741,1,0.5,2
2,0,02,1,CART,0.8648648648648649,0.8648648648648649,1,0.5,1
2,0,05,0,CART,0.0,0.0,0,0.5,1
2,0,09,0,CART,0.8648648648648649,0.8648648648648649,1,0.5,1
2,0,13,0,CART,0.0,0.0,0,0.5,1
2,0,23,1,CART,0.8648648648648649,0.8648648648648649,1,0.5,1
2,0,26,1,CART,0.8648648648648649,0.8648648648648649,1,0.5,2
2,0,30,1,CART,0.8648648648648649,0.8648648648648649,1,0.5,2
2,0,33,1,CART,0.8648648648648649,0.8648648648648649,1,0.5,1
2,0,34,1,CART,0.8648648648648649,0.8648648648648649,1,0.5,1
2,0,39,1,CART,0.8648648648648649,0.8648648648648649,1,0.5,1
2,0,51,1,CART,0.8648648648648649,0.8648648648648649,1,0.5,2
2,0,02,1,LDA,0.8868348010102588,0.8868348010102588,1,0.4,1
2,0,05,0,LDA,0.24196561446475476,0.24196561446475476,0,0.4,1
2,0,09,0,LDA,0.9225158693759226,0.9225158693759226,1,0.4,1
2,0,13,0,LDA,0.23273296389815404,0.23273296389815404,0,0.4,1
2,0,23,1,LDA,0.9533114957093561,0.9533114957093561,1,0.4,1
2,0,26,1,LDA,0.992025987959152,0.992025987959152,1,0.4,2
2,0,30,1,LDA,0.7807003936694067,0.7807003936694067,1,0.4,2
2,0,33,1,LDA,0.9219865226659227,0.9219865226659227,1,0.4,1
2,0,34,1,LDA,0.9792844146071015,0.9792844146071015,1,0.4,1
2,0,39,1,LDA,0.9844976433873751,0.9844976433873751,1,0.4,1
2,0,51,1,LDA,0.9708489253370188,0.9708489253370188,1,0.4,2
2,1,06,0,Logistic,0.1113892501729759,0.1113892501729759,0,0.5,2
2,1,18,0,Logistic,0.18464814863300538,0.18464814863300538,0,0.5,1
2,1,24,1,Logistic,0.07761810694122671,0.07761810694122671,0,0.5,1
2,1,27,0,Logistic,0.5019482141391666,0.5019482141391666,1,0.5,1
2,1,37,1,Logistic,0.8133985849909839,0.8133985849909839,1,0.5,1
2,1,45,1,Logistic,0.792630569399747,0.792630569399747,1,0.5,1
2,1,49,1,Logistic,0.9092791388572156,0.9092791388572156,1,0.5,2
2,1,50,1,Logistic,0.9117121780376385,0.9117121780376385,1,0.5,2
2,1,52,1,Logistic,0.9014649612647623,0.9014649612647623,1,0.5,1
2,1,54,1,Logistic,0.9511186630400225,0.9511186630400225,1,0.5,2
2,1,56,1,Logistic,0.9268640337471152,0.9268640337471152,1,0.5,1
2,1,06,0,CART,0.1915789473684211,0.1915789473684211,0,0.5,2
2,1,18,0,CART,0.1915789473684211,0.1915789473684211,0,0.5,1
2,1,24,1,CART,0.1915789473684211,0.1915789473684211,0,0.5,1
2,1,27,0,CART,0.9103641456582633,0.9103641456582633,1,0.5,1
2,1,37,1,CART,0.9103641456582633,0.9103641456582633,1,0.5,1
2,1,45,1,CART,0.9103641456582633,0.9103641456582633,1,0.5,1
2,1,49,1,CART,0.9103641456582633,0.9103641456582633,1,0.5,2
2,1,50,1,CART,0.9103641456582633,0.9103641456582633,1,0.5,2
2,1,52,1,CART,0.9103641456582633,0.9103641456582633,1,0.5,1
2,1,54,1,CART,0.9103641456582633,0.9103641456582633,1,0.5,2
2,1,56,1,CART,0.9103641456582633,0.9103641456582633,1,0.5,1
2,1,06,0,LDA,0.005904050488744428,0.005904050488744428,0,0.5,2
2,1,18,0,LDA,0.2214073089989038,0.2214073089989038,0,0.5,1
2,1,24,1,LDA,0.6650470310461817,0.6650470310461817,1,0.5,1
2,1,27,0,LDA,0.9533653108209523,0.9533653108209523,1,0.5,1
2,1,37,1,LDA,0.9534229120889071,0.9534229120889071,1,0.5,1
2,1,45,1,LDA,0.9744458198368703,0.9744458198368703,1,0.5,1
2,1,49,1,LDA,0.9231754241660916,0.9231754241660916,1,0.5,2
2,1,50,1,LDA,0.9622215636307516,0.9622215636307516,1,0.5,2
2,1,52,1,LDA,0.971470628023732,0.971470628023732,1,0.5,1
2,1,54,1,LDA,0.969663227616626,0.969663227616626,1,0.5,2
2,1,56,1,LDA,0.976488428431732,0.976488428431732,1,0.5,1
2,2,03,0,Logistic,0.14847691520419729,0.14847691520419729,0,0.8,2
2,2,10,0,Logistic,0.7626243972710197,0.7626243972710197,0,0.8,1
2,2,11,1,Logistic,0.8902655550113123,0.8902655550113123,1,0.8,1
2,2,12,0,Logistic,0.7519695188390839,0.7519695188390839,0,0.8,1
2,2,14,0,Logistic,0.1673061137834872,0.1673061137834872,0,0.8,1
2,2,19,1,Logistic,0.8431826788285673,0.8431826788285673,1,0.8,1
2,2,20,1,Logistic,0.763700478009444,0.763700478009444,0,0.8,1
2,2,38,1,Logistic,0.8714251852800523,0.8714251852800523,1,0.8,1
2,2,44,1,Logistic,0.8334694085509028,0.8334694085509028,1,0.8,1
2,2,46,1,Logistic,0.8661726639303108,0.8661726639303108,1,0.8,1
2,2,48,1,Logistic,0.8126944294152177,0.8126944294152177,1,0.8,1
2,2,55,1,Logistic,0.44075893838942,0.44075893838942,0,0.8,1
2,2,03,0,CART,0.04477611940298507,0.04477611940298507,0,0.5,2
2,2,10,0,CART,1.0,1.0,1,0.5,1
2,2,11,1,CART,1.0,1.0,1,0.5,1
2,2,12,0,CART,1.0,1.0,1,0.5,1
2,2,14,0,CART,0.04477611940298507,0.04477611940298507,0,0.5,1
2,2,19,1,CART,1.0,1.0,1,0.5,1
2,2,20,1,CART,1.0,1.0,1,0.5,1
2,2,38,1,CART,1.0,1.0,1,0.5,1
2,2,44,1,CART,1.0,1.0,1,0.5,1
2,2,46,1,CART,1.0,1.0,1,0.5,1
2,2,48,1,CART,1.0,1.0,1,0.5,1
2,2,55,1,CART,1.0,1.0,1,0.5,1
2,2,03,0,LDA,0.02362395237299529,0.02362395237299529,0,0.5,2
2,2,10,0,LDA,0.9217903819102251,0.9217903819102251,1,0.5,1
2,2,11,1,LDA,0.9766629884651753,0.9766629884651753,1,0.5,1
2,2,12,0,LDA,0.9004911137803648,0.9004911137803648,1,0.5,1
2,2,14,0,LDA,0.0371930364991337,0.0371930364991337,0,0.5,1
2,2,19,1,LDA,0.949720583257964,0.949720583257964,1,0.5,1
2,2,20,1,LDA,0.8817359772066822,0.8817359772066822,1,0.5,1
2,2,38,1,LDA,0.9721578119713125,0.9721578119713125,1,0.5,1
2,2,44,1,LDA,0.8379752318507311,0.8379752318507311,1,0.5,1
2,2,46,1,LDA,0.9478851114460344,0.9478851114460344,1,0.5,1
2,2,48,1,LDA,0.8350486276887452,0.8350486276887452,1,0.5,1
2,2,55,1,LDA,0.6381538327952041,0.6381538327952041,1,0.5,1
2,3,01,0,Logistic,0.10422494042855457,0.10422494042855457,0,0.56,1
2,3,04,0,Logistic,0.16736928891499678,0.16736928891499678,0,0.56,1
2,3,08,1,Logistic,0.9996368708935616,0.9996368708935616,1,0.56,2
2,3,21,0,Logistic,0.13137631981947834,0.13137631981947834,0,0.56,1
2,3,25,1,Logistic,0.8672637467814772,0.8672637467814772,1,0.56,1
2,3,31,1,Logistic,0.04767474835061429,0.04767474835061429,0,0.56,1
2,3,35,1,Logistic,0.017168202226523543,0.017168202226523543,0,0.56,1
2,3,41,1,Logistic,0.999370021445997,0.999370021445997,1,0.56,1
2,3,42,1,Logistic,0.9760207693269595,0.9760207693269595,1,0.56,2
2,3,43,1,Logistic,0.9988937653918213,0.9988937653918213,1,0.56,2
2,3,58,1,Logistic,0.9750740788591901,0.9750740788591901,1,0.56,1
2,3,01,0,CART,0.0,0.0,0,0.5,1
2,3,04,0,CART,0.0,0.0,0,0.5,1
2,3,08,1,CART,0.9259259259259259,0.9259259259259259,1,0.5,2
2,3,21,0,CART,0.0,0.0,0,0.5,1
2,3,25,1,CART,0.9259259259259259,0.9259259259259259,1,0.5,1
2,3,31,1,CART,0.0,0.0,0,0.5,1
2,3,35,1,CART,0.6363636363636364,0.6363636363636364,1,0.5,1
2,3,41,1,CART,0.9259259259259259,0.9259259259259259,1,0.5,1
2,3,42,1,CART,0.9259259259259259,0.9259259259259259,1,0.5,2
2,3,43,1,CART,0.9259259259259259,0.9259259259259259,1,0.5,2
2,3,58,1,CART,0.9259259259259259,0.9259259259259259,1,0.5,1
2,3,01,0,LDA,0.21337136960193165,0.21337136960193165,0,0.4700000000000001,1
2,3,04,0,LDA,0.20967759994746143,0.20967759994746143,0,0.4700000000000001,1
2,3,08,1,LDA,0.9822244276964671,0.9822244276964671,1,0.4700000000000001,2
2,3,21,0,LDA,0.028689185227726146,0.028689185227726146,0,0.4700000000000001,1
2,3,25,1,LDA,0.930300513530616,0.930300513530616,1,0.4700000000000001,1
2,3,31,1,LDA,0.22087254057950753,0.22087254057950753,0,0.4700000000000001,1
2,3,35,1,LDA,0.3412328914616449,0.3412328914616449,0,0.4700000000000001,1
2,3,41,1,LDA,0.9478137665505193,0.9478137665505193,1,0.4700000000000001,1
2,3,42,1,LDA,0.9445419191125579,0.9445419191125579,1,0.4700000000000001,2
2,3,43,1,LDA,0.949423966104141,0.949423966104141,1,0.4700000000000001,2
2,3,58,1,LDA,0.9400512556905528,0.9400512556905528,1,0.4700000000000001,1
2,4,07,0,Logistic,0.8644890054550366,0.8644890054550366,1,0.5,1
2,4,16,0,Logistic,0.005186099121166107,0.005186099121166107,0,0.5,1
2,4,22,0,Logistic,0.7802756938576475,0.7802756938576475,1,0.5,1
2,4,28,1,Logistic,0.7240268759729357,0.7240268759729357,1,0.5,1
2,4,29,1,Logistic,0.5132844516768696,0.5132844516768696,1,0.5,1
2,4,32,1,Logistic,0.8085562932695082,0.8085562932695082,1,0.5,1
2,4,36,1,Logistic,0.9405097789161688,0.9405097789161688,1,0.5,1
2,4,40,1,Logistic,0.9452972939870342,0.9452972939870342,1,0.5,1
2,4,47,1,Logistic,0.852575433264876,0.852575433264876,1,0.5,1
2,4,53,1,Logistic,0.8467471496458361,0.8467471496458361,1,0.5,1
2,4,57,1,Logistic,0.9307074788277996,0.9307074788277996,1,0.5,1
2,4,07,0,CART,0.8857142857142857,0.8857142857142857,1,0.5,1
2,4,16,0,CART,0.1,0.1,0,0.5,1
2,4,22,0,CART,0.8857142857142857,0.8857142857142857,1,0.5,1
2,4,28,1,CART,0.8857142857142857,0.8857142857142857,1,0.5,1
2,4,29,1,CART,0.8857142857142857,0.8857142857142857,1,0.5,1
2,4,32,1,CART,0.8857142857142857,0.8857142857142857,1,0.5,1
2,4,36,1,CART,0.8857142857142857,0.8857142857142857,1,0.5,1
2,4,40,1,CART,0.8857142857142857,0.8857142857142857,1,0.5,1
2,4,47,1,CART,0.8857142857142857,0.8857142857142857,1,0.5,1
2,4,53,1,CART,0.8857142857142857,0.8857142857142857,1,0.5,1
2,4,57,1,CART,0.8857142857142857,0.8857142857142857,1,0.5,1
2,4,07,0,LDA,0.9612597184286793,0.9612597184286793,1,0.5,1
2,4,16,0,LDA,0.00019846113949555257,0.00019846113949555257,0,0.5,1
2,4,22,0,LDA,0.8999005770966992,0.8999005770966992,1,0.5,1
2,4,28,1,LDA,0.8547366908688601,0.8547366908688601,1,0.5,1
2,4,29,1,LDA,0.5641520932615288,0.5641520932615288,1,0.5,1
2,4,32,1,LDA,0.9269914496614923,0.9269914496614923,1,0.5,1
2,4,36,1,LDA,0.9911461555765486,0.9911461555765486,1,0.5,1
2,4,40,1,LDA,0.9929455549024301,0.9929455549024301,1,0.5,1
2,4,47,1,LDA,0.9550542335418123,0.9550542335418123,1,0.5,1
2,4,53,1,LDA,0.9531529289212569,0.9531529289212569,1,0.5,1
2,4,57,1,LDA,0.9886154366824599,0.9886154366824599,1,0.5,1
3,0,01,0,Logistic,0.21207566728182575,0.21207566728182575,0,0.53,1
3,0,03,0,Logistic,0.10742645307539411,0.10742645307539411,0,0.53,2
3,0,04,0,Logistic,0.25815871818297764,0.25815871818297764,0,0.53,1
3,0,08,1,Logistic,0.9939769735731021,0.9939769735731021,1,0.53,2
3,0,20,1,Logistic,0.5886670938697478,0.5886670938697478,1,0.53,1
3,0,25,1,Logistic,0.711549756709466,0.711549756709466,1,0.53,1
3,0,36,1,Logistic,0.839972047597547,0.839972047597547,1,0.53,1
3,0,41,1,Logistic,0.990796167411517,0.990796167411517,1,0.53,1
3,0,43,1,Logistic,0.9868067031187241,0.9868067031187241,1,0.53,2
3,0,46,1,Logistic,0.8393582060449705,0.8393582060449705,1,0.53,1
3,0,49,1,Logistic,0.8897386042416766,0.8897386042416766,1,0.53,2
3,0,01,0,CART,0.8205128205128205,0.8205128205128205,1,0.5,1
3,0,03,0,CART,0.0,0.0,0,0.5,2
3,0,04,0,CART,0.8205128205128205,0.8205128205128205,1,0.5,1
3,0,08,1,CART,0.8205128205128205,0.8205128205128205,1,0.5,2
3,0,20,1,CART,0.8205128205128205,0.8205128205128205,1,0.5,1
3,0,25,1,CART,0.8205128205128205,0.8205128205128205,1,0.5,1
3,0,36,1,CART,0.8205128205128205,0.8205128205128205,1,0.5,1
3,0,41,1,CART,0.8205128205128205,0.8205128205128205,1,0.5,1
3,0,43,1,CART,0.8205128205128205,0.8205128205128205,1,0.5,2
3,0,46,1,CART,0.8205128205128205,0.8205128205128205,1,0.5,1
3,0,49,1,CART,0.8205128205128205,0.8205128205128205,1,0.5,2
3,0,01,0,LDA,0.32933760846976684,0.32933760846976684,0,0.5,1
3,0,03,0,LDA,0.06213954400764813,0.06213954400764813,0,0.5,2
3,0,04,0,LDA,0.3140321847423177,0.3140321847423177,0,0.5,1
3,0,08,1,LDA,0.978183199024255,0.978183199024255,1,0.5,2
3,0,20,1,LDA,0.8347856303023332,0.8347856303023332,1,0.5,1
3,0,25,1,LDA,0.91049704822772,0.91049704822772,1,0.5,1
3,0,36,1,LDA,0.9680001879774188,0.9680001879774188,1,0.5,1
3,0,41,1,LDA,0.9404072358631279,0.9404072358631279,1,0.5,1
3,0,43,1,LDA,0.9384513255551717,0.9384513255551717,1,0.5,2
3,0,46,1,LDA,0.9152790539764173,0.9152790539764173,1,0.5,1
3,0,49,1,LDA,0.8763611215885027,0.8763611215885027,1,0.5,2
3,1,02,1,Logistic,0.8008828697645308,0.8008828697645308,1,0.5,1
3,1,12,0,Logistic,0.8347473404905307,0.8347473404905307,1,0.5,1
3,1,14,0,Logistic,0.1390669698347094,0.1390669698347094,0,0.5,1
3,1,21,0,Logistic,0.0731257069757095,0.0731257069757095,0,0.5,1
3,1,28,1,Logistic,0.6523019195128862,0.6523019195128862,1,0.5,1
3,1,37,1,Logistic,0.8051220192830277,0.8051220192830277,1,0.5,1
3,1,38,1,Logistic,0.9070135188933462,0.9070135188933462,1,0.5,1
3,1,45,1,Logistic,0.8199910288254161,0.8199910288254161,1,0.5,1
3,1,47,1,Logistic,0.8264596630660394,0.8264596630660394,1,0.5,1
3,1,52,1,Logistic,0.9103986759480713,0.9103986759480713,1,0.5,1
3,1,53,1,Logistic,0.7610634963139405,0.7610634963139405,1,0.5,1
3,1,02,1,CART,0.21311475409836064,0.21311475409836064,0,0.33000000000000007,1
3,1,12,0,CART,0.21311475409836064,0.21311475409836064,0,0.33000000000000007,1
3,1,14,0,CART,0.0,0.0,0,0.33000000000000007,1
3,1,21,0,CART,0.0,0.0,0,0.33000000000000007,1
3,1,28,1,CART,0.21311475409836064,0.21311475409836064,0,0.33000000000000007,1
3,1,37,1,CART,0.5492957746478874,0.5492957746478874,1,0.33000000000000007,1
3,1,38,1,CART,1.0,1.0,1,0.33000000000000007,1
3,1,45,1,CART,0.5492957746478874,0.5492957746478874,1,0.33000000000000007,1
3,1,47,1,CART,0.5492957746478874,0.5492957746478874,1,0.33000000000000007,1
3,1,52,1,CART,1.0,1.0,1,0.33000000000000007,1
3,1,53,1,CART,0.5492957746478874,0.5492957746478874,1,0.33000000000000007,1
3,1,02,1,LDA,0.8525763343813321,0.8525763343813321,1,0.5,1
3,1,12,0,LDA,0.8441665381771452,0.8441665381771452,1,0.5,1
3,1,14,0,LDA,0.07083565526740744,0.07083565526740744,0,0.5,1
3,1,21,0,LDA,0.04739522154614079,0.04739522154614079,0,0.5,1
3,1,28,1,LDA,0.8265245632411712,0.8265245632411712,1,0.5,1
3,1,37,1,LDA,0.9160499370880943,0.9160499370880943,1,0.5,1
3,1,38,1,LDA,0.9443209838470188,0.9443209838470188,1,0.5,1
3,1,45,1,LDA,0.935367714488347,0.935367714488347,1,0.5,1
3,1,47,1,LDA,0.9148098229101376,0.9148098229101376,1,0.5,1
3,1,52,1,LDA,0.9584249594386736,0.9584249594386736,1,0.5,1
3,1,53,1,LDA,0.920019940738433,0.920019940738433,1,0.5,1
3,2,05,0,Logistic,0.155609489317393,0.155609489317393,0,0.5,1
3,2,13,0,Logistic,0.1272705388189862,0.1272705388189862,0,0.5,1
3,2,16,0,Logistic,0.00930500208401676,0.00930500208401676,0,0.5,1
3,2,27,0,Logistic,0.43409572070751,0.43409572070751,0,0.5,1
3,2,32,1,Logistic,0.7066376378275461,0.7066376378275461,1,0.5,1
3,2,33,1,Logistic,0.828865634277811,0.828865634277811,1,0.5,1
3,2,35,1,Logistic,0.03264154562581009,0.03264154562581009,0,0.5,1
3,2,39,1,Logistic,0.9932593520507484,0.9932593520507484,1,0.5,1
3,2,42,1,Logistic,0.9503928178769655,0.9503928178769655,1,0.5,2
3,2,54,1,Logistic,0.9802591012199406,0.9802591012199406,1,0.5,2
3,2,56,1,Logistic,0.9569269770515267,0.9569269770515267,1,0.5,1
3,2,57,1,Logistic,0.9605876497646284,0.9605876497646284,1,0.5,1
3,2,05,0,CART,0.125,0.125,0,0.5,1
3,2,13,0,CART,0.125,0.125,0,0.5,1
3,2,16,0,CART,0.125,0.125,0,0.5,1
3,2,27,0,CART,0.8611111111111112,0.8611111111111112,1,0.5,1
3,2,32,1,CART,0.8611111111111112,0.8611111111111112,1,0.5,1
3,2,33,1,CART,0.8611111111111112,0.8611111111111112,1,0.5,1
3,2,35,1,CART,0.125,0.125,0,0.5,1
3,2,39,1,CART,0.8611111111111112,0.8611111111111112,1,0.5,1
3,2,42,1,CART,0.8611111111111112,0.8611111111111112,1,0.5,2
3,2,54,1,CART,0.8611111111111112,0.8611111111111112,1,0.5,2
3,2,56,1,CART,0.8611111111111112,0.8611111111111112,1,0.5,1
3,2,57,1,CART,0.8611111111111112,0.8611111111111112,1,0.5,1
3,2,05,0,LDA,0.1767452247644611,0.1767452247644611,0,0.5,1
3,2,13,0,LDA,0.1619586580528299,0.1619586580528299,0,0.5,1
3,2,16,0,LDA,0.00034449621951832644,0.00034449621951832644,0,0.5,1
3,2,27,0,LDA,0.9533788726855564,0.9533788726855564,1,0.5,1
3,2,32,1,LDA,0.9391595800599354,0.9391595800599354,1,0.5,1
3,2,33,1,LDA,0.9380222439443338,0.9380222439443338,1,0.5,1
3,2,35,1,LDA,0.3067859886639785,0.3067859886639785,0,0.5,1
3,2,39,1,LDA,0.9832398724266811,0.9832398724266811,1,0.5,1
3,2,42,1,LDA,0.9634004868664212,0.9634004868664212,1,0.5,2
3,2,54,1,LDA,0.9754018508765054,0.9754018508765054,1,0.5,2
3,2,56,1,LDA,0.9820730347134724,0.9820730347134724,1,0.5,1
3,2,57,1,LDA,0.9845415616288823,0.9845415616288823,1,0.5,1
3,3,06,0,Logistic,0.025862813406826713,0.025862813406826713,0,0.44000000000000006,2
3,3,09,0,Logistic,0.5597246900819969,0.5597246900819969,1,0.44000000000000006,1
3,3,11,1,Logistic,0.9892241856538025,0.9892241856538025,1,0.44000000000000006,1
3,3,19,1,Logistic,0.9500090607674377,0.9500090607674377,1,0.44000000000000006,1
3,3,22,0,Logistic,0.2402206501104984,0.2402206501104984,0,0.44000000000000006,1
3,3,23,1,Logistic,0.9518847610658626,0.9518847610658626,1,0.44000000000000006,1
3,3,31,1,Logistic,0.053850871814911806,0.053850871814911806,0,0.44000000000000006,1
3,3,44,1,Logistic,0.6787193587270695,0.6787193587270695,1,0.44000000000000006,1
3,3,48,1,Logistic,0.27253874370299913,0.27253874370299913,0,0.44000000000000006,1
3,3,51,1,Logistic,0.995558749339174,0.995558749339174,1,0.44000000000000006,2
3,3,58,1,Logistic,0.9731264861217177,0.9731264861217177,1,0.44000000000000006,1
3,3,06,0,CART,0.0,0.0,0,0.5,2
3,3,09,0,CART,0.8888888888888888,0.8888888888888888,1,0.5,1
3,3,11,1,CART,0.8888888888888888,0.8888888888888888,1,0.5,1
3,3,19,1,CART,0.8888888888888888,0.8888888888888888,1,0.5,1
3,3,22,0,CART,0.8888888888888888,0.8888888888888888,1,0.5,1
3,3,23,1,CART,0.8888888888888888,0.8888888888888888,1,0.5,1
3,3,31,1,CART,0.0,0.0,0,0.5,1
3,3,44,1,CART,0.8888888888888888,0.8888888888888888,1,0.5,1
3,3,48,1,CART,0.8888888888888888,0.8888888888888888,1,0.5,1
3,3,51,1,CART,0.8888888888888888,0.8888888888888888,1,0.5,2
3,3,58,1,CART,0.8888888888888888,0.8888888888888888,1,0.5,1
3,3,06,0,LDA,0.0016685504309842164,0.0016685504309842164,0,0.5,2
3,3,09,0,LDA,0.9415302916179449,0.9415302916179449,1,0.5,1
3,3,11,1,LDA,0.9813824610091518,0.9813824610091518,1,0.5,1
3,3,19,1,LDA,0.9566729005445536,0.9566729005445536,1,0.5,1
3,3,22,0,LDA,0.905771071887549,0.905771071887549,1,0.5,1
3,3,23,1,LDA,0.9560631342371153,0.9560631342371153,1,0.5,1
3,3,31,1,LDA,0.20914958859371513,0.20914958859371513,0,0.5,1
3,3,44,1,LDA,0.8849631587729465,0.8849631587729465,1,0.5,1
3,3,48,1,LDA,0.8743075012531117,0.8743075012531117,1,0.5,1
3,3,51,1,LDA,0.9748936228609251,0.9748936228609251,1,0.5,2
3,3,58,1,LDA,0.9615308374505135,0.9615308374505135,1,0.5,1
3,4,07,0,Logistic,0.5242912056070103,0.5242912056070103,1,0.5,1
3,4,10,0,Logistic,0.5065533056388127,0.5065533056388127,1,0.5,1
3,4,18,0,Logistic,0.45168055079792,0.45168055079792,0,0.5,1
3,4,24,1,Logistic,0.47805883539646027,0.47805883539646027,0,0.5,1
3,4,26,1,Logistic,0.5311734900785942,0.5311734900785942,1,0.5,2
3,4,29,1,Logistic,0.5031164338882793,0.5031164338882793,1,0.5,1
3,4,30,1,Logistic,0.48644544379785487,0.48644544379785487,0,0.5,2
3,4,34,1,Logistic,0.5307311982043724,0.5307311982043724,1,0.5,1
3,4,40,1,Logistic,0.5266694983646583,0.5266694983646583,1,0.5,1
3,4,50,1,Logistic,0.5240797410427226,0.5240797410427226,1,0.5,2
3,4,55,1,Logistic,0.46907385222968306,0.46907385222968306,0,0.5,1
3,4,07,0,CART,0.9191919191919192,0.9191919191919192,1,0.5,1
3,4,10,0,CART,0.1192660550458716,0.1192660550458716,0,0.5,1
3,4,18,0,CART,0.1192660550458716,0.1192660550458716,0,0.5,1
3,4,24,1,CART,0.1192660550458716,0.1192660550458716,0,0.5,1
3,4,26,1,CART,0.9191919191919192,0.9191919191919192,1,0.5,2
3,4,29,1,CART,0.1192660550458716,0.1192660550458716,0,0.5,1
3,4,30,1,CART,0.1192660550458716,0.1192660550458716,0,0.5,2
3,4,34,1,CART,0.9191919191919192,0.9191919191919192,1,0.5,1
3,4,40,1,CART,0.9191919191919192,0.9191919191919192,1,0.5,1
3,4,50,1,CART,0.9191919191919192,0.9191919191919192,1,0.5,2
3,4,55,1,CART,0.1192660550458716,0.1192660550458716,0,0.5,1
3,4,07,0,LDA,0.9802107800296739,0.9802107800296739,1,0.5,1
3,4,10,0,LDA,0.9636933961295047,0.9636933961295047,1,0.5,1
3,4,18,0,LDA,0.19180769813570853,0.19180769813570853,0,0.5,1
3,4,24,1,LDA,0.9058168589646102,0.9058168589646102,1,0.5,1
3,4,26,1,LDA,0.9986799099728625,0.9986799099728625,1,0.5,2
3,4,29,1,LDA,0.6034677569980229,0.6034677569980229,1,0.5,1
3,4,30,1,LDA,0.8692999446947661,0.8692999446947661,1,0.5,2
3,4,34,1,LDA,0.9936712167889683,0.9936712167889683,1,0.5,1
3,4,40,1,LDA,0.997507795166486,0.997507795166486,1,0.5,1
3,4,50,1,LDA,0.9873300165209433,0.9873300165209433,1,0.5,2
3,4,55,1,LDA,0.7363124443011877,0.7363124443011877,1,0.5,1
4,0,04,0,Logistic,0.20541971463016998,0.20541971463016998,0,0.53,1
4,0,09,0,Logistic,0.5614461388863924,0.5614461388863924,1,0.53,1
4,0,13,0,Logistic,0.16010055406418416,0.16010055406418416,0,0.53,1
4,0,28,1,Logistic,0.5381911489658431,0.5381911489658431,1,0.53,1
4,0,32,1,Logistic,0.5323253681240223,0.5323253681240223,1,0.53,1
4,0,35,1,Logistic,0.040790421290788186,0.040790421290788186,0,0.53,1
4,0,37,1,Logistic,0.7453760471416768,0.7453760471416768,1,0.53,1
4,0,44,1,Logistic,0.47840106588481496,0.47840106588481496,0,0.53,1
4,0,48,1,Logistic,0.19365323129041725,0.19365323129041725,0,0.53,1
4,0,52,1,Logistic,0.957970703899637,0.957970703899637,1,0.53,1
4,0,57,1,Logistic,0.9701768624706083,0.9701768624706083,1,0.53,1
4,0,04,0,CART,0.04832713754646841,0.04832713754646841,0,0.5,1
4,0,09,0,CART,1.0,1.0,1,0.5,1
4,0,13,0,CART,0.04832713754646841,0.04832713754646841,0,0.5,1
4,0,28,1,CART,1.0,1.0,1,0.5,1
4,0,32,1,CART,1.0,1.0,1,0.5,1
4,0,35,1,CART,0.04832713754646841,0.04832713754646841,0,0.5,1
4,0,37,1,CART,1.0,1.0,1,0.5,1
4,0,44,1,CART,1.0,1.0,1,0.5,1
4,0,48,1,CART,1.0,1.0,1,0.5,1
4,0,52,1,CART,1.0,1.0,1,0.5,1
4,0,57,1,CART,1.0,1.0,1,0.5,1
4,0,04,0,LDA,0.2924117401507128,0.2924117401507128,0,0.42000000000000004,1
4,0,09,0,LDA,0.9241047419120844,0.9241047419120844,1,0.42000000000000004,1
4,0,13,0,LDA,0.25918983500485615,0.25918983500485615,0,0.42000000000000004,1
4,0,28,1,LDA,0.8325623388619047,0.8325623388619047,1,0.42000000000000004,1
4,0,32,1,LDA,0.901507661937413,0.901507661937413,1,0.42000000000000004,1
4,0,35,1,LDA,0.4165280339274373,0.4165280339274373,0,0.42000000000000004,1
4,0,37,1,LDA,0.9342192127947463,0.9342192127947463,1,0.42000000000000004,1
4,0,44,1,LDA,0.81906514408139,0.81906514408139,1,0.42000000000000004,1
4,0,48,1,LDA,0.8040048504408103,0.8040048504408103,1,0.42000000000000004,1
4,0,52,1,LDA,0.9755850478394658,0.9755850478394658,1,0.42000000000000004,1
4,0,57,1,LDA,0.9813815806347291,0.9813815806347291,1,0.42000000000000004,1
4,1,10,0,Logistic,0.9222081684642388,0.9222081684642388,1,0.5,1
4,1,11,1,Logistic,0.9041003090883621,0.9041003090883621,1,0.5,1
4,1,16,0,Logistic,0.0010489989634950817,0.0010489989634950817,0,0.5,1
4,1,21,0,Logistic,0.020126310222789365,0.020126310222789365,0,0.5,1
4,1,26,1,Logistic,0.9402552475651564,0.9402552475651564,1,0.5,2
4,1,27,0,Logistic,0.9342943530001511,0.9342943530001511,1,0.5,1
4,1,31,1,Logistic,0.35182336723010993,0.35182336723010993,0,0.5,1
4,1,42,1,Logistic,0.8408753072112258,0.8408753072112258,1,0.5,2
4,1,45,1,Logistic,0.9223832890805339,0.9223832890805339,1,0.5,1
4,1,46,1,Logistic,0.7988062454771789,0.7988062454771789,1,0.5,1
4,1,56,1,Logistic,0.9400076173921763,0.9400076173921763,1,0.5,1
4,1,58,1,Logistic,0.8623572221614114,0.8623572221614114,1,0.5,1
4,1,10,0,CART,0.8888888888888888,0.8888888888888888,1,0.5,1
4,1,11,1,CART,0.8888888888888888,0.8888888888888888,1,0.5,1
4,1,16,0,CART,0.0,0.0,0,0.5,1
4,1,21,0,CART,0.0,0.0,0,0.5,1
4,1,26,1,CART,0.8888888888888888,0.8888888888888888,1,0.5,2
4,1,27,0,CART,0.8888888888888888,0.8888888888888888,1,0.5,1
4,1,31,1,CART,0.0,0.0,0,0.5,1
4,1,42,1,CART,0.8888888888888888,0.8888888888888888,1,0.5,2
4,1,45,1,CART,0.8888888888888888,0.8888888888888888,1,0.5,1
4,1,46,1,CART,0.8888888888888888,0.8888888888888888,1,0.5,1
4,1,56,1,CART,0.8888888888888888,0.8888888888888888,1,0.5,1
4,1,58,1,CART,0.8888888888888888,0.8888888888888888,1,0.5,1
4,1,10,0,LDA,0.9340713290483874,0.9340713290483874,1,0.5,1
4,1,11,1,LDA,0.986792072988173,0.986792072988173,1,0.5,1
4,1,16,0,LDA,5.1384289793285764e-05,5.1384289793285764e-05,0,0.5,1
4,1,21,0,LDA,0.0037346156009569953,0.0037346156009569953,0,0.5,1
4,1,26,1,LDA,0.9979563817038646,0.9979563817038646,1,0.5,2
4,1,27,0,LDA,0.9593994528781334,0.9593994528781334,1,0.5,1
4,1,31,1,LDA,0.152885395325915,0.152885395325915,0,0.5,1
4,1,42,1,LDA,0.960649894512595,0.960649894512595,1,0.5,2
4,1,45,1,LDA,0.9699792647841513,0.9699792647841513,1,0.5,1
4,1,46,1,LDA,0.9601027869531215,0.9601027869531215,1,0.5,1
4,1,56,1,LDA,0.9913947112852576,0.9913947112852576,1,0.5,1
4,1,58,1,LDA,0.9712676555945489,0.9712676555945489,1,0.5,1
4,2,03,0,Logistic,0.07006497420655156,0.07006497420655156,0,0.52,2
4,2,05,0,Logistic,0.20138602630011324,0.20138602630011324,0,0.52,1
4,2,18,0,Logistic,0.243987371331186,0.243987371331186,0,0.52,1
4,2,19,1,Logistic,0.8882049187365492,0.8882049187365492,1,0.52,1
4,2,33,1,Logistic,0.77292235585011,0.77292235585011,1,0.52,1
4,2,34,1,Logistic,0.908104512050056,0.908104512050056,1,0.52,1
4,2,39,1,Logistic,0.9849059623275533,0.9849059623275533,1,0.52,1
4,2,47,1,Logistic,0.7683713371472388,0.7683713371472388,1,0.52,1
4,2,51,1,Logistic,0.9771496528358226,0.9771496528358226,1,0.52,2
4,2,54,1,Logistic,0.9580111063675018,0.9580111063675018,1,0.52,2
4,2,55,1,Logistic,0.20747476937494908,0.20747476937494908,0,0.52,1
4,2,03,0,CART,0.125,0.125,0,0.5,2
4,2,05,0,CART,0.125,0.125,0,0.5,1
4,2,18,0,CART,0.125,0.125,0,0.5,1
4,2,19,1,CART,1.0,1.0,1,0.5,1
4,2,33,1,CART,0.8181818181818182,0.8181818181818182,1,0.5,1
4,2,34,1,CART,1.0,1.0,1,0.5,1
4,2,39,1,CART,1.0,1.0,1,0.5,1
4,2,47,1,CART,0.8181818181818182,0.8181818181818182,1,0.5,1
4,2,51,1,CART,1.0,1.0,1,0.5,2
4,2,54,1,CART,1.0,1.0,1,0.5,2
4,2,55,1,CART,0.8,0.8,1,0.5,1
4,2,03,0,LDA,0.04092730293931092,0.04092730293931092,0,0.5,2
4,2,05,0,LDA,0.31262062056819107,0.31262062056819107,0,0.5,1
4,2,18,0,LDA,0.3906919226179041,0.3906919226179041,0,0.5,1
4,2,19,1,LDA,0.9234766920931281,0.9234766920931281,1,0.5,1
4,2,33,1,LDA,0.8591908088567283,0.8591908088567283,1,0.5,1
4,2,34,1,LDA,0.9670274315004168,0.9670274315004168,1,0.5,1
4,2,39,1,LDA,0.9782645417678527,0.9782645417678527,1,0.5,1
4,2,47,1,LDA,0.9166369844068117,0.9166369844068117,1,0.5,1
4,2,51,1,LDA,0.9554976042134837,0.9554976042134837,1,0.5,2
4,2,54,1,LDA,0.9589633896259404,0.9589633896259404,1,0.5,2
4,2,55,1,LDA,0.6514798098229936,0.6514798098229936,1,0.5,1
4,3,01,0,Logistic,0.12375332377698883,0.12375332377698883,0,0.4700000000000001,1
4,3,07,0,Logistic,0.8297535952738505,0.8297535952738505,1,0.4700000000000001,1
4,3,12,0,Logistic,0.4991922217564007,0.4991922217564007,1,0.4700000000000001,1
4,3,23,1,Logistic,0.9145237563105431,0.9145237563105431,1,0.4700000000000001,1
4,3,24,1,Logistic,0.1759990575556406,0.1759990575556406,0,0.4700000000000001,1
4,3,25,1,Logistic,0.8021507930239509,0.8021507930239509,1,0.4700000000000001,1
4,3,29,1,Logistic,0.30172568291666435,0.30172568291666435,0,0.4700000000000001,1
4,3,36,1,Logistic,0.9246683570234737,0.9246683570234737,1,0.4700000000000001,1
4,3,40,1,Logistic,0.9986450798465238,0.9986450798465238,1,0.4700000000000001,1
4,3,41,1,Logistic,0.9963260924618823,0.9963260924618823,1,0.4700000000000001,1
4,3,43,1,Logistic,0.9945175226217414,0.9945175226217414,1,0.4700000000000001,2
4,3,01,0,CART,0.0,0.0,0,0.5,1
4,3,07,0,CART,0.8888888888888888,0.8888888888888888,1,0.5,1
4,3,12,0,CART,0.8888888888888888,0.8888888888888888,1,0.5,1
4,3,23,1,CART,0.8888888888888888,0.8888888888888888,1,0.5,1
4,3,24,1,CART,0.8888888888888888,0.8888888888888888,1,0.5,1
4,3,25,1,CART,0.8888888888888888,0.8888888888888888,1,0.5,1
4,3,29,1,CART,0.8888888888888888,0.8888888888888888,1,0.5,1
4,3,36,1,CART,0.8888888888888888,0.8888888888888888,1,0.5,1
4,3,40,1,CART,0.8888888888888888,0.8888888888888888,1,0.5,1
4,3,41,1,CART,0.8888888888888888,0.8888888888888888,1,0.5,1
4,3,43,1,CART,0.8888888888888888,0.8888888888888888,1,0.5,2
4,3,01,0,LDA,0.30799498170396755,0.30799498170396755,0,0.5,1
4,3,07,0,LDA,0.9726852531359036,0.9726852531359036,1,0.5,1
4,3,12,0,LDA,0.9422546108196589,0.9422546108196589,1,0.5,1
4,3,23,1,LDA,0.9758700972209879,0.9758700972209879,1,0.5,1
4,3,24,1,LDA,0.944889067180746,0.944889067180746,1,0.5,1
4,3,25,1,LDA,0.9714717830833222,0.9714717830833222,1,0.5,1
4,3,29,1,LDA,0.43450104537866907,0.43450104537866907,0,0.5,1
4,3,36,1,LDA,0.9948798016058686,0.9948798016058686,1,0.5,1
4,3,40,1,LDA,0.9983646200990332,0.9983646200990332,1,0.5,1
4,3,41,1,LDA,0.9903761886413314,0.9903761886413314,1,0.5,1
4,3,43,1,LDA,0.9888816254589234,0.9888816254589234,1,0.5,2
4,4,02,1,Logistic,0.7372043459049863,0.7372043459049863,0,0.7500000000000002,1
4,4,06,0,Logistic,0.08259452849326976,0.08259452849326976,0,0.7500000000000002,2
4,4,08,1,Logistic,0.8831629833982059,0.8831629833982059,1,0.7500000000000002,2
4,4,14,0,Logistic,0.15984797799199363,0.15984797799199363,0,0.7500000000000002,1
4,4,20,1,Logistic,0.7464316157714738,0.7464316157714738,0,0.7500000000000002,1
4,4,22,0,Logistic,0.7693170614731178,0.7693170614731178,1,0.7500000000000002,1
4,4,30,1,Logistic,0.582184849530165,0.582184849530165,0,0.7500000000000002,2
4,4,38,1,Logistic,0.8600684437524286,0.8600684437524286,1,0.7500000000000002,1
4,4,49,1,Logistic,0.811156412753365,0.811156412753365,1,0.7500000000000002,2
4,4,50,1,Logistic,0.847100893610001,0.847100893610001,1,0.7500000000000002,2
4,4,53,1,Logistic,0.8862119758045455,0.8862119758045455,1,0.7500000000000002,1
4,4,02,1,CART,0.15587529976019188,0.15587529976019188,0,0.5,1
4,4,06,0,CART,0.15587529976019188,0.15587529976019188,0,0.5,2
4,4,08,1,CART,0.8457831325301205,0.8457831325301205,1,0.5,2
4,4,14,0,CART,0.15587529976019188,0.15587529976019188,0,0.5,1
4,4,20,1,CART,0.15587529976019188,0.15587529976019188,0,0.5,1
4,4,22,0,CART,0.15587529976019188,0.15587529976019188,0,0.5,1
4,4,30,1,CART,0.15587529976019188,0.15587529976019188,0,0.5,2
4,4,38,1,CART,0.8457831325301205,0.8457831325301205,1,0.5,1
4,4,49,1,CART,0.8457831325301205,0.8457831325301205,1,0.5,2
4,4,50,1,CART,0.8457831325301205,0.8457831325301205,1,0.5,2
4,4,53,1,CART,0.8457831325301205,0.8457831325301205,1,0.5,1
4,4,02,1,LDA,0.8467199296328501,0.8467199296328501,1,0.5,1
4,4,06,0,LDA,0.011177292037325419,0.011177292037325419,0,0.5,2
4,4,08,1,LDA,0.9800599407449175,0.9800599407449175,1,0.5,2
4,4,14,0,LDA,0.05051464577473531,0.05051464577473531,0,0.5,1
4,4,20,1,LDA,0.8451948180277152,0.8451948180277152,1,0.5,1
4,4,22,0,LDA,0.8581395880482754,0.8581395880482754,1,0.5,1
4,4,30,1,LDA,0.6753826006851856,0.6753826006851856,1,0.5,2
4,4,38,1,LDA,0.9516966798313496,0.9516966798313496,1,0.5,1
4,4,49,1,LDA,0.90438800583643,0.90438800583643,1,0.5,2
4,4,50,1,LDA,0.9473889281887589,0.9473889281887589,1,0.5,2
4,4,53,1,LDA,0.9501634301002578,0.9501634301002578,1,0.5,1
5,0,01,0,Logistic,0.034368880573225936,0.034368880573225936,0,0.45000000000000007,1
5,0,10,0,Logistic,0.08510053190334531,0.08510053190334531,0,0.45000000000000007,1
5,0,14,0,Logistic,0.010232754370143366,0.010232754370143366,0,0.45000000000000007,1
5,0,24,1,Logistic,0.03081673065930339,0.03081673065930339,0,0.45000000000000007,1
5,0,31,1,Logistic,0.017545607957430272,0.017545607957430272,0,0.45000000000000007,1
5,0,35,1,Logistic,0.007657770487814201,0.007657770487814201,0,0.45000000000000007,1
5,0,36,1,Logistic,0.8922119717653051,0.8922119717653051,1,0.45000000000000007,1
5,0,44,1,Logistic,0.7192190464020352,0.7192190464020352,1,0.45000000000000007,1
5,0,48,1,Logistic,0.2565286960928087,0.2565286960928087,0,0.45000000000000007,1
5,0,52,1,Logistic,0.945658861611299,0.945658861611299,1,0.45000000000000007,1
5,0,54,1,Logistic,0.9886452429247075,0.9886452429247075,1,0.45000000000000007,2
5,0,01,0,CART,0.0,0.0,0,0.5,1
5,0,10,0,CART,0.4037267080745341,0.4037267080745341,0,0.5,1
5,0,14,0,CART,0.0,0.0,0,0.5,1
5,0,24,1,CART,0.4037267080745341,0.4037267080745341,0,0.5,1
5,0,31,1,CART,0.0,0.0,0,0.5,1
5,0,35,1,CART,0.4037267080745341,0.4037267080745341,0,0.5,1
5,0,36,1,CART,1.0,1.0,1,0.5,1
5,0,44,1,CART,1.0,1.0,1,0.5,1
5,0,48,1,CART,1.0,1.0,1,0.5,1
5,0,52,1,CART,1.0,1.0,1,0.5,1
5,0,54,1,CART,1.0,1.0,1,0.5,2
5,0,01,0,LDA,0.14618152836757564,0.14618152836757564,0,0.4600000000000001,1
5,0,10,0,LDA,0.8915563136566335,0.8915563136566335,1,0.4600000000000001,1
5,0,14,0,LDA,0.018329609674427885,0.018329609674427885,0,0.4600000000000001,1
5,0,24,1,LDA,0.6717538360319181,0.6717538360319181,1,0.4600000000000001,1
5,0,31,1,LDA,0.16905617117187205,0.16905617117187205,0,0.4600000000000001,1
5,0,35,1,LDA,0.2976637256295981,0.2976637256295981,0,0.4600000000000001,1
5,0,36,1,LDA,0.9913778451631237,0.9913778451631237,1,0.4600000000000001,1
5,0,44,1,LDA,0.9150206009724022,0.9150206009724022,1,0.4600000000000001,1
5,0,48,1,LDA,0.8942793220172878,0.8942793220172878,1,0.4600000000000001,1
5,0,52,1,LDA,0.9777054593301614,0.9777054593301614,1,0.4600000000000001,1
5,0,54,1,LDA,0.9779612039776433,0.9779612039776433,1,0.4600000000000001,2
5,1,02,1,Logistic,0.6456082770282294,0.6456082770282294,1,0.48000000000000004,1
5,1,05,0,Logistic,0.4158693624254942,0.4158693624254942,0,0.48000000000000004,1
5,1,11,1,Logistic,0.749514050202964,0.749514050202964,1,0.48000000000000004,1
5,1,13,0,Logistic,0.41554242527947277,0.41554242527947277,0,0.48000000000000004,1
5,1,26,1,Logistic,0.8214279083492896,0.8214279083492896,1,0.48000000000000004,2
5,1,27,0,Logistic,0.6960231271970471,0.6960231271970471,1,0.48000000000000004,1
5,1,33,1,Logistic,0.6529865448503964,0.6529865448503964,1,0.48000000000000004,1
5,1,34,1,Logistic,0.7625982863488366,0.7625982863488366,1,0.48000000000000004,1
5,1,47,1,Logistic,0.6977608667138689,0.6977608667138689,1,0.48000000000000004,1
5,1,50,1,Logistic,0.7301448829444463,0.7301448829444463,1,0.48000000000000004,2
5,1,53,1,Logistic,0.6884992219092017,0.6884992219092017,1,0.48000000000000004,1
5,1,02,1,CART,0.2,0.2,0,0.5,1
5,1,05,0,CART,0.1111111111111111,0.1111111111111111,0,0.5,1
5,1,11,1,CART,1.0,1.0,1,0.5,1
5,1,13,0,CART,0.1111111111111111,0.1111111111111111,0,0.5,1
5,1,26,1,CART,1.0,1.0,1,0.5,2
5,1,27,0,CART,0.8888888888888888,0.8888888888888888,1,0.5,1
5,1,33,1,CART,0.8888888888888888,0.8888888888888888,1,0.5,1
5,1,34,1,CART,1.0,1.0,1,0.5,1
5,1,47,1,CART,0.8888888888888888,0.8888888888888888,1,0.5,1
5,1,50,1,CART,1.0,1.0,1,0.5,2
5,1,53,1,CART,0.8888888888888888,0.8888888888888888,1,0.5,1
5,1,02,1,LDA,0.905948568570188,0.905948568570188,1,0.5,1
5,1,05,0,LDA,0.3073608420710453,0.3073608420710453,0,0.5,1
5,1,11,1,LDA,0.9821604707194295,0.9821604707194295,1,0.5,1
5,1,13,0,LDA,0.32031288191165075,0.32031288191165075,0,0.5,1
5,1,26,1,LDA,0.9982532800090073,0.9982532800090073,1,0.5,2
5,1,27,0,LDA,0.935391718595647,0.935391718595647,1,0.5,1
5,1,33,1,LDA,0.8696375653643356,0.8696375653643356,1,0.5,1
5,1,34,1,LDA,0.9867221625555331,0.9867221625555331,1,0.5,1
5,1,47,1,LDA,0.9462746791697657,0.9462746791697657,1,0.5,1
5,1,50,1,LDA,0.9758753420710476,0.9758753420710476,1,0.5,2
5,1,53,1,LDA,0.9082771056624653,0.9082771056624653,1,0.5,1
5,2,06,0,Logistic,0.20207077292135134,0.20207077292135134,0,0.5,2
5,2,09,0,Logistic,0.6632839041290512,0.6632839041290512,1,0.5,1
5,2,12,0,Logistic,0.6329434120821839,0.6329434120821839,1,0.5,1
5,2,20,1,Logistic,0.6273572859153737,0.6273572859153737,1,0.5,1
5,2,23,1,Logistic,0.6906712264457946,0.6906712264457946,1,0.5,1
5,2,25,1,Logistic,0.6805375224999638,0.6805375224999638,1,0.5,1
5,2,28,1,Logistic,0.6116841835551574,0.6116841835551574,1,0.5,1
5,2,30,1,Logistic,0.5762760896357599,0.5762760896357599,1,0.5,2
5,2,37,1,Logistic,0.6774870483975245,0.6774870483975245,1,0.5,1
5,2,51,1,Logistic,0.7299164989581542,0.7299164989581542,1,0.5,2
5,2,58,1,Logistic,0.6997189026546151,0.6997189026546151,1,0.5,1
5,2,06,0,CART,0.04318936877076413,0.04318936877076413,0,0.5,2
5,2,09,0,CART,0.7589453860640302,0.7589453860640302,1,0.5,1
5,2,12,0,CART,0.7589453860640302,0.7589453860640302,1,0.5,1
5,2,20,1,CART,0.7589453860640302,0.7589453860640302,1,0.5,1
5,2,23,1,CART,0.7589453860640302,0.7589453860640302,1,0.5,1
5,2,25,1,CART,0.7589453860640302,0.7589453860640302,1,0.5,1
5,2,28,1,CART,0.7589453860640302,0.7589453860640302,1,0.5,1
5,2,30,1,CART,0.7589453860640302,0.7589453860640302,1,0.5,2
5,2,37,1,CART,0.7589453860640302,0.7589453860640302,1,0.5,1
5,2,51,1,CART,0.7589453860640302,0.7589453860640302,1,0.5,2
5,2,58,1,CART,0.7589453860640302,0.7589453860640302,1,0.5,1
5,2,06,0,LDA,0.003180089552559969,0.003180089552559969,0,0.28,2
5,2,09,0,LDA,0.9429763359537314,0.9429763359537314,1,0.28,1
5,2,12,0,LDA,0.9069091954218684,0.9069091954218684,1,0.28,1
5,2,20,1,LDA,0.8843042758949111,0.8843042758949111,1,0.28,1
5,2,23,1,LDA,0.9556127604916165,0.9556127604916165,1,0.28,1
5,2,25,1,LDA,0.9534588721382684,0.9534588721382684,1,0.28,1
5,2,28,1,LDA,0.8684527359093229,0.8684527359093229,1,0.28,1
5,2,30,1,LDA,0.7509419672958232,0.7509419672958232,1,0.28,2
5,2,37,1,LDA,0.9516831393189437,0.9516831393189437,1,0.28,1
5,2,51,1,LDA,0.9743743757879455,0.9743743757879455,1,0.28,2
5,2,58,1,LDA,0.9607286790162224,0.9607286790162224,1,0.28,1
5,3,03,0,Logistic,0.08221451657532462,0.08221451657532462,0,0.5,2
5,3,18,0,Logistic,0.21240565179771742,0.21240565179771742,0,0.5,1
5,3,21,0,Logistic,0.1015005911019404,0.1015005911019404,0,0.5,1
5,3,22,0,Logistic,0.31088901667194413,0.31088901667194413,0,0.5,1
5,3,32,1,Logistic,0.6382428250309059,0.6382428250309059,1,0.5,1
5,3,38,1,Logistic,0.6454797812423492,0.6454797812423492,1,0.5,1
5,3,40,1,Logistic,0.9946675680469081,0.9946675680469081,1,0.5,1
5,3,43,1,Logistic,0.9857182689065904,0.9857182689065904,1,0.5,2
5,3,45,1,Logistic,0.7111264896866208,0.7111264896866208,1,0.5,1
5,3,49,1,Logistic,0.890360305993914,0.890360305993914,1,0.5,2
5,3,55,1,Logistic,0.14402313412059373,0.14402313412059373,0,0.5,1
5,3,57,1,Logistic,0.9297263746004409,0.9297263746004409,1,0.5,1
5,3,03,0,CART,0.1111111111111111,0.1111111111111111,0,0.5,2
5,3,18,0,CART,0.0,0.0,0,0.5,1
5,3,21,0,CART,0.1111111111111111,0.1111111111111111,0,0.5,1
5,3,22,0,CART,1.0,1.0,1,0.5,1
5,3,32,1,CART,1.0,1.0,1,0.5,1
5,3,38,1,CART,1.0,1.0,1,0.5,1
5,3,40,1,CART,1.0,1.0,1,0.5,1
5,3,43,1,CART,1.0,1.0,1,0.5,2
5,3,45,1,CART,1.0,1.0,1,0.5,1
5,3,49,1,CART,1.0,1.0,1,0.5,2
5,3,55,1,CART,0.2,0.2,0,0.5,1
5,3,57,1,CART,1.0,1.0,1,0.5,1
5,3,03,0,LDA,0.03900248484743645,0.03900248484743645,0,0.5,2
5,3,18,0,LDA,0.31714787833735364,0.31714787833735364,0,0.5,1
5,3,21,0,LDA,0.029717697188481114,0.029717697188481114,0,0.5,1
5,3,22,0,LDA,0.8697481358945662,0.8697481358945662,1,0.5,1
5,3,32,1,LDA,0.919108159416929,0.919108159416929,1,0.5,1
5,3,38,1,LDA,0.9610216540239864,0.9610216540239864,1,0.5,1
5,3,40,1,LDA,0.9748101825424808,0.9748101825424808,1,0.5,1
5,3,43,1,LDA,0.9486926325654249,0.9486926325654249,1,0.5,2
5,3,45,1,LDA,0.9636714433550427,0.9636714433550427,1,0.5,1
5,3,49,1,LDA,0.9058180330291539,0.9058180330291539,1,0.5,2
5,3,55,1,LDA,0.4989939618696759,0.4989939618696759,0,0.5,1
5,3,57,1,LDA,0.9733175054604719,0.9733175054604719,1,0.5,1
5,4,04,0,Logistic,0.27966623777982796,0.27966623777982796,0,0.6000000000000001,1
5,4,07,0,Logistic,0.8417604479848111,0.8417604479848111,1,0.6000000000000001,1
5,4,08,1,Logistic,0.9999749813189623,0.9999749813189623,1,0.6000000000000001,2
5,4,16,0,Logistic,0.0029950144976449438,0.0029950144976449438,0,0.6000000000000001,1
5,4,19,1,Logistic,0.9842029113940051,0.9842029113940051,1,0.6000000000000001,1
5,4,29,1,Logistic,0.15149664769610688,0.15149664769610688,0,0.6000000000000001,1
5,4,39,1,Logistic,0.9998318222115471,0.9998318222115471,1,0.6000000000000001,1
5,4,41,1,Logistic,0.9999329061452408,0.9999329061452408,1,0.6000000000000001,1
5,4,42,1,Logistic,0.9866404982247698,0.9866404982247698,1,0.6000000000000001,2
5,4,46,1,Logistic,0.9843357884160994,0.9843357884160994,1,0.6000000000000001,1
5,4,56,1,Logistic,0.9948695710543437,0.9948695710543437,1,0.6000000000000001,1
5,4,04,0,CART,0.0,0.0,0,0.5,1
5,4,07,0,CART,0.9615384615384616,0.9615384615384616,1,0.5,1
5,4,08,1,CART,0.9615384615384616,0.9615384615384616,1,0.5,2
5,4,16,0,CART,0.0,0.0,0,0.5,1
5,4,19,1,CART,0.9615384615384616,0.9615384615384616,1,0.5,1
5,4,29,1,CART,0.6363636363636364,0.6363636363636364,1,0.5,1
5,4,39,1,CART,0.9615384615384616,0.9615384615384616,1,0.5,1
5,4,41,1,CART,0.9615384615384616,0.9615384615384616,1,0.5,1
5,4,42,1,CART,0.9615384615384616,0.9615384615384616,1,0.5,2
5,4,46,1,CART,0.9615384615384616,0.9615384615384616,1,0.5,1
5,4,56,1,CART,0.9615384615384616,0.9615384615384616,1,0.5,1
5,4,04,0,LDA,0.2280655623609806,0.2280655623609806,0,0.5,1
5,4,07,0,LDA,0.950405198523321,0.950405198523321,1,0.5,1
5,4,08,1,LDA,0.9955254300204606,0.9955254300204606,1,0.5,2
5,4,16,0,LDA,0.00022893388920280686,0.00022893388920280686,0,0.5,1
5,4,19,1,LDA,0.9505552067883088,0.9505552067883088,1,0.5,1
5,4,29,1,LDA,0.47273124346682444,0.47273124346682444,0,0.5,1
5,4,39,1,LDA,0.9903982369694034,0.9903982369694034,1,0.5,1
5,4,41,1,LDA,0.9744622024256366,0.9744622024256366,1,0.5,1
5,4,42,1,LDA,0.9448509601892865,0.9448509601892865,1,0.5,2
5,4,46,1,LDA,0.9431986527159227,0.9431986527159227,1,0.5,1
5,4,56,1,LDA,0.9853330807120221,0.9853330807120221,1,0.5,1
6,0,03,0,Logistic,0.082720059943407,0.082720059943407,0,0.6500000000000001,2
6,0,12,0,Logistic,0.4280868904119567,0.4280868904119567,0,0.6500000000000001,1
6,0,14,0,Logistic,0.055529006152358014,0.055529006152358014,0,0.6500000000000001,1
6,0,19,1,Logistic,0.8934864046801821,0.8934864046801821,1,0.6500000000000001,1
6,0,20,1,Logistic,0.6688309766873541,0.6688309766873541,1,0.6500000000000001,1
6,0,26,1,Logistic,0.9968048895773352,0.9968048895773352,1,0.6500000000000001,2
6,0,28,1,Logistic,0.6359751497732302,0.6359751497732302,0,0.6500000000000001,1
6,0,30,1,Logistic,0.46824308292018446,0.46824308292018446,0,0.6500000000000001,2
6,0,34,1,Logistic,0.9206376790257566,0.9206376790257566,1,0.6500000000000001,1
6,0,36,1,Logistic,0.8732039499270531,0.8732039499270531,1,0.6500000000000001,1
6,0,47,1,Logistic,0.7384366975803631,0.7384366975803631,1,0.6500000000000001,1
6,0,03,0,CART,0.0,0.0,0,0.5,2
6,0,12,0,CART,0.7619047619047619,0.7619047619047619,1,0.5,1
6,0,14,0,CART,0.0,0.0,0,0.5,1
6,0,19,1,CART,0.7619047619047619,0.7619047619047619,1,0.5,1
6,0,20,1,CART,0.7619047619047619,0.7619047619047619,1,0.5,1
6,0,26,1,CART,1.0,1.0,1,0.5,2
6,0,28,1,CART,0.7619047619047619,0.7619047619047619,1,0.5,1
6,0,30,1,CART,0.7619047619047619,0.7619047619047619,1,0.5,2
6,0,34,1,CART,1.0,1.0,1,0.5,1
6,0,36,1,CART,1.0,1.0,1,0.5,1
6,0,47,1,CART,0.7619047619047619,0.7619047619047619,1,0.5,1
6,0,03,0,LDA,0.03187836430734125,0.03187836430734125,0,0.43000000000000005,2
6,0,12,0,LDA,0.8710545653022919,0.8710545653022919,1,0.43000000000000005,1
6,0,14,0,LDA,0.04492537704111457,0.04492537704111457,0,0.43000000000000005,1
6,0,19,1,LDA,0.9372172156760065,0.9372172156760065,1,0.43000000000000005,1
6,0,20,1,LDA,0.8601392265226693,0.8601392265226693,1,0.43000000000000005,1
6,0,26,1,LDA,0.988244502123679,0.988244502123679,1,0.43000000000000005,2
6,0,28,1,LDA,0.8476328526145458,0.8476328526145458,1,0.43000000000000005,1
6,0,30,1,LDA,0.7429650013637769,0.7429650013637769,1,0.43000000000000005,2
6,0,34,1,LDA,0.9719549903851997,0.9719549903851997,1,0.43000000000000005,1
6,0,36,1,LDA,0.9809385012587719,0.9809385012587719,1,0.43000000000000005,1
6,0,47,1,LDA,0.9340736250693372,0.9340736250693372,1,0.43000000000000005,1
6,1,06,0,Logistic,0.04452540862640747,0.04452540862640747,0,0.6500000000000001,2
6,1,07,0,Logistic,0.8187860450022132,0.8187860450022132,1,0.6500000000000001,1
6,1,08,1,Logistic,0.99964366147401,0.99964366147401,1,0.6500000000000001,2
6,1,16,0,Logistic,0.009017553227621156,0.009017553227621156,0,0.6500000000000001,1
6,1,23,1,Logistic,0.9585477268206031,0.9585477268206031,1,0.6500000000000001,1
6,1,39,1,Logistic,0.9985192899050037,0.9985192899050037,1,0.6500000000000001,1
6,1,42,1,Logistic,0.9682061519589792,0.9682061519589792,1,0.6500000000000001,2
6,1,43,1,Logistic,0.9986674709913599,0.9986674709913599,1,0.6500000000000001,2
6,1,45,1,Logistic,0.787858335273896,0.787858335273896,1,0.6500000000000001,1
6,1,48,1,Logistic,0.3185071956872308,0.3185071956872308,0,0.6500000000000001,1
6,1,52,1,Logistic,0.9804386618999984,0.9804386618999984,1,0.6500000000000001,1
6,1,06,0,CART,0.0,0.0,0,0.5,2
6,1,07,0,CART,0.7222222222222223,0.7222222222222223,1,0.5,1
6,1,08,1,CART,0.7222222222222223,0.7222222222222223,1,0.5,2
6,1,16,0,CART,0.0,0.0,0,0.5,1
6,1,23,1,CART,0.7222222222222223,0.7222222222222223,1,0.5,1
6,1,39,1,CART,0.7222222222222223,0.7222222222222223,1,0.5,1
6,1,42,1,CART,0.7222222222222223,0.7222222222222223,1,0.5,2
6,1,43,1,CART,0.7222222222222223,0.7222222222222223,1,0.5,2
6,1,45,1,CART,0.7222222222222223,0.7222222222222223,1,0.5,1
6,1,48,1,CART,0.7222222222222223,0.7222222222222223,1,0.5,1
6,1,52,1,CART,0.7222222222222223,0.7222222222222223,1,0.5,1
6,1,06,0,LDA,0.0025621049551003655,0.0025621049551003655,0,0.4700000000000001,2
6,1,07,0,LDA,0.9492296767213382,0.9492296767213382,1,0.4700000000000001,1
6,1,08,1,LDA,0.986980503010123,0.986980503010123,1,0.4700000000000001,2
6,1,16,0,LDA,0.0006741202473190559,0.0006741202473190559,0,0.4700000000000001,1
6,1,23,1,LDA,0.9369510688109983,0.9369510688109983,1,0.4700000000000001,1
6,1,39,1,LDA,0.9764239699914785,0.9764239699914785,1,0.4700000000000001,1
6,1,42,1,LDA,0.9456845324908596,0.9456845324908596,1,0.4700000000000001,2
6,1,43,1,LDA,0.9528141895017872,0.9528141895017872,1,0.4700000000000001,2
6,1,45,1,LDA,0.9660052770492551,0.9660052770492551,1,0.4700000000000001,1
6,1,48,1,LDA,0.8481073047662633,0.8481073047662633,1,0.4700000000000001,1
6,1,52,1,LDA,0.9695887947053086,0.9695887947053086,1,0.4700000000000001,1
6,2,05,0,Logistic,0.38721593437976176,0.38721593437976176,0,0.4700000000000001,1
6,2,09,0,Logistic,0.6713087274782334,0.6713087274782334,1,0.4700000000000001,1
6,2,21,0,Logistic,0.1842741999843485,0.1842741999843485,0,0.4700000000000001,1
6,2,25,1,Logistic,0.6852743432767084,0.6852743432767084,1,0.4700000000000001,1
6,2,31,1,Logistic,0.3726685766933459,0.3726685766933459,0,0.4700000000000001,1
6,2,33,1,Logistic,0.6403530336775752,0.6403530336775752,1,0.4700000000000001,1
6,2,35,1,Logistic,0.4443096298357045,0.4443096298357045,0,0.4700000000000001,1
6,2,38,1,Logistic,0.7321477718311283,0.7321477718311283,1,0.4700000000000001,1
6,2,44,1,Logistic,0.5930666500105019,0.5930666500105019,1,0.4700000000000001,1
6,2,56,1,Logistic,0.7560539645310379,0.7560539645310379,1,0.4700000000000001,1
6,2,58,1,Logistic,0.6983014863427703,0.6983014863427703,1,0.4700000000000001,1
6,2,05,0,CART,0.0,0.0,0,0.5,1
6,2,09,0,CART,0.8648648648648649,0.8648648648648649,1,0.5,1
6,2,21,0,CART,0.0,0.0,0,0.5,1
6,2,25,1,CART,0.8648648648648649,0.8648648648648649,1,0.5,1
6,2,31,1,CART,0.0,0.0,0,0.5,1
6,2,33,1,CART,0.8648648648648649,0.8648648648648649,1,0.5,1
6,2,35,1,CART,0.0,0.0,0,0.5,1
6,2,38,1,CART,0.8648648648648649,0.8648648648648649,1,0.5,1
6,2,44,1,CART,0.8648648648648649,0.8648648648648649,1,0.5,1
6,2,56,1,CART,0.8648648648648649,0.8648648648648649,1,0.5,1
6,2,58,1,CART,0.8648648648648649,0.8648648648648649,1,0.5,1
6,2,05,0,LDA,0.1821788260460775,0.1821788260460775,0,0.5,1
6,2,09,0,LDA,0.9253108445472698,0.9253108445472698,1,0.5,1
6,2,21,0,LDA,0.011946453322309635,0.011946453322309635,0,0.5,1
6,2,25,1,LDA,0.9457309461448893,0.9457309461448893,1,0.5,1
6,2,31,1,LDA,0.14980700843634356,0.14980700843634356,0,0.5,1
6,2,33,1,LDA,0.9270739641259486,0.9270739641259486,1,0.5,1
6,2,35,1,LDA,0.26984022492898646,0.26984022492898646,0,0.5,1
6,2,38,1,LDA,0.9703201888557378,0.9703201888557378,1,0.5,1
6,2,44,1,LDA,0.8858893329527272,0.8858893329527272,1,0.5,1
6,2,56,1,LDA,0.9798750101613126,0.9798750101613126,1,0.5,1
6,2,58,1,LDA,0.9570622766854221,0.9570622766854221,1,0.5,1
6,3,04,0,Logistic,0.30449920929497115,0.30449920929497115,0,0.5,1
6,3,10,0,Logistic,0.9404895465334269,0.9404895465334269,1,0.5,1
6,3,11,1,Logistic,0.920211192264531,0.920211192264531,1,0.5,1
6,3,22,0,Logistic,0.9070282290332924,0.9070282290332924,1,0.5,1
6,3,24,1,Logistic,0.9002696176214997,0.9002696176214997,1,0.5,1
6,3,27,0,Logistic,0.9465400122544172,0.9465400122544172,1,0.5,1
6,3,29,1,Logistic,0.5990793223877011,0.5990793223877011,1,0.5,1
6,3,37,1,Logistic,0.8974635666377969,0.8974635666377969,1,0.5,1
6,3,40,1,Logistic,0.9258516185705221,0.9258516185705221,1,0.5,1
6,3,50,1,Logistic,0.9169022116986894,0.9169022116986894,1,0.5,2
6,3,53,1,Logistic,0.8947421544197232,0.8947421544197232,1,0.5,1
6,3,55,1,Logistic,0.7463085163609209,0.7463085163609209,1,0.5,1
6,3,04,0,CART,0.0,0.0,0,0.5,1
6,3,10,0,CART,0.9142857142857143,0.9142857142857143,1,0.5,1
6,3,11,1,CART,0.9142857142857143,0.9142857142857143,1,0.5,1
6,3,22,0,CART,0.9142857142857143,0.9142857142857143,1,0.5,1
6,3,24,1,CART,0.9142857142857143,0.9142857142857143,1,0.5,1
6,3,27,0,CART,0.9142857142857143,0.9142857142857143,1,0.5,1
6,3,29,1,CART,0.9142857142857143,0.9142857142857143,1,0.5,1
6,3,37,1,CART,0.9142857142857143,0.9142857142857143,1,0.5,1
6,3,40,1,CART,0.9142857142857143,0.9142857142857143,1,0.5,1
6,3,50,1,CART,0.9142857142857143,0.9142857142857143,1,0.5,2
6,3,53,1,CART,0.9142857142857143,0.9142857142857143,1,0.5,1
6,3,55,1,CART,0.9142857142857143,0.9142857142857143,1,0.5,1
6,3,04,0,LDA,0.19599061798378126,0.19599061798378126,0,0.44000000000000006,1
6,3,10,0,LDA,0.9722863040804595,0.9722863040804595,1,0.44000000000000006,1
6,3,11,1,LDA,0.994106744655698,0.994106744655698,1,0.44000000000000006,1
6,3,22,0,LDA,0.9571207357469584,0.9571207357469584,1,0.44000000000000006,1
6,3,24,1,LDA,0.9061289008979091,0.9061289008979091,1,0.44000000000000006,1
6,3,27,0,LDA,0.9849160480829671,0.9849160480829671,1,0.44000000000000006,1
6,3,29,1,LDA,0.6950324344548825,0.6950324344548825,1,0.44000000000000006,1
6,3,37,1,LDA,0.9816368213579215,0.9816368213579215,1,0.44000000000000006,1
6,3,40,1,LDA,0.9978318617525496,0.9978318617525496,1,0.44000000000000006,1
6,3,50,1,LDA,0.9905785201796393,0.9905785201796393,1,0.44000000000000006,2
6,3,53,1,LDA,0.9816317518701396,0.9816317518701396,1,0.44000000000000006,1
6,3,55,1,LDA,0.7311774841051606,0.7311774841051606,1,0.44000000000000006,1
6,4,01,0,Logistic,0.22603438712777046,0.22603438712777046,0,0.5900000000000001,1
6,4,02,1,Logistic,0.7344537268255668,0.7344537268255668,1,0.5900000000000001,1
6,4,13,0,Logistic,0.21963657786172366,0.21963657786172366,0,0.5900000000000001,1
6,4,18,0,Logistic,0.23925457873025224,0.23925457873025224,0,0.5900000000000001,1
6,4,32,1,Logistic,0.6693855382975693,0.6693855382975693,1,0.5900000000000001,1
6,4,41,1,Logistic,0.9990091331043381,0.9990091331043381,1,0.5900000000000001,1
6,4,46,1,Logistic,0.9728644804674002,0.9728644804674002,1,0.5900000000000001,1
6,4,49,1,Logistic,0.9444258310044473,0.9444258310044473,1,0.5900000000000001,2
6,4,51,1,Logistic,0.99552934427528,0.99552934427528,1,0.5900000000000001,2
6,4,54,1,Logistic,0.9870918603438008,0.9870918603438008,1,0.5900000000000001,2
6,4,57,1,Logistic,0.9732301461997765,0.9732301461997765,1,0.5900000000000001,1
6,4,01,0,CART,0.125,0.125,0,0.5,1
6,4,02,1,CART,0.8378378378378378,0.8378378378378378,1,0.5,1
6,4,13,0,CART,0.125,0.125,0,0.5,1
6,4,18,0,CART,0.125,0.125,0,0.5,1
6,4,32,1,CART,0.8378378378378378,0.8378378378378378,1,0.5,1
6,4,41,1,CART,0.8378378378378378,0.8378378378378378,1,0.5,1
6,4,46,1,CART,0.8378378378378378,0.8378378378378378,1,0.5,1
6,4,49,1,CART,0.8378378378378378,0.8378378378378378,1,0.5,2
6,4,51,1,CART,0.8378378378378378,0.8378378378378378,1,0.5,2
6,4,54,1,CART,0.8378378378378378,0.8378378378378378,1,0.5,2
6,4,57,1,CART,0.8378378378378378,0.8378378378378378,1,0.5,1
6,4,01,0,LDA,0.35568107746986716,0.35568107746986716,0,0.42000000000000004,1
6,4,02,1,LDA,0.8679986866741259,0.8679986866741259,1,0.42000000000000004,1
6,4,13,0,LDA,0.3046994623010944,0.3046994623010944,0,0.42000000000000004,1
6,4,18,0,LDA,0.37309903336296124,0.37309903336296124,0,0.42000000000000004,1
6,4,32,1,LDA,0.8880575342738553,0.8880575342738553,1,0.42000000000000004,1
6,4,41,1,LDA,0.9568087731143922,0.9568087731143922,1,0.42000000000000004,1
6,4,46,1,LDA,0.9280909171785514,0.9280909171785514,1,0.42000000000000004,1
6,4,49,1,LDA,0.8880114704917691,0.8880114704917691,1,0.42000000000000004,2
6,4,51,1,LDA,0.9580541309705884,0.9580541309705884,1,0.42000000000000004,2
6,4,54,1,LDA,0.9590951146094282,0.9590951146094282,1,0.42000000000000004,2
6,4,57,1,LDA,0.9720476008941482,0.9720476008941482,1,0.42000000000000004,1
7,0,06,0,Logistic,0.03545086301322565,0.03545086301322565,0,0.5,2
7,0,08,1,Logistic,0.9864957047326792,0.9864957047326792,1,0.5,2
7,0,12,0,Logistic,0.49444689173852663,0.49444689173852663,0,0.5,1
7,0,18,0,Logistic,0.13061214310373642,0.13061214310373642,0,0.5,1
7,0,23,1,Logistic,0.8417589498612746,0.8417589498612746,1,0.5,1
7,0,30,1,Logistic,0.486709774254805,0.486709774254805,0,0.5,2
7,0,36,1,Logistic,0.8754036573496968,0.8754036573496968,1,0.5,1
7,0,38,1,Logistic,0.7397376450484388,0.7397376450484388,1,0.5,1
7,0,46,1,Logistic,0.8422816286127957,0.8422816286127957,1,0.5,1
7,0,50,1,Logistic,0.8875654400579333,0.8875654400579333,1,0.5,2
7,0,56,1,Logistic,0.9188503779983258,0.9188503779983258,1,0.5,1
7,0,06,0,CART,0.0,0.0,0,0.5,2
7,0,08,1,CART,1.0,1.0,1,0.5,2
7,0,12,0,CART,0.7727272727272727,0.7727272727272727,1,0.5,1
7,0,18,0,CART,1.0,1.0,1,0.5,1
7,0,23,1,CART,0.7727272727272727,0.7727272727272727,1,0.5,1
7,0,30,1,CART,1.0,1.0,1,0.5,2
7,0,36,1,CART,0.7727272727272727,0.7727272727272727,1,0.5,1
7,0,38,1,CART,0.7727272727272727,0.7727272727272727,1,0.5,1
7,0,46,1,CART,0.7727272727272727,0.7727272727272727,1,0.5,1
7,0,50,1,CART,1.0,1.0,1,0.5,2
7,0,56,1,CART,1.0,1.0,1,0.5,1
7,0,06,0,LDA,0.005265049987679243,0.005265049987679243,0,0.5,2
7,0,08,1,LDA,0.9894062672748712,0.9894062672748712,1,0.5,2
7,0,12,0,LDA,0.8740129848534444,0.8740129848534444,1,0.5,1
7,0,18,0,LDA,0.26056738192825823,0.26056738192825823,0,0.5,1
7,0,23,1,LDA,0.9465133331292606,0.9465133331292606,1,0.5,1
7,0,30,1,LDA,0.7533591888021729,0.7533591888021729,1,0.5,2
7,0,36,1,LDA,0.9857464709738386,0.9857464709738386,1,0.5,1
7,0,38,1,LDA,0.9696385245467111,0.9696385245467111,1,0.5,1
7,0,46,1,LDA,0.9485287912262538,0.9485287912262538,1,0.5,1
7,0,50,1,LDA,0.962836058148169,0.962836058148169,1,0.5,2
7,0,56,1,LDA,0.9782742555266765,0.9782742555266765,1,0.5,1
7,1,02,1,Logistic,0.6325135629857509,0.6325135629857509,1,0.5,1
7,1,04,0,Logistic,0.4245947438208312,0.4245947438208312,0,0.5,1
7,1,05,0,Logistic,0.41590177642112364,0.41590177642112364,0,0.5,1
7,1,19,1,Logistic,0.6832918438644253,0.6832918438644253,1,0.5,1
7,1,22,0,Logistic,0.6464505960712521,0.6464505960712521,1,0.5,1
7,1,29,1,Logistic,0.6173515420985293,0.6173515420985293,1,0.5,1
7,1,34,1,Logistic,0.721191905391971,0.721191905391971,1,0.5,1
7,1,43,1,Logistic,0.6862805781204139,0.6862805781204139,1,0.5,2
7,1,44,1,Logistic,0.6780122502198836,0.6780122502198836,1,0.5,1
7,1,49,1,Logistic,0.6712380482342204,0.6712380482342204,1,0.5,2
7,1,52,1,Logistic,0.7010645117120436,0.7010645117120436,1,0.5,1
7,1,02,1,CART,0.393939393939394,0.393939393939394,0,0.5,1
7,1,04,0,CART,0.0,0.0,0,0.5,1
7,1,05,0,CART,0.0,0.0,0,0.5,1
7,1,19,1,CART,0.393939393939394,0.393939393939394,0,0.5,1
7,1,22,0,CART,1.0,1.0,1,0.5,1
7,1,29,1,CART,1.0,1.0,1,0.5,1
7,1,34,1,CART,1.0,1.0,1,0.5,1
7,1,43,1,CART,0.393939393939394,0.393939393939394,0,0.5,2
7,1,44,1,CART,1.0,1.0,1,0.5,1
7,1,49,1,CART,1.0,1.0,1,0.5,2
7,1,52,1,CART,1.0,1.0,1,0.5,1
7,1,02,1,LDA,0.8829427698972386,0.8829427698972386,1,0.5,1
7,1,04,0,LDA,0.27796449204343304,0.27796449204343304,0,0.5,1
7,1,05,0,LDA,0.25403105744092763,0.25403105744092763,0,0.5,1
7,1,19,1,LDA,0.9393433886377375,0.9393433886377375,1,0.5,1
7,1,22,0,LDA,0.8721049492446628,0.8721049492446628,1,0.5,1
7,1,29,1,LDA,0.6664343594044178,0.6664343594044178,1,0.5,1
7,1,34,1,LDA,0.9726489712067015,0.9726489712067015,1,0.5,1
7,1,43,1,LDA,0.9599889225690363,0.9599889225690363,1,0.5,2
7,1,44,1,LDA,0.8597338489347675,0.8597338489347675,1,0.5,1
7,1,49,1,LDA,0.907870089126694,0.907870089126694,1,0.5,2
7,1,52,1,LDA,0.968692028498789,0.968692028498789,1,0.5,1
7,2,07,0,Logistic,0.7658458384444127,0.7658458384444127,1,0.6900000000000002,1
7,2,11,1,Logistic,0.9211468775303031,0.9211468775303031,1,0.6900000000000002,1
7,2,14,0,Logistic,0.03841766563894375,0.03841766563894375,0,0.6900000000000002,1
7,2,16,0,Logistic,0.007208631366427395,0.007208631366427395,0,0.6900000000000002,1
7,2,20,1,Logistic,0.6933449468442573,0.6933449468442573,1,0.6900000000000002,1
7,2,25,1,Logistic,0.7415690922830281,0.7415690922830281,1,0.6900000000000002,1
7,2,26,1,Logistic,0.97331128364598,0.97331128364598,1,0.6900000000000002,2
7,2,28,1,Logistic,0.6666754123249896,0.6666754123249896,0,0.6900000000000002,1
7,2,55,1,Logistic,0.20380003563990962,0.20380003563990962,0,0.6900000000000002,1
7,2,57,1,Logistic,0.9013179453625882,0.9013179453625882,1,0.6900000000000002,1
7,2,58,1,Logistic,0.8657689612200279,0.8657689612200279,1,0.6900000000000002,1
7,2,07,0,CART,0.9629629629629629,0.9629629629629629,1,0.5,1
7,2,11,1,CART,0.9629629629629629,0.9629629629629629,1,0.5,1
7,2,14,0,CART,0.0,0.0,0,0.5,1
7,2,16,0,CART,0.0,0.0,0,0.5,1
7,2,20,1,CART,0.6,0.6,1,0.5,1
7,2,25,1,CART,0.9629629629629629,0.9629629629629629,1,0.5,1
7,2,26,1,CART,0.9629629629629629,0.9629629629629629,1,0.5,2
7,2,28,1,CART,0.6,0.6,1,0.5,1
7,2,55,1,CART,0.6,0.6,1,0.5,1
7,2,57,1,CART,0.9629629629629629,0.9629629629629629,1,0.5,1
7,2,58,1,CART,0.9629629629629629,0.9629629629629629,1,0.5,1
7,2,07,0,LDA,0.9630152858176994,0.9630152858176994,1,0.5,1
7,2,11,1,LDA,0.9804164848960866,0.9804164848960866,1,0.5,1
7,2,14,0,LDA,0.016513608258742256,0.016513608258742256,0,0.5,1
7,2,16,0,LDA,0.0002689512923081019,0.0002689512923081019,0,0.5,1
7,2,20,1,LDA,0.8718066794563468,0.8718066794563468,1,0.5,1
7,2,25,1,LDA,0.9508914751342677,0.9508914751342677,1,0.5,1
7,2,26,1,LDA,0.9897352016629569,0.9897352016629569,1,0.5,2
7,2,28,1,LDA,0.890320513221513,0.890320513221513,1,0.5,1
7,2,55,1,LDA,0.429854216562911,0.429854216562911,0,0.5,1
7,2,57,1,LDA,0.9836347264659906,0.9836347264659906,1,0.5,1
7,2,58,1,LDA,0.9591125834753634,0.9591125834753634,1,0.5,1
7,3,03,0,Logistic,0.07048424339438089,0.07048424339438089,0,0.5,2
7,3,09,0,Logistic,0.8869919181280292,0.8869919181280292,1,0.5,1
7,3,10,0,Logistic,0.9088251981006743,0.9088251981006743,1,0.5,1
7,3,13,0,Logistic,0.39082910959114825,0.39082910959114825,0,0.5,1
7,3,33,1,Logistic,0.7724240958179136,0.7724240958179136,1,0.5,1
7,3,37,1,Logistic,0.8519304989091064,0.8519304989091064,1,0.5,1
7,3,40,1,Logistic,0.9364518007510764,0.9364518007510764,1,0.5,1
7,3,41,1,Logistic,0.841753612454631,0.841753612454631,1,0.5,1
7,3,45,1,Logistic,0.878132656146763,0.878132656146763,1,0.5,1
7,3,47,1,Logistic,0.8705015334223388,0.8705015334223388,1,0.5,1
7,3,51,1,Logistic,0.872643790719095,0.872643790719095,1,0.5,2
7,3,54,1,Logistic,0.8995683817015583,0.8995683817015583,1,0.5,2
7,3,03,0,CART,0.0,0.0,0,0.5,2
7,3,09,0,CART,0.11111111111111113,0.11111111111111113,0,0.5,1
7,3,10,0,CART,1.0,1.0,1,0.5,1
7,3,13,0,CART,0.15789473684210528,0.15789473684210528,0,0.5,1
7,3,33,1,CART,1.0,1.0,1,0.5,1
7,3,37,1,CART,0.4285714285714286,0.4285714285714286,0,0.5,1
7,3,40,1,CART,1.0,1.0,1,0.5,1
7,3,41,1,CART,1.0,1.0,1,0.5,1
7,3,45,1,CART,1.0,1.0,1,0.5,1
7,3,47,1,CART,0.11111111111111113,0.11111111111111113,0,0.5,1
7,3,51,1,CART,1.0,1.0,1,0.5,2
7,3,54,1,CART,1.0,1.0,1,0.5,2
7,3,03,0,LDA,0.024881102077768235,0.024881102077768235,0,0.5,2
7,3,09,0,LDA,0.9407496126633595,0.9407496126633595,1,0.5,1
7,3,10,0,LDA,0.9342324324474592,0.9342324324474592,1,0.5,1
7,3,13,0,LDA,0.32652487546874426,0.32652487546874426,0,0.5,1
7,3,33,1,LDA,0.8973474766550679,0.8973474766550679,1,0.5,1
7,3,37,1,LDA,0.9486949651890944,0.9486949651890944,1,0.5,1
7,3,40,1,LDA,0.995662515949087,0.995662515949087,1,0.5,1
7,3,41,1,LDA,0.981435291130179,0.981435291130179,1,0.5,1
7,3,45,1,LDA,0.9533568980393053,0.9533568980393053,1,0.5,1
7,3,47,1,LDA,0.9525907927518399,0.9525907927518399,1,0.5,1
7,3,51,1,LDA,0.9811193646291279,0.9811193646291279,1,0.5,2
7,3,54,1,LDA,0.9823962542570791,0.9823962542570791,1,0.5,2
7,4,01,0,Logistic,0.11763910118954499,0.11763910118954499,0,0.7300000000000002,1
7,4,21,0,Logistic,0.0728693593876284,0.0728693593876284,0,0.7300000000000002,1
7,4,24,1,Logistic,0.0639967334432416,0.0639967334432416,0,0.7300000000000002,1
7,4,27,0,Logistic,0.5090872912493252,0.5090872912493252,0,0.7300000000000002,1
7,4,31,1,Logistic,0.032092715675738584,0.032092715675738584,0,0.7300000000000002,1
7,4,32,1,Logistic,0.8569392028801059,0.8569392028801059,1,0.7300000000000002,1
7,4,35,1,Logistic,0.013763079270391958,0.013763079270391958,0,0.7300000000000002,1
7,4,39,1,Logistic,0.9986507866910109,0.9986507866910109,1,0.7300000000000002,1
7,4,42,1,Logistic,0.9872552586560687,0.9872552586560687,1,0.7300000000000002,2
7,4,48,1,Logistic,0.50503584640813,0.50503584640813,0,0.7300000000000002,1
7,4,53,1,Logistic,0.9390079973392963,0.9390079973392963,1,0.7300000000000002,1
7,4,01,0,CART,0.0,0.0,0,0.5,1
7,4,21,0,CART,0.0,0.0,0,0.5,1
7,4,24,1,CART,0.6,0.6,1,0.5,1
7,4,27,0,CART,0.9629629629629629,0.9629629629629629,1,0.5,1
7,4,31,1,CART,0.0,0.0,0,0.5,1
7,4,32,1,CART,0.9629629629629629,0.9629629629629629,1,0.5,1
7,4,35,1,CART,0.0,0.0,0,0.5,1
7,4,39,1,CART,0.9629629629629629,0.9629629629629629,1,0.5,1
7,4,42,1,CART,0.9629629629629629,0.9629629629629629,1,0.5,2
7,4,48,1,CART,0.6,0.6,1,0.5,1
7,4,53,1,CART,0.9629629629629629,0.9629629629629629,1,0.5,1
7,4,01,0,LDA,0.13812877111507676,0.13812877111507676,0,0.5,1
7,4,21,0,LDA,0.0077539286605181985,0.0077539286605181985,0,0.5,1
7,4,24,1,LDA,0.5066552652329003,0.5066552652329003,1,0.5,1
7,4,27,0,LDA,0.9665547918053045,0.9665547918053045,1,0.5,1
7,4,31,1,LDA,0.10219131965503934,0.10219131965503934,0,0.5,1
7,4,32,1,LDA,0.9530504501674795,0.9530504501674795,1,0.5,1
7,4,35,1,LDA,0.18474544422846423,0.18474544422846423,0,0.5,1
7,4,39,1,LDA,0.9823318699877509,0.9823318699877509,1,0.5,1
7,4,42,1,LDA,0.9725168621879042,0.9725168621879042,1,0.5,2
7,4,48,1,LDA,0.9148864104994469,0.9148864104994469,1,0.5,1
7,4,53,1,LDA,0.9812033010196396,0.9812033010196396,1,0.5,1
8,0,03,0,Logistic,0.3621152677364379,0.3621152677364379,0,0.5,2
8,0,06,0,Logistic,0.31667111446100277,0.31667111446100277,0,0.5,2
8,0,08,1,Logistic,0.5664345862007719,0.5664345862007719,1,0.5,2
8,0,10,0,Logistic,0.5067599484689951,0.5067599484689951,1,0.5,1
8,0,11,1,Logistic,0.5377285819092407,0.5377285819092407,1,0.5,1
8,0,14,0,Logistic,0.3790924041481572,0.3790924041481572,0,0.5,1
8,0,29,1,Logistic,0.45556284241777656,0.45556284241777656,0,0.5,1
8,0,31,1,Logistic,0.46080362985511664,0.46080362985511664,0,0.5,1
8,0,41,1,Logistic,0.529677094729067,0.529677094729067,1,0.5,1
8,0,48,1,Logistic,0.48623054929922616,0.48623054929922616,0,0.5,1
8,0,51,1,Logistic,0.5298275649878986,0.5298275649878986,1,0.5,2
8,0,53,1,Logistic,0.514953545104847,0.514953545104847,1,0.5,1
8,0,03,0,CART,0.125,0.125,0,0.5,2
8,0,06,0,CART,0.125,0.125,0,0.5,2
8,0,08,1,CART,0.8611111111111112,0.8611111111111112,1,0.5,2
8,0,10,0,CART,0.8611111111111112,0.8611111111111112,1,0.5,1
8,0,11,1,CART,0.8611111111111112,0.8611111111111112,1,0.5,1
8,0,14,0,CART,0.125,0.125,0,0.5,1
8,0,29,1,CART,0.8611111111111112,0.8611111111111112,1,0.5,1
8,0,31,1,CART,0.125,0.125,0,0.5,1
8,0,41,1,CART,0.8611111111111112,0.8611111111111112,1,0.5,1
8,0,48,1,CART,0.8611111111111112,0.8611111111111112,1,0.5,1
8,0,51,1,CART,0.8611111111111112,0.8611111111111112,1,0.5,2
8,0,53,1,CART,0.8611111111111112,0.8611111111111112,1,0.5,1
8,0,03,0,LDA,0.0008268763809476653,0.0008268763809476653,0,0.33000000000000007,2
8,0,06,0,LDA,4.964671455119549e-05,4.964671455119549e-05,0,0.33000000000000007,2
8,0,08,1,LDA,0.9963761660491912,0.9963761660491912,1,0.33000000000000007,2
8,0,10,0,LDA,0.8947188442385771,0.8947188442385771,1,0.33000000000000007,1
8,0,11,1,LDA,0.9892295777412102,0.9892295777412102,1,0.33000000000000007,1
8,0,14,0,LDA,0.002246701496281376,0.002246701496281376,0,0.33000000000000007,1
8,0,29,1,LDA,0.5144358479865637,0.5144358479865637,1,0.33000000000000007,1
8,0,31,1,LDA,0.39353936659709804,0.39353936659709804,1,0.33000000000000007,1
8,0,41,1,LDA,0.974876595466102,0.974876595466102,1,0.33000000000000007,1
8,0,48,1,LDA,0.8569624844500946,0.8569624844500946,1,0.33000000000000007,1
8,0,51,1,LDA,0.9792378949310845,0.9792378949310845,1,0.33000000000000007,2
8,0,53,1,LDA,0.9770423310713264,0.9770423310713264,1,0.33000000000000007,1
8,1,04,0,Logistic,0.21205962048851731,0.21205962048851731,0,0.5,1
8,1,12,0,Logistic,0.38496616132203554,0.38496616132203554,0,0.5,1
8,1,18,0,Logistic,0.23753542757162674,0.23753542757162674,0,0.5,1
8,1,20,1,Logistic,0.8530619096611487,0.8530619096611487,1,0.5,1
8,1,28,1,Logistic,0.6348676848178304,0.6348676848178304,1,0.5,1
8,1,34,1,Logistic,0.9208354972044371,0.9208354972044371,1,0.5,1
8,1,42,1,Logistic,0.9292999014800292,0.9292999014800292,1,0.5,2
8,1,49,1,Logistic,0.895665558711823,0.895665558711823,1,0.5,2
8,1,55,1,Logistic,0.27195655540682456,0.27195655540682456,0,0.5,1
8,1,56,1,Logistic,0.9416895823468696,0.9416895823468696,1,0.5,1
8,1,57,1,Logistic,0.9464855999325484,0.9464855999325484,1,0.5,1
8,1,04,0,CART,0.0,0.0,0,0.5,1
8,1,12,0,CART,0.8648648648648649,0.8648648648648649,1,0.5,1
8,1,18,0,CART,0.0,0.0,0,0.5,1
8,1,20,1,CART,0.8648648648648649,0.8648648648648649,1,0.5,1
8,1,28,1,CART,0.8648648648648649,0.8648648648648649,1,0.5,1
8,1,34,1,CART,0.8648648648648649,0.8648648648648649,1,0.5,1
8,1,42,1,CART,0.8648648648648649,0.8648648648648649,1,0.5,2
8,1,49,1,CART,0.8648648648648649,0.8648648648648649,1,0.5,2
8,1,55,1,CART,0.8648648648648649,0.8648648648648649,1,0.5,1
8,1,56,1,CART,0.8648648648648649,0.8648648648648649,1,0.5,1
8,1,57,1,CART,0.8648648648648649,0.8648648648648649,1,0.5,1
8,1,04,0,LDA,0.26860519593081444,0.26860519593081444,0,0.31000000000000005,1
8,1,12,0,LDA,0.8909012881958114,0.8909012881958114,1,0.31000000000000005,1
8,1,18,0,LDA,0.3137049871286917,0.3137049871286917,1,0.31000000000000005,1
8,1,20,1,LDA,0.8795245205631158,0.8795245205631158,1,0.31000000000000005,1
8,1,28,1,LDA,0.8451133688231933,0.8451133688231933,1,0.31000000000000005,1
8,1,34,1,LDA,0.9772880396779304,0.9772880396779304,1,0.31000000000000005,1
8,1,42,1,LDA,0.9446294797393685,0.9446294797393685,1,0.31000000000000005,2
8,1,49,1,LDA,0.904549108525825,0.904549108525825,1,0.31000000000000005,2
8,1,55,1,LDA,0.6766595379411315,0.6766595379411315,1,0.31000000000000005,1
8,1,56,1,LDA,0.9785648982866605,0.9785648982866605,1,0.31000000000000005,1
8,1,57,1,LDA,0.9812989985075591,0.9812989985075591,1,0.31000000000000005,1
8,2,05,0,Logistic,0.23874580394877046,0.23874580394877046,0,0.44000000000000006,1
8,2,07,0,Logistic,0.8927487166424627,0.8927487166424627,1,0.44000000000000006,1
8,2,09,0,Logistic,0.8943390489095279,0.8943390489095279,1,0.44000000000000006,1
8,2,19,1,Logistic,0.8698993612849395,0.8698993612849395,1,0.44000000000000006,1
8,2,24,1,Logistic,0.9030775653245804,0.9030775653245804,1,0.44000000000000006,1
8,2,30,1,Logistic,0.8010401685751161,0.8010401685751161,1,0.44000000000000006,2
8,2,38,1,Logistic,0.9450650884943584,0.9450650884943584,1,0.44000000000000006,1
8,2,45,1,Logistic,0.8978196470603137,0.8978196470603137,1,0.44000000000000006,1
8,2,46,1,Logistic,0.828594200674774,0.828594200674774,1,0.44000000000000006,1
8,2,50,1,Logistic,0.9032030222331336,0.9032030222331336,1,0.44000000000000006,2
8,2,54,1,Logistic,0.9044609712773917,0.9044609712773917,1,0.44000000000000006,2
8,2,05,0,CART,0.0,0.0,0,0.5,1
8,2,07,0,CART,0.9629629629629629,0.9629629629629629,1,0.5,1
8,2,09,0,CART,0.9629629629629629,0.9629629629629629,1,0.5,1
8,2,19,1,CART,0.9629629629629629,0.9629629629629629,1,0.5,1
8,2,24,1,CART,0.6666666666666666,0.6666666666666666,1,0.5,1
8,2,30,1,CART,0.6666666666666666,0.6666666666666666,1,0.5,2
8,2,38,1,CART,0.9629629629629629,0.9629629629629629,1,0.5,1
8,2,45,1,CART,0.9629629629629629,0.9629629629629629,1,0.5,1
8,2,46,1,CART,0.9629629629629629,0.9629629629629629,1,0.5,1
8,2,50,1,CART,0.9629629629629629,0.9629629629629629,1,0.5,2
8,2,54,1,CART,0.9629629629629629,0.9629629629629629,1,0.5,2
8,2,05,0,LDA,0.10614300028899257,0.10614300028899257,0,0.43000000000000005,1
8,2,07,0,LDA,0.976680452971033,0.976680452971033,1,0.43000000000000005,1
8,2,09,0,LDA,0.9647116756056006,0.9647116756056006,1,0.43000000000000005,1
8,2,19,1,LDA,0.9779672582040895,0.9779672582040895,1,0.43000000000000005,1
8,2,24,1,LDA,0.904500149073448,0.904500149073448,1,0.43000000000000005,1
8,2,30,1,LDA,0.8736096509456498,0.8736096509456498,1,0.43000000000000005,2
8,2,38,1,LDA,0.9896719677422753,0.9896719677422753,1,0.43000000000000005,1
8,2,45,1,LDA,0.9802886887663609,0.9802886887663609,1,0.43000000000000005,1
8,2,46,1,LDA,0.9747196197130323,0.9747196197130323,1,0.43000000000000005,1
8,2,50,1,LDA,0.9870447793414647,0.9870447793414647,1,0.43000000000000005,2
8,2,54,1,LDA,0.9902760552759055,0.9902760552759055,1,0.43000000000000005,2
8,3,13,0,Logistic,0.14306861249668423,0.14306861249668423,0,0.5,1
8,3,16,0,Logistic,0.013175551938283434,0.013175551938283434,0,0.5,1
8,3,23,1,Logistic,0.9259895458306198,0.9259895458306198,1,0.5,1
8,3,25,1,Logistic,0.7989741754557761,0.7989741754557761,1,0.5,1
8,3,26,1,Logistic,0.9989544145963154,0.9989544145963154,1,0.5,2
8,3,27,0,Logistic,0.3783635290686871,0.3783635290686871,0,0.5,1
8,3,33,1,Logistic,0.82360022316197,0.82360022316197,1,0.5,1
8,3,35,1,Logistic,0.024937869603762895,0.024937869603762895,0,0.5,1
8,3,44,1,Logistic,0.7352499424583738,0.7352499424583738,1,0.5,1
8,3,47,1,Logistic,0.7983652605381109,0.7983652605381109,1,0.5,1
8,3,52,1,Logistic,0.9571346814894486,0.9571346814894486,1,0.5,1
8,3,13,0,CART,0.1111111111111111,0.1111111111111111,0,0.5,1
8,3,16,0,CART,0.1111111111111111,0.1111111111111111,0,0.5,1
8,3,23,1,CART,0.96,0.96,1,0.5,1
8,3,25,1,CART,0.96,0.96,1,0.5,1
8,3,26,1,CART,0.96,0.96,1,0.5,2
8,3,27,0,CART,0.96,0.96,1,0.5,1
8,3,33,1,CART,0.96,0.96,1,0.5,1
8,3,35,1,CART,0.1111111111111111,0.1111111111111111,0,0.5,1
8,3,44,1,CART,0.96,0.96,1,0.5,1
8,3,47,1,CART,0.96,0.96,1,0.5,1
8,3,52,1,CART,0.96,0.96,1,0.5,1
8,3,13,0,LDA,0.15972444455055207,0.15972444455055207,0,0.5,1
8,3,16,0,LDA,0.00039060988976456735,0.00039060988976456735,0,0.5,1
8,3,23,1,LDA,0.946855583530454,0.946855583530454,1,0.5,1
8,3,25,1,LDA,0.9443694050945971,0.9443694050945971,1,0.5,1
8,3,26,1,LDA,0.9902722032917938,0.9902722032917938,1,0.5,2
8,3,27,0,LDA,0.952129690368685,0.952129690368685,1,0.5,1
8,3,33,1,LDA,0.9244141607518099,0.9244141607518099,1,0.5,1
8,3,35,1,LDA,0.27404988160373733,0.27404988160373733,0,0.5,1
8,3,44,1,LDA,0.8820804801612887,0.8820804801612887,1,0.5,1
8,3,47,1,LDA,0.9476205288813362,0.9476205288813362,1,0.5,1
8,3,52,1,LDA,0.9745536631554438,0.9745536631554438,1,0.5,1
8,4,01,0,Logistic,0.4594855731904248,0.4594855731904248,0,0.5,1
8,4,02,1,Logistic,0.8108123020471015,0.8108123020471015,1,0.5,1
8,4,21,0,Logistic,0.07756563896365629,0.07756563896365629,0,0.5,1
8,4,22,0,Logistic,0.8356407287702347,0.8356407287702347,1,0.5,1
8,4,32,1,Logistic,0.8251031396331181,0.8251031396331181,1,0.5,1
8,4,36,1,Logistic,0.9329583234415509,0.9329583234415509,1,0.5,1
8,4,37,1,Logistic,0.842908791151969,0.842908791151969,1,0.5,1
8,4,39,1,Logistic,0.8771838521488408,0.8771838521488408,1,0.5,1
8,4,40,1,Logistic,0.8623655600898678,0.8623655600898678,1,0.5,1
8,4,43,1,Logistic,0.7758084765848795,0.7758084765848795,1,0.5,2
8,4,58,1,Logistic,0.8221302485216848,0.8221302485216848,1,0.5,1
8,4,01,0,CART,0.1111111111111111,0.1111111111111111,0,0.5,1
8,4,02,1,CART,1.0,1.0,1,0.5,1
8,4,21,0,CART,0.1111111111111111,0.1111111111111111,0,0.5,1
8,4,22,0,CART,1.0,1.0,1,0.5,1
8,4,32,1,CART,1.0,1.0,1,0.5,1
8,4,36,1,CART,0.4444444444444444,0.4444444444444444,0,0.5,1
8,4,37,1,CART,1.0,1.0,1,0.5,1
8,4,39,1,CART,1.0,1.0,1,0.5,1
8,4,40,1,CART,1.0,1.0,1,0.5,1
8,4,43,1,CART,1.0,1.0,1,0.5,2
8,4,58,1,CART,1.0,1.0,1,0.5,1
8,4,01,0,LDA,0.31390152039609576,0.31390152039609576,0,0.5,1
8,4,02,1,LDA,0.879054253741987,0.879054253741987,1,0.5,1
8,4,21,0,LDA,0.036290234492014635,0.036290234492014635,0,0.5,1
8,4,22,0,LDA,0.8733680365577344,0.8733680365577344,1,0.5,1
8,4,32,1,LDA,0.9169881334099566,0.9169881334099566,1,0.5,1
8,4,36,1,LDA,0.9804251985306257,0.9804251985306257,1,0.5,1
8,4,37,1,LDA,0.9379548601675424,0.9379548601675424,1,0.5,1
8,4,39,1,LDA,0.9726061383051873,0.9726061383051873,1,0.5,1
8,4,40,1,LDA,0.9766094302345212,0.9766094302345212,1,0.5,1
8,4,43,1,LDA,0.950955763088563,0.950955763088563,1,0.5,2
8,4,58,1,LDA,0.9432916208115023,0.9432916208115023,1,0.5,1
9,0,06,0,Logistic,0.07569055279702464,0.07569055279702464,0,0.55,2
9,0,10,0,Logistic,0.09367408687796033,0.09367408687796033,0,0.55,1
9,0,14,0,Logistic,0.020898713831638396,0.020898713831638396,0,0.55,1
9,0,18,0,Logistic,0.12915077400791256,0.12915077400791256,0,0.55,1
9,0,23,1,Logistic,0.9510862172862657,0.9510862172862657,1,0.55,1
9,0,28,1,Logistic,0.6973351130094817,0.6973351130094817,1,0.55,1
9,0,33,1,Logistic,0.8665208111616246,0.8665208111616246,1,0.55,1
9,0,35,1,Logistic,0.022315530986613572,0.022315530986613572,0,0.55,1
9,0,38,1,Logistic,0.6859940734349015,0.6859940734349015,1,0.55,1
9,0,41,1,Logistic,0.9994008266648214,0.9994008266648214,1,0.55,1
9,0,49,1,Logistic,0.9621071483621408,0.9621071483621408,1,0.55,2
9,0,50,1,Logistic,0.9670585450742607,0.9670585450742607,1,0.55,2
9,0,06,0,CART,0.0,0.0,0,0.5,2
9,0,10,0,CART,1.0,1.0,1,0.5,1
9,0,14,0,CART,0.0,0.0,0,0.5,1
9,0,18,0,CART,0.0,0.0,0,0.5,1
9,0,23,1,CART,1.0,1.0,1,0.5,1
9,0,28,1,CART,1.0,1.0,1,0.5,1
9,0,33,1,CART,1.0,1.0,1,0.5,1
9,0,35,1,CART,1.0,1.0,1,0.5,1
9,0,38,1,CART,0.6666666666666666,0.6666666666666666,1,0.5,1
9,0,41,1,CART,1.0,1.0,1,0.5,1
9,0,49,1,CART,1.0,1.0,1,0.5,2
9,0,50,1,CART,1.0,1.0,1,0.5,2
9,0,06,0,LDA,0.0020536584729868475,0.0020536584729868475,0,0.26,2
9,0,10,0,LDA,0.8858561152277399,0.8858561152277399,1,0.26,1
9,0,14,0,LDA,0.02543431083547805,0.02543431083547805,0,0.26,1
9,0,18,0,LDA,0.21336434059444434,0.21336434059444434,0,0.26,1
9,0,23,1,LDA,0.9417276619098685,0.9417276619098685,1,0.26,1
9,0,28,1,LDA,0.8594460771214625,0.8594460771214625,1,0.26,1
9,0,33,1,LDA,0.9172078313914057,0.9172078313914057,1,0.26,1
9,0,35,1,LDA,0.449786790754892,0.449786790754892,1,0.26,1
9,0,38,1,LDA,0.96799086864439,0.96799086864439,1,0.26,1
9,0,41,1,LDA,0.9582389300954635,0.9582389300954635,1,0.26,1
9,0,49,1,LDA,0.9071821621370315,0.9071821621370315,1,0.26,2
9,0,50,1,LDA,0.9606121347602667,0.9606121347602667,1,0.26,2
9,1,01,0,Logistic,0.40271730432017766,0.40271730432017766,0,0.45000000000000007,1
9,1,08,1,Logistic,0.9346027022525559,0.9346027022525559,1,0.45000000000000007,2
9,1,09,0,Logistic,0.894939840050785,0.894939840050785,1,0.45000000000000007,1
9,1,11,1,Logistic,0.9005235379663397,0.9005235379663397,1,0.45000000000000007,1
9,1,20,1,Logistic,0.7924416750137907,0.7924416750137907,1,0.45000000000000007,1
9,1,25,1,Logistic,0.9011905513392708,0.9011905513392708,1,0.45000000000000007,1
9,1,27,0,Logistic,0.9241049209220263,0.9241049209220263,1,0.45000000000000007,1
9,1,52,1,Logistic,0.9356136796649297,0.9356136796649297,1,0.45000000000000007,1
9,1,56,1,Logistic,0.9329530649323923,0.9329530649323923,1,0.45000000000000007,1
9,1,57,1,Logistic,0.9397410715943473,0.9397410715943473,1,0.45000000000000007,1
9,1,58,1,Logistic,0.8640626372527032,0.8640626372527032,1,0.45000000000000007,1
9,1,01,0,CART,0.0,0.0,0,0.51,1
9,1,08,1,CART,1.0,1.0,1,0.51,2
9,1,09,0,CART,1.0,1.0,1,0.51,1
9,1,11,1,CART,1.0,1.0,1,0.51,1
9,1,20,1,CART,0.25,0.25,0,0.51,1
9,1,25,1,CART,1.0,1.0,1,0.51,1
9,1,27,0,CART,0.6666666666666666,0.6666666666666666,1,0.51,1
9,1,52,1,CART,1.0,1.0,1,0.51,1
9,1,56,1,CART,1.0,1.0,1,0.51,1
9,1,57,1,CART,1.0,1.0,1,0.51,1
9,1,58,1,CART,0.6666666666666666,0.6666666666666666,1,0.51,1
9,1,01,0,LDA,0.31681838825256986,0.31681838825256986,0,0.5,1
9,1,08,1,LDA,0.9965636808597222,0.9965636808597222,1,0.5,2
9,1,09,0,LDA,0.9567348046663022,0.9567348046663022,1,0.5,1
9,1,11,1,LDA,0.987445649454586,0.987445649454586,1,0.5,1
9,1,20,1,LDA,0.921643896305182,0.921643896305182,1,0.5,1
9,1,25,1,LDA,0.9695618080231914,0.9695618080231914,1,0.5,1
9,1,27,0,LDA,0.9670250584897262,0.9670250584897262,1,0.5,1
9,1,52,1,LDA,0.9893608659377429,0.9893608659377429,1,0.5,1
9,1,56,1,LDA,0.9907195707964321,0.9907195707964321,1,0.5,1
9,1,57,1,LDA,0.9921139117631351,0.9921139117631351,1,0.5,1
9,1,58,1,LDA,0.975396559287468,0.975396559287468,1,0.5,1
9,2,02,1,Logistic,0.651639391022073,0.651639391022073,0,0.6800000000000002,1
9,2,04,0,Logistic,0.18316554800521184,0.18316554800521184,0,0.6800000000000002,1
9,2,07,0,Logistic,0.8200802359873783,0.8200802359873783,1,0.6800000000000002,1
9,2,16,0,Logistic,0.0080943103541195,0.0080943103541195,0,0.6800000000000002,1
9,2,19,1,Logistic,0.9654518848524387,0.9654518848524387,1,0.6800000000000002,1
9,2,24,1,Logistic,0.07133114286173543,0.07133114286173543,0,0.6800000000000002,1
9,2,37,1,Logistic,0.9373968183479976,0.9373968183479976,1,0.6800000000000002,1
9,2,40,1,Logistic,0.9998703221219631,0.9998703221219631,1,0.6800000000000002,1
9,2,42,1,Logistic,0.9830880156057216,0.9830880156057216,1,0.6800000000000002,2
9,2,43,1,Logistic,0.999256031822287,0.999256031822287,1,0.6800000000000002,2
9,2,44,1,Logistic,0.8725756303607711,0.8725756303607711,1,0.6800000000000002,1
9,2,02,1,CART,0.8648648648648649,0.8648648648648649,1,0.5,1
9,2,04,0,CART,0.0,0.0,0,0.5,1
9,2,07,0,CART,0.8648648648648649,0.8648648648648649,1,0.5,1
9,2,16,0,CART,0.0,0.0,0,0.5,1
9,2,19,1,CART,0.8648648648648649,0.8648648648648649,1,0.5,1
9,2,24,1,CART,0.8648648648648649,0.8648648648648649,1,0.5,1
9,2,37,1,CART,0.8648648648648649,0.8648648648648649,1,0.5,1
9,2,40,1,CART,0.8648648648648649,0.8648648648648649,1,0.5,1
9,2,42,1,CART,0.8648648648648649,0.8648648648648649,1,0.5,2
9,2,43,1,CART,0.8648648648648649,0.8648648648648649,1,0.5,2
9,2,44,1,CART,0.8648648648648649,0.8648648648648649,1,0.5,1
9,2,02,1,LDA,0.8703452674812282,0.8703452674812282,1,0.36000000000000004,1
9,2,04,0,LDA,0.1673416187204738,0.1673416187204738,0,0.36000000000000004,1
9,2,07,0,LDA,0.9528970098630225,0.9528970098630225,1,0.36000000000000004,1
9,2,16,0,LDA,0.0008287028792211876,0.0008287028792211876,0,0.36000000000000004,1
9,2,19,1,LDA,0.9496366647663498,0.9496366647663498,1,0.36000000000000004,1
9,2,24,1,LDA,0.6164799084184821,0.6164799084184821,1,0.36000000000000004,1
9,2,37,1,LDA,0.9525411335133612,0.9525411335133612,1,0.36000000000000004,1
9,2,40,1,LDA,0.9846607134048021,0.9846607134048021,1,0.36000000000000004,1
9,2,42,1,LDA,0.9603042237304547,0.9603042237304547,1,0.36000000000000004,2
9,2,43,1,LDA,0.966791841796284,0.966791841796284,1,0.36000000000000004,2
9,2,44,1,LDA,0.9048179442193289,0.9048179442193289,1,0.36000000000000004,1
9,3,05,0,Logistic,0.3795963544185032,0.3795963544185032,0,0.5,1
9,3,12,0,Logistic,0.8622393533951581,0.8622393533951581,1,0.5,1
9,3,22,0,Logistic,0.8475829925390221,0.8475829925390221,1,0.5,1
9,3,31,1,Logistic,0.44558816241700355,0.44558816241700355,0,0.5,1
9,3,32,1,Logistic,0.8127974125589361,0.8127974125589361,1,0.5,1
9,3,34,1,Logistic,0.9238993346503345,0.9238993346503345,1,0.5,1
9,3,39,1,Logistic,0.9203139152304257,0.9203139152304257,1,0.5,1
9,3,47,1,Logistic,0.8577556008129441,0.8577556008129441,1,0.5,1
9,3,48,1,Logistic,0.7384409503939214,0.7384409503939214,1,0.5,1
9,3,53,1,Logistic,0.820487920754743,0.820487920754743,1,0.5,1
9,3,54,1,Logistic,0.8805323381052785,0.8805323381052785,1,0.5,2
9,3,05,0,CART,0.0,0.0,0,0.5,1
9,3,12,0,CART,0.28888888888888886,0.28888888888888886,0,0.5,1
9,3,22,0,CART,1.0,1.0,1,0.5,1
9,3,31,1,CART,0.0,0.0,0,0.5,1
9,3,32,1,CART,1.0,1.0,1,0.5,1
9,3,34,1,CART,1.0,1.0,1,0.5,1
9,3,39,1,CART,1.0,1.0,1,0.5,1
9,3,47,1,CART,0.28888888888888886,0.28888888888888886,0,0.5,1
9,3,48,1,CART,1.0,1.0,1,0.5,1
9,3,53,1,CART,1.0,1.0,1,0.5,1
9,3,54,1,CART,1.0,1.0,1,0.5,2
9,3,05,0,LDA,0.2700371867633696,0.2700371867633696,0,0.5,1
9,3,12,0,LDA,0.9154666689645107,0.9154666689645107,1,0.5,1
9,3,22,0,LDA,0.898715688674254,0.898715688674254,1,0.5,1
9,3,31,1,LDA,0.2524872639325934,0.2524872639325934,0,0.5,1
9,3,32,1,LDA,0.9208547197747599,0.9208547197747599,1,0.5,1
9,3,34,1,LDA,0.9869885828249597,0.9869885828249597,1,0.5,1
9,3,39,1,LDA,0.9929491225835403,0.9929491225835403,1,0.5,1
9,3,47,1,LDA,0.9544296918426657,0.9544296918426657,1,0.5,1
9,3,48,1,LDA,0.8129225644251856,0.8129225644251856,1,0.5,1
9,3,53,1,LDA,0.9412730250957335,0.9412730250957335,1,0.5,1
9,3,54,1,LDA,0.9829622970901345,0.9829622970901345,1,0.5,2
9,4,03,0,Logistic,0.06734465764346631,0.06734465764346631,0,0.5,2
9,4,13,0,Logistic,0.13535104252378102,0.13535104252378102,0,0.5,1
9,4,21,0,Logistic,0.0780129832591969,0.0780129832591969,0,0.5,1
9,4,26,1,Logistic,0.9962762344945355,0.9962762344945355,1,0.5,2
9,4,29,1,Logistic,0.2593950829725292,0.2593950829725292,0,0.5,1
9,4,30,1,Logistic,0.46302932829154647,0.46302932829154647,0,0.5,2
9,4,36,1,Logistic,0.8349700182573907,0.8349700182573907,1,0.5,1
9,4,45,1,Logistic,0.6507270167098157,0.6507270167098157,1,0.5,1
9,4,46,1,Logistic,0.8501546346807778,0.8501546346807778,1,0.5,1
9,4,51,1,Logistic,0.9779108990065245,0.9779108990065245,1,0.5,2
9,4,55,1,Logistic,0.18366460076579277,0.18366460076579277,0,0.5,1
9,4,03,0,CART,0.3125,0.3125,0,0.5,2
9,4,13,0,CART,0.3125,0.3125,0,0.5,1
9,4,21,0,CART,0.3125,0.3125,0,0.5,1
9,4,26,1,CART,0.9310344827586207,0.9310344827586207,1,0.5,2
9,4,29,1,CART,0.3125,0.3125,0,0.5,1
9,4,30,1,CART,0.3125,0.3125,0,0.5,2
9,4,36,1,CART,0.9310344827586207,0.9310344827586207,1,0.5,1
9,4,45,1,CART,0.9310344827586207,0.9310344827586207,1,0.5,1
9,4,46,1,CART,0.9310344827586207,0.9310344827586207,1,0.5,1
9,4,51,1,CART,0.9310344827586207,0.9310344827586207,1,0.5,2
9,4,55,1,CART,0.3125,0.3125,0,0.5,1
9,4,03,0,LDA,0.01490301042026043,0.01490301042026043,0,0.5,2
9,4,13,0,LDA,0.20407916417603372,0.20407916417603372,0,0.5,1
9,4,21,0,LDA,0.011736142183762672,0.011736142183762672,0,0.5,1
9,4,26,1,LDA,0.9964147614276669,0.9964147614276669,1,0.5,2
9,4,29,1,LDA,0.32460523856722634,0.32460523856722634,0,0.5,1
9,4,30,1,LDA,0.8043157213120061,0.8043157213120061,1,0.5,2
9,4,36,1,LDA,0.9802138838225198,0.9802138838225198,1,0.5,1
9,4,45,1,LDA,0.9041354511992489,0.9041354511992489,1,0.5,1
9,4,46,1,LDA,0.9082711089805343,0.9082711089805343,1,0.5,1
9,4,51,1,LDA,0.9666077210208645,0.9666077210208645,1,0.5,2
9,4,55,1,LDA,0.7066361624927076,0.7066361624927076,1,0.5,1
10,0,05,0,Logistic,0.11357917377678303,0.11357917377678303,0,0.5,1
10,0,06,0,Logistic,0.07345022767061753,0.07345022767061753,0,0.5,2
10,0,14,0,Logistic,0.03484611911511512,0.03484611911511512,0,0.5,1
10,0,23,1,Logistic,0.9282310045988656,0.9282310045988656,1,0.5,1
10,0,24,1,Logistic,0.10833015690989319,0.10833015690989319,0,0.5,1
10,0,26,1,Logistic,0.9983656772948157,0.9983656772948157,1,0.5,2
10,0,34,1,Logistic,0.9358122525931752,0.9358122525931752,1,0.5,1
10,0,39,1,Logistic,0.9928393351644262,0.9928393351644262,1,0.5,1
10,0,47,1,Logistic,0.8154324791146401,0.8154324791146401,1,0.5,1
10,0,54,1,Logistic,0.9808931763537904,0.9808931763537904,1,0.5,2
10,0,57,1,Logistic,0.9571868384917743,0.9571868384917743,1,0.5,1
10,0,05,0,CART,0.20541760722347635,0.20541760722347635,0,0.5,1
10,0,06,0,CART,0.20541760722347635,0.20541760722347635,0,0.5,2
10,0,14,0,CART,0.20541760722347635,0.20541760722347635,0,0.5,1
10,0,23,1,CART,0.8354755784061697,0.8354755784061697,1,0.5,1
10,0,24,1,CART,0.20541760722347635,0.20541760722347635,0,0.5,1
10,0,26,1,CART,0.8354755784061697,0.8354755784061697,1,0.5,2
10,0,34,1,CART,0.8354755784061697,0.8354755784061697,1,0.5,1
10,0,39,1,CART,0.8354755784061697,0.8354755784061697,1,0.5,1
10,0,47,1,CART,0.8354755784061697,0.8354755784061697,1,0.5,1
10,0,54,1,CART,0.8354755784061697,0.8354755784061697,1,0.5,2
10,0,57,1,CART,0.8354755784061697,0.8354755784061697,1,0.5,1
10,0,05,0,LDA,0.14845253649362436,0.14845253649362436,0,0.45000000000000007,1
10,0,06,0,LDA,0.004820442306388606,0.004820442306388606,0,0.45000000000000007,2
10,0,14,0,LDA,0.03099261735524431,0.03099261735524431,0,0.45000000000000007,1
10,0,23,1,LDA,0.9300925405863079,0.9300925405863079,1,0.45000000000000007,1
10,0,24,1,LDA,0.7477107468002908,0.7477107468002908,1,0.45000000000000007,1
10,0,26,1,LDA,0.979603292960719,0.979603292960719,1,0.45000000000000007,2
10,0,34,1,LDA,0.9689552387815357,0.9689552387815357,1,0.45000000000000007,1
10,0,39,1,LDA,0.9665447912797225,0.9665447912797225,1,0.45000000000000007,1
10,0,47,1,LDA,0.9361920781401831,0.9361920781401831,1,0.45000000000000007,1
10,0,54,1,LDA,0.9567879009773534,0.9567879009773534,1,0.45000000000000007,2
10,0,57,1,LDA,0.9716245690743573,0.9716245690743573,1,0.45000000000000007,1
10,1,03,0,Logistic,0.2721872432888024,0.2721872432888024,0,0.5,2
10,1,07,0,Logistic,0.6927155576158699,0.6927155576158699,1,0.5,1
10,1,12,0,Logistic,0.6239067797321327,0.6239067797321327,1,0.5,1
10,1,13,0,Logistic,0.40632227621994377,0.40632227621994377,0,0.5,1
10,1,35,1,Logistic,0.4533990014789145,0.4533990014789145,0,0.5,1
10,1,36,1,Logistic,0.7680158838474799,0.7680158838474799,1,0.5,1
10,1,37,1,Logistic,0.6950896799187853,0.6950896799187853,1,0.5,1
10,1,41,1,Logistic,0.7277954501021738,0.7277954501021738,1,0.5,1
10,1,42,1,Logistic,0.705726113173519,0.705726113173519,1,0.5,2
10,1,43,1,Logistic,0.7254019375156973,0.7254019375156973,1,0.5,2
10,1,52,1,Logistic,0.7380804544593865,0.7380804544593865,1,0.5,1
10,1,55,1,Logistic,0.5034969055545707,0.5034969055545707,1,0.5,1
10,1,03,0,CART,0.1111111111111111,0.1111111111111111,0,0.5,2
10,1,07,0,CART,0.9629629629629629,0.9629629629629629,1,0.5,1
10,1,12,0,CART,0.625,0.625,1,0.5,1
10,1,13,0,CART,0.1111111111111111,0.1111111111111111,0,0.5,1
10,1,35,1,CART,0.1111111111111111,0.1111111111111111,0,0.5,1
10,1,36,1,CART,0.9629629629629629,0.9629629629629629,1,0.5,1
10,1,37,1,CART,0.9629629629629629,0.9629629629629629,1,0.5,1
10,1,41,1,CART,0.9629629629629629,0.9629629629629629,1,0.5,1
10,1,42,1,CART,0.9629629629629629,0.9629629629629629,1,0.5,2
10,1,43,1,CART,0.9629629629629629,0.9629629629629629,1,0.5,2
10,1,52,1,CART,0.9629629629629629,0.9629629629629629,1,0.5,1
10,1,55,1,CART,0.625,0.625,1,0.5,1
10,1,03,0,LDA,0.015661116402966694,0.015661116402966694,0,0.5,2
10,1,07,0,LDA,0.9671915023570746,0.9671915023570746,1,0.5,1
10,1,12,0,LDA,0.909446279363713,0.909446279363713,1,0.5,1
10,1,13,0,LDA,0.2006347741156019,0.2006347741156019,0,0.5,1
10,1,35,1,LDA,0.42518747789590783,0.42518747789590783,0,0.5,1
10,1,36,1,LDA,0.9933122264070059,0.9933122264070059,1,0.5,1
10,1,37,1,LDA,0.9665147121346841,0.9665147121346841,1,0.5,1
10,1,41,1,LDA,0.9787112766980697,0.9787112766980697,1,0.5,1
10,1,42,1,LDA,0.9692563026338037,0.9692563026338037,1,0.5,2
10,1,43,1,LDA,0.9780283112327763,0.9780283112327763,1,0.5,2
10,1,52,1,LDA,0.9872151610336432,0.9872151610336432,1,0.5,1
10,1,55,1,LDA,0.6092859935542788,0.6092859935542788,1,0.5,1
10,2,10,0,Logistic,0.9223356877795056,0.9223356877795056,1,0.5,1
10,2,20,1,Logistic,0.7346144621045967,0.7346144621045967,1,0.5,1
10,2,21,0,Logistic,0.02175088893576083,0.02175088893576083,0,0.5,1
10,2,25,1,Logistic,0.8884990239157269,0.8884990239157269,1,0.5,1
10,2,27,0,Logistic,0.922731851543395,0.922731851543395,1,0.5,1
10,2,31,1,Logistic,0.3650726848943915,0.3650726848943915,0,0.5,1
10,2,38,1,Logistic,0.9478600631975267,0.9478600631975267,1,0.5,1
10,2,44,1,Logistic,0.658779202505253,0.658779202505253,1,0.5,1
10,2,45,1,Logistic,0.8999741338642421,0.8999741338642421,1,0.5,1
10,2,46,1,Logistic,0.7866579615587199,0.7866579615587199,1,0.5,1
10,2,56,1,Logistic,0.9383538654237825,0.9383538654237825,1,0.5,1
10,2,10,0,CART,0.8888888888888888,0.8888888888888888,1,0.5,1
10,2,20,1,CART,0.8888888888888888,0.8888888888888888,1,0.5,1
10,2,21,0,CART,0.0,0.0,0,0.5,1
10,2,25,1,CART,0.8888888888888888,0.8888888888888888,1,0.5,1
10,2,27,0,CART,0.8888888888888888,0.8888888888888888,1,0.5,1
10,2,31,1,CART,0.0,0.0,0,0.5,1
10,2,38,1,CART,0.8888888888888888,0.8888888888888888,1,0.5,1
10,2,44,1,CART,0.8888888888888888,0.8888888888888888,1,0.5,1
10,2,45,1,CART,0.8888888888888888,0.8888888888888888,1,0.5,1
10,2,46,1,CART,0.8888888888888888,0.8888888888888888,1,0.5,1
10,2,56,1,CART,0.8888888888888888,0.8888888888888888,1,0.5,1
10,2,10,0,LDA,0.9504134698918756,0.9504134698918756,1,0.5,1
10,2,20,1,LDA,0.9035032476971959,0.9035032476971959,1,0.5,1
10,2,21,0,LDA,0.004845603986484735,0.004845603986484735,0,0.5,1
10,2,25,1,LDA,0.9627626122252001,0.9627626122252001,1,0.5,1
10,2,27,0,LDA,0.9576045635885926,0.9576045635885926,1,0.5,1
10,2,31,1,LDA,0.20218909702082857,0.20218909702082857,0,0.5,1
10,2,38,1,LDA,0.9845456602455901,0.9845456602455901,1,0.5,1
10,2,44,1,LDA,0.7548065319469879,0.7548065319469879,1,0.5,1
10,2,45,1,LDA,0.9573666947654632,0.9573666947654632,1,0.5,1
10,2,46,1,LDA,0.9580427961600657,0.9580427961600657,1,0.5,1
10,2,56,1,LDA,0.9924592777902408,0.9924592777902408,1,0.5,1
10,3,01,0,Logistic,0.4330653278617129,0.4330653278617129,0,0.5,1
10,3,02,1,Logistic,0.8048551980717031,0.8048551980717031,1,0.5,1
10,3,08,1,Logistic,0.9254170645721798,0.9254170645721798,1,0.5,2
10,3,16,0,Logistic,0.006821457993592471,0.006821457993592471,0,0.5,1
10,3,22,0,Logistic,0.8377338478314331,0.8377338478314331,1,0.5,1
10,3,28,1,Logistic,0.6967281183162457,0.6967281183162457,1,0.5,1
10,3,30,1,Logistic,0.7365644076198912,0.7365644076198912,1,0.5,2
10,3,33,1,Logistic,0.7402511687743979,0.7402511687743979,1,0.5,1
10,3,50,1,Logistic,0.86366318187409,0.86366318187409,1,0.5,2
10,3,53,1,Logistic,0.8067666419447592,0.8067666419447592,1,0.5,1
10,3,58,1,Logistic,0.8283812440612353,0.8283812440612353,1,0.5,1
10,3,01,0,CART,0.1111111111111111,0.1111111111111111,0,0.5,1
10,3,02,1,CART,0.625,0.625,1,0.5,1
10,3,08,1,CART,0.9285714285714286,0.9285714285714286,1,0.5,2
10,3,16,0,CART,0.1111111111111111,0.1111111111111111,0,0.5,1
10,3,22,0,CART,0.625,0.625,1,0.5,1
10,3,28,1,CART,0.625,0.625,1,0.5,1
10,3,30,1,CART,0.625,0.625,1,0.5,2
10,3,33,1,CART,0.9285714285714286,0.9285714285714286,1,0.5,1
10,3,50,1,CART,0.9285714285714286,0.9285714285714286,1,0.5,2
10,3,53,1,CART,0.9285714285714286,0.9285714285714286,1,0.5,1
10,3,58,1,CART,0.9285714285714286,0.9285714285714286,1,0.5,1
10,3,01,0,LDA,0.2706145588637879,0.2706145588637879,0,0.35000000000000003,1
10,3,02,1,LDA,0.8735100748447453,0.8735100748447453,1,0.35000000000000003,1
10,3,08,1,LDA,0.9932264683440324,0.9932264683440324,1,0.35000000000000003,2
10,3,16,0,LDA,0.0004281187674483885,0.0004281187674483885,0,0.35000000000000003,1
10,3,22,0,LDA,0.8600127269090982,0.8600127269090982,1,0.35000000000000003,1
10,3,28,1,LDA,0.784475975918229,0.784475975918229,1,0.35000000000000003,1
10,3,30,1,LDA,0.7718614446333267,0.7718614446333267,1,0.35000000000000003,2
10,3,33,1,LDA,0.8629358286224087,0.8629358286224087,1,0.35000000000000003,1
10,3,50,1,LDA,0.9594813894259508,0.9594813894259508,1,0.35000000000000003,2
10,3,53,1,LDA,0.9111725524622364,0.9111725524622364,1,0.35000000000000003,1
10,3,58,1,LDA,0.9471163867084602,0.9471163867084602,1,0.35000000000000003,1
10,4,04,0,Logistic,0.27048104440638443,0.27048104440638443,0,0.6500000000000001,1
10,4,09,0,Logistic,0.6028434151745606,0.6028434151745606,0,0.6500000000000001,1
10,4,11,1,Logistic,0.9924279000329834,0.9924279000329834,1,0.6500000000000001,1
10,4,18,0,Logistic,0.3425809612175106,0.3425809612175106,0,0.6500000000000001,1
10,4,19,1,Logistic,0.9608676651550138,0.9608676651550138,1,0.6500000000000001,1
10,4,29,1,Logistic,0.08813990967027949,0.08813990967027949,0,0.6500000000000001,1
10,4,32,1,Logistic,0.5337784075353582,0.5337784075353582,0,0.6500000000000001,1
10,4,40,1,Logistic,0.9999051969010009,0.9999051969010009,1,0.6500000000000001,1
10,4,48,1,Logistic,0.13388958160953,0.13388958160953,0,0.6500000000000001,1
10,4,49,1,Logistic,0.9480200853590298,0.9480200853590298,1,0.6500000000000001,2
10,4,51,1,Logistic,0.9973106598422585,0.9973106598422585,1,0.6500000000000001,2
10,4,04,0,CART,0.8648648648648649,0.8648648648648649,1,0.5,1
10,4,09,0,CART,0.8648648648648649,0.8648648648648649,1,0.5,1
10,4,11,1,CART,0.8648648648648649,0.8648648648648649,1,0.5,1
10,4,18,0,CART,0.8648648648648649,0.8648648648648649,1,0.5,1
10,4,19,1,CART,0.8648648648648649,0.8648648648648649,1,0.5,1
10,4,29,1,CART,0.8648648648648649,0.8648648648648649,1,0.5,1
10,4,32,1,CART,0.8648648648648649,0.8648648648648649,1,0.5,1
10,4,40,1,CART,0.8648648648648649,0.8648648648648649,1,0.5,1
10,4,48,1,CART,0.8648648648648649,0.8648648648648649,1,0.5,1
10,4,49,1,CART,0.8648648648648649,0.8648648648648649,1,0.5,2
10,4,51,1,CART,0.8648648648648649,0.8648648648648649,1,0.5,2
10,4,04,0,LDA,0.35325209025000615,0.35325209025000615,0,0.5,1
10,4,09,0,LDA,0.9389156219000296,0.9389156219000296,1,0.5,1
10,4,11,1,LDA,0.9765373762631591,0.9765373762631591,1,0.5,1
10,4,18,0,LDA,0.4368355969782901,0.4368355969782901,0,0.5,1
10,4,19,1,LDA,0.9451888007096183,0.9451888007096183,1,0.5,1
10,4,29,1,LDA,0.37246641048794293,0.37246641048794293,0,0.5,1
10,4,32,1,LDA,0.874514796222495,0.874514796222495,1,0.5,1
10,4,40,1,LDA,0.9952023140180193,0.9952023140180193,1,0.5,1
10,4,48,1,LDA,0.7076888228466972,0.7076888228466972,1,0.5,1
10,4,49,1,LDA,0.8821832455883262,0.8821832455883262,1,0.5,2
10,4,51,1,LDA,0.9754973951221402,0.9754973951221402,1,0.5,2
11,0,01,0,Logistic,0.04446029140847177,0.04446029140847177,0,0.6000000000000001,1
11,0,06,0,Logistic,0.08645848347234025,0.08645848347234025,0,0.6000000000000001,2
11,0,14,0,Logistic,0.01736823487884835,0.01736823487884835,0,0.6000000000000001,1
11,0,24,1,Logistic,0.06033568264633114,0.06033568264633114,0,0.6000000000000001,1
11,0,25,1,Logistic,0.7896319888250365,0.7896319888250365,1,0.6000000000000001,1
11,0,35,1,Logistic,0.019086948002361544,0.019086948002361544,0,0.6000000000000001,1
11,0,43,1,Logistic,0.9980270307167503,0.9980270307167503,1,0.6000000000000001,2
11,0,45,1,Logistic,0.8390035544212875,0.8390035544212875,1,0.6000000000000001,1
11,0,53,1,Logistic,0.9021511253884964,0.9021511253884964,1,0.6000000000000001,1
11,0,54,1,Logistic,0.9843541586077481,0.9843541586077481,1,0.6000000000000001,2
11,0,58,1,Logistic,0.9697786093101828,0.9697786093101828,1,0.6000000000000001,1
11,0,01,0,CART,0.18139534883720934,0.18139534883720934,0,0.5,1
11,0,06,0,CART,0.18139534883720934,0.18139534883720934,0,0.5,2
11,0,14,0,CART,0.18139534883720934,0.18139534883720934,0,0.5,1
11,0,24,1,CART,0.18139534883720934,0.18139534883720934,0,0.5,1
11,0,25,1,CART,0.8407960199004976,0.8407960199004976,1,0.5,1
11,0,35,1,CART,0.18139534883720934,0.18139534883720934,0,0.5,1
11,0,43,1,CART,0.8407960199004976,0.8407960199004976,1,0.5,2
11,0,45,1,CART,0.8407960199004976,0.8407960199004976,1,0.5,1
11,0,53,1,CART,0.8407960199004976,0.8407960199004976,1,0.5,1
11,0,54,1,CART,0.8407960199004976,0.8407960199004976,1,0.5,2
11,0,58,1,CART,0.8407960199004976,0.8407960199004976,1,0.5,1
11,0,01,0,LDA,0.22917958603428967,0.22917958603428967,0,0.5,1
11,0,06,0,LDA,0.001510319959435987,0.001510319959435987,0,0.5,2
11,0,14,0,LDA,0.02372836926078749,0.02372836926078749,0,0.5,1
11,0,24,1,LDA,0.8675976176170822,0.8675976176170822,1,0.5,1
11,0,25,1,LDA,0.9213652427774168,0.9213652427774168,1,0.5,1
11,0,35,1,LDA,0.5087002097648082,0.5087002097648082,1,0.5,1
11,0,43,1,LDA,0.9574934192003559,0.9574934192003559,1,0.5,2
11,0,45,1,LDA,0.9317671227647125,0.9317671227647125,1,0.5,1
11,0,53,1,LDA,0.9029407538356744,0.9029407538356744,1,0.5,1
11,0,54,1,LDA,0.9657143341331998,0.9657143341331998,1,0.5,2
11,0,58,1,LDA,0.9390457619125072,0.9390457619125072,1,0.5,1
11,1,05,0,Logistic,0.0869865729302645,0.0869865729302645,0,0.6700000000000002,1
11,1,07,0,Logistic,0.7862440984366299,0.7862440984366299,1,0.6700000000000002,1
11,1,21,0,Logistic,0.026526916502284392,0.026526916502284392,0,0.6700000000000002,1
11,1,26,1,Logistic,0.840973008786038,0.840973008786038,1,0.6700000000000002,2
11,1,28,1,Logistic,0.6889153949318609,0.6889153949318609,1,0.6700000000000002,1
11,1,30,1,Logistic,0.34992335965794125,0.34992335965794125,0,0.6700000000000002,2
11,1,38,1,Logistic,0.8096070793626656,0.8096070793626656,1,0.6700000000000002,1
11,1,39,1,Logistic,0.8035219412650091,0.8035219412650091,1,0.6700000000000002,1
11,1,46,1,Logistic,0.799640300587514,0.799640300587514,1,0.6700000000000002,1
11,1,55,1,Logistic,0.1804661567339106,0.1804661567339106,0,0.6700000000000002,1
11,1,56,1,Logistic,0.8272370863568271,0.8272370863568271,1,0.6700000000000002,1
11,1,05,0,CART,0.1688311688311689,0.1688311688311689,0,0.5,1
11,1,07,0,CART,0.9135135135135135,0.9135135135135135,1,0.5,1
11,1,21,0,CART,0.1688311688311689,0.1688311688311689,0,0.5,1
11,1,26,1,CART,0.9135135135135135,0.9135135135135135,1,0.5,2
11,1,28,1,CART,0.1688311688311689,0.1688311688311689,0,0.5,1
11,1,30,1,CART,0.1688311688311689,0.1688311688311689,0,0.5,2
11,1,38,1,CART,0.9135135135135135,0.9135135135135135,1,0.5,1
11,1,39,1,CART,0.9135135135135135,0.9135135135135135,1,0.5,1
11,1,46,1,CART,0.9135135135135135,0.9135135135135135,1,0.5,1
11,1,55,1,CART,0.1688311688311689,0.1688311688311689,0,0.5,1
11,1,56,1,CART,0.9135135135135135,0.9135135135135135,1,0.5,1
11,1,05,0,LDA,0.15590452691073198,0.15590452691073198,0,0.5,1
11,1,07,0,LDA,0.9612401488050593,0.9612401488050593,1,0.5,1
11,1,21,0,LDA,0.021311072619757565,0.021311072619757565,0,0.5,1
11,1,26,1,LDA,0.987822909134653,0.987822909134653,1,0.5,2
11,1,28,1,LDA,0.9036392072998436,0.9036392072998436,1,0.5,1
11,1,30,1,LDA,0.7101556612105386,0.7101556612105386,1,0.5,2
11,1,38,1,LDA,0.9723953685454245,0.9723953685454245,1,0.5,1
11,1,39,1,LDA,0.9791180648430955,0.9791180648430955,1,0.5,1
11,1,46,1,LDA,0.9615097108812842,0.9615097108812842,1,0.5,1
11,1,55,1,LDA,0.4571819885818405,0.4571819885818405,0,0.5,1
11,1,56,1,LDA,0.9792027253069228,0.9792027253069228,1,0.5,1
11,2,03,0,Logistic,0.04834750176087596,0.04834750176087596,0,0.5,2
11,2,04,0,Logistic,0.2047559626550288,0.2047559626550288,0,0.5,1
11,2,10,0,Logistic,0.15526814254416804,0.15526814254416804,0,0.5,1
11,2,23,1,Logistic,0.9513186613757257,0.9513186613757257,1,0.5,1
11,2,31,1,Logistic,0.041197086641793446,0.041197086641793446,0,0.5,1
11,2,32,1,Logistic,0.7206610796749897,0.7206610796749897,1,0.5,1
11,2,33,1,Logistic,0.8335205613123955,0.8335205613123955,1,0.5,1
11,2,40,1,Logistic,0.999529909878211,0.999529909878211,1,0.5,1
11,2,42,1,Logistic,0.9637854293106791,0.9637854293106791,1,0.5,2
11,2,47,1,Logistic,0.8346330638505332,0.8346330638505332,1,0.5,1
11,2,57,1,Logistic,0.9718801445379069,0.9718801445379069,1,0.5,1
11,2,03,0,CART,0.0,0.0,0,0.2,2
11,2,04,0,CART,0.0,0.0,0,0.2,1
11,2,10,0,CART,1.0,1.0,1,0.2,1
11,2,23,1,CART,1.0,1.0,1,0.2,1
11,2,31,1,CART,0.0,0.0,0,0.2,1
11,2,32,1,CART,1.0,1.0,1,0.2,1
11,2,33,1,CART,1.0,1.0,1,0.2,1
11,2,40,1,CART,1.0,1.0,1,0.2,1
11,2,42,1,CART,1.0,1.0,1,0.2,2
11,2,47,1,CART,0.2857142857142857,0.2857142857142857,1,0.2,1
11,2,57,1,CART,1.0,1.0,1,0.2,1
11,2,03,0,LDA,0.029914876173768985,0.029914876173768985,0,0.42000000000000004,2
11,2,04,0,LDA,0.299076167897021,0.299076167897021,0,0.42000000000000004,1
11,2,10,0,LDA,0.8872912959599679,0.8872912959599679,1,0.42000000000000004,1
11,2,23,1,LDA,0.941689548703304,0.941689548703304,1,0.42000000000000004,1
11,2,31,1,LDA,0.21793554413993554,0.21793554413993554,0,0.42000000000000004,1
11,2,32,1,LDA,0.9111520256510863,0.9111520256510863,1,0.42000000000000004,1
11,2,33,1,LDA,0.9044361273486391,0.9044361273486391,1,0.42000000000000004,1
11,2,40,1,LDA,0.9852593680763171,0.9852593680763171,1,0.42000000000000004,1
11,2,42,1,LDA,0.9446252579140325,0.9446252579140325,1,0.42000000000000004,2
11,2,47,1,LDA,0.93804771401641,0.93804771401641,1,0.42000000000000004,1
11,2,57,1,LDA,0.9790704983573826,0.9790704983573826,1,0.42000000000000004,1
11,3,13,0,Logistic,0.28593017821171285,0.28593017821171285,0,0.5,1
11,3,16,0,Logistic,0.007182368121743102,0.007182368121743102,0,0.5,1
11,3,18,0,Logistic,0.3394034538620945,0.3394034538620945,0,0.5,1
11,3,19,1,Logistic,0.8317658226574995,0.8317658226574995,1,0.5,1
11,3,27,0,Logistic,0.8373851244735108,0.8373851244735108,1,0.5,1
11,3,29,1,Logistic,0.4928472141501653,0.4928472141501653,0,0.5,1
11,3,34,1,Logistic,0.906567438226508,0.906567438226508,1,0.5,1
11,3,37,1,Logistic,0.8256308739930417,0.8256308739930417,1,0.5,1
11,3,41,1,Logistic,0.8733887454536303,0.8733887454536303,1,0.5,1
11,3,44,1,Logistic,0.6799748992761137,0.6799748992761137,1,0.5,1
11,3,48,1,Logistic,0.6849010514068442,0.6849010514068442,1,0.5,1
11,3,52,1,Logistic,0.9023077647793549,0.9023077647793549,1,0.5,1
11,3,13,0,CART,0.0,0.0,0,0.5800000000000001,1
11,3,16,0,CART,0.0,0.0,0,0.5800000000000001,1
11,3,18,0,CART,0.0,0.0,0,0.5800000000000001,1
11,3,19,1,CART,1.0,1.0,1,0.5800000000000001,1
11,3,27,0,CART,0.8888888888888888,0.8888888888888888,1,0.5800000000000001,1
11,3,29,1,CART,0.875,0.875,1,0.5800000000000001,1
11,3,34,1,CART,1.0,1.0,1,0.5800000000000001,1
11,3,37,1,CART,0.8888888888888888,0.8888888888888888,1,0.5800000000000001,1
11,3,41,1,CART,1.0,1.0,1,0.5800000000000001,1
11,3,44,1,CART,0.8888888888888888,0.8888888888888888,1,0.5800000000000001,1
11,3,48,1,CART,0.25,0.25,0,0.5800000000000001,1
11,3,52,1,CART,1.0,1.0,1,0.5800000000000001,1
11,3,13,0,LDA,0.17637444561667648,0.17637444561667648,0,0.22000000000000003,1
11,3,16,0,LDA,0.000354675713666622,0.000354675713666622,0,0.22000000000000003,1
11,3,18,0,LDA,0.24365431307291072,0.24365431307291072,1,0.22000000000000003,1
11,3,19,1,LDA,0.945417052294449,0.945417052294449,1,0.22000000000000003,1
11,3,27,0,LDA,0.9427037478792457,0.9427037478792457,1,0.22000000000000003,1
11,3,29,1,LDA,0.5544285303506732,0.5544285303506732,1,0.22000000000000003,1
11,3,34,1,LDA,0.9806572992960504,0.9806572992960504,1,0.22000000000000003,1
11,3,37,1,LDA,0.941392124295874,0.941392124295874,1,0.22000000000000003,1
11,3,41,1,LDA,0.9708152088217817,0.9708152088217817,1,0.22000000000000003,1
11,3,44,1,LDA,0.8249928343239604,0.8249928343239604,1,0.22000000000000003,1
11,3,48,1,LDA,0.8131604553858982,0.8131604553858982,1,0.22000000000000003,1
11,3,52,1,LDA,0.9779294184184828,0.9779294184184828,1,0.22000000000000003,1
11,4,02,1,Logistic,0.8471816446649424,0.8471816446649424,1,0.5,1
11,4,08,1,Logistic,0.9455482991287355,0.9455482991287355,1,0.5,2
11,4,09,0,Logistic,0.9134446308514258,0.9134446308514258,1,0.5,1
11,4,11,1,Logistic,0.909656406319404,0.909656406319404,1,0.5,1
11,4,12,0,Logistic,0.8911749230422606,0.8911749230422606,1,0.5,1
11,4,20,1,Logistic,0.7803398337361732,0.7803398337361732,1,0.5,1
11,4,22,0,Logistic,0.8906421928389883,0.8906421928389883,1,0.5,1
11,4,36,1,Logistic,0.9663682386144413,0.9663682386144413,1,0.5,1
11,4,49,1,Logistic,0.7833011051497337,0.7833011051497337,1,0.5,2
11,4,50,1,Logistic,0.9059919383587098,0.9059919383587098,1,0.5,2
11,4,51,1,Logistic,0.8680641298919071,0.8680641298919071,1,0.5,2
11,4,02,1,CART,0.8076152304609219,0.8076152304609219,1,0.5,1
11,4,08,1,CART,0.8076152304609219,0.8076152304609219,1,0.5,2
11,4,09,0,CART,0.8076152304609219,0.8076152304609219,1,0.5,1
11,4,11,1,CART,0.8076152304609219,0.8076152304609219,1,0.5,1
11,4,12,0,CART,0.8076152304609219,0.8076152304609219,1,0.5,1
11,4,20,1,CART,0.8076152304609219,0.8076152304609219,1,0.5,1
11,4,22,0,CART,0.8076152304609219,0.8076152304609219,1,0.5,1
11,4,36,1,CART,0.8076152304609219,0.8076152304609219,1,0.5,1
11,4,49,1,CART,0.8076152304609219,0.8076152304609219,1,0.5,2
11,4,50,1,CART,0.8076152304609219,0.8076152304609219,1,0.5,2
11,4,51,1,CART,0.8076152304609219,0.8076152304609219,1,0.5,2
11,4,02,1,LDA,0.9342637330278164,0.9342637330278164,1,0.5,1
11,4,08,1,LDA,0.9958929906138793,0.9958929906138793,1,0.5,2
11,4,09,0,LDA,0.9648796121146012,0.9648796121146012,1,0.5,1
11,4,11,1,LDA,0.9890859931276699,0.9890859931276699,1,0.5,1
11,4,12,0,LDA,0.9390785767283487,0.9390785767283487,1,0.5,1
11,4,20,1,LDA,0.9283099761552892,0.9283099761552892,1,0.5,1
11,4,22,0,LDA,0.9418101692955222,0.9418101692955222,1,0.5,1
11,4,36,1,LDA,0.9947713321050359,0.9947713321050359,1,0.5,1
11,4,49,1,LDA,0.9522286603290954,0.9522286603290954,1,0.5,2
11,4,50,1,LDA,0.9831921149790108,0.9831921149790108,1,0.5,2
11,4,51,1,LDA,0.9840067028514551,0.9840067028514551,1,0.5,2
12,0,05,0,Logistic,0.08910036188484881,0.08910036188484881,0,0.44000000000000006,1
12,0,06,0,Logistic,0.08151391870749605,0.08151391870749605,0,0.44000000000000006,2
12,0,18,0,Logistic,0.0941730062875228,0.0941730062875228,0,0.44000000000000006,1
12,0,19,1,Logistic,0.9206767722578033,0.9206767722578033,1,0.44000000000000006,1
12,0,20,1,Logistic,0.8455708445615087,0.8455708445615087,1,0.44000000000000006,1
12,0,23,1,Logistic,0.9155830544195592,0.9155830544195592,1,0.44000000000000006,1
12,0,24,1,Logistic,0.07293800218062756,0.07293800218062756,0,0.44000000000000006,1
12,0,39,1,Logistic,0.9877942878893956,0.9877942878893956,1,0.44000000000000006,1
12,0,51,1,Logistic,0.9884123235000308,0.9884123235000308,1,0.44000000000000006,2
12,0,54,1,Logistic,0.9721193413494862,0.9721193413494862,1,0.44000000000000006,2
12,0,55,1,Logistic,0.15279034584488693,0.15279034584488693,0,0.44000000000000006,1
12,0,05,0,CART,0.15587529976019188,0.15587529976019188,0,0.5,1
12,0,06,0,CART,0.15587529976019188,0.15587529976019188,0,0.5,2
12,0,18,0,CART,0.15587529976019188,0.15587529976019188,0,0.5,1
12,0,19,1,CART,0.8457831325301205,0.8457831325301205,1,0.5,1
12,0,20,1,CART,0.15587529976019188,0.15587529976019188,0,0.5,1
12,0,23,1,CART,0.8457831325301205,0.8457831325301205,1,0.5,1
12,0,24,1,CART,0.15587529976019188,0.15587529976019188,0,0.5,1
12,0,39,1,CART,0.8457831325301205,0.8457831325301205,1,0.5,1
12,0,51,1,CART,0.8457831325301205,0.8457831325301205,1,0.5,2
12,0,54,1,CART,0.8457831325301205,0.8457831325301205,1,0.5,2
12,0,55,1,CART,0.15587529976019188,0.15587529976019188,0,0.5,1
12,0,05,0,LDA,0.11233903854482943,0.11233903854482943,0,0.79,1
12,0,06,0,LDA,0.003925580122021492,0.003925580122021492,0,0.79,2
12,0,18,0,LDA,0.13868631000654796,0.13868631000654796,0,0.79,1
12,0,19,1,LDA,0.9389606998833951,0.9389606998833951,1,0.79,1
12,0,20,1,LDA,0.8486986117420391,0.8486986117420391,1,0.79,1
12,0,23,1,LDA,0.9359215750830228,0.9359215750830228,1,0.79,1
12,0,24,1,LDA,0.7169303873859515,0.7169303873859515,0,0.79,1
12,0,39,1,LDA,0.9685905388273599,0.9685905388273599,1,0.79,1
12,0,51,1,LDA,0.9604001088806128,0.9604001088806128,1,0.79,2
12,0,54,1,LDA,0.9629287982718858,0.9629287982718858,1,0.79,2
12,0,55,1,LDA,0.5458190754181449,0.5458190754181449,0,0.79,1
12,1,07,0,Logistic,0.7978511657091701,0.7978511657091701,1,0.5,1
12,1,14,0,Logistic,0.21068500190899225,0.21068500190899225,0,0.5,1
12,1,16,0,Logistic,0.03404922880079972,0.03404922880079972,0,0.5,1
12,1,30,1,Logistic,0.7310376160997486,0.7310376160997486,1,0.5,2
12,1,40,1,Logistic,0.8743112390364883,0.8743112390364883,1,0.5,1
12,1,41,1,Logistic,0.7797704839690851,0.7797704839690851,1,0.5,1
12,1,43,1,Logistic,0.7795757441224238,0.7795757441224238,1,0.5,2
12,1,45,1,Logistic,0.7834023876370302,0.7834023876370302,1,0.5,1
12,1,46,1,Logistic,0.7486411530955142,0.7486411530955142,1,0.5,1
12,1,47,1,Logistic,0.7864544195989559,0.7864544195989559,1,0.5,1
12,1,58,1,Logistic,0.7866288110934028,0.7866288110934028,1,0.5,1
12,1,07,0,CART,0.8648648648648649,0.8648648648648649,1,0.5,1
12,1,14,0,CART,0.0,0.0,0,0.5,1
12,1,16,0,CART,0.0,0.0,0,0.5,1
12,1,30,1,CART,0.8648648648648649,0.8648648648648649,1,0.5,2
12,1,40,1,CART,0.8648648648648649,0.8648648648648649,1,0.5,1
12,1,41,1,CART,0.8648648648648649,0.8648648648648649,1,0.5,1
12,1,43,1,CART,0.8648648648648649,0.8648648648648649,1,0.5,2
12,1,45,1,CART,0.8648648648648649,0.8648648648648649,1,0.5,1
12,1,46,1,CART,0.8648648648648649,0.8648648648648649,1,0.5,1
12,1,47,1,CART,0.8648648648648649,0.8648648648648649,1,0.5,1
12,1,58,1,CART,0.8648648648648649,0.8648648648648649,1,0.5,1
12,1,07,0,LDA,0.9485191979936187,0.9485191979936187,1,0.35000000000000003,1
12,1,14,0,LDA,0.014817602898984096,0.014817602898984096,0,0.35000000000000003,1
12,1,16,0,LDA,0.0001757391440155204,0.0001757391440155204,0,0.35000000000000003,1
12,1,30,1,LDA,0.8057195008546306,0.8057195008546306,1,0.35000000000000003,2
12,1,40,1,LDA,0.9948937386537392,0.9948937386537392,1,0.35000000000000003,1
12,1,41,1,LDA,0.9769953567999113,0.9769953567999113,1,0.35000000000000003,1
12,1,43,1,LDA,0.975126627863528,0.975126627863528,1,0.35000000000000003,2
12,1,45,1,LDA,0.9485219629173341,0.9485219629173341,1,0.35000000000000003,1
12,1,46,1,LDA,0.9411673528911884,0.9411673528911884,1,0.35000000000000003,1
12,1,47,1,LDA,0.9432634415656875,0.9432634415656875,1,0.35000000000000003,1
12,1,58,1,LDA,0.9609326196929908,0.9609326196929908,1,0.35000000000000003,1
12,2,12,0,Logistic,0.8563486400792675,0.8563486400792675,1,0.5,1
12,2,13,0,Logistic,0.4211351612700352,0.4211351612700352,0,0.5,1
12,2,22,0,Logistic,0.8342776218015637,0.8342776218015637,1,0.5,1
12,2,26,1,Logistic,0.9620472197385577,0.9620472197385577,1,0.5,2
12,2,29,1,Logistic,0.4378645252646913,0.4378645252646913,0,0.5,1
12,2,32,1,Logistic,0.8134483436103094,0.8134483436103094,1,0.5,1
12,2,34,1,Logistic,0.9319330104336253,0.9319330104336253,1,0.5,1
12,2,38,1,Logistic,0.9376287955530442,0.9376287955530442,1,0.5,1
12,2,50,1,Logistic,0.8921174309791045,0.8921174309791045,1,0.5,2
12,2,53,1,Logistic,0.808582317505283,0.808582317505283,1,0.5,1
12,2,56,1,Logistic,0.9358578597258345,0.9358578597258345,1,0.5,1
12,2,12,0,CART,0.8857142857142857,0.8857142857142857,1,0.5,1
12,2,13,0,CART,0.1,0.1,0,0.5,1
12,2,22,0,CART,0.8857142857142857,0.8857142857142857,1,0.5,1
12,2,26,1,CART,0.8857142857142857,0.8857142857142857,1,0.5,2
12,2,29,1,CART,0.8857142857142857,0.8857142857142857,1,0.5,1
12,2,32,1,CART,0.8857142857142857,0.8857142857142857,1,0.5,1
12,2,34,1,CART,0.8857142857142857,0.8857142857142857,1,0.5,1
12,2,38,1,CART,0.8857142857142857,0.8857142857142857,1,0.5,1
12,2,50,1,CART,0.8857142857142857,0.8857142857142857,1,0.5,2
12,2,53,1,CART,0.8857142857142857,0.8857142857142857,1,0.5,1
12,2,56,1,CART,0.8857142857142857,0.8857142857142857,1,0.5,1
12,2,12,0,LDA,0.9145480319137824,0.9145480319137824,1,0.5,1
12,2,13,0,LDA,0.33184764289326085,0.33184764289326085,0,0.5,1
12,2,22,0,LDA,0.8885316669802883,0.8885316669802883,1,0.5,1
12,2,26,1,LDA,0.9978931088391141,0.9978931088391141,1,0.5,2
12,2,29,1,LDA,0.4698473279660546,0.4698473279660546,0,0.5,1
12,2,32,1,LDA,0.9138881996377448,0.9138881996377448,1,0.5,1
12,2,34,1,LDA,0.9874547800177036,0.9874547800177036,1,0.5,1
12,2,38,1,LDA,0.9802787769853842,0.9802787769853842,1,0.5,1
12,2,50,1,LDA,0.9772406019055134,0.9772406019055134,1,0.5,2
12,2,53,1,LDA,0.9291549011982254,0.9291549011982254,1,0.5,1
12,2,56,1,LDA,0.989494046316824,0.989494046316824,1,0.5,1
12,3,09,0,Logistic,0.8367173605921546,0.8367173605921546,1,0.8,1
12,3,10,0,Logistic,0.7809147943420166,0.7809147943420166,0,0.8,1
12,3,21,0,Logistic,0.07051576692207476,0.07051576692207476,0,0.8,1
12,3,25,1,Logistic,0.8713587641421039,0.8713587641421039,1,0.8,1
12,3,27,0,Logistic,0.8941554074682476,0.8941554074682476,1,0.8,1
12,3,31,1,Logistic,0.23025308651054674,0.23025308651054674,0,0.8,1
12,3,33,1,Logistic,0.8805717780829305,0.8805717780829305,1,0.8,1
12,3,35,1,Logistic,0.2926814218519608,0.2926814218519608,0,0.8,1
12,3,36,1,Logistic,0.9476644385222431,0.9476644385222431,1,0.8,1
12,3,42,1,Logistic,0.9009734406810833,0.9009734406810833,1,0.8,2
12,3,44,1,Logistic,0.8641441195905261,0.8641441195905261,1,0.8,1
12,3,52,1,Logistic,0.8986163401237875,0.8986163401237875,1,0.8,1
12,3,09,0,CART,0.9142857142857143,0.9142857142857143,1,0.5,1
12,3,10,0,CART,0.9142857142857143,0.9142857142857143,1,0.5,1
12,3,21,0,CART,0.0,0.0,0,0.5,1
12,3,25,1,CART,0.9142857142857143,0.9142857142857143,1,0.5,1
12,3,27,0,CART,0.9142857142857143,0.9142857142857143,1,0.5,1
12,3,31,1,CART,0.0,0.0,0,0.5,1
12,3,33,1,CART,0.9142857142857143,0.9142857142857143,1,0.5,1
12,3,35,1,CART,0.0,0.0,0,0.5,1
12,3,36,1,CART,0.9142857142857143,0.9142857142857143,1,0.5,1
12,3,42,1,CART,0.9142857142857143,0.9142857142857143,1,0.5,2
12,3,44,1,CART,0.9142857142857143,0.9142857142857143,1,0.5,1
12,3,52,1,CART,0.9142857142857143,0.9142857142857143,1,0.5,1
12,3,09,0,LDA,0.9774888146888597,0.9774888146888597,1,0.36000000000000004,1
12,3,10,0,LDA,0.9594867634206571,0.9594867634206571,1,0.36000000000000004,1
12,3,21,0,LDA,0.0027568604112864978,0.0027568604112864978,0,0.36000000000000004,1
12,3,25,1,LDA,0.9860430584572019,0.9860430584572019,1,0.36000000000000004,1
12,3,27,0,LDA,0.990120751375558,0.990120751375558,1,0.36000000000000004,1
12,3,31,1,LDA,0.09195294293328055,0.09195294293328055,0,0.36000000000000004,1
12,3,33,1,LDA,0.9819893080066564,0.9819893080066564,1,0.36000000000000004,1
12,3,35,1,LDA,0.21200184692984614,0.21200184692984614,0,0.36000000000000004,1
12,3,36,1,LDA,0.9983980063572846,0.9983980063572846,1,0.36000000000000004,1
12,3,42,1,LDA,0.9905817849699977,0.9905817849699977,1,0.36000000000000004,2
12,3,44,1,LDA,0.9686910293711068,0.9686910293711068,1,0.36000000000000004,1
12,3,52,1,LDA,0.9944554634368106,0.9944554634368106,1,0.36000000000000004,1
12,4,01,0,Logistic,0.16468976669247487,0.16468976669247487,0,0.5,1
12,4,02,1,Logistic,0.6701708574425153,0.6701708574425153,1,0.5,1
12,4,03,0,Logistic,0.06168137328423271,0.06168137328423271,0,0.5,2
12,4,04,0,Logistic,0.21412781564617075,0.21412781564617075,0,0.5,1
12,4,08,1,Logistic,0.9983026416781529,0.9983026416781529,1,0.5,2
12,4,11,1,Logistic,0.9797256043892355,0.9797256043892355,1,0.5,1
12,4,28,1,Logistic,0.6317758046620043,0.6317758046620043,1,0.5,1
12,4,37,1,Logistic,0.790784887268269,0.790784887268269,1,0.5,1
12,4,48,1,Logistic,0.26412022762159887,0.26412022762159887,0,0.5,1
12,4,49,1,Logistic,0.9194249576301987,0.9194249576301987,1,0.5,2
12,4,57,1,Logistic,0.9593411703120801,0.9593411703120801,1,0.5,1
12,4,01,0,CART,0.0,0.0,0,0.5,1
12,4,02,1,CART,0.09219858156028368,0.09219858156028368,0,0.5,1
12,4,03,0,CART,0.0,0.0,0,0.5,2
12,4,04,0,CART,0.0,0.0,0,0.5,1
12,4,08,1,CART,1.0,1.0,1,0.5,2
12,4,11,1,CART,1.0,1.0,1,0.5,1
12,4,28,1,CART,1.0,1.0,1,0.5,1
12,4,37,1,CART,1.0,1.0,1,0.5,1
12,4,48,1,CART,1.0,1.0,1,0.5,1
12,4,49,1,CART,1.0,1.0,1,0.5,2
12,4,57,1,CART,1.0,1.0,1,0.5,1
12,4,01,0,LDA,0.29888083238910595,0.29888083238910595,0,0.4,1
12,4,02,1,LDA,0.8507363546581918,0.8507363546581918,1,0.4,1
12,4,03,0,LDA,0.042065775115972724,0.042065775115972724,0,0.4,2
12,4,04,0,LDA,0.2835910726134188,0.2835910726134188,0,0.4,1
12,4,08,1,LDA,0.9837455226434437,0.9837455226434437,1,0.4,2
12,4,11,1,LDA,0.9604023841797443,0.9604023841797443,1,0.4,1
12,4,28,1,LDA,0.8154668837747844,0.8154668837747844,1,0.4,1
12,4,37,1,LDA,0.9146560341806104,0.9146560341806104,1,0.4,1
12,4,48,1,LDA,0.7929617514739168,0.7929617514739168,1,0.4,1
12,4,49,1,LDA,0.8779454441459946,0.8779454441459946,1,0.4,2
12,4,57,1,LDA,0.9674515468731189,0.9674515468731189,1,0.4,1
13,0,05,0,Logistic,0.20014169447125676,0.20014169447125676,0,0.4600000000000001,1
13,0,10,0,Logistic,0.0666546624584744,0.0666546624584744,0,0.4600000000000001,1
13,0,16,0,Logistic,0.007484435922307685,0.007484435922307685,0,0.4600000000000001,1
13,0,23,1,Logistic,0.9798610245084372,0.9798610245084372,1,0.4600000000000001,1
13,0,24,1,Logistic,0.12542262888371356,0.12542262888371356,0,0.4600000000000001,1
13,0,42,1,Logistic,0.9850858812972905,0.9850858812972905,1,0.4600000000000001,2
13,0,48,1,Logistic,0.26222918461498046,0.26222918461498046,0,0.4600000000000001,1
13,0,51,1,Logistic,0.9984661396094495,0.9984661396094495,1,0.4600000000000001,2
13,0,53,1,Logistic,0.8697514526193156,0.8697514526193156,1,0.4600000000000001,1
13,0,57,1,Logistic,0.9850579117965849,0.9850579117965849,1,0.4600000000000001,1
13,0,58,1,Logistic,0.9846967163532092,0.9846967163532092,1,0.4600000000000001,1
13,0,05,0,CART,0.0,0.0,0,0.5,1
13,0,10,0,CART,0.8648648648648649,0.8648648648648649,1,0.5,1
13,0,16,0,CART,0.0,0.0,0,0.5,1
13,0,23,1,CART,0.8648648648648649,0.8648648648648649,1,0.5,1
13,0,24,1,CART,0.8648648648648649,0.8648648648648649,1,0.5,1
13,0,42,1,CART,0.8648648648648649,0.8648648648648649,1,0.5,2
13,0,48,1,CART,0.8648648648648649,0.8648648648648649,1,0.5,1
13,0,51,1,CART,0.8648648648648649,0.8648648648648649,1,0.5,2
13,0,53,1,CART,0.8648648648648649,0.8648648648648649,1,0.5,1
13,0,57,1,CART,0.8648648648648649,0.8648648648648649,1,0.5,1
13,0,58,1,CART,0.8648648648648649,0.8648648648648649,1,0.5,1
13,0,05,0,LDA,0.17510540653604695,0.17510540653604695,0,0.5,1
13,0,10,0,LDA,0.8501509114168592,0.8501509114168592,1,0.5,1
13,0,16,0,LDA,0.0008116416592958638,0.0008116416592958638,0,0.5,1
13,0,23,1,LDA,0.9457464535164015,0.9457464535164015,1,0.5,1
13,0,24,1,LDA,0.7018417150154113,0.7018417150154113,1,0.5,1
13,0,42,1,LDA,0.9530309260184492,0.9530309260184492,1,0.5,2
13,0,48,1,LDA,0.8481177758896269,0.8481177758896269,1,0.5,1
13,0,51,1,LDA,0.9674095081113667,0.9674095081113667,1,0.5,2
13,0,53,1,LDA,0.9553210795557899,0.9553210795557899,1,0.5,1
13,0,57,1,LDA,0.9791392384159974,0.9791392384159974,1,0.5,1
13,0,58,1,LDA,0.9521307770918167,0.9521307770918167,1,0.5,1
13,1,04,0,Logistic,0.06160605906543787,0.06160605906543787,0,0.5,1
13,1,14,0,Logistic,0.012340260344672564,0.012340260344672564,0,0.5,1
13,1,19,1,Logistic,0.9634972404204304,0.9634972404204304,1,0.5,1
13,1,21,0,Logistic,0.11737461276608435,0.11737461276608435,0,0.5,1
13,1,31,1,Logistic,0.016583049593716672,0.016583049593716672,0,0.5,1
13,1,35,1,Logistic,0.003710203525810743,0.003710203525810743,0,0.5,1
13,1,39,1,Logistic,0.9979239513487292,0.9979239513487292,1,0.5,1
13,1,49,1,Logistic,0.9781160689436879,0.9781160689436879,1,0.5,2
13,1,50,1,Logistic,0.9715492086407814,0.9715492086407814,1,0.5,2
13,1,52,1,Logistic,0.9579981115025932,0.9579981115025932,1,0.5,1
13,1,55,1,Logistic,0.04669149736626058,0.04669149736626058,0,0.5,1
13,1,04,0,CART,0.18139534883720934,0.18139534883720934,0,0.5,1
13,1,14,0,CART,0.18139534883720934,0.18139534883720934,0,0.5,1
13,1,19,1,CART,0.8407960199004976,0.8407960199004976,1,0.5,1
13,1,21,0,CART,0.18139534883720934,0.18139534883720934,0,0.5,1
13,1,31,1,CART,0.18139534883720934,0.18139534883720934,0,0.5,1
13,1,35,1,CART,0.18139534883720934,0.18139534883720934,0,0.5,1
13,1,39,1,CART,0.8407960199004976,0.8407960199004976,1,0.5,1
13,1,49,1,CART,0.8407960199004976,0.8407960199004976,1,0.5,2
13,1,50,1,CART,0.8407960199004976,0.8407960199004976,1,0.5,2
13,1,52,1,CART,0.8407960199004976,0.8407960199004976,1,0.5,1
13,1,55,1,CART,0.18139534883720934,0.18139534883720934,0,0.5,1
13,1,04,0,LDA,0.18514492921274506,0.18514492921274506,0,0.5,1
13,1,14,0,LDA,0.039921188930547934,0.039921188930547934,0,0.5,1
13,1,19,1,LDA,0.9212181799633526,0.9212181799633526,1,0.5,1
13,1,21,0,LDA,0.02831890820445982,0.02831890820445982,0,0.5,1
13,1,31,1,LDA,0.19976353199406982,0.19976353199406982,0,0.5,1
13,1,35,1,LDA,0.30421576221758534,0.30421576221758534,0,0.5,1
13,1,39,1,LDA,0.9551169269324358,0.9551169269324358,1,0.5,1
13,1,49,1,LDA,0.8931631390251515,0.8931631390251515,1,0.5,2
13,1,50,1,LDA,0.939243823379942,0.939243823379942,1,0.5,2
13,1,52,1,LDA,0.9495457605189254,0.9495457605189254,1,0.5,1
13,1,55,1,LDA,0.41471095019410925,0.41471095019410925,0,0.5,1
13,2,02,1,Logistic,0.819877872067633,0.819877872067633,1,0.5,1
13,2,06,0,Logistic,0.010407370880276929,0.010407370880276929,0,0.5,2
13,2,08,1,Logistic,0.9390361258850786,0.9390361258850786,1,0.5,2
13,2,12,0,Logistic,0.8685443567907029,0.8685443567907029,1,0.5,1
13,2,13,0,Logistic,0.3789626087927354,0.3789626087927354,0,0.5,1
13,2,26,1,Logistic,0.9410811138112875,0.9410811138112875,1,0.5,2
13,2,27,0,Logistic,0.9169299736784192,0.9169299736784192,1,0.5,1
13,2,28,1,Logistic,0.7390895741534522,0.7390895741534522,1,0.5,1
13,2,36,1,Logistic,0.9541036822247663,0.9541036822247663,1,0.5,1
13,2,37,1,Logistic,0.8654580201454688,0.8654580201454688,1,0.5,1
13,2,44,1,Logistic,0.6970712381192969,0.6970712381192969,1,0.5,1
13,2,56,1,Logistic,0.9308201525977686,0.9308201525977686,1,0.5,1
13,2,02,1,CART,0.7,0.7,1,0.5,1
13,2,06,0,CART,0.0,0.0,0,0.5,2
13,2,08,1,CART,0.9615384615384616,0.9615384615384616,1,0.5,2
13,2,12,0,CART,0.7,0.7,1,0.5,1
13,2,13,0,CART,0.0,0.0,0,0.5,1
13,2,26,1,CART,0.9615384615384616,0.9615384615384616,1,0.5,2
13,2,27,0,CART,0.9615384615384616,0.9615384615384616,1,0.5,1
13,2,28,1,CART,0.7,0.7,1,0.5,1
13,2,36,1,CART,0.9615384615384616,0.9615384615384616,1,0.5,1
13,2,37,1,CART,0.9615384615384616,0.9615384615384616,1,0.5,1
13,2,44,1,CART,0.9615384615384616,0.9615384615384616,1,0.5,1
13,2,56,1,CART,0.9615384615384616,0.9615384615384616,1,0.5,1
13,2,02,1,LDA,0.9011105195161274,0.9011105195161274,1,0.5,1
13,2,06,0,LDA,0.002314151288260686,0.002314151288260686,0,0.5,2
13,2,08,1,LDA,0.9944891071689425,0.9944891071689425,1,0.5,2
13,2,12,0,LDA,0.9086496710340647,0.9086496710340647,1,0.5,1
13,2,13,0,LDA,0.216151623865113,0.216151623865113,0,0.5,1
13,2,26,1,LDA,0.9949394528282284,0.9949394528282284,1,0.5,2
13,2,27,0,LDA,0.9627240994875542,0.9627240994875542,1,0.5,1
13,2,28,1,LDA,0.8863609525468278,0.8863609525468278,1,0.5,1
13,2,36,1,LDA,0.9917834976967417,0.9917834976967417,1,0.5,1
13,2,37,1,LDA,0.9608220373685271,0.9608220373685271,1,0.5,1
13,2,44,1,LDA,0.8843677147996516,0.8843677147996516,1,0.5,1
13,2,56,1,LDA,0.9869766188823024,0.9869766188823024,1,0.5,1
13,3,01,0,Logistic,0.43751680956400085,0.43751680956400085,0,0.5,1
13,3,03,0,Logistic,0.2773377234909251,0.2773377234909251,0,0.5,2
13,3,09,0,Logistic,0.6544708043331923,0.6544708043331923,1,0.5,1
13,3,11,1,Logistic,0.7321594869231229,0.7321594869231229,1,0.5,1
13,3,20,1,Logistic,0.6319832094473806,0.6319832094473806,1,0.5,1
13,3,29,1,Logistic,0.489998757735707,0.489998757735707,0,0.5,1
13,3,30,1,Logistic,0.590641519609373,0.590641519609373,1,0.5,2
13,3,32,1,Logistic,0.6356541358971493,0.6356541358971493,1,0.5,1
13,3,43,1,Logistic,0.7324573411232228,0.7324573411232228,1,0.5,2
13,3,45,1,Logistic,0.6657047897367413,0.6657047897367413,1,0.5,1
13,3,54,1,Logistic,0.7297492599897982,0.7297492599897982,1,0.5,2
13,3,01,0,CART,0.1111111111111111,0.1111111111111111,0,0.5,1
13,3,03,0,CART,0.1111111111111111,0.1111111111111111,0,0.5,2
13,3,09,0,CART,0.8611111111111112,0.8611111111111112,1,0.5,1
13,3,11,1,CART,0.8611111111111112,0.8611111111111112,1,0.5,1
13,3,20,1,CART,0.8611111111111112,0.8611111111111112,1,0.5,1
13,3,29,1,CART,0.8611111111111112,0.8611111111111112,1,0.5,1
13,3,30,1,CART,0.8611111111111112,0.8611111111111112,1,0.5,2
13,3,32,1,CART,0.8611111111111112,0.8611111111111112,1,0.5,1
13,3,43,1,CART,0.8611111111111112,0.8611111111111112,1,0.5,2
13,3,45,1,CART,0.8611111111111112,0.8611111111111112,1,0.5,1
13,3,54,1,CART,0.8611111111111112,0.8611111111111112,1,0.5,2
13,3,01,0,LDA,0.26328694766680033,0.26328694766680033,0,0.5,1
13,3,03,0,LDA,0.027637988527943854,0.027637988527943854,0,0.5,2
13,3,09,0,LDA,0.9228513717243242,0.9228513717243242,1,0.5,1
13,3,11,1,LDA,0.9729455024286228,0.9729455024286228,1,0.5,1
13,3,20,1,LDA,0.8732865406789487,0.8732865406789487,1,0.5,1
13,3,29,1,LDA,0.5776056525664994,0.5776056525664994,1,0.5,1
13,3,30,1,LDA,0.7737560168129085,0.7737560168129085,1,0.5,2
13,3,32,1,LDA,0.905220460464446,0.905220460464446,1,0.5,1
13,3,43,1,LDA,0.9643245598825212,0.9643245598825212,1,0.5,2
13,3,45,1,LDA,0.9490086592950652,0.9490086592950652,1,0.5,1
13,3,54,1,LDA,0.9700454983073239,0.9700454983073239,1,0.5,2
13,4,07,0,Logistic,0.7126795494524216,0.7126795494524216,1,0.5,1
13,4,18,0,Logistic,0.4338179422359451,0.4338179422359451,0,0.5,1
13,4,22,0,Logistic,0.651920136081068,0.651920136081068,1,0.5,1
13,4,25,1,Logistic,0.7118771911267587,0.7118771911267587,1,0.5,1
13,4,33,1,Logistic,0.6634154958224874,0.6634154958224874,1,0.5,1
13,4,34,1,Logistic,0.77408782959143,0.77408782959143,1,0.5,1
13,4,38,1,Logistic,0.7559015234220213,0.7559015234220213,1,0.5,1
13,4,40,1,Logistic,0.8085303806882257,0.8085303806882257,1,0.5,1
13,4,41,1,Logistic,0.7435752777416605,0.7435752777416605,1,0.5,1
13,4,46,1,Logistic,0.7065486158256641,0.7065486158256641,1,0.5,1
13,4,47,1,Logistic,0.7087672210096012,0.7087672210096012,1,0.5,1
13,4,07,0,CART,0.8648648648648649,0.8648648648648649,1,0.5,1
13,4,18,0,CART,0.8648648648648649,0.8648648648648649,1,0.5,1
13,4,22,0,CART,0.8648648648648649,0.8648648648648649,1,0.5,1
13,4,25,1,CART,0.8648648648648649,0.8648648648648649,1,0.5,1
13,4,33,1,CART,0.8648648648648649,0.8648648648648649,1,0.5,1
13,4,34,1,CART,0.8648648648648649,0.8648648648648649,1,0.5,1
13,4,38,1,CART,0.8648648648648649,0.8648648648648649,1,0.5,1
13,4,40,1,CART,0.8648648648648649,0.8648648648648649,1,0.5,1
13,4,41,1,CART,0.8648648648648649,0.8648648648648649,1,0.5,1
13,4,46,1,CART,0.8648648648648649,0.8648648648648649,1,0.5,1
13,4,47,1,CART,0.8648648648648649,0.8648648648648649,1,0.5,1
13,4,07,0,LDA,0.9662475890889253,0.9662475890889253,1,0.5,1
13,4,18,0,LDA,0.31530617721685095,0.31530617721685095,0,0.5,1
13,4,22,0,LDA,0.9173608063470642,0.9173608063470642,1,0.5,1
13,4,25,1,LDA,0.964068822610904,0.964068822610904,1,0.5,1
13,4,33,1,LDA,0.9411456516835102,0.9411456516835102,1,0.5,1
13,4,34,1,LDA,0.9864305763812128,0.9864305763812128,1,0.5,1
13,4,38,1,LDA,0.9815192589210416,0.9815192589210416,1,0.5,1
13,4,40,1,LDA,0.9910487700091223,0.9910487700091223,1,0.5,1
13,4,41,1,LDA,0.9753482366976389,0.9753482366976389,1,0.5,1
13,4,46,1,LDA,0.9653820162967812,0.9653820162967812,1,0.5,1
13,4,47,1,LDA,0.964437528312274,0.964437528312274,1,0.5,1
14,0,01,0,Logistic,0.19850801624625197,0.19850801624625197,0,0.6300000000000001,1
14,0,02,1,Logistic,0.6783208558980041,0.6783208558980041,1,0.6300000000000001,1
14,0,09,0,Logistic,0.6151696180930321,0.6151696180930321,0,0.6300000000000001,1
14,0,18,0,Logistic,0.2531877158361141,0.2531877158361141,0,0.6300000000000001,1
14,0,20,1,Logistic,0.7807270869811929,0.7807270869811929,1,0.6300000000000001,1
14,0,28,1,Logistic,0.592411234973349,0.592411234973349,0,0.6300000000000001,1
14,0,36,1,Logistic,0.8686480615300823,0.8686480615300823,1,0.6300000000000001,1
14,0,38,1,Logistic,0.7298229617077714,0.7298229617077714,1,0.6300000000000001,1
14,0,45,1,Logistic,0.6628968137958826,0.6628968137958826,1,0.6300000000000001,1
14,0,51,1,Logistic,0.96568633400938,0.96568633400938,1,0.6300000000000001,2
14,0,58,1,Logistic,0.9123215495445806,0.9123215495445806,1,0.6300000000000001,1
14,0,01,0,CART,0.0,0.0,0,0.5,1
14,0,02,1,CART,1.0,1.0,1,0.5,1
14,0,09,0,CART,0.3277310924369748,0.3277310924369748,0,0.5,1
14,0,18,0,CART,1.0,1.0,1,0.5,1
14,0,20,1,CART,0.3277310924369748,0.3277310924369748,0,0.5,1
14,0,28,1,CART,1.0,1.0,1,0.5,1
14,0,36,1,CART,0.3277310924369748,0.3277310924369748,0,0.5,1
14,0,38,1,CART,0.3277310924369748,0.3277310924369748,0,0.5,1
14,0,45,1,CART,1.0,1.0,1,0.5,1
14,0,51,1,CART,1.0,1.0,1,0.5,2
14,0,58,1,CART,1.0,1.0,1,0.5,1
14,0,01,0,LDA,0.3036505120211304,0.3036505120211304,0,0.5,1
14,0,02,1,LDA,0.8983906611782467,0.8983906611782467,1,0.5,1
14,0,09,0,LDA,0.92367346070107,0.92367346070107,1,0.5,1
14,0,18,0,LDA,0.3257639854630733,0.3257639854630733,0,0.5,1
14,0,20,1,LDA,0.8881542866029634,0.8881542866029634,1,0.5,1
14,0,28,1,LDA,0.8625987960622037,0.8625987960622037,1,0.5,1
14,0,36,1,LDA,0.9853713142899444,0.9853713142899444,1,0.5,1
14,0,38,1,LDA,0.9700592386785322,0.9700592386785322,1,0.5,1
14,0,45,1,LDA,0.9595483894507054,0.9595483894507054,1,0.5,1
14,0,51,1,LDA,0.97124357519899,0.97124357519899,1,0.5,2
14,0,58,1,LDA,0.9579445408082126,0.9579445408082126,1,0.5,1
14,1,11,1,Logistic,0.9620219059930751,0.9620219059930751,1,0.6100000000000001,1
14,1,14,0,Logistic,0.04187325914032483,0.04187325914032483,0,0.6100000000000001,1
14,1,19,1,Logistic,0.8848760909262967,0.8848760909262967,1,0.6100000000000001,1
14,1,21,0,Logistic,0.06583917780850362,0.06583917780850362,0,0.6100000000000001,1
14,1,22,0,Logistic,0.3189551200079262,0.3189551200079262,0,0.6100000000000001,1
14,1,23,1,Logistic,0.9054706658496573,0.9054706658496573,1,0.6100000000000001,1
14,1,27,0,Logistic,0.48314496368819093,0.48314496368819093,0,0.6100000000000001,1
14,1,33,1,Logistic,0.8487637742644161,0.8487637742644161,1,0.6100000000000001,1
14,1,34,1,Logistic,0.9185367173624545,0.9185367173624545,1,0.6100000000000001,1
14,1,35,1,Logistic,0.03459094097912688,0.03459094097912688,0,0.6100000000000001,1
14,1,42,1,Logistic,0.93827639239232,0.93827639239232,1,0.6100000000000001,2
14,1,43,1,Logistic,0.9846145487477982,0.9846145487477982,1,0.6100000000000001,2
14,1,11,1,CART,1.0,1.0,1,0.5,1
14,1,14,0,CART,0.25,0.25,0,0.5,1
14,1,19,1,CART,1.0,1.0,1,0.5,1
14,1,21,0,CART,0.25,0.25,0,0.5,1
14,1,22,0,CART,0.4,0.4,0,0.5,1
14,1,23,1,CART,1.0,1.0,1,0.5,1
14,1,27,0,CART,0.8888888888888888,0.8888888888888888,1,0.5,1
14,1,33,1,CART,0.8888888888888888,0.8888888888888888,1,0.5,1
14,1,34,1,CART,1.0,1.0,1,0.5,1
14,1,35,1,CART,0.0,0.0,0,0.5,1
14,1,42,1,CART,0.8888888888888888,0.8888888888888888,1,0.5,2
14,1,43,1,CART,1.0,1.0,1,0.5,2
14,1,11,1,LDA,0.9778234253578076,0.9778234253578076,1,0.5,1
14,1,14,0,LDA,0.0545779020678674,0.0545779020678674,0,0.5,1
14,1,19,1,LDA,0.953379559926961,0.953379559926961,1,0.5,1
14,1,21,0,LDA,0.024820167772616305,0.024820167772616305,0,0.5,1
14,1,22,0,LDA,0.9102138650307221,0.9102138650307221,1,0.5,1
14,1,23,1,LDA,0.9512269776509831,0.9512269776509831,1,0.5,1
14,1,27,0,LDA,0.9624529049126405,0.9624529049126405,1,0.5,1
14,1,33,1,LDA,0.943922265340701,0.943922265340701,1,0.5,1
14,1,34,1,LDA,0.9789971797384539,0.9789971797384539,1,0.5,1
14,1,35,1,LDA,0.35695687647992996,0.35695687647992996,0,0.5,1
14,1,42,1,LDA,0.9619310282410426,0.9619310282410426,1,0.5,2
14,1,43,1,LDA,0.9586072292806462,0.9586072292806462,1,0.5,2
14,2,05,0,Logistic,0.2073592383206045,0.2073592383206045,0,0.6300000000000001,1
14,2,06,0,Logistic,0.05258159457040239,0.05258159457040239,0,0.6300000000000001,2
14,2,07,0,Logistic,0.7965376609996694,0.7965376609996694,1,0.6300000000000001,1
14,2,25,1,Logistic,0.7962571611520867,0.7962571611520867,1,0.6300000000000001,1
14,2,37,1,Logistic,0.8082004624133665,0.8082004624133665,1,0.6300000000000001,1
14,2,39,1,Logistic,0.9896306943360625,0.9896306943360625,1,0.6300000000000001,1
14,2,40,1,Logistic,0.9969033214021917,0.9969033214021917,1,0.6300000000000001,1
14,2,46,1,Logistic,0.944149880261391,0.944149880261391,1,0.6300000000000001,1
14,2,50,1,Logistic,0.9365705831149995,0.9365705831149995,1,0.6300000000000001,2
14,2,54,1,Logistic,0.9705359209477654,0.9705359209477654,1,0.6300000000000001,2
14,2,56,1,Logistic,0.9547955488000617,0.9547955488000617,1,0.6300000000000001,1
14,2,05,0,CART,0.1111111111111111,0.1111111111111111,0,0.5,1
14,2,06,0,CART,0.1111111111111111,0.1111111111111111,0,0.5,2
14,2,07,0,CART,0.96,0.96,1,0.5,1
14,2,25,1,CART,0.96,0.96,1,0.5,1
14,2,37,1,CART,0.96,0.96,1,0.5,1
14,2,39,1,CART,0.96,0.96,1,0.5,1
14,2,40,1,CART,0.96,0.96,1,0.5,1
14,2,46,1,CART,0.96,0.96,1,0.5,1
14,2,50,1,CART,0.96,0.96,1,0.5,2
14,2,54,1,CART,0.96,0.96,1,0.5,2
14,2,56,1,CART,0.96,0.96,1,0.5,1
14,2,05,0,LDA,0.22049284766718544,0.22049284766718544,0,0.5,1
14,2,06,0,LDA,0.006070329379591272,0.006070329379591272,0,0.5,2
14,2,07,0,LDA,0.9509200275622988,0.9509200275622988,1,0.5,1
14,2,25,1,LDA,0.9449947091434199,0.9449947091434199,1,0.5,1
14,2,37,1,LDA,0.9482883786056999,0.9482883786056999,1,0.5,1
14,2,39,1,LDA,0.9788724040028587,0.9788724040028587,1,0.5,1
14,2,40,1,LDA,0.9823483203100968,0.9823483203100968,1,0.5,1
14,2,46,1,LDA,0.9516807682039141,0.9516807682039141,1,0.5,1
14,2,50,1,LDA,0.962202166360291,0.962202166360291,1,0.5,2
14,2,54,1,LDA,0.9694645899058012,0.9694645899058012,1,0.5,2
14,2,56,1,LDA,0.9771062801173862,0.9771062801173862,1,0.5,1
14,3,03,0,Logistic,0.05529154892431255,0.05529154892431255,0,0.56,2
14,3,08,1,Logistic,0.993805542227421,0.993805542227421,1,0.56,2
14,3,12,0,Logistic,0.3615631082048132,0.3615631082048132,0,0.56,1
14,3,16,0,Logistic,0.010377219394482289,0.010377219394482289,0,0.56,1
14,3,30,1,Logistic,0.4064165607627664,0.4064165607627664,0,0.56,2
14,3,32,1,Logistic,0.7232342042730404,0.7232342042730404,1,0.56,1
14,3,41,1,Logistic,0.9896886289561827,0.9896886289561827,1,0.56,1
14,3,44,1,Logistic,0.6743430510076521,0.6743430510076521,1,0.56,1
14,3,47,1,Logistic,0.7527933306937228,0.7527933306937228,1,0.56,1
14,3,52,1,Logistic,0.9222542663468649,0.9222542663468649,1,0.56,1
14,3,55,1,Logistic,0.1942407849089411,0.1942407849089411,0,0.56,1
14,3,03,0,CART,0.1111111111111111,0.1111111111111111,0,0.5,2
14,3,08,1,CART,0.8611111111111112,0.8611111111111112,1,0.5,2
14,3,12,0,CART,0.8611111111111112,0.8611111111111112,1,0.5,1
14,3,16,0,CART,0.1111111111111111,0.1111111111111111,0,0.5,1
14,3,30,1,CART,0.8611111111111112,0.8611111111111112,1,0.5,2
14,3,32,1,CART,0.8611111111111112,0.8611111111111112,1,0.5,1
14,3,41,1,CART,0.8611111111111112,0.8611111111111112,1,0.5,1
14,3,44,1,CART,0.8611111111111112,0.8611111111111112,1,0.5,1
14,3,47,1,CART,0.8611111111111112,0.8611111111111112,1,0.5,1
14,3,52,1,CART,0.8611111111111112,0.8611111111111112,1,0.5,1
14,3,55,1,CART,0.8611111111111112,0.8611111111111112,1,0.5,1
14,3,03,0,LDA,0.012396403033575771,0.012396403033575771,0,0.5,2
14,3,08,1,LDA,0.9924971041838199,0.9924971041838199,1,0.5,2
14,3,12,0,LDA,0.870038151474024,0.870038151474024,1,0.5,1
14,3,16,0,LDA,0.0002910310963825018,0.0002910310963825018,0,0.5,1
14,3,30,1,LDA,0.7371907724489533,0.7371907724489533,1,0.5,2
14,3,32,1,LDA,0.8965862531533569,0.8965862531533569,1,0.5,1
14,3,41,1,LDA,0.9635912108228488,0.9635912108228488,1,0.5,1
14,3,44,1,LDA,0.787470395943609,0.787470395943609,1,0.5,1
14,3,47,1,LDA,0.9338053930538891,0.9338053930538891,1,0.5,1
14,3,52,1,LDA,0.9768708771499867,0.9768708771499867,1,0.5,1
14,3,55,1,LDA,0.5594232152076568,0.5594232152076568,1,0.5,1
14,4,04,0,Logistic,0.27416847793627724,0.27416847793627724,0,0.6200000000000001,1
14,4,10,0,Logistic,0.27064299237602435,0.27064299237602435,0,0.6200000000000001,1
14,4,13,0,Logistic,0.20016705941753138,0.20016705941753138,0,0.6200000000000001,1
14,4,24,1,Logistic,0.3171328250269401,0.3171328250269401,0,0.6200000000000001,1
14,4,26,1,Logistic,0.9999746253637938,0.9999746253637938,1,0.6200000000000001,2
14,4,29,1,Logistic,0.17439857069904965,0.17439857069904965,0,0.6200000000000001,1
14,4,31,1,Logistic,0.08046594536197518,0.08046594536197518,0,0.6200000000000001,1
14,4,48,1,Logistic,0.24367723277465347,0.24367723277465347,0,0.6200000000000001,1
14,4,49,1,Logistic,0.9793578987955172,0.9793578987955172,1,0.6200000000000001,2
14,4,53,1,Logistic,0.8255867863011295,0.8255867863011295,1,0.6200000000000001,1
14,4,57,1,Logistic,0.9942451220084033,0.9942451220084033,1,0.6200000000000001,1
14,4,04,0,CART,0.0,0.0,0,0.5,1
14,4,10,0,CART,0.8648648648648649,0.8648648648648649,1,0.5,1
14,4,13,0,CART,0.0,0.0,0,0.5,1
14,4,24,1,CART,0.8648648648648649,0.8648648648648649,1,0.5,1
14,4,26,1,CART,0.8648648648648649,0.8648648648648649,1,0.5,2
14,4,29,1,CART,0.8648648648648649,0.8648648648648649,1,0.5,1
14,4,31,1,CART,0.0,0.0,0,0.5,1
14,4,48,1,CART,0.8648648648648649,0.8648648648648649,1,0.5,1
14,4,49,1,CART,0.8648648648648649,0.8648648648648649,1,0.5,2
14,4,53,1,CART,0.8648648648648649,0.8648648648648649,1,0.5,1
14,4,57,1,CART,0.8648648648648649,0.8648648648648649,1,0.5,1
14,4,04,0,LDA,0.2454406399640044,0.2454406399640044,0,0.5,1
14,4,10,0,LDA,0.921971070000199,0.921971070000199,1,0.5,1
14,4,13,0,LDA,0.21890106573277962,0.21890106573277962,0,0.5,1
14,4,24,1,LDA,0.8757901865362809,0.8757901865362809,1,0.5,1
14,4,26,1,LDA,0.9965791871627774,0.9965791871627774,1,0.5,2
14,4,29,1,LDA,0.47635773554175026,0.47635773554175026,0,0.5,1
14,4,31,1,LDA,0.2789708782264615,0.2789708782264615,0,0.5,1
14,4,48,1,LDA,0.7781400176150094,0.7781400176150094,1,0.5,1
14,4,49,1,LDA,0.9030031461247681,0.9030031461247681,1,0.5,2
14,4,53,1,LDA,0.9281366022467261,0.9281366022467261,1,0.5,1
14,4,57,1,LDA,0.9872307021641383,0.9872307021641383,1,0.5,1
15,0,03,0,Logistic,0.0010827110221581864,0.0010827110221581864,0,0.5800000000000001,2
15,0,04,0,Logistic,0.0075111363936804214,0.0075111363936804214,0,0.5800000000000001,1
15,0,05,0,Logistic,0.006332867921655928,0.006332867921655928,0,0.5800000000000001,1
15,0,11,1,Logistic,0.9876768738622494,0.9876768738622494,1,0.5800000000000001,1
15,0,18,0,Logistic,0.001507701085631238,0.001507701085631238,0,0.5800000000000001,1
15,0,24,1,Logistic,0.44603013285105253,0.44603013285105253,0,0.5800000000000001,1
15,0,29,1,Logistic,0.30589493499408227,0.30589493499408227,0,0.5800000000000001,1
15,0,30,1,Logistic,0.583806012997952,0.583806012997952,1,0.5800000000000001,2
15,0,38,1,Logistic,0.6154793326929398,0.6154793326929398,1,0.5800000000000001,1
15,0,39,1,Logistic,0.988817924054867,0.988817924054867,1,0.5800000000000001,1
15,0,49,1,Logistic,0.9366545767524347,0.9366545767524347,1,0.5800000000000001,2
15,0,57,1,Logistic,0.9584272749430389,0.9584272749430389,1,0.5800000000000001,1
15,0,03,0,CART,0.0,0.0,0,0.5,2
15,0,04,0,CART,0.0,0.0,0,0.5,1
15,0,05,0,CART,0.0,0.0,0,0.5,1
15,0,11,1,CART,1.0,1.0,1,0.5,1
15,0,18,0,CART,0.0,0.0,0,0.5,1
15,0,24,1,CART,1.0,1.0,1,0.5,1
15,0,29,1,CART,1.0,1.0,1,0.5,1
15,0,30,1,CART,0.25,0.25,0,0.5,2
15,0,38,1,CART,1.0,1.0,1,0.5,1
15,0,39,1,CART,1.0,1.0,1,0.5,1
15,0,49,1,CART,1.0,1.0,1,0.5,2
15,0,57,1,CART,1.0,1.0,1,0.5,1
15,0,03,0,LDA,0.012335259771492267,0.012335259771492267,0,0.5,2
15,0,04,0,LDA,0.10442218392753279,0.10442218392753279,0,0.5,1
15,0,05,0,LDA,0.09075241776939028,0.09075241776939028,0,0.5,1
15,0,11,1,LDA,0.9754671555107064,0.9754671555107064,1,0.5,1
15,0,18,0,LDA,0.10547155220765186,0.10547155220765186,0,0.5,1
15,0,24,1,LDA,0.9334548151093068,0.9334548151093068,1,0.5,1
15,0,29,1,LDA,0.7401871095326177,0.7401871095326177,1,0.5,1
15,0,30,1,LDA,0.8516061734792045,0.8516061734792045,1,0.5,2
15,0,38,1,LDA,0.9587313691996571,0.9587313691996571,1,0.5,1
15,0,39,1,LDA,0.9691862431148249,0.9691862431148249,1,0.5,1
15,0,49,1,LDA,0.9176126222524008,0.9176126222524008,1,0.5,2
15,0,57,1,LDA,0.9740016098385853,0.9740016098385853,1,0.5,1
15,1,02,1,Logistic,0.7591620295940928,0.7591620295940928,0,0.8,1
15,1,12,0,Logistic,0.7394494374778939,0.7394494374778939,0,0.8,1
15,1,16,0,Logistic,0.013697354213015834,0.013697354213015834,0,0.8,1
15,1,19,1,Logistic,0.8601764196800915,0.8601764196800915,1,0.8,1
15,1,26,1,Logistic,0.9084683308258017,0.9084683308258017,1,0.8,2
15,1,27,0,Logistic,0.8720114863460589,0.8720114863460589,1,0.8,1
15,1,35,1,Logistic,0.33594696797262774,0.33594696797262774,0,0.8,1
15,1,36,1,Logistic,0.9372843065761446,0.9372843065761446,1,0.8,1
15,1,43,1,Logistic,0.8645388797767234,0.8645388797767234,1,0.8,2
15,1,44,1,Logistic,0.8492629536390917,0.8492629536390917,1,0.8,1
15,1,51,1,Logistic,0.8845406449478047,0.8845406449478047,1,0.8,2
15,1,02,1,CART,0.8857142857142857,0.8857142857142857,1,0.5,1
15,1,12,0,CART,0.8857142857142857,0.8857142857142857,1,0.5,1
15,1,16,0,CART,0.1,0.1,0,0.5,1
15,1,19,1,CART,0.8857142857142857,0.8857142857142857,1,0.5,1
15,1,26,1,CART,0.8857142857142857,0.8857142857142857,1,0.5,2
15,1,27,0,CART,0.8857142857142857,0.8857142857142857,1,0.5,1
15,1,35,1,CART,0.1,0.1,0,0.5,1
15,1,36,1,CART,0.8857142857142857,0.8857142857142857,1,0.5,1
15,1,43,1,CART,0.8857142857142857,0.8857142857142857,1,0.5,2
15,1,44,1,CART,0.8857142857142857,0.8857142857142857,1,0.5,1
15,1,51,1,CART,0.8857142857142857,0.8857142857142857,1,0.5,2
15,1,02,1,LDA,0.9151160622491572,0.9151160622491572,1,0.41000000000000003,1
15,1,12,0,LDA,0.9003481962247801,0.9003481962247801,1,0.41000000000000003,1
15,1,16,0,LDA,6.273269652362558e-05,6.273269652362558e-05,0,0.41000000000000003,1
15,1,19,1,LDA,0.9738350431064109,0.9738350431064109,1,0.41000000000000003,1
15,1,26,1,LDA,0.995270234238223,0.995270234238223,1,0.41000000000000003,2
15,1,27,0,LDA,0.976060242257848,0.976060242257848,1,0.41000000000000003,1
15,1,35,1,LDA,0.2532700843167476,0.2532700843167476,0,0.41000000000000003,1
15,1,36,1,LDA,0.9959734975544986,0.9959734975544986,1,0.41000000000000003,1
15,1,43,1,LDA,0.9796051070396876,0.9796051070396876,1,0.41000000000000003,2
15,1,44,1,LDA,0.9422253475382093,0.9422253475382093,1,0.41000000000000003,1
15,1,51,1,LDA,0.9850273043885618,0.9850273043885618,1,0.41000000000000003,2
15,2,06,0,Logistic,0.04712004912784846,0.04712004912784846,0,0.5,2
15,2,10,0,Logistic,0.26421535745755875,0.26421535745755875,0,0.5,1
15,2,20,1,Logistic,0.7862612952928097,0.7862612952928097,1,0.5,1
15,2,21,0,Logistic,0.047701292096122776,0.047701292096122776,0,0.5,1
15,2,25,1,Logistic,0.7259635107602456,0.7259635107602456,1,0.5,1
15,2,31,1,Logistic,0.05539640582408034,0.05539640582408034,0,0.5,1
15,2,33,1,Logistic,0.7452374470680635,0.7452374470680635,1,0.5,1
15,2,37,1,Logistic,0.7513917854930028,0.7513917854930028,1,0.5,1
15,2,46,1,Logistic,0.9448443291059192,0.9448443291059192,1,0.5,1
15,2,53,1,Logistic,0.7419895337643229,0.7419895337643229,1,0.5,1
15,2,54,1,Logistic,0.9543456282784671,0.9543456282784671,1,0.5,2
15,2,06,0,CART,0.1111111111111111,0.1111111111111111,0,0.5,2
15,2,10,0,CART,1.0,1.0,1,0.5,1
15,2,20,1,CART,0.2857142857142857,0.2857142857142857,0,0.5,1
15,2,21,0,CART,0.1111111111111111,0.1111111111111111,0,0.5,1
15,2,25,1,CART,0.2857142857142857,0.2857142857142857,0,0.5,1
15,2,31,1,CART,0.1111111111111111,0.1111111111111111,0,0.5,1
15,2,33,1,CART,1.0,1.0,1,0.5,1
15,2,37,1,CART,0.2857142857142857,0.2857142857142857,0,0.5,1
15,2,46,1,CART,1.0,1.0,1,0.5,1
15,2,53,1,CART,1.0,1.0,1,0.5,1
15,2,54,1,CART,1.0,1.0,1,0.5,2
15,2,06,0,LDA,0.007546829575562439,0.007546829575562439,0,0.5,2
15,2,10,0,LDA,0.8481396341283223,0.8481396341283223,1,0.5,1
15,2,20,1,LDA,0.8337919685226775,0.8337919685226775,1,0.5,1
15,2,21,0,LDA,0.020246187459395333,0.020246187459395333,0,0.5,1
15,2,25,1,LDA,0.9134957383272592,0.9134957383272592,1,0.5,1
15,2,31,1,LDA,0.15987515299207722,0.15987515299207722,0,0.5,1
15,2,33,1,LDA,0.8863972985954376,0.8863972985954376,1,0.5,1
15,2,37,1,LDA,0.9182317997290828,0.9182317997290828,1,0.5,1
15,2,46,1,LDA,0.9320354165897978,0.9320354165897978,1,0.5,1
15,2,53,1,LDA,0.9310462476480256,0.9310462476480256,1,0.5,1
15,2,54,1,LDA,0.9550581927040466,0.9550581927040466,1,0.5,2
15,3,13,0,Logistic,0.3246245787058904,0.3246245787058904,0,0.5,1
15,3,14,0,Logistic,0.13882203361909945,0.13882203361909945,0,0.5,1
15,3,22,0,Logistic,0.7619140438475132,0.7619140438475132,1,0.5,1
15,3,28,1,Logistic,0.7162597519874492,0.7162597519874492,1,0.5,1
15,3,32,1,Logistic,0.7867314908869035,0.7867314908869035,1,0.5,1
15,3,40,1,Logistic,0.921196090469209,0.921196090469209,1,0.5,1
15,3,41,1,Logistic,0.8611672101305119,0.8611672101305119,1,0.5,1
15,3,45,1,Logistic,0.8493558488646742,0.8493558488646742,1,0.5,1
15,3,47,1,Logistic,0.8254872376429073,0.8254872376429073,1,0.5,1
15,3,48,1,Logistic,0.7069944974508247,0.7069944974508247,1,0.5,1
15,3,50,1,Logistic,0.8622885132723223,0.8622885132723223,1,0.5,2
15,3,13,0,CART,0.0,0.0,0,0.5,1
15,3,14,0,CART,0.0,0.0,0,0.5,1
15,3,22,0,CART,0.875,0.875,1,0.5,1
15,3,28,1,CART,0.875,0.875,1,0.5,1
15,3,32,1,CART,0.875,0.875,1,0.5,1
15,3,40,1,CART,1.0,1.0,1,0.5,1
15,3,41,1,CART,1.0,1.0,1,0.5,1
15,3,45,1,CART,1.0,1.0,1,0.5,1
15,3,47,1,CART,0.5,0.5,1,0.5,1
15,3,48,1,CART,0.875,0.875,1,0.5,1
15,3,50,1,CART,0.5,0.5,1,0.5,2
15,3,13,0,LDA,0.2854020745216574,0.2854020745216574,0,0.5,1
15,3,14,0,LDA,0.06345231428968398,0.06345231428968398,0,0.5,1
15,3,22,0,LDA,0.8601536656699285,0.8601536656699285,1,0.5,1
15,3,28,1,LDA,0.8072712845073448,0.8072712845073448,1,0.5,1
15,3,32,1,LDA,0.8835322884530871,0.8835322884530871,1,0.5,1
15,3,40,1,LDA,0.9857982373295298,0.9857982373295298,1,0.5,1
15,3,41,1,LDA,0.9592199278309226,0.9592199278309226,1,0.5,1
15,3,45,1,LDA,0.931719292300637,0.931719292300637,1,0.5,1
15,3,47,1,LDA,0.9215293682961255,0.9215293682961255,1,0.5,1
15,3,48,1,LDA,0.7824345158404106,0.7824345158404106,1,0.5,1
15,3,50,1,LDA,0.952844961696287,0.952844961696287,1,0.5,2
15,4,01,0,Logistic,0.1245334580481976,0.1245334580481976,0,0.7100000000000002,1
15,4,07,0,Logistic,0.8521161905613025,0.8521161905613025,1,0.7100000000000002,1
15,4,08,1,Logistic,0.998652586683931,0.998652586683931,1,0.7100000000000002,2
15,4,09,0,Logistic,0.6679640776245315,0.6679640776245315,0,0.7100000000000002,1
15,4,23,1,Logistic,0.9476688815147419,0.9476688815147419,1,0.7100000000000002,1
15,4,34,1,Logistic,0.9673127335910909,0.9673127335910909,1,0.7100000000000002,1
15,4,42,1,Logistic,0.9640560817249411,0.9640560817249411,1,0.7100000000000002,2
15,4,52,1,Logistic,0.9730999823864527,0.9730999823864527,1,0.7100000000000002,1
15,4,55,1,Logistic,0.24308330062327957,0.24308330062327957,0,0.7100000000000002,1
15,4,56,1,Logistic,0.9767525318967099,0.9767525318967099,1,0.7100000000000002,1
15,4,58,1,Logistic,0.967852499851508,0.967852499851508,1,0.7100000000000002,1
15,4,01,0,CART,0.0,0.0,0,0.5,1
15,4,07,0,CART,0.8888888888888888,0.8888888888888888,1,0.5,1
15,4,08,1,CART,0.8888888888888888,0.8888888888888888,1,0.5,2
15,4,09,0,CART,0.8888888888888888,0.8888888888888888,1,0.5,1
15,4,23,1,CART,0.8888888888888888,0.8888888888888888,1,0.5,1
15,4,34,1,CART,0.8888888888888888,0.8888888888888888,1,0.5,1
15,4,42,1,CART,0.8888888888888888,0.8888888888888888,1,0.5,2
15,4,52,1,CART,0.8888888888888888,0.8888888888888888,1,0.5,1
15,4,55,1,CART,0.8888888888888888,0.8888888888888888,1,0.5,1
15,4,56,1,CART,0.8888888888888888,0.8888888888888888,1,0.5,1
15,4,58,1,CART,0.8888888888888888,0.8888888888888888,1,0.5,1
15,4,01,0,LDA,0.23655648269859242,0.23655648269859242,0,0.5,1
15,4,07,0,LDA,0.9743902957558735,0.9743902957558735,1,0.5,1
15,4,08,1,LDA,0.9949204107534955,0.9949204107534955,1,0.5,2
15,4,09,0,LDA,0.9562653152079766,0.9562653152079766,1,0.5,1
15,4,23,1,LDA,0.9716627695308159,0.9716627695308159,1,0.5,1
15,4,34,1,LDA,0.9896794816529666,0.9896794816529666,1,0.5,1
15,4,42,1,LDA,0.9754407724344276,0.9754407724344276,1,0.5,2
15,4,52,1,LDA,0.9874857928914524,0.9874857928914524,1,0.5,1
15,4,55,1,LDA,0.6355794207103383,0.6355794207103383,1,0.5,1
15,4,56,1,LDA,0.9897214470889673,0.9897214470889673,1,0.5,1
15,4,58,1,LDA,0.9759203716620268,0.9759203716620268,1,0.5,1
16,0,03,0,Logistic,0.04334749330692898,0.04334749330692898,0,0.5,2
16,0,10,0,Logistic,0.9390974959219397,0.9390974959219397,1,0.5,1
16,0,11,1,Logistic,0.9260316840336676,0.9260316840336676,1,0.5,1
16,0,12,0,Logistic,0.902163520229067,0.902163520229067,1,0.5,1
16,0,19,1,Logistic,0.8944783905971819,0.8944783905971819,1,0.5,1
16,0,23,1,Logistic,0.8967304321255303,0.8967304321255303,1,0.5,1
16,0,24,1,Logistic,0.8979932053444223,0.8979932053444223,1,0.5,1
16,0,26,1,Logistic,0.9542890629846466,0.9542890629846466,1,0.5,2
16,0,27,0,Logistic,0.9471473693360571,0.9471473693360571,1,0.5,1
16,0,30,1,Logistic,0.7902568372594331,0.7902568372594331,1,0.5,2
16,0,34,1,Logistic,0.9540215637439096,0.9540215637439096,1,0.5,1
16,0,37,1,Logistic,0.9027245644793926,0.9027245644793926,1,0.5,1
16,0,03,0,CART,0.0,0.0,0,0.5,2
16,0,10,0,CART,0.9142857142857143,0.9142857142857143,1,0.5,1
16,0,11,1,CART,0.9142857142857143,0.9142857142857143,1,0.5,1
16,0,12,0,CART,0.9142857142857143,0.9142857142857143,1,0.5,1
16,0,19,1,CART,0.9142857142857143,0.9142857142857143,1,0.5,1
16,0,23,1,CART,0.9142857142857143,0.9142857142857143,1,0.5,1
16,0,24,1,CART,0.9142857142857143,0.9142857142857143,1,0.5,1
16,0,26,1,CART,0.9142857142857143,0.9142857142857143,1,0.5,2
16,0,27,0,CART,0.9142857142857143,0.9142857142857143,1,0.5,1
16,0,30,1,CART,0.9142857142857143,0.9142857142857143,1,0.5,2
16,0,34,1,CART,0.9142857142857143,0.9142857142857143,1,0.5,1
16,0,37,1,CART,0.9142857142857143,0.9142857142857143,1,0.5,1
16,0,03,0,LDA,0.014798445978465876,0.014798445978465876,0,0.38000000000000006,2
16,0,10,0,LDA,0.9552682183967877,0.9552682183967877,1,0.38000000000000006,1
16,0,11,1,LDA,0.9912905003044383,0.9912905003044383,1,0.38000000000000006,1
16,0,12,0,LDA,0.9407218648247427,0.9407218648247427,1,0.38000000000000006,1
16,0,19,1,LDA,0.9785746937236901,0.9785746937236901,1,0.38000000000000006,1
16,0,23,1,LDA,0.9780748295791447,0.9780748295791447,1,0.38000000000000006,1
16,0,24,1,LDA,0.8108014700707714,0.8108014700707714,1,0.38000000000000006,1
16,0,26,1,LDA,0.996012268656843,0.996012268656843,1,0.38000000000000006,2
16,0,27,0,LDA,0.9818580005987773,0.9818580005987773,1,0.38000000000000006,1
16,0,30,1,LDA,0.8214671993600683,0.8214671993600683,1,0.38000000000000006,2
16,0,34,1,LDA,0.9925085977374908,0.9925085977374908,1,0.38000000000000006,1
16,0,37,1,LDA,0.9802976579861624,0.9802976579861624,1,0.38000000000000006,1
16,1,01,0,Logistic,0.19008525051363023,0.19008525051363023,0,0.6100000000000001,1
16,1,02,1,Logistic,0.6669068554150023,0.6669068554150023,1,0.6100000000000001,1
16,1,09,0,Logistic,0.5720610291983715,0.5720610291983715,0,0.6100000000000001,1
16,1,21,0,Logistic,0.05835768959056123,0.05835768959056123,0,0.6100000000000001,1
16,1,33,1,Logistic,0.7567569084412527,0.7567569084412527,1,0.6100000000000001,1
16,1,41,1,Logistic,0.9943583221665842,0.9943583221665842,1,0.6100000000000001,1
16,1,43,1,Logistic,0.9917393436906419,0.9917393436906419,1,0.6100000000000001,2
16,1,46,1,Logistic,0.9570504328608207,0.9570504328608207,1,0.6100000000000001,1
16,1,47,1,Logistic,0.785332745838453,0.785332745838453,1,0.6100000000000001,1
16,1,53,1,Logistic,0.7446628604861041,0.7446628604861041,1,0.6100000000000001,1
16,1,57,1,Logistic,0.9611152273664738,0.9611152273664738,1,0.6100000000000001,1
16,1,01,0,CART,0.3333333333333333,0.3333333333333333,0,0.5,1
16,1,02,1,CART,0.0,0.0,0,0.5,1
16,1,09,0,CART,0.8,0.8,1,0.5,1
16,1,21,0,CART,0.0,0.0,0,0.5,1
16,1,33,1,CART,1.0,1.0,1,0.5,1
16,1,41,1,CART,1.0,1.0,1,0.5,1
16,1,43,1,CART,1.0,1.0,1,0.5,2
16,1,46,1,CART,1.0,1.0,1,0.5,1
16,1,47,1,CART,0.0,0.0,0,0.5,1
16,1,53,1,CART,1.0,1.0,1,0.5,1
16,1,57,1,CART,1.0,1.0,1,0.5,1
16,1,01,0,LDA,0.3121456849882793,0.3121456849882793,0,0.5,1
16,1,02,1,LDA,0.8808092203713919,0.8808092203713919,1,0.5,1
16,1,09,0,LDA,0.9121040248779492,0.9121040248779492,1,0.5,1
16,1,21,0,LDA,0.027959644528828678,0.027959644528828678,0,0.5,1
16,1,33,1,LDA,0.9007772442113651,0.9007772442113651,1,0.5,1
16,1,41,1,LDA,0.9609881628748455,0.9609881628748455,1,0.5,1
16,1,43,1,LDA,0.9602946861815114,0.9602946861815114,1,0.5,2
16,1,46,1,LDA,0.9413297986816205,0.9413297986816205,1,0.5,1
16,1,47,1,LDA,0.9370208742426073,0.9370208742426073,1,0.5,1
16,1,53,1,LDA,0.938817029339409,0.938817029339409,1,0.5,1
16,1,57,1,LDA,0.9790530209943774,0.9790530209943774,1,0.5,1
16,2,04,0,Logistic,0.15768477501607464,0.15768477501607464,0,0.6000000000000001,1
16,2,07,0,Logistic,0.7856421636762743,0.7856421636762743,1,0.6000000000000001,1
16,2,16,0,Logistic,0.008519489626560555,0.008519489626560555,0,0.6000000000000001,1
16,2,20,1,Logistic,0.8336245073612688,0.8336245073612688,1,0.6000000000000001,1
16,2,25,1,Logistic,0.7488673528840121,0.7488673528840121,1,0.6000000000000001,1
16,2,28,1,Logistic,0.693639881228534,0.693639881228534,1,0.6000000000000001,1
16,2,31,1,Logistic,0.049186957477983816,0.049186957477983816,0,0.6000000000000001,1
16,2,32,1,Logistic,0.6704076826586346,0.6704076826586346,1,0.6000000000000001,1
16,2,36,1,Logistic,0.8968059698586364,0.8968059698586364,1,0.6000000000000001,1
16,2,38,1,Logistic,0.7015613027942653,0.7015613027942653,1,0.6000000000000001,1
16,2,40,1,Logistic,0.997679802097135,0.997679802097135,1,0.6000000000000001,1
16,2,04,0,CART,0.0,0.0,0,0.5,1
16,2,07,0,CART,1.0,1.0,1,0.5,1
16,2,16,0,CART,0.0,0.0,0,0.5,1
16,2,20,1,CART,0.2,0.2,0,0.5,1
16,2,25,1,CART,1.0,1.0,1,0.5,1
16,2,28,1,CART,0.2,0.2,0,0.5,1
16,2,31,1,CART,0.0,0.0,0,0.5,1
16,2,32,1,CART,0.8333333333333334,0.8333333333333334,1,0.5,1
16,2,36,1,CART,1.0,1.0,1,0.5,1
16,2,38,1,CART,1.0,1.0,1,0.5,1
16,2,40,1,CART,1.0,1.0,1,0.5,1
16,2,04,0,LDA,0.21695421163081371,0.21695421163081371,0,0.5,1
16,2,07,0,LDA,0.9540337754051819,0.9540337754051819,1,0.5,1
16,2,16,0,LDA,2.604175372527027e-05,2.604175372527027e-05,0,0.5,1
16,2,20,1,LDA,0.8721066402028371,0.8721066402028371,1,0.5,1
16,2,25,1,LDA,0.9495140722921211,0.9495140722921211,1,0.5,1
16,2,28,1,LDA,0.7191246738542035,0.7191246738542035,1,0.5,1
16,2,31,1,LDA,0.15380041643281164,0.15380041643281164,0,0.5,1
16,2,32,1,LDA,0.874695960505389,0.874695960505389,1,0.5,1
16,2,36,1,LDA,0.991795028401113,0.991795028401113,1,0.5,1
16,2,38,1,LDA,0.9803840785014204,0.9803840785014204,1,0.5,1
16,2,40,1,LDA,0.9980411225084826,0.9980411225084826,1,0.5,1
16,3,05,0,Logistic,0.3790616926278789,0.3790616926278789,0,0.5,1
16,3,08,1,Logistic,0.9214703487027315,0.9214703487027315,1,0.5,2
16,3,13,0,Logistic,0.3946425116303977,0.3946425116303977,0,0.5,1
16,3,22,0,Logistic,0.8330226883440743,0.8330226883440743,1,0.5,1
16,3,39,1,Logistic,0.899644463640907,0.899644463640907,1,0.5,1
16,3,44,1,Logistic,0.6860532871917149,0.6860532871917149,1,0.5,1
16,3,45,1,Logistic,0.8635617950257769,0.8635617950257769,1,0.5,1
16,3,51,1,Logistic,0.8368977764850334,0.8368977764850334,1,0.5,2
16,3,52,1,Logistic,0.902839811693423,0.902839811693423,1,0.5,1
16,3,54,1,Logistic,0.869729995358876,0.869729995358876,1,0.5,2
16,3,55,1,Logistic,0.7312189692970733,0.7312189692970733,1,0.5,1
16,3,05,0,CART,0.0,0.0,0,0.45000000000000007,1
16,3,08,1,CART,1.0,1.0,1,0.45000000000000007,2
16,3,13,0,CART,0.0,0.0,0,0.45000000000000007,1
16,3,22,0,CART,1.0,1.0,1,0.45000000000000007,1
16,3,39,1,CART,1.0,1.0,1,0.45000000000000007,1
16,3,44,1,CART,1.0,1.0,1,0.45000000000000007,1
16,3,45,1,CART,1.0,1.0,1,0.45000000000000007,1
16,3,51,1,CART,1.0,1.0,1,0.45000000000000007,2
16,3,52,1,CART,1.0,1.0,1,0.45000000000000007,1
16,3,54,1,CART,1.0,1.0,1,0.45000000000000007,2
16,3,55,1,CART,1.0,1.0,1,0.45000000000000007,1
16,3,05,0,LDA,0.211478063344171,0.211478063344171,0,0.5,1
16,3,08,1,LDA,0.98844536628787,0.98844536628787,1,0.5,2
16,3,13,0,LDA,0.19800622834279932,0.19800622834279932,0,0.5,1
16,3,22,0,LDA,0.8896678689677583,0.8896678689677583,1,0.5,1
16,3,39,1,LDA,0.9799807983624436,0.9799807983624436,1,0.5,1
16,3,44,1,LDA,0.8967530348417364,0.8967530348417364,1,0.5,1
16,3,45,1,LDA,0.9706014043964801,0.9706014043964801,1,0.5,1
16,3,51,1,LDA,0.9696182224452766,0.9696182224452766,1,0.5,2
16,3,52,1,LDA,0.9738409800273403,0.9738409800273403,1,0.5,1
16,3,54,1,LDA,0.971316233085746,0.971316233085746,1,0.5,2
16,3,55,1,LDA,0.5760583342691805,0.5760583342691805,1,0.5,1
16,4,06,0,Logistic,0.0019076311777287025,0.0019076311777287025,0,0.43000000000000005,2
16,4,14,0,Logistic,0.001623827121019999,0.001623827121019999,0,0.43000000000000005,1
16,4,18,0,Logistic,0.02447022069088976,0.02447022069088976,0,0.43000000000000005,1
16,4,29,1,Logistic,0.09257428921700575,0.09257428921700575,0,0.43000000000000005,1
16,4,35,1,Logistic,0.051429176077524404,0.051429176077524404,0,0.43000000000000005,1
16,4,42,1,Logistic,0.9833129713357835,0.9833129713357835,1,0.43000000000000005,2
16,4,48,1,Logistic,0.13238027659085094,0.13238027659085094,0,0.43000000000000005,1
16,4,49,1,Logistic,0.9783244329398165,0.9783244329398165,1,0.43000000000000005,2
16,4,50,1,Logistic,0.9882114461437999,0.9882114461437999,1,0.43000000000000005,2
16,4,56,1,Logistic,0.9925958884560564,0.9925958884560564,1,0.43000000000000005,1
16,4,58,1,Logistic,0.9939063300877167,0.9939063300877167,1,0.43000000000000005,1
16,4,06,0,CART,0.0,0.0,0,0.44000000000000006,2
16,4,14,0,CART,0.0,0.0,0,0.44000000000000006,1
16,4,18,0,CART,0.0,0.0,0,0.44000000000000006,1
16,4,29,1,CART,1.0,1.0,1,0.44000000000000006,1
16,4,35,1,CART,0.625,0.625,1,0.44000000000000006,1
16,4,42,1,CART,1.0,1.0,1,0.44000000000000006,2
16,4,48,1,CART,1.0,1.0,1,0.44000000000000006,1
16,4,49,1,CART,1.0,1.0,1,0.44000000000000006,2
16,4,50,1,CART,0.625,0.625,1,0.44000000000000006,2
16,4,56,1,CART,1.0,1.0,1,0.44000000000000006,1
16,4,58,1,CART,0.625,0.625,1,0.44000000000000006,1
16,4,06,0,LDA,0.0009296088439161546,0.0009296088439161546,0,0.35000000000000003,2
16,4,14,0,LDA,0.016999111245806022,0.016999111245806022,0,0.35000000000000003,1
16,4,18,0,LDA,0.1975437938786567,0.1975437938786567,0,0.35000000000000003,1
16,4,29,1,LDA,0.416291417366128,0.416291417366128,1,0.35000000000000003,1
16,4,35,1,LDA,0.6273626181792434,0.6273626181792434,1,0.35000000000000003,1
16,4,42,1,LDA,0.9239693724097341,0.9239693724097341,1,0.35000000000000003,2
16,4,48,1,LDA,0.73107691876352,0.73107691876352,1,0.35000000000000003,1
16,4,49,1,LDA,0.8541233641946947,0.8541233641946947,1,0.35000000000000003,2
16,4,50,1,LDA,0.9473969860864608,0.9473969860864608,1,0.35000000000000003,2
16,4,56,1,LDA,0.9728933896842512,0.9728933896842512,1,0.35000000000000003,1
16,4,58,1,LDA,0.9386165441236792,0.9386165441236792,1,0.35000000000000003,1
17,0,11,1,Logistic,0.9618699477458091,0.9618699477458091,1,0.5,1
17,0,14,0,Logistic,0.060350523397933516,0.060350523397933516,0,0.5,1
17,0,18,0,Logistic,0.18890828835496964,0.18890828835496964,0,0.5,1
17,0,21,0,Logistic,0.09625584539450205,0.09625584539450205,0,0.5,1
17,0,25,1,Logistic,0.6784799025394296,0.6784799025394296,1,0.5,1
17,0,29,1,Logistic,0.2514643013903505,0.2514643013903505,0,0.5,1
17,0,33,1,Logistic,0.7011450104232261,0.7011450104232261,1,0.5,1
17,0,43,1,Logistic,0.9876113939292476,0.9876113939292476,1,0.5,2
17,0,49,1,Logistic,0.8814906089143075,0.8814906089143075,1,0.5,2
17,0,54,1,Logistic,0.9547533815168074,0.9547533815168074,1,0.5,2
17,0,57,1,Logistic,0.9383570072311473,0.9383570072311473,1,0.5,1
17,0,11,1,CART,1.0,1.0,1,0.5,1
17,0,14,0,CART,0.0,0.0,0,0.5,1
17,0,18,0,CART,0.25,0.25,0,0.5,1
17,0,21,0,CART,0.0,0.0,0,0.5,1
17,0,25,1,CART,0.7272727272727273,0.7272727272727273,1,0.5,1
17,0,29,1,CART,0.7272727272727273,0.7272727272727273,1,0.5,1
17,0,33,1,CART,0.7272727272727273,0.7272727272727273,1,0.5,1
17,0,43,1,CART,0.7272727272727273,0.7272727272727273,1,0.5,2
17,0,49,1,CART,0.7272727272727273,0.7272727272727273,1,0.5,2
17,0,54,1,CART,1.0,1.0,1,0.5,2
17,0,57,1,CART,1.0,1.0,1,0.5,1
17,0,11,1,LDA,0.9456347154134113,0.9456347154134113,1,0.5,1
17,0,14,0,LDA,0.09029240785336534,0.09029240785336534,0,0.5,1
17,0,18,0,LDA,0.3874970304968257,0.3874970304968257,0,0.5,1
17,0,21,0,LDA,0.04862181890584256,0.04862181890584256,0,0.5,1
17,0,25,1,LDA,0.8905319228380739,0.8905319228380739,1,0.5,1
17,0,29,1,LDA,0.5488800629597029,0.5488800629597029,1,0.5,1
17,0,33,1,LDA,0.8398705387767131,0.8398705387767131,1,0.5,1
17,0,43,1,LDA,0.9299958755551375,0.9299958755551375,1,0.5,2
17,0,49,1,LDA,0.8464423277228038,0.8464423277228038,1,0.5,2
17,0,54,1,LDA,0.9407498356247325,0.9407498356247325,1,0.5,2
17,0,57,1,LDA,0.957345275435135,0.957345275435135,1,0.5,1
17,1,07,0,Logistic,0.7328848418869316,0.7328848418869316,1,0.5,1
17,1,08,1,Logistic,0.8409384247460371,0.8409384247460371,1,0.5,2
17,1,09,0,Logistic,0.7112753429916424,0.7112753429916424,1,0.5,1
17,1,19,1,Logistic,0.7218177748625602,0.7218177748625602,1,0.5,1
17,1,20,1,Logistic,0.6534284654641106,0.6534284654641106,1,0.5,1
17,1,27,0,Logistic,0.726076301669527,0.726076301669527,1,0.5,1
17,1,28,1,Logistic,0.6261957102970855,0.6261957102970855,1,0.5,1
17,1,39,1,Logistic,0.8080919456532418,0.8080919456532418,1,0.5,1
17,1,42,1,Logistic,0.7158610983026327,0.7158610983026327,1,0.5,2
17,1,44,1,Logistic,0.614315751993277,0.614315751993277,1,0.5,1
17,1,58,1,Logistic,0.7334208561373412,0.7334208561373412,1,0.5,1
17,1,07,0,CART,1.0,1.0,1,0.6700000000000002,1
17,1,08,1,CART,1.0,1.0,1,0.6700000000000002,2
17,1,09,0,CART,1.0,1.0,1,0.6700000000000002,1
17,1,19,1,CART,1.0,1.0,1,0.6700000000000002,1
17,1,20,1,CART,0.25,0.25,0,0.6700000000000002,1
17,1,27,0,CART,1.0,1.0,1,0.6700000000000002,1
17,1,28,1,CART,1.0,1.0,1,0.6700000000000002,1
17,1,39,1,CART,1.0,1.0,1,0.6700000000000002,1
17,1,42,1,CART,1.0,1.0,1,0.6700000000000002,2
17,1,44,1,CART,1.0,1.0,1,0.6700000000000002,1
17,1,58,1,CART,1.0,1.0,1,0.6700000000000002,1
17,1,07,0,LDA,0.9861408897713764,0.9861408897713764,1,0.5,1
17,1,08,1,LDA,0.9975981500633839,0.9975981500633839,1,0.5,2
17,1,09,0,LDA,0.976009805649736,0.976009805649736,1,0.5,1
17,1,19,1,LDA,0.9816696057291585,0.9816696057291585,1,0.5,1
17,1,20,1,LDA,0.941534074719515,0.941534074719515,1,0.5,1
17,1,27,0,LDA,0.9853349979489942,0.9853349979489942,1,0.5,1
17,1,28,1,LDA,0.9389943109872345,0.9389943109872345,1,0.5,1
17,1,39,1,LDA,0.9950044115127491,0.9950044115127491,1,0.5,1
17,1,42,1,LDA,0.9830336086160877,0.9830336086160877,1,0.5,2
17,1,44,1,LDA,0.9392485632939104,0.9392485632939104,1,0.5,1
17,1,58,1,LDA,0.9845422890012163,0.9845422890012163,1,0.5,1
17,2,03,0,Logistic,0.002365386639760002,0.002365386639760002,0,0.76,2
17,2,06,0,Logistic,0.0007753104446940308,0.0007753104446940308,0,0.76,2
17,2,16,0,Logistic,0.00010952528393796996,0.00010952528393796996,0,0.76,1
17,2,22,0,Logistic,0.7634689124239958,0.7634689124239958,1,0.76,1
17,2,23,1,Logistic,0.8846591201374444,0.8846591201374444,1,0.76,1
17,2,24,1,Logistic,0.7853701820113573,0.7853701820113573,1,0.76,1
17,2,30,1,Logistic,0.6336950364803159,0.6336950364803159,0,0.76,2
17,2,41,1,Logistic,0.8625551346549385,0.8625551346549385,1,0.76,1
17,2,48,1,Logistic,0.901333069645878,0.901333069645878,1,0.76,1
17,2,50,1,Logistic,0.9157734489796817,0.9157734489796817,1,0.76,2
17,2,51,1,Logistic,0.9222076360942374,0.9222076360942374,1,0.76,2
17,2,53,1,Logistic,0.9818303845184989,0.9818303845184989,1,0.76,1
17,2,03,0,CART,0.0,0.0,0,0.5,2
17,2,06,0,CART,0.0,0.0,0,0.5,2
17,2,16,0,CART,0.0,0.0,0,0.5,1
17,2,22,0,CART,0.6666666666666666,0.6666666666666666,1,0.5,1
17,2,23,1,CART,0.9285714285714286,0.9285714285714286,1,0.5,1
17,2,24,1,CART,0.9285714285714286,0.9285714285714286,1,0.5,1
17,2,30,1,CART,0.6666666666666666,0.6666666666666666,1,0.5,2
17,2,41,1,CART,0.9285714285714286,0.9285714285714286,1,0.5,1
17,2,48,1,CART,0.9285714285714286,0.9285714285714286,1,0.5,1
17,2,50,1,CART,0.9285714285714286,0.9285714285714286,1,0.5,2
17,2,51,1,CART,0.9285714285714286,0.9285714285714286,1,0.5,2
17,2,53,1,CART,0.9285714285714286,0.9285714285714286,1,0.5,1
17,2,03,0,LDA,0.0011231477508840827,0.0011231477508840827,0,0.5,2
17,2,06,0,LDA,0.0001142898532730417,0.0001142898532730417,0,0.5,2
17,2,16,0,LDA,1.5788382691693254e-05,1.5788382691693254e-05,0,0.5,1
17,2,22,0,LDA,0.861972053241681,0.861972053241681,1,0.5,1
17,2,23,1,LDA,0.9508042651728005,0.9508042651728005,1,0.5,1
17,2,24,1,LDA,0.9571545213820793,0.9571545213820793,1,0.5,1
17,2,30,1,LDA,0.8394507327536286,0.8394507327536286,1,0.5,2
17,2,41,1,LDA,0.9588110278048247,0.9588110278048247,1,0.5,1
17,2,48,1,LDA,0.8729114507170236,0.8729114507170236,1,0.5,1
17,2,50,1,LDA,0.9704708987054173,0.9704708987054173,1,0.5,2
17,2,51,1,LDA,0.9724695437409213,0.9724695437409213,1,0.5,2
17,2,53,1,LDA,0.9780637039958835,0.9780637039958835,1,0.5,1
17,3,04,0,Logistic,0.14620702385325965,0.14620702385325965,0,0.51,1
17,3,12,0,Logistic,0.3695301913991415,0.3695301913991415,0,0.51,1
17,3,13,0,Logistic,0.10517627003868425,0.10517627003868425,0,0.51,1
17,3,26,1,Logistic,0.9988661237197639,0.9988661237197639,1,0.51,2
17,3,31,1,Logistic,0.041725330093974666,0.041725330093974666,0,0.51,1
17,3,32,1,Logistic,0.6575919790782182,0.6575919790782182,1,0.51,1
17,3,34,1,Logistic,0.9446481111173897,0.9446481111173897,1,0.51,1
17,3,37,1,Logistic,0.8205087716263946,0.8205087716263946,1,0.51,1
17,3,40,1,Logistic,0.9988218965481751,0.9988218965481751,1,0.51,1
17,3,46,1,Logistic,0.9750080389175175,0.9750080389175175,1,0.51,1
17,3,55,1,Logistic,0.16028889786399977,0.16028889786399977,0,0.51,1
17,3,04,0,CART,0.0,0.0,0,0.5,1
17,3,12,0,CART,0.8648648648648649,0.8648648648648649,1,0.5,1
17,3,13,0,CART,0.0,0.0,0,0.5,1
17,3,26,1,CART,0.8648648648648649,0.8648648648648649,1,0.5,2
17,3,31,1,CART,0.0,0.0,0,0.5,1
17,3,32,1,CART,0.8648648648648649,0.8648648648648649,1,0.5,1
17,3,34,1,CART,0.8648648648648649,0.8648648648648649,1,0.5,1
17,3,37,1,CART,0.8648648648648649,0.8648648648648649,1,0.5,1
17,3,40,1,CART,0.8648648648648649,0.8648648648648649,1,0.5,1
17,3,46,1,CART,0.8648648648648649,0.8648648648648649,1,0.5,1
17,3,55,1,CART,0.8648648648648649,0.8648648648648649,1,0.5,1
17,3,04,0,LDA,0.16182319357338082,0.16182319357338082,0,0.5,1
17,3,12,0,LDA,0.8796113249248443,0.8796113249248443,1,0.5,1
17,3,13,0,LDA,0.13253977053149998,0.13253977053149998,0,0.5,1
17,3,26,1,LDA,0.9920313248461072,0.9920313248461072,1,0.5,2
17,3,31,1,LDA,0.20948175997304594,0.20948175997304594,0,0.5,1
17,3,32,1,LDA,0.9330266418894844,0.9330266418894844,1,0.5,1
17,3,34,1,LDA,0.9803546720446576,0.9803546720446576,1,0.5,1
17,3,37,1,LDA,0.9538704936316488,0.9538704936316488,1,0.5,1
17,3,40,1,LDA,0.9881762932501474,0.9881762932501474,1,0.5,1
17,3,46,1,LDA,0.9629815925855935,0.9629815925855935,1,0.5,1
17,3,55,1,LDA,0.5063501739593587,0.5063501739593587,1,0.5,1
17,4,01,0,Logistic,0.2986213826916023,0.2986213826916023,0,0.4600000000000001,1
17,4,02,1,Logistic,0.745724570085849,0.745724570085849,1,0.4600000000000001,1
17,4,05,0,Logistic,0.2864742281153788,0.2864742281153788,0,0.4600000000000001,1
17,4,10,0,Logistic,0.7386736390190219,0.7386736390190219,1,0.4600000000000001,1
17,4,35,1,Logistic,0.3748836626513047,0.3748836626513047,0,0.4600000000000001,1
17,4,36,1,Logistic,0.9193713124978622,0.9193713124978622,1,0.4600000000000001,1
17,4,38,1,Logistic,0.8729167334851795,0.8729167334851795,1,0.4600000000000001,1
17,4,45,1,Logistic,0.9077124701257947,0.9077124701257947,1,0.4600000000000001,1
17,4,47,1,Logistic,0.853076826284652,0.853076826284652,1,0.4600000000000001,1
17,4,52,1,Logistic,0.8669811296468783,0.8669811296468783,1,0.4600000000000001,1
17,4,56,1,Logistic,0.882450953478747,0.882450953478747,1,0.4600000000000001,1
17,4,01,0,CART,0.0,0.0,0,0.5,1
17,4,02,1,CART,0.4444444444444444,0.4444444444444444,0,0.5,1
17,4,05,0,CART,0.0,0.0,0,0.5,1
17,4,10,0,CART,1.0,1.0,1,0.5,1
17,4,35,1,CART,0.4444444444444444,0.4444444444444444,0,0.5,1
17,4,36,1,CART,1.0,1.0,1,0.5,1
17,4,38,1,CART,1.0,1.0,1,0.5,1
17,4,45,1,CART,1.0,1.0,1,0.5,1
17,4,47,1,CART,0.4444444444444444,0.4444444444444444,0,0.5,1
17,4,52,1,CART,1.0,1.0,1,0.5,1
17,4,56,1,CART,1.0,1.0,1,0.5,1
17,4,01,0,LDA,0.2744151955268826,0.2744151955268826,0,0.5,1
17,4,02,1,LDA,0.8988993575727154,0.8988993575727154,1,0.5,1
17,4,05,0,LDA,0.22569559875492207,0.22569559875492207,0,0.5,1
17,4,10,0,LDA,0.9091912695536977,0.9091912695536977,1,0.5,1
17,4,35,1,LDA,0.4928636396272514,0.4928636396272514,0,0.5,1
17,4,36,1,LDA,0.988386923781365,0.988386923781365,1,0.5,1
17,4,38,1,LDA,0.9755837423402346,0.9755837423402346,1,0.5,1
17,4,45,1,LDA,0.9639434580480762,0.9639434580480762,1,0.5,1
17,4,47,1,LDA,0.9521315735375265,0.9521315735375265,1,0.5,1
17,4,52,1,LDA,0.9822143748493719,0.9822143748493719,1,0.5,1
17,4,56,1,LDA,0.9844455451681774,0.9844455451681774,1,0.5,1
18,0,01,0,Logistic,0.22956027362517464,0.22956027362517464,0,0.51,1
18,0,04,0,Logistic,0.2822818088905821,0.2822818088905821,0,0.51,1
18,0,14,0,Logistic,0.06134758885146564,0.06134758885146564,0,0.51,1
18,0,20,1,Logistic,0.7289065584826978,0.7289065584826978,1,0.51,1
18,0,28,1,Logistic,0.5752978006289833,0.5752978006289833,1,0.51,1
18,0,40,1,Logistic,0.9992860064821786,0.9992860064821786,1,0.51,1
18,0,41,1,Logistic,0.9976329730775008,0.9976329730775008,1,0.51,1
18,0,45,1,Logistic,0.6372011315630687,0.6372011315630687,1,0.51,1
18,0,46,1,Logistic,0.9143643687388395,0.9143643687388395,1,0.51,1
18,0,54,1,Logistic,0.9781643199466141,0.9781643199466141,1,0.51,2
18,0,58,1,Logistic,0.9563259014534674,0.9563259014534674,1,0.51,1
18,0,01,0,CART,0.0,0.0,0,0.5,1
18,0,04,0,CART,0.0,0.0,0,0.5,1
18,0,14,0,CART,0.0,0.0,0,0.5,1
18,0,20,1,CART,0.8421052631578947,0.8421052631578947,1,0.5,1
18,0,28,1,CART,0.8421052631578947,0.8421052631578947,1,0.5,1
18,0,40,1,CART,0.8421052631578947,0.8421052631578947,1,0.5,1
18,0,41,1,CART,0.8421052631578947,0.8421052631578947,1,0.5,1
18,0,45,1,CART,0.8421052631578947,0.8421052631578947,1,0.5,1
18,0,46,1,CART,0.8421052631578947,0.8421052631578947,1,0.5,1
18,0,54,1,CART,0.8421052631578947,0.8421052631578947,1,0.5,2
18,0,58,1,CART,0.8421052631578947,0.8421052631578947,1,0.5,1
18,0,01,0,LDA,0.3270695615901859,0.3270695615901859,0,0.5,1
18,0,04,0,LDA,0.30642258199723255,0.30642258199723255,0,0.5,1
18,0,14,0,LDA,0.07272424960294173,0.07272424960294173,0,0.5,1
18,0,20,1,LDA,0.841346963072791,0.841346963072791,1,0.5,1
18,0,28,1,LDA,0.8057302462181983,0.8057302462181983,1,0.5,1
18,0,40,1,LDA,0.9806063339114903,0.9806063339114903,1,0.5,1
18,0,41,1,LDA,0.9516432101798137,0.9516432101798137,1,0.5,1
18,0,45,1,LDA,0.9258978059905565,0.9258978059905565,1,0.5,1
18,0,46,1,LDA,0.9157952121590603,0.9157952121590603,1,0.5,1
18,0,54,1,LDA,0.9545915669970013,0.9545915669970013,1,0.5,2
18,0,58,1,LDA,0.9311894861931543,0.9311894861931543,1,0.5,1
18,1,02,1,Logistic,0.5996235270676229,0.5996235270676229,1,0.5,1
18,1,03,0,Logistic,0.04363966051677423,0.04363966051677423,0,0.5,2
18,1,05,0,Logistic,0.21234831698905832,0.21234831698905832,0,0.5,1
18,1,09,0,Logistic,0.4961790039555029,0.4961790039555029,0,0.5,1
18,1,11,1,Logistic,0.9847092014233704,0.9847092014233704,1,0.5,1
18,1,19,1,Logistic,0.9260268050763523,0.9260268050763523,1,0.5,1
18,1,34,1,Logistic,0.9567931512088501,0.9567931512088501,1,0.5,1
18,1,36,1,Logistic,0.9677926859678779,0.9677926859678779,1,0.5,1
18,1,42,1,Logistic,0.9712437687555187,0.9712437687555187,1,0.5,2
18,1,43,1,Logistic,0.996973502022508,0.996973502022508,1,0.5,2
18,1,44,1,Logistic,0.7883310135128924,0.7883310135128924,1,0.5,1
18,1,02,1,CART,0.5321637426900585,0.5321637426900585,1,0.5,1
18,1,03,0,CART,0.0,0.0,0,0.5,2
18,1,05,0,CART,0.0,0.0,0,0.5,1
18,1,09,0,CART,0.5321637426900585,0.5321637426900585,1,0.5,1
18,1,11,1,CART,1.0,1.0,1,0.5,1
18,1,19,1,CART,0.5321637426900585,0.5321637426900585,1,0.5,1
18,1,34,1,CART,1.0,1.0,1,0.5,1
18,1,36,1,CART,0.5321637426900585,0.5321637426900585,1,0.5,1
18,1,42,1,CART,0.5321637426900585,0.5321637426900585,1,0.5,2
18,1,43,1,CART,1.0,1.0,1,0.5,2
18,1,44,1,CART,0.5321637426900585,0.5321637426900585,1,0.5,1
18,1,02,1,LDA,0.876957965634503,0.876957965634503,1,0.5,1
18,1,03,0,LDA,0.027955384696451143,0.027955384696451143,0,0.5,2
18,1,05,0,LDA,0.23389940186241584,0.23389940186241584,0,0.5,1
18,1,09,0,LDA,0.9177977119696225,0.9177977119696225,1,0.5,1
18,1,11,1,LDA,0.9753717966523503,0.9753717966523503,1,0.5,1
18,1,19,1,LDA,0.9448024402325345,0.9448024402325345,1,0.5,1
18,1,34,1,LDA,0.9767708291291438,0.9767708291291438,1,0.5,1
18,1,36,1,LDA,0.9856974114126896,0.9856974114126896,1,0.5,1
18,1,42,1,LDA,0.9531690125433405,0.9531690125433405,1,0.5,2
18,1,43,1,LDA,0.9618563910122921,0.9618563910122921,1,0.5,2
18,1,44,1,LDA,0.879097434805947,0.879097434805947,1,0.5,1
18,2,06,0,Logistic,0.01788578827112524,0.01788578827112524,0,0.5,2
18,2,10,0,Logistic,0.774288928273881,0.774288928273881,1,0.5,1
18,2,13,0,Logistic,0.2557622808398643,0.2557622808398643,0,0.5,1
18,2,23,1,Logistic,0.8462887117346791,0.8462887117346791,1,0.5,1
18,2,25,1,Logistic,0.8440520653128268,0.8440520653128268,1,0.5,1
18,2,26,1,Logistic,0.9462086901432669,0.9462086901432669,1,0.5,2
18,2,31,1,Logistic,0.2873766193191451,0.2873766193191451,0,0.5,1
18,2,37,1,Logistic,0.8442207714740351,0.8442207714740351,1,0.5,1
18,2,38,1,Logistic,0.8936255159008262,0.8936255159008262,1,0.5,1
18,2,50,1,Logistic,0.8776674435232991,0.8776674435232991,1,0.5,2
18,2,52,1,Logistic,0.9039317432550567,0.9039317432550567,1,0.5,1
18,2,06,0,CART,0.0,0.0,0,0.5,2
18,2,10,0,CART,1.0,1.0,1,0.5,1
18,2,13,0,CART,0.0,0.0,0,0.5,1
18,2,23,1,CART,1.0,1.0,1,0.5,1
18,2,25,1,CART,0.4444444444444444,0.4444444444444444,0,0.5,1
18,2,26,1,CART,1.0,1.0,1,0.5,2
18,2,31,1,CART,0.0,0.0,0,0.5,1
18,2,37,1,CART,0.4444444444444444,0.4444444444444444,0,0.5,1
18,2,38,1,CART,0.4444444444444444,0.4444444444444444,0,0.5,1
18,2,50,1,CART,1.0,1.0,1,0.5,2
18,2,52,1,CART,1.0,1.0,1,0.5,1
18,2,06,0,LDA,0.0024148796477950945,0.0024148796477950945,0,0.5,2
18,2,10,0,LDA,0.8900170321230104,0.8900170321230104,1,0.5,1
18,2,13,0,LDA,0.16615479427860846,0.16615479427860846,0,0.5,1
18,2,23,1,LDA,0.9498776313238381,0.9498776313238381,1,0.5,1
18,2,25,1,LDA,0.9488434768873014,0.9488434768873014,1,0.5,1
18,2,26,1,LDA,0.9902414793268878,0.9902414793268878,1,0.5,2
18,2,31,1,LDA,0.21189215024183472,0.21189215024183472,0,0.5,1
18,2,37,1,LDA,0.9516193607012954,0.9516193607012954,1,0.5,1
18,2,38,1,LDA,0.9729661725890575,0.9729661725890575,1,0.5,1
18,2,50,1,LDA,0.9661986109882613,0.9661986109882613,1,0.5,2
18,2,52,1,LDA,0.9762841095180389,0.9762841095180389,1,0.5,1
18,3,16,0,Logistic,0.007733401880988013,0.007733401880988013,0,0.49000000000000005,1
18,3,18,0,Logistic,0.09392990300140476,0.09392990300140476,0,0.49000000000000005,1
18,3,22,0,Logistic,0.4313483934045755,0.4313483934045755,0,0.49000000000000005,1
18,3,30,1,Logistic,0.3463982731908963,0.3463982731908963,0,0.49000000000000005,2
18,3,35,1,Logistic,0.0617946731838451,0.0617946731838451,0,0.49000000000000005,1
18,3,39,1,Logistic,0.9251589213476812,0.9251589213476812,1,0.49000000000000005,1
18,3,49,1,Logistic,0.8217935947618541,0.8217935947618541,1,0.49000000000000005,2
18,3,51,1,Logistic,0.9242306063522081,0.9242306063522081,1,0.49000000000000005,2
18,3,53,1,Logistic,0.8377787390595165,0.8377787390595165,1,0.49000000000000005,1
18,3,55,1,Logistic,0.14927783099077552,0.14927783099077552,0,0.49000000000000005,1
18,3,57,1,Logistic,0.8726703763936572,0.8726703763936572,1,0.49000000000000005,1
18,3,16,0,CART,0.0,0.0,0,0.5,1
18,3,18,0,CART,0.0,0.0,0,0.5,1
18,3,22,0,CART,0.7222222222222223,0.7222222222222223,1,0.5,1
18,3,30,1,CART,0.7222222222222223,0.7222222222222223,1,0.5,2
18,3,35,1,CART,0.7222222222222223,0.7222222222222223,1,0.5,1
18,3,39,1,CART,0.7222222222222223,0.7222222222222223,1,0.5,1
18,3,49,1,CART,0.7222222222222223,0.7222222222222223,1,0.5,2
18,3,51,1,CART,0.7222222222222223,0.7222222222222223,1,0.5,2
18,3,53,1,CART,0.7222222222222223,0.7222222222222223,1,0.5,1
18,3,55,1,CART,0.7222222222222223,0.7222222222222223,1,0.5,1
18,3,57,1,CART,0.7222222222222223,0.7222222222222223,1,0.5,1
18,3,16,0,LDA,0.00021676927212849274,0.00021676927212849274,0,0.5,1
18,3,18,0,LDA,0.09701562402194006,0.09701562402194006,0,0.5,1
18,3,22,0,LDA,0.904535944604969,0.904535944604969,1,0.5,1
18,3,30,1,LDA,0.6421142118318641,0.6421142118318641,1,0.5,2
18,3,35,1,LDA,0.21999915216599392,0.21999915216599392,0,0.5,1
18,3,39,1,LDA,0.9802795757812659,0.9802795757812659,1,0.5,1
18,3,49,1,LDA,0.9377978031022205,0.9377978031022205,1,0.5,2
18,3,51,1,LDA,0.9748977411523307,0.9748977411523307,1,0.5,2
18,3,53,1,LDA,0.9795029713261684,0.9795029713261684,1,0.5,1
18,3,55,1,LDA,0.34581962895223045,0.34581962895223045,0,0.5,1
18,3,57,1,LDA,0.9843810567058213,0.9843810567058213,1,0.5,1
18,4,07,0,Logistic,0.8197724357752909,0.8197724357752909,1,0.5,1
18,4,08,1,Logistic,0.9978677955506157,0.9978677955506157,1,0.5,2
18,4,12,0,Logistic,0.5139014526349535,0.5139014526349535,1,0.5,1
18,4,21,0,Logistic,0.025620063556273043,0.025620063556273043,0,0.5,1
18,4,24,1,Logistic,0.16491934399834207,0.16491934399834207,0,0.5,1
18,4,27,0,Logistic,0.5865405201516533,0.5865405201516533,1,0.5,1
18,4,29,1,Logistic,0.25214150949645125,0.25214150949645125,0,0.5,1
18,4,32,1,Logistic,0.6772885905459596,0.6772885905459596,1,0.5,1
18,4,33,1,Logistic,0.7703596575576456,0.7703596575576456,1,0.5,1
18,4,47,1,Logistic,0.7952886921271848,0.7952886921271848,1,0.5,1
18,4,48,1,Logistic,0.3535818198390605,0.3535818198390605,0,0.5,1
18,4,56,1,Logistic,0.9680155607587597,0.9680155607587597,1,0.5,1
18,4,07,0,CART,1.0,1.0,1,0.5,1
18,4,08,1,CART,1.0,1.0,1,0.5,2
18,4,12,0,CART,1.0,1.0,1,0.5,1
18,4,21,0,CART,0.2,0.2,0,0.5,1
18,4,24,1,CART,1.0,1.0,1,0.5,1
18,4,27,0,CART,1.0,1.0,1,0.5,1
18,4,29,1,CART,1.0,1.0,1,0.5,1
18,4,32,1,CART,1.0,1.0,1,0.5,1
18,4,33,1,CART,1.0,1.0,1,0.5,1
18,4,47,1,CART,1.0,1.0,1,0.5,1
18,4,48,1,CART,0.4,0.4,0,0.5,1
18,4,56,1,CART,1.0,1.0,1,0.5,1
18,4,07,0,LDA,0.9788817471254391,0.9788817471254391,1,0.5,1
18,4,08,1,LDA,0.9982330685264522,0.9982330685264522,1,0.5,2
18,4,12,0,LDA,0.944839198213572,0.944839198213572,1,0.5,1
18,4,21,0,LDA,0.00607464267898096,0.00607464267898096,0,0.5,1
18,4,24,1,LDA,0.879805495289393,0.879805495289393,1,0.5,1
18,4,27,0,LDA,0.9752467253855868,0.9752467253855868,1,0.5,1
18,4,29,1,LDA,0.5851958528892253,0.5851958528892253,1,0.5,1
18,4,32,1,LDA,0.9502889213438425,0.9502889213438425,1,0.5,1
18,4,33,1,LDA,0.9391077729244393,0.9391077729244393,1,0.5,1
18,4,47,1,LDA,0.9724271344146691,0.9724271344146691,1,0.5,1
18,4,48,1,LDA,0.8716692394975089,0.8716692394975089,1,0.5,1
18,4,56,1,LDA,0.9937911908389482,0.9937911908389482,1,0.5,1
19,0,05,0,Logistic,0.2800686902824618,0.2800686902824618,1,0.21000000000000002,1
19,0,09,0,Logistic,0.49439175146877756,0.49439175146877756,1,0.21000000000000002,1
19,0,11,1,Logistic,0.9904971844652938,0.9904971844652938,1,0.21000000000000002,1
19,0,18,0,Logistic,0.2501083611545655,0.2501083611545655,1,0.21000000000000002,1
19,0,20,1,Logistic,0.9335193950298247,0.9335193950298247,1,0.21000000000000002,1
19,0,22,0,Logistic,0.1981929815141198,0.1981929815141198,0,0.21000000000000002,1
19,0,25,1,Logistic,0.914227288504339,0.914227288504339,1,0.21000000000000002,1
19,0,36,1,Logistic,0.9758279935623149,0.9758279935623149,1,0.21000000000000002,1
19,0,42,1,Logistic,0.9832399890135102,0.9832399890135102,1,0.21000000000000002,2
19,0,51,1,Logistic,0.9961986929735812,0.9961986929735812,1,0.21000000000000002,2
19,0,53,1,Logistic,0.8851712219070389,0.8851712219070389,1,0.21000000000000002,1
19,0,58,1,Logistic,0.9755511025299818,0.9755511025299818,1,0.21000000000000002,1
19,0,05,0,CART,0.0,0.0,0,0.4,1
19,0,09,0,CART,0.25,0.25,0,0.4,1
19,0,11,1,CART,1.0,1.0,1,0.4,1
19,0,18,0,CART,0.0,0.0,0,0.4,1
19,0,20,1,CART,0.9230769230769231,0.9230769230769231,1,0.4,1
19,0,22,0,CART,0.9230769230769231,0.9230769230769231,1,0.4,1
19,0,25,1,CART,0.25,0.25,0,0.4,1
19,0,36,1,CART,1.0,1.0,1,0.4,1
19,0,42,1,CART,0.9230769230769231,0.9230769230769231,1,0.4,2
19,0,51,1,CART,1.0,1.0,1,0.4,2
19,0,53,1,CART,0.9230769230769231,0.9230769230769231,1,0.4,1
19,0,58,1,CART,1.0,1.0,1,0.4,1
19,0,05,0,LDA,0.2908594105055101,0.2908594105055101,0,0.5,1
19,0,09,0,LDA,0.951618144899323,0.951618144899323,1,0.5,1
19,0,11,1,LDA,0.9859061729568173,0.9859061729568173,1,0.5,1
19,0,18,0,LDA,0.38498383248743795,0.38498383248743795,0,0.5,1
19,0,20,1,LDA,0.9175677632897874,0.9175677632897874,1,0.5,1
19,0,22,0,LDA,0.9076847825792342,0.9076847825792342,1,0.5,1
19,0,25,1,LDA,0.9653637660078634,0.9653637660078634,1,0.5,1
19,0,36,1,LDA,0.992225306100118,0.992225306100118,1,0.5,1
19,0,42,1,LDA,0.9631690592142566,0.9631690592142566,1,0.5,2
19,0,51,1,LDA,0.9821870719011379,0.9821870719011379,1,0.5,2
19,0,53,1,LDA,0.9498840982983618,0.9498840982983618,1,0.5,1
19,0,58,1,LDA,0.9731358542535922,0.9731358542535922,1,0.5,1
19,1,03,0,Logistic,0.03853598605639843,0.03853598605639843,0,0.48000000000000004,2
19,1,21,0,Logistic,0.04543483876172781,0.04543483876172781,0,0.48000000000000004,1
19,1,23,1,Logistic,0.8762080867912508,0.8762080867912508,1,0.48000000000000004,1
19,1,27,0,Logistic,0.4721947359460677,0.4721947359460677,0,0.48000000000000004,1
19,1,31,1,Logistic,0.03811620491488889,0.03811620491488889,0,0.48000000000000004,1
19,1,32,1,Logistic,0.7028201466562944,0.7028201466562944,1,0.48000000000000004,1
19,1,37,1,Logistic,0.8219986384606975,0.8219986384606975,1,0.48000000000000004,1
19,1,44,1,Logistic,0.7542410237964757,0.7542410237964757,1,0.48000000000000004,1
19,1,49,1,Logistic,0.8876386026028181,0.8876386026028181,1,0.48000000000000004,2
19,1,50,1,Logistic,0.9030295045895469,0.9030295045895469,1,0.48000000000000004,2
19,1,55,1,Logistic,0.09642798241697552,0.09642798241697552,0,0.48000000000000004,1
19,1,03,0,CART,0.0,0.0,0,0.5,2
19,1,21,0,CART,0.0,0.0,0,0.5,1
19,1,23,1,CART,0.9615384615384616,0.9615384615384616,1,0.5,1
19,1,27,0,CART,0.9615384615384616,0.9615384615384616,1,0.5,1
19,1,31,1,CART,0.0,0.0,0,0.5,1
19,1,32,1,CART,0.9615384615384616,0.9615384615384616,1,0.5,1
19,1,37,1,CART,0.9615384615384616,0.9615384615384616,1,0.5,1
19,1,44,1,CART,0.9615384615384616,0.9615384615384616,1,0.5,1
19,1,49,1,CART,0.9615384615384616,0.9615384615384616,1,0.5,2
19,1,50,1,CART,0.9615384615384616,0.9615384615384616,1,0.5,2
19,1,55,1,CART,0.6363636363636364,0.6363636363636364,1,0.5,1
19,1,03,0,LDA,0.01316809983934775,0.01316809983934775,0,0.22000000000000003,2
19,1,21,0,LDA,0.00922255025792162,0.00922255025792162,0,0.22000000000000003,1
19,1,23,1,LDA,0.945230656148235,0.945230656148235,1,0.22000000000000003,1
19,1,27,0,LDA,0.9565224798193583,0.9565224798193583,1,0.22000000000000003,1
19,1,31,1,LDA,0.12377899604626899,0.12377899604626899,0,0.22000000000000003,1
19,1,32,1,LDA,0.9341081142885426,0.9341081142885426,1,0.22000000000000003,1
19,1,37,1,LDA,0.9535662168072818,0.9535662168072818,1,0.22000000000000003,1
19,1,44,1,LDA,0.8988101728722498,0.8988101728722498,1,0.22000000000000003,1
19,1,49,1,LDA,0.9186315404664808,0.9186315404664808,1,0.22000000000000003,2
19,1,50,1,LDA,0.9628047871207085,0.9628047871207085,1,0.22000000000000003,2
19,1,55,1,LDA,0.3587397229241775,0.3587397229241775,1,0.22000000000000003,1
19,2,01,0,Logistic,0.20798777149542438,0.20798777149542438,0,0.5,1
19,2,04,0,Logistic,0.234493844949771,0.234493844949771,0,0.5,1
19,2,10,0,Logistic,0.4021812081329654,0.4021812081329654,0,0.5,1
19,2,26,1,Logistic,0.9986132404861575,0.9986132404861575,1,0.5,2
19,2,29,1,Logistic,0.1774018742917041,0.1774018742917041,0,0.5,1
19,2,34,1,Logistic,0.942070361746695,0.942070361746695,1,0.5,1
19,2,38,1,Logistic,0.7446176968252631,0.7446176968252631,1,0.5,1
19,2,41,1,Logistic,0.9945263293423701,0.9945263293423701,1,0.5,1
19,2,43,1,Logistic,0.9919157986530256,0.9919157986530256,1,0.5,2
19,2,46,1,Logistic,0.8732706229316608,0.8732706229316608,1,0.5,1
19,2,54,1,Logistic,0.9721726616897668,0.9721726616897668,1,0.5,2
19,2,01,0,CART,0.0,0.0,0,0.5,1
19,2,04,0,CART,0.0,0.0,0,0.5,1
19,2,10,0,CART,1.0,1.0,1,0.5,1
19,2,26,1,CART,1.0,1.0,1,0.5,2
19,2,29,1,CART,1.0,1.0,1,0.5,1
19,2,34,1,CART,1.0,1.0,1,0.5,1
19,2,38,1,CART,0.3277310924369748,0.3277310924369748,0,0.5,1
19,2,41,1,CART,1.0,1.0,1,0.5,1
19,2,43,1,CART,1.0,1.0,1,0.5,2
19,2,46,1,CART,0.3277310924369748,0.3277310924369748,0,0.5,1
19,2,54,1,CART,1.0,1.0,1,0.5,2
19,2,01,0,LDA,0.3172770617792785,0.3172770617792785,0,0.5,1
19,2,04,0,LDA,0.2911695245367775,0.2911695245367775,0,0.5,1
19,2,10,0,LDA,0.9115781370943059,0.9115781370943059,1,0.5,1
19,2,26,1,LDA,0.9937841759938063,0.9937841759938063,1,0.5,2
19,2,29,1,LDA,0.617832671711876,0.617832671711876,1,0.5,1
19,2,34,1,LDA,0.9800666230751427,0.9800666230751427,1,0.5,1
19,2,38,1,LDA,0.9720327305991953,0.9720327305991953,1,0.5,1
19,2,41,1,LDA,0.970937416327016,0.970937416327016,1,0.5,1
19,2,43,1,LDA,0.9698505358800836,0.9698505358800836,1,0.5,2
19,2,46,1,LDA,0.9471642905647529,0.9471642905647529,1,0.5,1
19,2,54,1,LDA,0.9743162084699609,0.9743162084699609,1,0.5,2
19,3,02,1,Logistic,0.7795965239179958,0.7795965239179958,1,0.5,1
19,3,06,0,Logistic,0.1998902321285443,0.1998902321285443,0,0.5,2
19,3,14,0,Logistic,0.023233475359196315,0.023233475359196315,0,0.5,1
19,3,16,0,Logistic,0.01927229877967136,0.01927229877967136,0,0.5,1
19,3,24,1,Logistic,0.08732528018694997,0.08732528018694997,0,0.5,1
19,3,28,1,Logistic,0.889169238221906,0.889169238221906,1,0.5,1
19,3,33,1,Logistic,0.9538909652210272,0.9538909652210272,1,0.5,1
19,3,35,1,Logistic,0.019636284930713135,0.019636284930713135,0,0.5,1
19,3,39,1,Logistic,0.9997143197794193,0.9997143197794193,1,0.5,1
19,3,48,1,Logistic,0.38306035967405644,0.38306035967405644,0,0.5,1
19,3,57,1,Logistic,0.994026837417966,0.994026837417966,1,0.5,1
19,3,02,1,CART,0.5555555555555556,0.5555555555555556,1,0.5,1
19,3,06,0,CART,0.0,0.0,0,0.5,2
19,3,14,0,CART,0.0,0.0,0,0.5,1
19,3,16,0,CART,0.0,0.0,0,0.5,1
19,3,24,1,CART,0.5555555555555556,0.5555555555555556,1,0.5,1
19,3,28,1,CART,0.5555555555555556,0.5555555555555556,1,0.5,1
19,3,33,1,CART,0.9310344827586207,0.9310344827586207,1,0.5,1
19,3,35,1,CART,0.5555555555555556,0.5555555555555556,1,0.5,1
19,3,39,1,CART,0.9310344827586207,0.9310344827586207,1,0.5,1
19,3,48,1,CART,0.5555555555555556,0.5555555555555556,1,0.5,1
19,3,57,1,CART,0.9310344827586207,0.9310344827586207,1,0.5,1
19,3,02,1,LDA,0.8082223024873053,0.8082223024873053,1,0.42000000000000004,1
19,3,06,0,LDA,0.0003668515451947478,0.0003668515451947478,0,0.42000000000000004,2
19,3,14,0,LDA,0.006210939937927574,0.006210939937927574,0,0.42000000000000004,1
19,3,16,0,LDA,6.546177403840586e-05,6.546177403840586e-05,0,0.42000000000000004,1
19,3,24,1,LDA,0.6612054341927482,0.6612054341927482,1,0.42000000000000004,1
19,3,28,1,LDA,0.8372976376656857,0.8372976376656857,1,0.42000000000000004,1
19,3,33,1,LDA,0.9126956847306079,0.9126956847306079,1,0.42000000000000004,1
19,3,35,1,LDA,0.254477750988899,0.254477750988899,0,0.42000000000000004,1
19,3,39,1,LDA,0.9759331266618814,0.9759331266618814,1,0.42000000000000004,1
19,3,48,1,LDA,0.8342168963224514,0.8342168963224514,1,0.42000000000000004,1
19,3,57,1,LDA,0.9799252922498426,0.9799252922498426,1,0.42000000000000004,1
19,4,07,0,Logistic,0.8753350684385076,0.8753350684385076,1,0.5,1
19,4,08,1,Logistic,0.955327505526366,0.955327505526366,1,0.5,2
19,4,12,0,Logistic,0.8032620315881929,0.8032620315881929,1,0.5,1
19,4,13,0,Logistic,0.26726193512047597,0.26726193512047597,0,0.5,1
19,4,19,1,Logistic,0.8693816897383128,0.8693816897383128,1,0.5,1
19,4,30,1,Logistic,0.7033507869296426,0.7033507869296426,1,0.5,2
19,4,40,1,Logistic,0.9439544640787584,0.9439544640787584,1,0.5,1
19,4,45,1,Logistic,0.8903748207765134,0.8903748207765134,1,0.5,1
19,4,47,1,Logistic,0.8665445320808682,0.8665445320808682,1,0.5,1
19,4,52,1,Logistic,0.9209000057634837,0.9209000057634837,1,0.5,1
19,4,56,1,Logistic,0.9267714539288405,0.9267714539288405,1,0.5,1
19,4,07,0,CART,1.0,1.0,1,0.5,1
19,4,08,1,CART,1.0,1.0,1,0.5,2
19,4,12,0,CART,1.0,1.0,1,0.5,1
19,4,13,0,CART,0.0,0.0,0,0.5,1
19,4,19,1,CART,1.0,1.0,1,0.5,1
19,4,30,1,CART,1.0,1.0,1,0.5,2
19,4,40,1,CART,1.0,1.0,1,0.5,1
19,4,45,1,CART,0.7090909090909091,0.7090909090909091,1,0.5,1
19,4,47,1,CART,1.0,1.0,1,0.5,1
19,4,52,1,CART,1.0,1.0,1,0.5,1
19,4,56,1,CART,1.0,1.0,1,0.5,1
19,4,07,0,LDA,0.9747939177577908,0.9747939177577908,1,0.5,1
19,4,08,1,LDA,0.9955043375750665,0.9955043375750665,1,0.5,2
19,4,12,0,LDA,0.9270567646331459,0.9270567646331459,1,0.5,1
19,4,13,0,LDA,0.15086200116021423,0.15086200116021423,0,0.5,1
19,4,19,1,LDA,0.9723401909045838,0.9723401909045838,1,0.5,1
19,4,30,1,LDA,0.8166265209448053,0.8166265209448053,1,0.5,2
19,4,40,1,LDA,0.9932238609405454,0.9932238609405454,1,0.5,1
19,4,45,1,LDA,0.9833344731076342,0.9833344731076342,1,0.5,1
19,4,47,1,LDA,0.9715368464610753,0.9715368464610753,1,0.5,1
19,4,52,1,LDA,0.9877614600333151,0.9877614600333151,1,0.5,1
19,4,56,1,LDA,0.9898322158057651,0.9898322158057651,1,0.5,1
