glass_type,method,k,iteration,ari,selected_features,feature_jaccard,failed,failure_reason
高钾,Ward,2,0,0.2,SiO2+Al2O3+CaO,0.3333333333333333,0,
高钾,Ward,3,0,0.18333333333333332,SiO2+Al2O3+CaO,0.3333333333333333,0,
高钾,Ward,4,0,0.25252525252525254,SiO2+Al2O3+CaO,0.3333333333333333,0,
高钾,Ward,5,0,0.3063583815028902,SiO2+Al2O3+CaO,0.3333333333333333,0,
高钾,Ward,2,1,-0.06779661016949153,P2O5+Al2O3,0.4,0,
高钾,Ward,3,1,0.33640552995391704,P2O5+Al2O3,0.4,0,
高钾,Ward,4,1,0.2701252236135957,P2O5+Al2O3,0.4,0,
高钾,Ward,5,1,0.5750708215297451,P2O5+Al2O3,0.4,0,
高钾,Ward,2,2,0.0924092409240924,MgO+SiO2+Al2O3,0.3333333333333333,0,
高钾,Ward,3,2,0.07259177477228816,MgO+SiO2+Al2O3,0.3333333333333333,0,
高钾,Ward,4,2,0.10152740341419586,MgO+SiO2+Al2O3,0.3333333333333333,0,
高钾,Ward,5,2,0.11231884057971014,MgO+SiO2+Al2O3,0.3333333333333333,0,
高钾,Ward,2,3,0.0924092409240924,SiO2+Fe2O3+Al2O3+P2O5,0.5,0,
高钾,Ward,3,3,0.09467455621301775,SiO2+Fe2O3+Al2O3+P2O5,0.5,0,
高钾,Ward,4,3,0.328149300155521,SiO2+Fe2O3+Al2O3+P2O5,0.5,0,
高钾,Ward,5,3,0.48990435706695007,SiO2+Fe2O3+Al2O3+P2O5,0.5,0,
高钾,Ward,2,4,1.0,K2O+SiO2+P2O5+Al2O3+MgO,0.6666666666666666,0,
高钾,Ward,3,4,0.3775933609958506,K2O+SiO2+P2O5+Al2O3+MgO,0.6666666666666666,0,
高钾,Ward,4,4,0.449400968646444,K2O+SiO2+P2O5+Al2O3+MgO,0.6666666666666666,0,
高钾,Ward,5,4,0.28383862497015994,K2O+SiO2+P2O5+Al2O3+MgO,0.6666666666666666,0,
高钾,Ward,2,5,1.0,SiO2+K2O+Al2O3+CuO,0.8,0,
高钾,Ward,3,5,1.0,SiO2+K2O+Al2O3+CuO,0.8,0,
高钾,Ward,4,5,0.49473684210526314,SiO2+K2O+Al2O3+CuO,0.8,0,
高钾,Ward,5,5,0.6120689655172413,SiO2+K2O+Al2O3+CuO,0.8,0,
高钾,Ward,2,6,-0.09871244635193133,Fe2O3+Al2O3+K2O+CuO+P2O5,0.6666666666666666,0,
高钾,Ward,3,6,0.22540666150271108,Fe2O3+Al2O3+K2O+CuO+P2O5,0.6666666666666666,0,
高钾,Ward,4,6,0.07716785998408911,Fe2O3+Al2O3+K2O+CuO+P2O5,0.6666666666666666,0,
高钾,Ward,5,6,0.3422083007047768,Fe2O3+Al2O3+K2O+CuO+P2O5,0.6666666666666666,0,
高钾,Ward,2,7,1.0,SiO2+K2O+Fe2O3+P2O5+CuO,0.6666666666666666,0,
高钾,Ward,3,7,0.4205298013245033,SiO2+K2O+Fe2O3+P2O5+CuO,0.6666666666666666,0,
高钾,Ward,4,7,0.42180616740088106,SiO2+K2O+Fe2O3+P2O5+CuO,0.6666666666666666,0,
高钾,Ward,5,7,0.39862542955326463,SiO2+K2O+Fe2O3+P2O5+CuO,0.6666666666666666,0,
高钾,Ward,2,8,0.0171990171990172,SiO2+CuO+P2O5+Fe2O3,0.5,0,
高钾,Ward,3,8,0.3424657534246575,SiO2+CuO+P2O5+Fe2O3,0.5,0,
高钾,Ward,4,8,0.4729444834855938,SiO2+CuO+P2O5+Fe2O3,0.5,0,
高钾,Ward,5,8,0.2995169082125604,SiO2+CuO+P2O5+Fe2O3,0.5,0,
高钾,Ward,2,9,0.7311827956989247,Al2O3+SiO2+CuO+P2O5,0.8,0,
高钾,Ward,3,9,0.7508305647840532,Al2O3+SiO2+CuO+P2O5,0.8,0,
高钾,Ward,4,9,0.4703448275862069,Al2O3+SiO2+CuO+P2O5,0.8,0,
高钾,Ward,5,9,0.5431472081218274,Al2O3+SiO2+CuO+P2O5,0.8,0,
高钾,Ward,2,10,0.0924092409240924,SiO2+Fe2O3+CuO,0.3333333333333333,0,
高钾,Ward,3,10,0.22932330827067668,SiO2+Fe2O3+CuO,0.3333333333333333,0,
高钾,Ward,4,10,0.308659217877095,SiO2+Fe2O3+CuO,0.3333333333333333,0,
高钾,Ward,5,10,0.4301543332014246,SiO2+Fe2O3+CuO,0.3333333333333333,0,
高钾,Ward,2,11,0.31976744186046513,P2O5+SiO2+Al2O3+MgO,0.5,0,
高钾,Ward,3,11,0.355726872246696,P2O5+SiO2+Al2O3+MgO,0.5,0,
高钾,Ward,4,11,0.1409090909090909,P2O5+SiO2+Al2O3+MgO,0.5,0,
高钾,Ward,5,11,0.05936454849498328,P2O5+SiO2+Al2O3+MgO,0.5,0,
高钾,Ward,2,12,0.16666666666666666,SiO2+CuO+P2O5,0.6,0,
高钾,Ward,3,12,0.23820038642009383,SiO2+CuO+P2O5,0.6,0,
高钾,Ward,4,12,0.3052109181141439,SiO2+CuO+P2O5,0.6,0,
高钾,Ward,5,12,0.45158526135389887,SiO2+CuO+P2O5,0.6,0,
高钾,Ward,2,13,0.0171990171990172,SiO2+CaO+Al2O3,0.3333333333333333,0,
高钾,Ward,3,13,-0.0844306738962045,SiO2+CaO+Al2O3,0.3333333333333333,0,
高钾,Ward,4,13,0.2602970019613337,SiO2+CaO+Al2O3,0.3333333333333333,0,
高钾,Ward,5,13,0.15801291046870614,SiO2+CaO+Al2O3,0.3333333333333333,0,
高钾,Ward,2,14,-0.09871244635193133,MgO+Fe2O3+SiO2+CuO+P2O5,0.42857142857142855,0,
高钾,Ward,3,14,0.2680986475735879,MgO+Fe2O3+SiO2+CuO+P2O5,0.42857142857142855,0,
高钾,Ward,4,14,0.14152410575427682,MgO+Fe2O3+SiO2+CuO+P2O5,0.42857142857142855,0,
高钾,Ward,5,14,0.2566025432018259,MgO+Fe2O3+SiO2+CuO+P2O5,0.42857142857142855,0,
高钾,Ward,2,15,1.0,P2O5+SiO2+CuO,0.6,0,
高钾,Ward,3,15,0.7889182058047494,P2O5+SiO2+CuO,0.6,0,
高钾,Ward,4,15,0.4379391100702576,P2O5+SiO2+CuO,0.6,0,
高钾,Ward,5,15,0.3119266055045872,P2O5+SiO2+CuO,0.6,0,
高钾,Ward,2,16,0.0924092409240924,CuO+SiO2+Fe2O3,0.3333333333333333,0,
高钾,Ward,3,16,-0.06349206349206349,CuO+SiO2+Fe2O3,0.3333333333333333,0,
高钾,Ward,4,16,0.21951219512195122,CuO+SiO2+Fe2O3,0.3333333333333333,0,
高钾,Ward,5,16,0.3284365162644281,CuO+SiO2+Fe2O3,0.3333333333333333,0,
高钾,Ward,2,17,1.0,SiO2+Al2O3+K2O+CuO,0.8,0,
高钾,Ward,3,17,0.2905405405405405,SiO2+Al2O3+K2O+CuO,0.8,0,
高钾,Ward,4,17,0.22714887292543967,SiO2+Al2O3+K2O+CuO,0.8,0,
高钾,Ward,5,17,0.11994322214336409,SiO2+Al2O3+K2O+CuO,0.8,0,
高钾,Ward,2,18,1.0,PbO+P2O5+Al2O3+K2O,0.5,0,
高钾,Ward,3,18,0.3368333793865709,PbO+P2O5+Al2O3+K2O,0.5,0,
高钾,Ward,4,18,0.6410116943160185,PbO+P2O5+Al2O3+K2O,0.5,0,
高钾,Ward,5,18,0.6574225122349103,PbO+P2O5+Al2O3+K2O,0.5,0,
高钾,Ward,2,19,1.0,SiO2+P2O5+K2O,0.6,0,
高钾,Ward,3,19,1.0,SiO2+P2O5+K2O,0.6,0,
高钾,Ward,4,19,0.3306891422905305,SiO2+P2O5+K2O,0.6,0,
高钾,Ward,5,19,0.25735637552545537,SiO2+P2O5+K2O,0.6,0,
高钾,Ward,2,20,-0.0784313725490196,Al2O3+CaO+P2O5,0.3333333333333333,0,
高钾,Ward,3,20,0.39849624060150374,Al2O3+CaO+P2O5,0.3333333333333333,0,
高钾,Ward,4,20,0.2572944297082228,Al2O3+CaO+P2O5,0.3333333333333333,0,
高钾,Ward,5,20,0.4520547945205479,Al2O3+CaO+P2O5,0.3333333333333333,0,
高钾,Ward,2,21,-0.12903225806451613,CuO+K2O+Fe2O3,0.3333333333333333,0,
高钾,Ward,3,21,0.36893203883495146,CuO+K2O+Fe2O3,0.3333333333333333,0,
高钾,Ward,4,21,0.5365517241379311,CuO+K2O+Fe2O3,0.3333333333333333,0,
高钾,Ward,5,21,0.5037220843672456,CuO+K2O+Fe2O3,0.3333333333333333,0,
高钾,Ward,2,22,0.7457627118644068,Al2O3+CaO+SiO2,0.3333333333333333,0,
高钾,Ward,3,22,0.2599118942731278,Al2O3+CaO+SiO2,0.3333333333333333,0,
高钾,Ward,4,22,0.20361990950226244,Al2O3+CaO+SiO2,0.3333333333333333,0,
高钾,Ward,5,22,0.13615023474178403,Al2O3+CaO+SiO2,0.3333333333333333,0,
高钾,Ward,2,23,0.5333333333333333,SiO2+CuO+P2O5,0.6,0,
高钾,Ward,3,23,0.2833333333333333,SiO2+CuO+P2O5,0.6,0,
高钾,Ward,4,23,0.45,SiO2+CuO+P2O5,0.6,0,
高钾,Ward,5,23,0.4927536231884058,SiO2+CuO+P2O5,0.6,0,
高钾,Ward,2,24,1.0,Al2O3+SiO2+K2O,0.6,0,
高钾,Ward,3,24,0.4582043343653251,Al2O3+SiO2+K2O,0.6,0,
高钾,Ward,4,24,0.4044665012406948,Al2O3+SiO2+K2O,0.6,0,
高钾,Ward,5,24,0.37241948802642444,Al2O3+SiO2+K2O,0.6,0,
高钾,Ward,2,25,0.2,SiO2+Fe2O3+CuO+P2O5,0.5,0,
高钾,Ward,3,25,0.25333333333333335,SiO2+Fe2O3+CuO+P2O5,0.5,0,
高钾,Ward,4,25,0.17995444191343962,SiO2+Fe2O3+CuO+P2O5,0.5,0,
高钾,Ward,5,25,0.36936936936936937,SiO2+Fe2O3+CuO+P2O5,0.5,0,
高钾,Ward,2,26,0.0,SiO2+Fe2O3+CuO+P2O5,0.5,0,
高钾,Ward,3,26,0.07407407407407407,SiO2+Fe2O3+CuO+P2O5,0.5,0,
高钾,Ward,4,26,0.14634146341463414,SiO2+Fe2O3+CuO+P2O5,0.5,0,
高钾,Ward,5,26,0.07407407407407407,SiO2+Fe2O3+CuO+P2O5,0.5,0,
高钾,Ward,2,27,0.03614457831325301,MgO+Al2O3+SiO2,0.3333333333333333,0,
高钾,Ward,3,27,0.04022582921665491,MgO+Al2O3+SiO2,0.3333333333333333,0,
高钾,Ward,4,27,-0.0023492560689115116,MgO+Al2O3+SiO2,0.3333333333333333,0,
高钾,Ward,5,27,0.012091587342423462,MgO+Al2O3+SiO2,0.3333333333333333,0,
高钾,Ward,2,28,1.0,K2O+Al2O3+SiO2+CuO+P2O5,1.0,0,
高钾,Ward,3,28,1.0,K2O+Al2O3+SiO2+CuO+P2O5,1.0,0,
高钾,Ward,4,28,0.39984996249062266,K2O+Al2O3+SiO2+CuO+P2O5,1.0,0,
高钾,Ward,5,28,0.2982456140350877,K2O+Al2O3+SiO2+CuO+P2O5,1.0,0,
高钾,Ward,2,29,1.0,K2O+CuO+SiO2,0.6,0,
高钾,Ward,3,29,1.0,K2O+CuO+SiO2,0.6,0,
高钾,Ward,4,29,0.5217535702424444,K2O+CuO+SiO2,0.6,0,
高钾,Ward,5,29,0.4633642930856553,K2O+CuO+SiO2,0.6,0,
高钾,Ward,2,30,-0.11801242236024845,Al2O3+SiO2+PbO+P2O5,0.5,0,
高钾,Ward,3,30,1.0,Al2O3+SiO2+PbO+P2O5,0.5,0,
高钾,Ward,4,30,0.6613039796782387,Al2O3+SiO2+PbO+P2O5,0.5,0,
高钾,Ward,5,30,0.34651762682717113,Al2O3+SiO2+PbO+P2O5,0.5,0,
高钾,Ward,2,31,1.0,P2O5+SiO2+K2O,0.6,0,
高钾,Ward,3,31,1.0,P2O5+SiO2+K2O,0.6,0,
高钾,Ward,4,31,0.9315068493150684,P2O5+SiO2+K2O,0.6,0,
高钾,Ward,5,31,0.5551436515291936,P2O5+SiO2+K2O,0.6,0,
高钾,Ward,2,32,-0.08333333333333333,P2O5+SiO2+Al2O3+K2O,0.8,0,
高钾,Ward,3,32,1.0,P2O5+SiO2+Al2O3+K2O,0.8,0,
高钾,Ward,4,32,1.0,P2O5+SiO2+Al2O3+K2O,0.8,0,
高钾,Ward,5,32,0.6748848550528312,P2O5+SiO2+Al2O3+K2O,0.8,0,
高钾,Ward,2,33,-0.12704918032786885,SiO2+Al2O3+CuO+P2O5,0.8,0,
高钾,Ward,3,33,0.7828507795100222,SiO2+Al2O3+CuO+P2O5,0.8,0,
高钾,Ward,4,33,0.782608695652174,SiO2+Al2O3+CuO+P2O5,0.8,0,
高钾,Ward,5,33,0.5392491467576792,SiO2+Al2O3+CuO+P2O5,0.8,0,
高钾,Ward,2,34,0.19799498746867167,Fe2O3+Al2O3+CuO,0.3333333333333333,0,
高钾,Ward,3,34,0.30575643621637255,Fe2O3+Al2O3+CuO,0.3333333333333333,0,
高钾,Ward,4,34,0.542777970211292,Fe2O3+Al2O3+CuO,0.3333333333333333,0,
高钾,Ward,5,34,0.5251286110011871,Fe2O3+Al2O3+CuO,0.3333333333333333,0,
高钾,Ward,2,35,1.0,K2O+P2O5+SiO2+Al2O3,0.8,0,
高钾,Ward,3,35,0.14742451154529307,K2O+P2O5+SiO2+Al2O3,0.8,0,
高钾,Ward,4,35,0.26605504587155965,K2O+P2O5+SiO2+Al2O3,0.8,0,
高钾,Ward,5,35,0.375,K2O+P2O5+SiO2+Al2O3,0.8,0,
高钾,Ward,2,36,1.0,K2O+SiO2+Al2O3+Fe2O3+P2O5,0.6666666666666666,0,
高钾,Ward,3,36,0.4582043343653251,K2O+SiO2+Al2O3+Fe2O3+P2O5,0.6666666666666666,0,
高钾,Ward,4,36,0.4036697247706422,K2O+SiO2+Al2O3+Fe2O3+P2O5,0.6666666666666666,0,
高钾,Ward,5,36,0.24069855732725892,K2O+SiO2+Al2O3+Fe2O3+P2O5,0.6666666666666666,0,
高钾,Ward,2,37,0.08333333333333333,CuO+P2O5+SiO2+PbO+Fe2O3,0.42857142857142855,0,
高钾,Ward,3,37,0.41627358490566035,CuO+P2O5+SiO2+PbO+Fe2O3,0.42857142857142855,0,
高钾,Ward,4,37,0.47196870925684486,CuO+P2O5+SiO2+PbO+Fe2O3,0.42857142857142855,0,
高钾,Ward,5,37,0.3442622950819672,CuO+P2O5+SiO2+PbO+Fe2O3,0.42857142857142855,0,
高钾,Ward,2,38,,,,1,活动成分BaO在训练集中全缺失
高钾,Ward,3,38,,,,1,活动成分BaO在训练集中全缺失
高钾,Ward,4,38,,,,1,活动成分BaO在训练集中全缺失
高钾,Ward,5,38,,,,1,活动成分BaO在训练集中全缺失
高钾,Ward,2,39,0.5300699300699301,Al2O3+SiO2+P2O5,0.6,0,
高钾,Ward,3,39,0.6779003877124963,Al2O3+SiO2+P2O5,0.6,0,
高钾,Ward,4,39,0.6525515743756786,Al2O3+SiO2+P2O5,0.6,0,
高钾,Ward,5,39,0.6274738067520372,Al2O3+SiO2+P2O5,0.6,0,
高钾,Ward,2,40,0.75,CuO+K2O+P2O5,0.6,0,
高钾,Ward,3,40,0.6139705882352942,CuO+K2O+P2O5,0.6,0,
高钾,Ward,4,40,0.5776135163674763,CuO+K2O+P2O5,0.6,0,
高钾,Ward,5,40,0.782258064516129,CuO+K2O+P2O5,0.6,0,
高钾,Ward,2,41,1.0,SiO2+K2O+MgO+CuO,0.5,0,
高钾,Ward,3,41,0.5714285714285714,SiO2+K2O+MgO+CuO,0.5,0,
高钾,Ward,4,41,0.27601809954751133,SiO2+K2O+MgO+CuO,0.5,0,
高钾,Ward,5,41,0.23649906890130354,SiO2+K2O+MgO+CuO,0.5,0,
高钾,Ward,2,42,0.2,Al2O3+Fe2O3+P2O5+K2O,0.5,0,
高钾,Ward,3,42,0.25738396624472576,Al2O3+Fe2O3+P2O5+K2O,0.5,0,
高钾,Ward,4,42,0.30046635576282477,Al2O3+Fe2O3+P2O5+K2O,0.5,0,
高钾,Ward,5,42,0.4057226705796038,Al2O3+Fe2O3+P2O5+K2O,0.5,0,
高钾,Ward,2,43,1.0,CuO+SiO2+K2O,0.6,0,
高钾,Ward,3,43,1.0,CuO+SiO2+K2O,0.6,0,
高钾,Ward,4,43,0.772256728778468,CuO+SiO2+K2O,0.6,0,
高钾,Ward,5,43,0.782258064516129,CuO+SiO2+K2O,0.6,0,
高钾,Ward,2,44,0.21052631578947367,Fe2O3+P2O5+CuO,0.3333333333333333,0,
高钾,Ward,3,44,0.15469613259668508,Fe2O3+P2O5+CuO,0.3333333333333333,0,
高钾,Ward,4,44,0.2926613616268789,Fe2O3+P2O5+CuO,0.3333333333333333,0,
高钾,Ward,5,44,0.3562231759656652,Fe2O3+P2O5+CuO,0.3333333333333333,0,
高钾,Ward,2,45,-0.09871244635193133,CuO+SiO2+P2O5,0.6,0,
高钾,Ward,3,45,0.10124826629680998,CuO+SiO2+P2O5,0.6,0,
高钾,Ward,4,45,0.5392,CuO+SiO2+P2O5,0.6,0,
高钾,Ward,5,45,0.3941747572815534,CuO+SiO2+P2O5,0.6,0,
高钾,Ward,2,46,-0.12704918032786885,P2O5+K2O+Al2O3,0.6,0,
高钾,Ward,3,46,0.6317991631799164,P2O5+K2O+Al2O3,0.6,0,
高钾,Ward,4,46,0.9447513812154696,P2O5+K2O+Al2O3,0.6,0,
高钾,Ward,5,46,0.5679012345679012,P2O5+K2O+Al2O3,0.6,0,
高钾,Ward,2,47,0.1944055944055944,Al2O3+SiO2+MgO,0.3333333333333333,0,
高钾,Ward,3,47,0.35047361299052776,Al2O3+SiO2+MgO,0.3333333333333333,0,
高钾,Ward,4,47,0.34388489208633094,Al2O3+SiO2+MgO,0.3333333333333333,0,
高钾,Ward,5,47,0.187039764359352,Al2O3+SiO2+MgO,0.3333333333333333,0,
高钾,Ward,2,48,0.21052631578947367,Fe2O3+SiO2+K2O+P2O5,0.5,0,
高钾,Ward,3,48,0.37209302325581395,Fe2O3+SiO2+K2O+P2O5,0.5,0,
高钾,Ward,4,48,0.587696335078534,Fe2O3+SiO2+K2O+P2O5,0.5,0,
高钾,Ward,5,48,0.5,Fe2O3+SiO2+K2O+P2O5,0.5,0,
高钾,Ward,2,49,1.0,SiO2+K2O,0.4,0,
高钾,Ward,3,49,0.4482758620689655,SiO2+K2O,0.4,0,
高钾,Ward,4,49,0.22580645161290322,SiO2+K2O,0.4,0,
高钾,Ward,5,49,0.22493681550126368,SiO2+K2O,0.4,0,
高钾,Ward,2,50,0.2033195020746888,SiO2+Al2O3+CuO+K2O+P2O5,1.0,0,
高钾,Ward,3,50,0.49195596951735815,SiO2+Al2O3+CuO+K2O+P2O5,1.0,0,
高钾,Ward,4,50,0.3498716852010265,SiO2+Al2O3+CuO+K2O+P2O5,1.0,0,
高钾,Ward,5,50,0.358974358974359,SiO2+Al2O3+CuO+K2O+P2O5,1.0,0,
高钾,Ward,2,51,0.47761194029850745,SiO2+P2O5+CuO,0.6,0,
高钾,Ward,3,51,0.2613065326633166,SiO2+P2O5+CuO,0.6,0,
高钾,Ward,4,51,0.3618718425950545,SiO2+P2O5+CuO,0.6,0,
高钾,Ward,5,51,0.3812797461660497,SiO2+P2O5+CuO,0.6,0,
高钾,Ward,2,52,0.31976744186046513,CaO+CuO+P2O5,0.3333333333333333,0,
高钾,Ward,3,52,0.5006934812760055,CaO+CuO+P2O5,0.3333333333333333,0,
高钾,Ward,4,52,0.3761969904240766,CaO+CuO+P2O5,0.3333333333333333,0,
高钾,Ward,5,52,0.19214586255259467,CaO+CuO+P2O5,0.3333333333333333,0,
高钾,Ward,2,53,0.2033195020746888,SiO2+Al2O3+MgO,0.3333333333333333,0,
高钾,Ward,3,53,0.2550607287449393,SiO2+Al2O3+MgO,0.3333333333333333,0,
高钾,Ward,4,53,0.07569721115537849,SiO2+Al2O3+MgO,0.3333333333333333,0,
高钾,Ward,5,53,0.0781456953642384,SiO2+Al2O3+MgO,0.3333333333333333,0,
高钾,Ward,2,54,0.6926229508196722,P2O5+CuO+CaO+Fe2O3,0.2857142857142857,0,
高钾,Ward,3,54,0.5108695652173914,P2O5+CuO+CaO+Fe2O3,0.2857142857142857,0,
高钾,Ward,4,54,0.5556872037914692,P2O5+CuO+CaO+Fe2O3,0.2857142857142857,0,
高钾,Ward,5,54,0.199288256227758,P2O5+CuO+CaO+Fe2O3,0.2857142857142857,0,
高钾,Ward,2,55,0.08333333333333333,K2O+CuO+SiO2+Fe2O3+P2O5,0.6666666666666666,0,
高钾,Ward,3,55,0.2833333333333333,K2O+CuO+SiO2+Fe2O3+P2O5,0.6666666666666666,0,
高钾,Ward,4,55,0.18333333333333332,K2O+CuO+SiO2+Fe2O3+P2O5,0.6666666666666666,0,
高钾,Ward,5,55,0.187039764359352,K2O+CuO+SiO2+Fe2O3+P2O5,0.6666666666666666,0,
高钾,Ward,2,56,-0.11801242236024845,Al2O3+CuO+SiO2+P2O5,0.8,0,
高钾,Ward,3,56,0.2516629711751663,Al2O3+CuO+SiO2+P2O5,0.8,0,
高钾,Ward,4,56,0.6366782006920415,Al2O3+CuO+SiO2+P2O5,0.8,0,
高钾,Ward,5,56,0.6306555863342567,Al2O3+CuO+SiO2+P2O5,0.8,0,
高钾,Ward,2,57,0.2033195020746888,SiO2+P2O5+CuO,0.6,0,
高钾,Ward,3,57,0.18712955122777308,SiO2+P2O5+CuO,0.6,0,
高钾,Ward,4,57,0.21123394084254557,SiO2+P2O5+CuO,0.6,0,
高钾,Ward,5,57,0.3717277486910995,SiO2+P2O5+CuO,0.6,0,
高钾,Ward,2,58,0.21375921375921375,SiO2+CuO,0.4,0,
高钾,Ward,3,58,0.7229437229437229,SiO2+CuO,0.4,0,
高钾,Ward,4,58,0.3013972055888224,SiO2+CuO,0.4,0,
高钾,Ward,5,58,0.18238993710691823,SiO2+CuO,0.4,0,
高钾,Ward,2,59,-0.06779661016949153,SiO2+Al2O3+P2O5+Fe2O3,0.5,0,
高钾,Ward,3,59,0.34841628959276016,SiO2+Al2O3+P2O5+Fe2O3,0.5,0,
高钾,Ward,4,59,0.4251242015613911,SiO2+Al2O3+P2O5+Fe2O3,0.5,0,
高钾,Ward,5,59,0.34375,SiO2+Al2O3+P2O5+Fe2O3,0.5,0,
高钾,Ward,2,60,1.0,Al2O3+MgO+SiO2+K2O+P2O5,0.6666666666666666,0,
高钾,Ward,3,60,0.5926449787835927,Al2O3+MgO+SiO2+K2O+P2O5,0.6666666666666666,0,
高钾,Ward,4,60,0.7375820056232427,Al2O3+MgO+SiO2+K2O+P2O5,0.6666666666666666,0,
高钾,Ward,5,60,1.0,Al2O3+MgO+SiO2+K2O+P2O5,0.6666666666666666,0,
高钾,Ward,2,61,-0.006993006993006993,SiO2+Fe2O3+CuO+P2O5,0.5,0,
高钾,Ward,3,61,0.1278600269179004,SiO2+Fe2O3+CuO+P2O5,0.5,0,
高钾,Ward,4,61,0.16883116883116883,SiO2+Fe2O3+CuO+P2O5,0.5,0,
高钾,Ward,5,61,0.09802693391794551,SiO2+Fe2O3+CuO+P2O5,0.5,0,
高钾,Ward,2,62,0.35,P2O5+K2O+Fe2O3,0.3333333333333333,0,
高钾,Ward,3,62,0.28983833718244806,P2O5+K2O+Fe2O3,0.3333333333333333,0,
高钾,Ward,4,62,0.3201754385964912,P2O5+K2O+Fe2O3,0.3333333333333333,0,
高钾,Ward,5,62,0.5502645502645502,P2O5+K2O+Fe2O3,0.3333333333333333,0,
高钾,Ward,2,63,0.5300699300699301,SiO2+Al2O3+P2O5,0.6,0,
高钾,Ward,3,63,0.8657342657342657,SiO2+Al2O3+P2O5,0.6,0,
高钾,Ward,4,63,0.7754749568221071,SiO2+Al2O3+P2O5,0.6,0,
高钾,Ward,5,63,1.0,SiO2+Al2O3+P2O5,0.6,0,
高钾,Ward,2,64,1.0,CaO+SiO2+P2O5+K2O,0.5,0,
高钾,Ward,3,64,1.0,CaO+SiO2+P2O5+K2O,0.5,0,
高钾,Ward,4,64,0.5972027972027972,CaO+SiO2+P2O5+K2O,0.5,0,
高钾,Ward,5,64,0.563392107472712,CaO+SiO2+P2O5+K2O,0.5,0,
高钾,Ward,2,65,0.6926229508196722,SiO2+P2O5+CuO+Al2O3+MgO,0.6666666666666666,0,
高钾,Ward,3,65,0.38876651982378857,SiO2+P2O5+CuO+Al2O3+MgO,0.6666666666666666,0,
高钾,Ward,4,65,0.21946518911105758,SiO2+P2O5+CuO+Al2O3+MgO,0.6666666666666666,0,
高钾,Ward,5,65,0.2551921699689663,SiO2+P2O5+CuO+Al2O3+MgO,0.6666666666666666,0,
高钾,Ward,2,66,0.0924092409240924,Fe2O3+MgO+CuO+P2O5+K2O,0.42857142857142855,0,
高钾,Ward,3,66,0.32489451476793246,Fe2O3+MgO+CuO+P2O5+K2O,0.42857142857142855,0,
高钾,Ward,4,66,0.4068582020389249,Fe2O3+MgO+CuO+P2O5+K2O,0.42857142857142855,0,
高钾,Ward,5,66,0.5381526104417671,Fe2O3+MgO+CuO+P2O5+K2O,0.42857142857142855,0,
高钾,Ward,2,67,0.5333333333333333,Al2O3+SiO2+P2O5,0.6,0,
高钾,Ward,3,67,0.6166666666666667,Al2O3+SiO2+P2O5,0.6,0,
高钾,Ward,4,67,0.35,Al2O3+SiO2+P2O5,0.6,0,
高钾,Ward,5,67,0.25,Al2O3+SiO2+P2O5,0.6,0,
高钾,Ward,2,68,1.0,K2O+SiO2+CuO+P2O5,0.8,0,
高钾,Ward,3,68,0.8160535117056856,K2O+SiO2+CuO+P2O5,0.8,0,
高钾,Ward,4,68,0.9333888426311407,K2O+SiO2+CuO+P2O5,0.8,0,
高钾,Ward,5,68,0.48586118251928023,K2O+SiO2+CuO+P2O5,0.8,0,
高钾,Ward,2,69,1.0,SiO2+K2O+P2O5+CuO,0.8,0,
高钾,Ward,3,69,1.0,SiO2+K2O+P2O5+CuO,0.8,0,
高钾,Ward,4,69,1.0,SiO2+K2O+P2O5+CuO,0.8,0,
高钾,Ward,5,69,0.5180722891566265,SiO2+K2O+P2O5+CuO,0.8,0,
高钾,Ward,2,70,0.0,CaO+Fe2O3+Al2O3+P2O5,0.2857142857142857,0,
高钾,Ward,3,70,0.010416666666666666,CaO+Fe2O3+Al2O3+P2O5,0.2857142857142857,0,
高钾,Ward,4,70,0.14666666666666667,CaO+Fe2O3+Al2O3+P2O5,0.2857142857142857,0,
高钾,Ward,5,70,0.13157894736842105,CaO+Fe2O3+Al2O3+P2O5,0.2857142857142857,0,
高钾,Ward,2,71,1.0,K2O+Al2O3+SiO2,0.6,0,
高钾,Ward,3,71,0.5167785234899329,K2O+Al2O3+SiO2,0.6,0,
高钾,Ward,4,71,0.3619017829214889,K2O+Al2O3+SiO2,0.6,0,
高钾,Ward,5,71,0.46884576098059244,K2O+Al2O3+SiO2,0.6,0,
高钾,Ward,2,72,-0.030042918454935622,Fe2O3+CuO+P2O5,0.3333333333333333,0,
高钾,Ward,3,72,0.14081145584725538,Fe2O3+CuO+P2O5,0.3333333333333333,0,
高钾,Ward,4,72,0.24029262802476084,Fe2O3+CuO+P2O5,0.3333333333333333,0,
高钾,Ward,5,72,0.29714285714285715,Fe2O3+CuO+P2O5,0.3333333333333333,0,
高钾,Ward,2,73,0.21375921375921375,K2O+Al2O3+Fe2O3+P2O5,0.5,0,
高钾,Ward,3,73,0.2950191570881226,K2O+Al2O3+Fe2O3+P2O5,0.5,0,
高钾,Ward,4,73,0.1724137931034483,K2O+Al2O3+Fe2O3+P2O5,0.5,0,
高钾,Ward,5,73,0.1915003887017362,K2O+Al2O3+Fe2O3+P2O5,0.5,0,
高钾,Ward,2,74,0.47761194029850745,Al2O3+SiO2+P2O5+MgO+CaO,0.42857142857142855,0,
高钾,Ward,3,74,0.6069868995633187,Al2O3+SiO2+P2O5+MgO+CaO,0.42857142857142855,0,
高钾,Ward,4,74,0.3944636678200692,Al2O3+SiO2+P2O5+MgO+CaO,0.42857142857142855,0,
高钾,Ward,5,74,0.667590027700831,Al2O3+SiO2+P2O5+MgO+CaO,0.42857142857142855,0,
高钾,Ward,2,75,0.20081967213114754,K2O+Al2O3+P2O5+CuO,0.8,0,
高钾,Ward,3,75,0.7377622377622378,K2O+Al2O3+P2O5+CuO,0.8,0,
高钾,Ward,4,75,0.9321458863443596,K2O+Al2O3+P2O5+CuO,0.8,0,
高钾,Ward,5,75,0.7850055126791621,K2O+Al2O3+P2O5+CuO,0.8,0,
高钾,Ward,2,76,0.3389830508474576,SiO2+Al2O3+P2O5,0.6,0,
高钾,Ward,3,76,0.6595744680851063,SiO2+Al2O3+P2O5,0.6,0,
高钾,Ward,4,76,0.6522269676632093,SiO2+Al2O3+P2O5,0.6,0,
高钾,Ward,5,76,0.7318007662835249,SiO2+Al2O3+P2O5,0.6,0,
高钾,Ward,2,77,1.0,K2O+SiO2+P2O5+CuO,0.8,0,
高钾,Ward,3,77,0.7053206002728513,K2O+SiO2+P2O5+CuO,0.8,0,
高钾,Ward,4,77,0.9289730689553122,K2O+SiO2+P2O5+CuO,0.8,0,
高钾,Ward,5,77,0.6405990016638935,K2O+SiO2+P2O5+CuO,0.8,0,
高钾,Ward,2,78,0.7311827956989247,Al2O3+SiO2+CaO,0.3333333333333333,0,
高钾,Ward,3,78,0.19485602460162146,Al2O3+SiO2+CaO,0.3333333333333333,0,
高钾,Ward,4,78,0.09269112293475217,Al2O3+SiO2+CaO,0.3333333333333333,0,
高钾,Ward,5,78,0.07511210762331838,Al2O3+SiO2+CaO,0.3333333333333333,0,
高钾,Ward,2,79,-0.0847457627118644,K2O+MgO+Al2O3+SiO2+P2O5,0.6666666666666666,0,
高钾,Ward,3,79,1.0,K2O+MgO+Al2O3+SiO2+P2O5,0.6666666666666666,0,
高钾,Ward,4,79,1.0,K2O+MgO+Al2O3+SiO2+P2O5,0.6666666666666666,0,
高钾,Ward,5,79,0.5941375422773394,K2O+MgO+Al2O3+SiO2+P2O5,0.6666666666666666,0,
高钾,Ward,2,80,1.0,SiO2+Al2O3+K2O,0.6,0,
高钾,Ward,3,80,0.7053206002728513,SiO2+Al2O3+K2O,0.6,0,
高钾,Ward,4,80,0.6102841677943166,SiO2+Al2O3+K2O,0.6,0,
高钾,Ward,5,80,0.30434782608695654,SiO2+Al2O3+K2O,0.6,0,
高钾,Ward,2,81,1.0,Al2O3+K2O+SiO2,0.6,0,
高钾,Ward,3,81,0.29628595364423344,Al2O3+K2O+SiO2,0.6,0,
高钾,Ward,4,81,0.25853658536585367,Al2O3+K2O+SiO2,0.6,0,
高钾,Ward,5,81,0.4748858447488584,Al2O3+K2O+SiO2,0.6,0,
高钾,Ward,2,82,1.0,Al2O3+SiO2+CuO,0.6,0,
高钾,Ward,3,82,0.9625117150890347,Al2O3+SiO2+CuO,0.6,0,
高钾,Ward,4,82,0.35341660543717857,Al2O3+SiO2+CuO,0.6,0,
高钾,Ward,5,82,0.21219226260257915,Al2O3+SiO2+CuO,0.6,0,
高钾,Ward,2,83,,,,1,活动成分BaO没有正值，不能进行零替代
高钾,Ward,3,83,,,,1,活动成分BaO没有正值，不能进行零替代
高钾,Ward,4,83,,,,1,活动成分BaO没有正值，不能进行零替代
高钾,Ward,5,83,,,,1,活动成分BaO没有正值，不能进行零替代
高钾,Ward,2,84,0.35,SiO2+CuO+P2O5,0.6,0,
高钾,Ward,3,84,0.6414017929910351,SiO2+CuO+P2O5,0.6,0,
高钾,Ward,4,84,0.403921568627451,SiO2+CuO+P2O5,0.6,0,
高钾,Ward,5,84,0.2372234935163997,SiO2+CuO+P2O5,0.6,0,
高钾,Ward,2,85,,,,1,活动成分BaO没有正值，不能进行零替代
高钾,Ward,3,85,,,,1,活动成分BaO没有正值，不能进行零替代
高钾,Ward,4,85,,,,1,活动成分BaO没有正值，不能进行零替代
高钾,Ward,5,85,,,,1,活动成分BaO没有正值，不能进行零替代
高钾,Ward,2,86,0.2033195020746888,SiO2+Fe2O3+P2O5,0.3333333333333333,0,
高钾,Ward,3,86,0.35037593984962406,SiO2+Fe2O3+P2O5,0.3333333333333333,0,
高钾,Ward,4,86,0.3567251461988304,SiO2+Fe2O3+P2O5,0.3333333333333333,0,
高钾,Ward,5,86,0.5190839694656488,SiO2+Fe2O3+P2O5,0.3333333333333333,0,
高钾,Ward,2,87,,,,1,活动成分BaO在训练集中全缺失
高钾,Ward,3,87,,,,1,活动成分BaO在训练集中全缺失
高钾,Ward,4,87,,,,1,活动成分BaO在训练集中全缺失
高钾,Ward,5,87,,,,1,活动成分BaO在训练集中全缺失
高钾,Ward,2,88,0.7457627118644068,SiO2+Al2O3+CaO+P2O5+Fe2O3,0.42857142857142855,0,
高钾,Ward,3,88,0.27647058823529413,SiO2+Al2O3+CaO+P2O5+Fe2O3,0.42857142857142855,0,
高钾,Ward,4,88,0.4064748201438849,SiO2+Al2O3+CaO+P2O5+Fe2O3,0.42857142857142855,0,
高钾,Ward,5,88,0.3613138686131387,SiO2+Al2O3+CaO+P2O5+Fe2O3,0.42857142857142855,0,
高钾,Ward,2,89,-0.06666666666666667,Fe2O3+SiO2+P2O5,0.3333333333333333,0,
高钾,Ward,3,89,-0.025280898876404494,Fe2O3+SiO2+P2O5,0.3333333333333333,0,
高钾,Ward,4,89,0.04738641914997557,Fe2O3+SiO2+P2O5,0.3333333333333333,0,
高钾,Ward,5,89,0.0976399814900509,Fe2O3+SiO2+P2O5,0.3333333333333333,0,
高钾,Ward,2,90,1.0,SiO2+Al2O3+P2O5+K2O,0.8,0,
高钾,Ward,3,90,0.28038379530916846,SiO2+Al2O3+P2O5+K2O,0.8,0,
高钾,Ward,4,90,0.35466523258940574,SiO2+Al2O3+P2O5+K2O,0.8,0,
高钾,Ward,5,90,0.4913907284768212,SiO2+Al2O3+P2O5+K2O,0.8,0,
高钾,Ward,2,91,0.5321637426900585,SiO2+CuO+P2O5,0.6,0,
高钾,Ward,3,91,0.5266272189349113,SiO2+CuO+P2O5,0.6,0,
高钾,Ward,4,91,0.6649029982363316,SiO2+CuO+P2O5,0.6,0,
高钾,Ward,5,91,0.6350832266325224,SiO2+CuO+P2O5,0.6,0,
高钾,Ward,2,92,0.0924092409240924,K2O+CaO+CuO+P2O5,0.5,0,
高钾,Ward,3,92,0.23651452282157676,K2O+CaO+CuO+P2O5,0.5,0,
高钾,Ward,4,92,0.2725268669054836,K2O+CaO+CuO+P2O5,0.5,0,
高钾,Ward,5,92,0.2707744488411532,K2O+CaO+CuO+P2O5,0.5,0,
高钾,Ward,2,93,0.75,SiO2+Al2O3+P2O5,0.6,0,
高钾,Ward,3,93,0.6868131868131868,SiO2+Al2O3+P2O5,0.6,0,
高钾,Ward,4,93,0.5440976933514247,SiO2+Al2O3+P2O5,0.6,0,
高钾,Ward,5,93,0.585635359116022,SiO2+Al2O3+P2O5,0.6,0,
高钾,Ward,2,94,1.0,K2O+SiO2+CuO,0.6,0,
高钾,Ward,3,94,0.6753246753246753,K2O+SiO2+CuO,0.6,0,
高钾,Ward,4,94,0.35912240184757505,K2O+SiO2+CuO,0.6,0,
高钾,Ward,5,94,0.3023255813953488,K2O+SiO2+CuO,0.6,0,
高钾,Ward,2,95,1.0,SiO2+Al2O3+MgO+K2O,0.5,0,
高钾,Ward,3,95,0.21568627450980393,SiO2+Al2O3+MgO+K2O,0.5,0,
高钾,Ward,4,95,0.1069182389937107,SiO2+Al2O3+MgO+K2O,0.5,0,
高钾,Ward,5,95,0.09876543209876543,SiO2+Al2O3+MgO+K2O,0.5,0,
高钾,Ward,2,96,1.0,CuO+K2O+SiO2,0.6,0,
高钾,Ward,3,96,0.8302687411598303,CuO+K2O+SiO2,0.6,0,
高钾,Ward,4,96,0.7610241820768137,CuO+K2O+SiO2,0.6,0,
高钾,Ward,5,96,0.33884297520661155,CuO+K2O+SiO2,0.6,0,
高钾,Ward,2,97,1.0,Al2O3+K2O+SiO2+MgO,0.5,0,
高钾,Ward,3,97,0.29961089494163423,Al2O3+K2O+SiO2+MgO,0.5,0,
高钾,Ward,4,97,0.1695501730103806,Al2O3+K2O+SiO2+MgO,0.5,0,
高钾,Ward,5,97,0.16237113402061856,Al2O3+K2O+SiO2+MgO,0.5,0,
高钾,Ward,2,98,-0.1396011396011396,Al2O3+K2O+P2O5+SiO2,0.8,0,
高钾,Ward,3,98,1.0,Al2O3+K2O+P2O5+SiO2,0.8,0,
高钾,Ward,4,98,1.0,Al2O3+K2O+P2O5+SiO2,0.8,0,
高钾,Ward,5,98,1.0,Al2O3+K2O+P2O5+SiO2,0.8,0,
高钾,Ward,2,99,0.5300699300699301,CuO+CaO+Fe2O3,0.14285714285714285,0,
高钾,Ward,3,99,0.40413793103448276,CuO+CaO+Fe2O3,0.14285714285714285,0,
高钾,Ward,4,99,0.3761969904240766,CuO+CaO+Fe2O3,0.14285714285714285,0,
高钾,Ward,5,99,0.20964125560538116,CuO+CaO+Fe2O3,0.14285714285714285,0,
高钾,Ward,2,100,0.5321637426900585,Al2O3+SiO2+P2O5,0.6,0,
高钾,Ward,3,100,0.4251901944209637,Al2O3+SiO2+P2O5,0.6,0,
高钾,Ward,4,100,0.4263519569763968,Al2O3+SiO2+P2O5,0.6,0,
高钾,Ward,5,100,0.7523219814241486,Al2O3+SiO2+P2O5,0.6,0,
高钾,Ward,2,101,-0.06666666666666667,Al2O3+CaO+Fe2O3,0.14285714285714285,0,
高钾,Ward,3,101,0.5166666666666667,Al2O3+CaO+Fe2O3,0.14285714285714285,0,
高钾,Ward,4,101,0.5166666666666667,Al2O3+CaO+Fe2O3,0.14285714285714285,0,
高钾,Ward,5,101,0.31666666666666665,Al2O3+CaO+Fe2O3,0.14285714285714285,0,
高钾,Ward,2,102,0.2,Al2O3+SiO2+Fe2O3,0.3333333333333333,0,
高钾,Ward,3,102,0.25,Al2O3+SiO2+Fe2O3,0.3333333333333333,0,
高钾,Ward,4,102,0.27338782924613986,Al2O3+SiO2+Fe2O3,0.3333333333333333,0,
高钾,Ward,5,102,0.35543278084714547,Al2O3+SiO2+Fe2O3,0.3333333333333333,0,
高钾,Ward,2,103,1.0,Al2O3+SiO2+MgO+K2O,0.5,0,
高钾,Ward,3,103,0.4482758620689655,Al2O3+SiO2+MgO+K2O,0.5,0,
高钾,Ward,4,103,0.3141945773524721,Al2O3+SiO2+MgO+K2O,0.5,0,
高钾,Ward,5,103,0.4522691705790297,Al2O3+SiO2+MgO+K2O,0.5,0,
高钾,Ward,2,104,1.0,CuO+SiO2+K2O,0.6,0,
高钾,Ward,3,104,0.9001386962552012,CuO+SiO2+K2O,0.6,0,
高钾,Ward,4,104,0.5937940761636107,CuO+SiO2+K2O,0.6,0,
高钾,Ward,5,104,0.4685714285714286,CuO+SiO2+K2O,0.6,0,
高钾,Ward,2,105,1.0,K2O+SiO2+P2O5+CuO,0.8,0,
高钾,Ward,3,105,0.6728264162375038,K2O+SiO2+P2O5+CuO,0.8,0,
高钾,Ward,4,105,0.4383149448345035,K2O+SiO2+P2O5+CuO,0.8,0,
高钾,Ward,5,105,0.5596330275229358,K2O+SiO2+P2O5+CuO,0.8,0,
高钾,Ward,2,106,0.0,Fe2O3+Al2O3+P2O5+CuO,0.5,0,
高钾,Ward,3,106,0.012944983818770227,Fe2O3+Al2O3+P2O5+CuO,0.5,0,
高钾,Ward,4,106,0.39285714285714285,Fe2O3+Al2O3+P2O5+CuO,0.5,0,
高钾,Ward,5,106,0.4642857142857143,Fe2O3+Al2O3+P2O5+CuO,0.5,0,
高钾,Ward,2,107,0.31976744186046513,SiO2+Al2O3+MgO+CuO+P2O5,0.6666666666666666,0,
高钾,Ward,3,107,0.41542625169147496,SiO2+Al2O3+MgO+CuO+P2O5,0.6666666666666666,0,
高钾,Ward,4,107,0.22263352723426758,SiO2+Al2O3+MgO+CuO+P2O5,0.6666666666666666,0,
高钾,Ward,5,107,0.24050632911392406,SiO2+Al2O3+MgO+CuO+P2O5,0.6666666666666666,0,
高钾,Ward,2,108,-0.0847457627118644,Al2O3+CuO+P2O5,0.6,0,
高钾,Ward,3,108,0.7550306211723534,Al2O3+CuO+P2O5,0.6,0,
高钾,Ward,4,108,0.5928753180661578,Al2O3+CuO+P2O5,0.6,0,
高钾,Ward,5,108,0.26887417218543047,Al2O3+CuO+P2O5,0.6,0,
高钾,Ward,2,109,0.4681861348528015,SiO2+CaO+CuO+P2O5,0.5,0,
高钾,Ward,3,109,0.7339983374896093,SiO2+CaO+CuO+P2O5,0.5,0,
高钾,Ward,4,109,0.7353184449958643,SiO2+CaO+CuO+P2O5,0.5,0,
高钾,Ward,5,109,0.7850055126791621,SiO2+CaO+CuO+P2O5,0.5,0,
高钾,Ward,2,110,1.0,SiO2+K2O+CuO+P2O5,0.8,0,
高钾,Ward,3,110,0.5714285714285714,SiO2+K2O+CuO+P2O5,0.8,0,
高钾,Ward,4,110,0.5141065830721003,SiO2+K2O+CuO+P2O5,0.8,0,
高钾,Ward,5,110,0.5382165605095541,SiO2+K2O+CuO+P2O5,0.8,0,
高钾,Ward,2,111,1.0,K2O+P2O5+SiO2+CuO+PbO,0.6666666666666666,0,
高钾,Ward,3,111,0.37639198218262804,K2O+P2O5+SiO2+CuO+PbO,0.6666666666666666,0,
高钾,Ward,4,111,0.4522691705790297,K2O+P2O5+SiO2+CuO+PbO,0.6666666666666666,0,
高钾,Ward,5,111,0.2846270928462709,K2O+P2O5+SiO2+CuO+PbO,0.6666666666666666,0,
高钾,Ward,2,112,,,,1,活动成分BaO没有正值，不能进行零替代
高钾,Ward,3,112,,,,1,活动成分BaO没有正值，不能进行零替代
高钾,Ward,4,112,,,,1,活动成分BaO没有正值，不能进行零替代
高钾,Ward,5,112,,,,1,活动成分BaO没有正值，不能进行零替代
高钾,Ward,2,113,1.0,K2O+SiO2+Fe2O3+CuO+P2O5,0.6666666666666666,0,
高钾,Ward,3,113,0.5477792732166891,K2O+SiO2+Fe2O3+CuO+P2O5,0.6666666666666666,0,
高钾,Ward,4,113,0.5832127351664255,K2O+SiO2+Fe2O3+CuO+P2O5,0.6666666666666666,0,
高钾,Ward,5,113,0.552099533437014,K2O+SiO2+Fe2O3+CuO+P2O5,0.6666666666666666,0,
高钾,Ward,2,114,1.0,K2O+Al2O3+P2O5+SiO2+CaO,0.6666666666666666,0,
高钾,Ward,3,114,0.6190476190476191,K2O+Al2O3+P2O5+SiO2+CaO,0.6666666666666666,0,
高钾,Ward,4,114,0.16312056737588654,K2O+Al2O3+P2O5+SiO2+CaO,0.6666666666666666,0,
高钾,Ward,5,114,0.12418300653594772,K2O+Al2O3+P2O5+SiO2+CaO,0.6666666666666666,0,
高钾,Ward,2,115,1.0,K2O+MgO+Al2O3+P2O5+SiO2,0.6666666666666666,0,
高钾,Ward,3,115,1.0,K2O+MgO+Al2O3+P2O5+SiO2,0.6666666666666666,0,
高钾,Ward,4,115,0.45808636748518206,K2O+MgO+Al2O3+P2O5+SiO2,0.6666666666666666,0,
高钾,Ward,5,115,0.5907928388746803,K2O+MgO+Al2O3+P2O5+SiO2,0.6666666666666666,0,
高钾,Ward,2,116,0.7491638795986622,Al2O3+CaO,0.16666666666666666,0,
高钾,Ward,3,116,0.5515952860017246,Al2O3+CaO,0.16666666666666666,0,
高钾,Ward,4,116,0.4300979519145147,Al2O3+CaO,0.16666666666666666,0,
高钾,Ward,5,116,0.4857142857142857,Al2O3+CaO,0.16666666666666666,0,
高钾,Ward,2,117,-0.06779661016949153,SiO2+Fe2O3+CuO+P2O5,0.5,0,
高钾,Ward,3,117,0.10583941605839416,SiO2+Fe2O3+CuO+P2O5,0.5,0,
高钾,Ward,4,117,0.24314096499526963,SiO2+Fe2O3+CuO+P2O5,0.5,0,
高钾,Ward,5,117,0.21460558043403377,SiO2+Fe2O3+CuO+P2O5,0.5,0,
高钾,Ward,2,118,1.0,Al2O3+MgO+SiO2+K2O+CaO,0.42857142857142855,0,
高钾,Ward,3,118,0.5509977827050998,Al2O3+MgO+SiO2+K2O+CaO,0.42857142857142855,0,
高钾,Ward,4,118,0.22382671480144403,Al2O3+MgO+SiO2+K2O+CaO,0.42857142857142855,0,
高钾,Ward,5,118,0.5404814004376368,Al2O3+MgO+SiO2+K2O+CaO,0.42857142857142855,0,
高钾,Ward,2,119,-0.1111111111111111,K2O+Fe2O3+CuO,0.3333333333333333,0,
高钾,Ward,3,119,0.5,K2O+Fe2O3+CuO,0.3333333333333333,0,
高钾,Ward,4,119,0.3149882903981265,K2O+Fe2O3+CuO,0.3333333333333333,0,
高钾,Ward,5,119,0.5120481927710844,K2O+Fe2O3+CuO,0.3333333333333333,0,
高钾,Ward,2,120,0.08333333333333333,Fe2O3+Al2O3+P2O5,0.3333333333333333,0,
高钾,Ward,3,120,0.3108974358974359,Fe2O3+Al2O3+P2O5,0.3333333333333333,0,
高钾,Ward,4,120,0.5863309352517986,Fe2O3+Al2O3+P2O5,0.3333333333333333,0,
高钾,Ward,5,120,0.24025974025974026,Fe2O3+Al2O3+P2O5,0.3333333333333333,0,
高钾,Ward,2,121,0.0,SiO2+Al2O3+Fe2O3,0.3333333333333333,0,
高钾,Ward,3,121,0.049773755656108594,SiO2+Al2O3+Fe2O3,0.3333333333333333,0,
高钾,Ward,4,121,0.15492957746478872,SiO2+Al2O3+Fe2O3,0.3333333333333333,0,
高钾,Ward,5,121,0.12195121951219512,SiO2+Al2O3+Fe2O3,0.3333333333333333,0,
高钾,Ward,2,122,0.47761194029850745,CuO+K2O+CaO,0.3333333333333333,0,
高钾,Ward,3,122,0.2465753424657534,CuO+K2O+CaO,0.3333333333333333,0,
高钾,Ward,4,122,0.6153846153846154,CuO+K2O+CaO,0.3333333333333333,0,
高钾,Ward,5,122,0.48598130841121495,CuO+K2O+CaO,0.3333333333333333,0,
高钾,Ward,2,123,1.0,SiO2+Al2O3+P2O5+K2O,0.8,0,
高钾,Ward,3,123,1.0,SiO2+Al2O3+P2O5+K2O,0.8,0,
高钾,Ward,4,123,0.39984996249062266,SiO2+Al2O3+P2O5+K2O,0.8,0,
高钾,Ward,5,123,0.3993993993993994,SiO2+Al2O3+P2O5+K2O,0.8,0,
高钾,Ward,2,124,1.0,Al2O3+K2O+P2O5+MgO,0.5,0,
高钾,Ward,3,124,0.25738396624472576,Al2O3+K2O+P2O5+MgO,0.5,0,
高钾,Ward,4,124,0.14776632302405499,Al2O3+K2O+P2O5+MgO,0.5,0,
高钾,Ward,5,124,0.06552706552706553,Al2O3+K2O+P2O5+MgO,0.5,0,
高钾,Ward,2,125,-0.039603960396039604,Fe2O3+Al2O3+CuO,0.3333333333333333,0,
高钾,Ward,3,125,0.4764724213150514,Fe2O3+Al2O3+CuO,0.3333333333333333,0,
高钾,Ward,4,125,0.47633434038267874,Fe2O3+Al2O3+CuO,0.3333333333333333,0,
高钾,Ward,5,125,0.37873357228195936,Fe2O3+Al2O3+CuO,0.3333333333333333,0,
高钾,Ward,2,126,0.16666666666666666,K2O+Al2O3+P2O5+CaO,0.5,0,
高钾,Ward,3,126,0.26646290636287856,K2O+Al2O3+P2O5+CaO,0.5,0,
高钾,Ward,4,126,0.6280642434488588,K2O+Al2O3+P2O5+CaO,0.5,0,
高钾,Ward,5,126,0.5028114826871856,K2O+Al2O3+P2O5+CaO,0.5,0,
高钾,Ward,2,127,0.7457627118644068,SiO2+Al2O3,0.4,0,
高钾,Ward,3,127,0.3248175182481752,SiO2+Al2O3,0.4,0,
高钾,Ward,4,127,0.44621938232161873,SiO2+Al2O3,0.4,0,
高钾,Ward,5,127,0.42484662576687116,SiO2+Al2O3,0.4,0,
高钾,Ward,2,128,1.0,SiO2+Al2O3+P2O5+K2O,0.8,0,
高钾,Ward,3,128,0.6753246753246753,SiO2+Al2O3+P2O5+K2O,0.8,0,
高钾,Ward,4,128,0.7183098591549296,SiO2+Al2O3+P2O5+K2O,0.8,0,
高钾,Ward,5,128,0.6445497630331753,SiO2+Al2O3+P2O5+K2O,0.8,0,
高钾,Ward,2,129,1.0,Al2O3+SiO2+P2O5+K2O,0.8,0,
高钾,Ward,3,129,0.425754060324826,Al2O3+SiO2+P2O5+K2O,0.8,0,
高钾,Ward,4,129,1.0,Al2O3+SiO2+P2O5+K2O,0.8,0,
高钾,Ward,5,129,0.5209580838323353,Al2O3+SiO2+P2O5+K2O,0.8,0,
高钾,Ward,2,130,0.23529411764705882,SiO2+MgO+Al2O3,0.3333333333333333,0,
高钾,Ward,3,130,0.3492063492063492,SiO2+MgO+Al2O3,0.3333333333333333,0,
高钾,Ward,4,130,0.40110323089046496,SiO2+MgO+Al2O3,0.3333333333333333,0,
高钾,Ward,5,130,0.17995444191343962,SiO2+MgO+Al2O3,0.3333333333333333,0,
高钾,Ward,2,131,1.0,K2O+Al2O3+SiO2+CuO,0.8,0,
高钾,Ward,3,131,0.5,K2O+Al2O3+SiO2+CuO,0.8,0,
高钾,Ward,4,131,0.29577464788732394,K2O+Al2O3+SiO2+CuO,0.8,0,
高钾,Ward,5,131,0.22675667382632708,K2O+Al2O3+SiO2+CuO,0.8,0,
高钾,Ward,2,132,0.5333333333333333,SiO2+CuO+P2O5,0.6,0,
高钾,Ward,3,132,0.8666666666666667,SiO2+CuO+P2O5,0.6,0,
高钾,Ward,4,132,0.45,SiO2+CuO+P2O5,0.6,0,
高钾,Ward,5,132,0.47336561743341404,SiO2+CuO+P2O5,0.6,0,
高钾,Ward,2,133,-0.09871244635193133,SiO2+Fe2O3+P2O5,0.3333333333333333,0,
高钾,Ward,3,133,0.062218214607754736,SiO2+Fe2O3+P2O5,0.3333333333333333,0,
高钾,Ward,4,133,0.33554817275747506,SiO2+Fe2O3+P2O5,0.3333333333333333,0,
高钾,Ward,5,133,0.3224932249322493,SiO2+Fe2O3+P2O5,0.3333333333333333,0,
高钾,Ward,2,134,0.5352697095435685,SiO2+CuO+P2O5,0.6,0,
高钾,Ward,3,134,0.6613039796782387,SiO2+CuO+P2O5,0.6,0,
高钾,Ward,4,134,0.5574468085106383,SiO2+CuO+P2O5,0.6,0,
高钾,Ward,5,134,0.3961038961038961,SiO2+CuO+P2O5,0.6,0,
高钾,Ward,2,135,,,,1,活动成分BaO在训练集中全缺失
高钾,Ward,3,135,,,,1,活动成分BaO在训练集中全缺失
高钾,Ward,4,135,,,,1,活动成分BaO在训练集中全缺失
高钾,Ward,5,135,,,,1,活动成分BaO在训练集中全缺失
高钾,Ward,2,136,0.08333333333333333,SiO2+Al2O3,0.4,0,
高钾,Ward,3,136,0.017671517671517672,SiO2+Al2O3,0.4,0,
高钾,Ward,4,136,0.2873303167420814,SiO2+Al2O3,0.4,0,
高钾,Ward,5,136,0.3371104815864023,SiO2+Al2O3,0.4,0,
高钾,Ward,2,137,0.004149377593360996,CuO+CaO+Fe2O3+MgO,0.125,0,
高钾,Ward,3,137,-0.03765690376569038,CuO+CaO+Fe2O3+MgO,0.125,0,
高钾,Ward,4,137,-0.04114189756507137,CuO+CaO+Fe2O3+MgO,0.125,0,
高钾,Ward,5,137,0.4187102633969119,CuO+CaO+Fe2O3+MgO,0.125,0,
高钾,Ward,2,138,1.0,Al2O3+SiO2+K2O+MgO,0.5,0,
高钾,Ward,3,138,0.4482758620689655,Al2O3+SiO2+K2O+MgO,0.5,0,
高钾,Ward,4,138,0.24663677130044842,Al2O3+SiO2+K2O+MgO,0.5,0,
高钾,Ward,5,138,0.1598173515981735,Al2O3+SiO2+K2O+MgO,0.5,0,
高钾,Ward,2,139,1.0,SiO2+K2O+CuO+P2O5,0.8,0,
高钾,Ward,3,139,0.8344827586206897,SiO2+K2O+CuO+P2O5,0.8,0,
高钾,Ward,4,139,0.7373461012311902,SiO2+K2O+CuO+P2O5,0.8,0,
高钾,Ward,5,139,0.5037220843672456,SiO2+K2O+CuO+P2O5,0.8,0,
高钾,Ward,2,140,0.08831908831908832,Al2O3+K2O+CuO+P2O5,0.8,0,
高钾,Ward,3,140,0.5691797845898923,Al2O3+K2O+CuO+P2O5,0.8,0,
高钾,Ward,4,140,0.4284113196973942,Al2O3+K2O+CuO+P2O5,0.8,0,
高钾,Ward,5,140,0.48586118251928023,Al2O3+K2O+CuO+P2O5,0.8,0,
高钾,Ward,2,141,-0.06779661016949153,SiO2+Fe2O3+P2O5+CuO,0.5,0,
高钾,Ward,3,141,0.11894273127753303,SiO2+Fe2O3+P2O5+CuO,0.5,0,
高钾,Ward,4,141,0.24314096499526963,SiO2+Fe2O3+P2O5+CuO,0.5,0,
高钾,Ward,5,141,0.4212883224250775,SiO2+Fe2O3+P2O5+CuO,0.5,0,
高钾,Ward,2,142,1.0,K2O+CuO+SiO2+P2O5,0.8,0,
高钾,Ward,3,142,0.4722814498933902,K2O+CuO+SiO2+P2O5,0.8,0,
高钾,Ward,4,142,0.5159989244420543,K2O+CuO+SiO2+P2O5,0.8,0,
高钾,Ward,5,142,0.4838709677419355,K2O+CuO+SiO2+P2O5,0.8,0,
高钾,Ward,2,143,0.3389830508474576,Al2O3+K2O+P2O5,0.6,0,
高钾,Ward,3,143,0.40083217753120665,Al2O3+K2O+P2O5,0.6,0,
高钾,Ward,4,143,0.3592233009708738,Al2O3+K2O+P2O5,0.6,0,
高钾,Ward,5,143,0.4657534246575342,Al2O3+K2O+P2O5,0.6,0,
高钾,Ward,2,144,-0.1396011396011396,Fe2O3+CaO+P2O5,0.14285714285714285,0,
高钾,Ward,3,144,0.29992044550517105,Fe2O3+CaO+P2O5,0.14285714285714285,0,
高钾,Ward,4,144,0.3065405831363278,Fe2O3+CaO+P2O5,0.14285714285714285,0,
高钾,Ward,5,144,0.36423841059602646,Fe2O3+CaO+P2O5,0.14285714285714285,0,
高钾,Ward,2,145,,,,1,活动成分BaO在训练集中全缺失
高钾,Ward,3,145,,,,1,活动成分BaO在训练集中全缺失
高钾,Ward,4,145,,,,1,活动成分BaO在训练集中全缺失
高钾,Ward,5,145,,,,1,活动成分BaO在训练集中全缺失
高钾,Ward,2,146,1.0,Al2O3+SiO2+K2O+P2O5,0.8,0,
高钾,Ward,3,146,0.7329624478442281,Al2O3+SiO2+K2O+P2O5,0.8,0,
高钾,Ward,4,146,0.7375820056232427,Al2O3+SiO2+K2O+P2O5,0.8,0,
高钾,Ward,5,146,1.0,Al2O3+SiO2+K2O+P2O5,0.8,0,
高钾,Ward,2,147,1.0,SiO2+K2O+CuO+P2O5,0.8,0,
高钾,Ward,3,147,0.7185576077396658,SiO2+K2O+CuO+P2O5,0.8,0,
高钾,Ward,4,147,0.7325692454632283,SiO2+K2O+CuO+P2O5,0.8,0,
高钾,Ward,5,147,0.5441988950276243,SiO2+K2O+CuO+P2O5,0.8,0,
高钾,Ward,2,148,-0.030042918454935622,Al2O3+SiO2+CuO+P2O5,0.8,0,
高钾,Ward,3,148,0.4950405770964833,Al2O3+SiO2+CuO+P2O5,0.8,0,
高钾,Ward,4,148,0.46658491722869405,Al2O3+SiO2+CuO+P2O5,0.8,0,
高钾,Ward,5,148,0.24847664184157076,Al2O3+SiO2+CuO+P2O5,0.8,0,
高钾,Ward,2,149,0.10714285714285714,SiO2+Al2O3,0.4,0,
高钾,Ward,3,149,0.029288702928870293,SiO2+Al2O3,0.4,0,
高钾,Ward,4,149,0.26405451448040884,SiO2+Al2O3,0.4,0,
高钾,Ward,5,149,0.3284365162644281,SiO2+Al2O3,0.4,0,
高钾,Ward,2,150,0.0,SiO2+CuO+Fe2O3+P2O5,0.5,0,
高钾,Ward,3,150,0.07407407407407407,SiO2+CuO+Fe2O3+P2O5,0.5,0,
高钾,Ward,4,150,0.0121580547112462,SiO2+CuO+Fe2O3+P2O5,0.5,0,
高钾,Ward,5,150,0.08950617283950617,SiO2+CuO+Fe2O3+P2O5,0.5,0,
高钾,Ward,2,151,1.0,Al2O3+SiO2+K2O,0.6,0,
高钾,Ward,3,151,0.357429718875502,Al2O3+SiO2+K2O,0.6,0,
高钾,Ward,4,151,0.328537170263789,Al2O3+SiO2+K2O,0.6,0,
高钾,Ward,5,151,0.20671243325705568,Al2O3+SiO2+K2O,0.6,0,
高钾,Ward,2,152,-0.08333333333333333,SiO2+Al2O3+MgO+P2O5+K2O,0.6666666666666666,0,
高钾,Ward,3,152,1.0,SiO2+Al2O3+MgO+P2O5+K2O,0.6666666666666666,0,
高钾,Ward,4,152,1.0,SiO2+Al2O3+MgO+P2O5+K2O,0.6666666666666666,0,
高钾,Ward,5,152,0.6748848550528312,SiO2+Al2O3+MgO+P2O5+K2O,0.6666666666666666,0,
高钾,Ward,2,153,,,,1,活动成分BaO没有正值，不能进行零替代
高钾,Ward,3,153,,,,1,活动成分BaO没有正值，不能进行零替代
高钾,Ward,4,153,,,,1,活动成分BaO没有正值，不能进行零替代
高钾,Ward,5,153,,,,1,活动成分BaO没有正值，不能进行零替代
高钾,Ward,2,154,1.0,SiO2+Al2O3+K2O+P2O5,0.8,0,
高钾,Ward,3,154,1.0,SiO2+Al2O3+K2O+P2O5,0.8,0,
高钾,Ward,4,154,0.5368072787427626,SiO2+Al2O3+K2O+P2O5,0.8,0,
高钾,Ward,5,154,0.4742792538157151,SiO2+Al2O3+K2O+P2O5,0.8,0,
高钾,Ward,2,155,1.0,K2O+SiO2+CuO,0.6,0,
高钾,Ward,3,155,0.5249406175771971,K2O+SiO2+CuO,0.6,0,
高钾,Ward,4,155,0.24623115577889448,K2O+SiO2+CuO,0.6,0,
高钾,Ward,5,155,0.3434343434343434,K2O+SiO2+CuO,0.6,0,
高钾,Ward,2,156,0.31976744186046513,CuO+SiO2+CaO+P2O5+K2O,0.6666666666666666,0,
高钾,Ward,3,156,0.41542625169147496,CuO+SiO2+CaO+P2O5+K2O,0.6666666666666666,0,
高钾,Ward,4,156,0.41256459069893936,CuO+SiO2+CaO+P2O5+K2O,0.6666666666666666,0,
高钾,Ward,5,156,0.4117647058823529,CuO+SiO2+CaO+P2O5+K2O,0.6666666666666666,0,
高钾,Ward,2,157,,,,1,活动成分PbO在训练集中全缺失
高钾,Ward,3,157,,,,1,活动成分PbO在训练集中全缺失
高钾,Ward,4,157,,,,1,活动成分PbO在训练集中全缺失
高钾,Ward,5,157,,,,1,活动成分PbO在训练集中全缺失
高钾,Ward,2,158,0.08333333333333333,SiO2+Fe2O3+CuO+P2O5,0.5,0,
高钾,Ward,3,158,0.1712230215827338,SiO2+Fe2O3+CuO+P2O5,0.5,0,
高钾,Ward,4,158,0.15466499686912963,SiO2+Fe2O3+CuO+P2O5,0.5,0,
高钾,Ward,5,158,0.3013698630136986,SiO2+Fe2O3+CuO+P2O5,0.5,0,
高钾,Ward,2,159,1.0,K2O+Al2O3+SiO2+Fe2O3,0.5,0,
高钾,Ward,3,159,0.4482758620689655,K2O+Al2O3+SiO2+Fe2O3,0.5,0,
高钾,Ward,4,159,0.24528301886792453,K2O+Al2O3+SiO2+Fe2O3,0.5,0,
高钾,Ward,5,159,0.1566265060240964,K2O+Al2O3+SiO2+Fe2O3,0.5,0,
高钾,Ward,2,160,0.14666666666666667,MgO+CaO+CuO+P2O5,0.2857142857142857,0,
高钾,Ward,3,160,0.2969374167776298,MgO+CaO+CuO+P2O5,0.2857142857142857,0,
高钾,Ward,4,160,0.08609271523178808,MgO+CaO+CuO+P2O5,0.2857142857142857,0,
高钾,Ward,5,160,0.0588740868070477,MgO+CaO+CuO+P2O5,0.2857142857142857,0,
高钾,Ward,2,161,-0.09883720930232558,Fe2O3+Al2O3+K2O+CuO+P2O5,0.6666666666666666,0,
高钾,Ward,3,161,0.13797374287837502,Fe2O3+Al2O3+K2O+CuO+P2O5,0.6666666666666666,0,
高钾,Ward,4,161,0.45439045183290705,Fe2O3+Al2O3+K2O+CuO+P2O5,0.6666666666666666,0,
高钾,Ward,5,161,0.4994246260069045,Fe2O3+Al2O3+K2O+CuO+P2O5,0.6666666666666666,0,
高钾,Ward,2,162,0.08333333333333333,CaO+Al2O3+CuO,0.3333333333333333,0,
高钾,Ward,3,162,0.43412908930150307,CaO+Al2O3+CuO,0.3333333333333333,0,
高钾,Ward,4,162,0.483065953654189,CaO+Al2O3+CuO,0.3333333333333333,0,
高钾,Ward,5,162,0.24847664184157076,CaO+Al2O3+CuO,0.3333333333333333,0,
高钾,Ward,2,163,0.5333333333333333,P2O5+SiO2+CuO,0.6,0,
高钾,Ward,3,163,0.3333333333333333,P2O5+SiO2+CuO,0.6,0,
高钾,Ward,4,163,0.26666666666666666,P2O5+SiO2+CuO,0.6,0,
高钾,Ward,5,163,0.3157894736842105,P2O5+SiO2+CuO,0.6,0,
高钾,Ward,2,164,0.08333333333333333,SiO2+Fe2O3+CuO+P2O5,0.5,0,
高钾,Ward,3,164,0.28888888888888886,SiO2+Fe2O3+CuO+P2O5,0.5,0,
高钾,Ward,4,164,0.2102665350444225,SiO2+Fe2O3+CuO+P2O5,0.5,0,
高钾,Ward,5,164,0.3719626168224299,SiO2+Fe2O3+CuO+P2O5,0.5,0,
高钾,Ward,2,165,1.0,SiO2+Fe2O3+Al2O3+MgO,0.2857142857142857,0,
高钾,Ward,3,165,0.9769938650306749,SiO2+Fe2O3+Al2O3+MgO,0.2857142857142857,0,
高钾,Ward,4,165,0.28160919540229884,SiO2+Fe2O3+Al2O3+MgO,0.2857142857142857,0,
高钾,Ward,5,165,0.20769919427036707,SiO2+Fe2O3+Al2O3+MgO,0.2857142857142857,0,
高钾,Ward,2,166,0.75,SiO2+P2O5+CuO,0.6,0,
高钾,Ward,3,166,0.45,SiO2+P2O5+CuO,0.6,0,
高钾,Ward,4,166,0.6327319587628866,SiO2+P2O5+CuO,0.6,0,
高钾,Ward,5,166,0.6230366492146597,SiO2+P2O5+CuO,0.6,0,
高钾,Ward,2,167,0.35359116022099446,CuO+P2O5+SiO2+Fe2O3,0.5,0,
高钾,Ward,3,167,0.572405929304447,CuO+P2O5+SiO2+Fe2O3,0.5,0,
高钾,Ward,4,167,0.6003633060853769,CuO+P2O5+SiO2+Fe2O3,0.5,0,
高钾,Ward,5,167,0.4887525562372188,CuO+P2O5+SiO2+Fe2O3,0.5,0,
高钾,Ward,2,168,-0.06779661016949153,SiO2+Al2O3+PbO+P2O5,0.5,0,
高钾,Ward,3,168,0.4835007173601148,SiO2+Al2O3+PbO+P2O5,0.5,0,
高钾,Ward,4,168,0.6055103318722604,SiO2+Al2O3+PbO+P2O5,0.5,0,
高钾,Ward,5,168,0.45454545454545453,SiO2+Al2O3+PbO+P2O5,0.5,0,
高钾,Ward,2,169,0.7311827956989247,Al2O3+CaO+SiO2+P2O5,0.5,0,
高钾,Ward,3,169,0.7922077922077922,Al2O3+CaO+SiO2+P2O5,0.5,0,
高钾,Ward,4,169,0.6336996336996337,Al2O3+CaO+SiO2+P2O5,0.5,0,
高钾,Ward,5,169,0.8051948051948052,Al2O3+CaO+SiO2+P2O5,0.5,0,
高钾,Ward,2,170,0.2,SiO2+Fe2O3+P2O5,0.3333333333333333,0,
高钾,Ward,3,170,0.25,SiO2+Fe2O3+P2O5,0.3333333333333333,0,
高钾,Ward,4,170,0.26916221033868093,SiO2+Fe2O3+P2O5,0.3333333333333333,0,
高钾,Ward,5,170,0.3902439024390244,SiO2+Fe2O3+P2O5,0.3333333333333333,0,
高钾,Ward,2,171,0.35,SiO2+P2O5+CuO,0.6,0,
高钾,Ward,3,171,0.5358910891089109,SiO2+P2O5+CuO,0.6,0,
高钾,Ward,4,171,0.26973684210526316,SiO2+P2O5+CuO,0.6,0,
高钾,Ward,5,171,0.36,SiO2+P2O5+CuO,0.6,0,
高钾,Ward,2,172,,,,1,活动成分BaO没有正值，不能进行零替代
高钾,Ward,3,172,,,,1,活动成分BaO没有正值，不能进行零替代
高钾,Ward,4,172,,,,1,活动成分BaO没有正值，不能进行零替代
高钾,Ward,5,172,,,,1,活动成分BaO没有正值，不能进行零替代
高钾,Ward,2,173,0.2,CaO+CuO+Fe2O3,0.14285714285714285,0,
高钾,Ward,3,173,0.06028368794326241,CaO+CuO+Fe2O3,0.14285714285714285,0,
高钾,Ward,4,173,0.03985507246376811,CaO+CuO+Fe2O3,0.14285714285714285,0,
高钾,Ward,5,173,0.16139767054908485,CaO+CuO+Fe2O3,0.14285714285714285,0,
高钾,Ward,2,174,1.0,K2O+SiO2+CuO+P2O5+Al2O3,1.0,0,
高钾,Ward,3,174,1.0,K2O+SiO2+CuO+P2O5+Al2O3,1.0,0,
高钾,Ward,4,174,0.569377990430622,K2O+SiO2+CuO+P2O5+Al2O3,1.0,0,
高钾,Ward,5,174,0.5396825396825397,K2O+SiO2+CuO+P2O5+Al2O3,1.0,0,
高钾,Ward,2,175,-0.11940298507462686,Fe2O3+Al2O3+K2O+CaO+MgO,0.25,0,
高钾,Ward,3,175,0.4722814498933902,Fe2O3+Al2O3+K2O+CaO+MgO,0.25,0,
高钾,Ward,4,175,0.2760942760942761,Fe2O3+Al2O3+K2O+CaO+MgO,0.25,0,
高钾,Ward,5,175,0.5392491467576792,Fe2O3+Al2O3+K2O+CaO+MgO,0.25,0,
高钾,Ward,2,176,1.0,K2O+SiO2+CuO+P2O5,0.8,0,
高钾,Ward,3,176,1.0,K2O+SiO2+CuO+P2O5,0.8,0,
高钾,Ward,4,176,1.0,K2O+SiO2+CuO+P2O5,0.8,0,
高钾,Ward,5,176,1.0,K2O+SiO2+CuO+P2O5,0.8,0,
高钾,Ward,2,177,1.0,SiO2+K2O+CuO+P2O5,0.8,0,
高钾,Ward,3,177,1.0,SiO2+K2O+CuO+P2O5,0.8,0,
高钾,Ward,4,177,1.0,SiO2+K2O+CuO+P2O5,0.8,0,
高钾,Ward,5,177,1.0,SiO2+K2O+CuO+P2O5,0.8,0,
高钾,Ward,2,178,1.0,SiO2+Al2O3,0.4,0,
高钾,Ward,3,178,0.7600685518423308,SiO2+Al2O3,0.4,0,
高钾,Ward,4,178,0.5906432748538012,SiO2+Al2O3,0.4,0,
高钾,Ward,5,178,0.6606786427145709,SiO2+Al2O3,0.4,0,
高钾,Ward,2,179,-0.09871244635193133,Fe2O3+P2O5+K2O+CaO,0.2857142857142857,0,
高钾,Ward,3,179,0.39984996249062266,Fe2O3+P2O5+K2O+CaO,0.2857142857142857,0,
高钾,Ward,4,179,0.26605504587155965,Fe2O3+P2O5+K2O+CaO,0.2857142857142857,0,
高钾,Ward,5,179,0.2618878637331441,Fe2O3+P2O5+K2O+CaO,0.2857142857142857,0,
高钾,Ward,2,180,0.7311827956989247,SiO2+Al2O3+P2O5+CuO,0.8,0,
高钾,Ward,3,180,0.4538152610441767,SiO2+Al2O3+P2O5+CuO,0.8,0,
高钾,Ward,4,180,0.48840927258193445,SiO2+Al2O3+P2O5+CuO,0.8,0,
高钾,Ward,5,180,0.288476411446249,SiO2+Al2O3+P2O5+CuO,0.8,0,
高钾,Ward,2,181,1.0,SiO2+K2O+Al2O3+P2O5+CuO,1.0,0,
高钾,Ward,3,181,1.0,SiO2+K2O+Al2O3+P2O5+CuO,1.0,0,
高钾,Ward,4,181,1.0,SiO2+K2O+Al2O3+P2O5+CuO,1.0,0,
高钾,Ward,5,181,1.0,SiO2+K2O+Al2O3+P2O5+CuO,1.0,0,
高钾,Ward,2,182,1.0,K2O+SiO2+P2O5+CuO,0.8,0,
高钾,Ward,3,182,0.5524861878453039,K2O+SiO2+P2O5+CuO,0.8,0,
高钾,Ward,4,182,0.5710455764075067,K2O+SiO2+P2O5+CuO,0.8,0,
高钾,Ward,5,182,0.549577729121051,K2O+SiO2+P2O5+CuO,0.8,0,
高钾,Ward,2,183,0.7491638795986622,SiO2+P2O5+CuO,0.6,0,
高钾,Ward,3,183,0.543918918918919,SiO2+P2O5+CuO,0.6,0,
高钾,Ward,4,183,0.5704523267165637,SiO2+P2O5+CuO,0.6,0,
高钾,Ward,5,183,0.5198253910512913,SiO2+P2O5+CuO,0.6,0,
高钾,Ward,2,184,0.06779661016949153,SiO2+CuO+P2O5,0.6,0,
高钾,Ward,3,184,-0.03715170278637771,SiO2+CuO+P2O5,0.6,0,
高钾,Ward,4,184,0.0061162079510703364,SiO2+CuO+P2O5,0.6,0,
高钾,Ward,5,184,0.09375,SiO2+CuO+P2O5,0.6,0,
高钾,Ward,2,185,1.0,K2O+Al2O3+SiO2+P2O5,0.8,0,
高钾,Ward,3,185,0.6414017929910351,K2O+Al2O3+SiO2+P2O5,0.8,0,
高钾,Ward,4,185,0.67558799675588,K2O+Al2O3+SiO2+P2O5,0.8,0,
高钾,Ward,5,185,0.6448748991121872,K2O+Al2O3+SiO2+P2O5,0.8,0,
高钾,Ward,2,186,0.7311827956989247,CuO+P2O5+CaO,0.3333333333333333,0,
高钾,Ward,3,186,0.7889182058047494,CuO+P2O5+CaO,0.3333333333333333,0,
高钾,Ward,4,186,0.35341660543717857,CuO+P2O5+CaO,0.3333333333333333,0,
高钾,Ward,5,186,0.30885529157667385,CuO+P2O5+CaO,0.3333333333333333,0,
高钾,Ward,2,187,0.35,SiO2+P2O5+CuO,0.6,0,
高钾,Ward,3,187,0.2687074829931973,SiO2+P2O5+CuO,0.6,0,
高钾,Ward,4,187,0.26621160409556316,SiO2+P2O5+CuO,0.6,0,
高钾,Ward,5,187,0.23529411764705882,SiO2+P2O5+CuO,0.6,0,
高钾,Ward,2,188,-0.06779661016949153,CuO+Al2O3,0.4,0,
高钾,Ward,3,188,0.4847328244274809,CuO+Al2O3,0.4,0,
高钾,Ward,4,188,0.5335276967930029,CuO+Al2O3,0.4,0,
高钾,Ward,5,188,0.24242424242424243,CuO+Al2O3,0.4,0,
高钾,Ward,2,189,0.0,Al2O3+SiO2+P2O5+Fe2O3,0.5,0,
高钾,Ward,3,189,0.34146341463414637,Al2O3+SiO2+P2O5+Fe2O3,0.5,0,
高钾,Ward,4,189,0.3559928443649374,Al2O3+SiO2+P2O5+Fe2O3,0.5,0,
高钾,Ward,5,189,0.4057226705796038,Al2O3+SiO2+P2O5+Fe2O3,0.5,0,
高钾,Ward,2,190,1.0,CuO+P2O5+SiO2+K2O,0.8,0,
高钾,Ward,3,190,0.7963800904977375,CuO+P2O5+SiO2+K2O,0.8,0,
高钾,Ward,4,190,0.689119170984456,CuO+P2O5+SiO2+K2O,0.8,0,
高钾,Ward,5,190,0.5811170212765957,CuO+P2O5+SiO2+K2O,0.8,0,
高钾,Ward,2,191,1.0,P2O5+SiO2+K2O+Al2O3+CuO,1.0,0,
高钾,Ward,3,191,0.37639198218262804,P2O5+SiO2+K2O+Al2O3+CuO,1.0,0,
高钾,Ward,4,191,0.3503480278422274,P2O5+SiO2+K2O+Al2O3+CuO,1.0,0,
高钾,Ward,5,191,0.32255581216320245,P2O5+SiO2+K2O+Al2O3+CuO,1.0,0,
高钾,Ward,2,192,1.0,SiO2+Al2O3+K2O,0.6,0,
高钾,Ward,3,192,0.4132029339853301,SiO2+Al2O3+K2O,0.6,0,
高钾,Ward,4,192,0.706959706959707,SiO2+Al2O3+K2O,0.6,0,
高钾,Ward,5,192,0.6666666666666666,SiO2+Al2O3+K2O,0.6,0,
高钾,Ward,2,193,-0.06779661016949153,CuO+Fe2O3+K2O+P2O5,0.5,0,
高钾,Ward,3,193,-0.027908261950815142,CuO+Fe2O3+K2O+P2O5,0.5,0,
高钾,Ward,4,193,0.13070866141732285,CuO+Fe2O3+K2O+P2O5,0.5,0,
高钾,Ward,5,193,0.4,CuO+Fe2O3+K2O+P2O5,0.5,0,
高钾,Ward,2,194,1.0,P2O5+SiO2+Fe2O3+CuO+K2O,0.6666666666666666,0,
高钾,Ward,3,194,0.4835007173601148,P2O5+SiO2+Fe2O3+CuO+K2O,0.6666666666666666,0,
高钾,Ward,4,194,0.587203302373581,P2O5+SiO2+Fe2O3+CuO+K2O,0.6666666666666666,0,
高钾,Ward,5,194,0.5514018691588785,P2O5+SiO2+Fe2O3+CuO+K2O,0.6666666666666666,0,
高钾,Ward,2,195,-0.11940298507462686,CaO+CuO+K2O,0.3333333333333333,0,
高钾,Ward,3,195,0.3775933609958506,CaO+CuO+K2O,0.3333333333333333,0,
高钾,Ward,4,195,0.2905405405405405,CaO+CuO+K2O,0.3333333333333333,0,
高钾,Ward,5,195,0.2556179775280899,CaO+CuO+K2O,0.3333333333333333,0,
高钾,Ward,2,196,0.08333333333333333,CuO+SiO2+Fe2O3+P2O5+MgO,0.42857142857142855,0,
高钾,Ward,3,196,0.28888888888888886,CuO+SiO2+Fe2O3+P2O5+MgO,0.42857142857142855,0,
高钾,Ward,4,196,0.18596955658504302,CuO+SiO2+Fe2O3+P2O5+MgO,0.42857142857142855,0,
高钾,Ward,5,196,0.3053545586107091,CuO+SiO2+Fe2O3+P2O5+MgO,0.42857142857142855,0,
高钾,Ward,2,197,-0.06779661016949153,SiO2+Fe2O3+P2O5,0.3333333333333333,0,
高钾,Ward,3,197,-0.1461794019933555,SiO2+Fe2O3+P2O5,0.3333333333333333,0,
高钾,Ward,4,197,0.19833729216152018,SiO2+Fe2O3+P2O5,0.3333333333333333,0,
高钾,Ward,5,197,0.23785328675770084,SiO2+Fe2O3+P2O5,0.3333333333333333,0,
高钾,Ward,2,198,-0.1396011396011396,Al2O3+SiO2+P2O5,0.6,0,
高钾,Ward,3,198,0.7922077922077922,Al2O3+SiO2+P2O5,0.6,0,
高钾,Ward,4,198,0.5327942497753818,Al2O3+SiO2+P2O5,0.6,0,
高钾,Ward,5,198,0.5277020890099909,Al2O3+SiO2+P2O5,0.6,0,
高钾,Ward,2,199,0.5333333333333333,CaO+CuO+P2O5,0.3333333333333333,0,
高钾,Ward,3,199,0.4666666666666667,CaO+CuO+P2O5,0.3333333333333333,0,
高钾,Ward,4,199,0.35,CaO+CuO+P2O5,0.3333333333333333,0,
高钾,Ward,5,199,0.458041958041958,CaO+CuO+P2O5,0.3333333333333333,0,
高钾,Ward,2,200,0.51931330472103,CaO+Fe2O3+CuO+P2O5,0.2857142857142857,0,
高钾,Ward,3,200,0.28737412858249417,CaO+Fe2O3+CuO+P2O5,0.2857142857142857,0,
高钾,Ward,4,200,0.33983495873968494,CaO+Fe2O3+CuO+P2O5,0.2857142857142857,0,
高钾,Ward,5,200,0.39984996249062266,CaO+Fe2O3+CuO+P2O5,0.2857142857142857,0,
高钾,Ward,2,201,0.7311827956989247,MgO+CuO+Al2O3+SiO2,0.5,0,
高钾,Ward,3,201,0.2946708463949843,MgO+CuO+Al2O3+SiO2,0.5,0,
高钾,Ward,4,201,0.4171779141104294,MgO+CuO+Al2O3+SiO2,0.5,0,
高钾,Ward,5,201,0.23155737704918034,MgO+CuO+Al2O3+SiO2,0.5,0,
高钾,Ward,2,202,0.20081967213114754,K2O+Al2O3+P2O5+CaO,0.5,0,
高钾,Ward,3,202,0.3700787401574803,K2O+Al2O3+P2O5+CaO,0.5,0,
高钾,Ward,4,202,0.8011599005799502,K2O+Al2O3+P2O5+CaO,0.5,0,
高钾,Ward,5,202,0.6488294314381271,K2O+Al2O3+P2O5+CaO,0.5,0,
高钾,Ward,2,203,-0.09871244635193133,SiO2+Fe2O3+P2O5+CuO,0.5,0,
高钾,Ward,3,203,0.1731266149870801,SiO2+Fe2O3+P2O5+CuO,0.5,0,
高钾,Ward,4,203,0.09176915799432356,SiO2+Fe2O3+P2O5+CuO,0.5,0,
高钾,Ward,5,203,0.10669975186104218,SiO2+Fe2O3+P2O5+CuO,0.5,0,
高钾,Ward,2,204,1.0,K2O+Al2O3+SiO2+CuO+P2O5,1.0,0,
高钾,Ward,3,204,1.0,K2O+Al2O3+SiO2+CuO+P2O5,1.0,0,
高钾,Ward,4,204,1.0,K2O+Al2O3+SiO2+CuO+P2O5,1.0,0,
高钾,Ward,5,204,0.8139797068771139,K2O+Al2O3+SiO2+CuO+P2O5,1.0,0,
高钾,Ward,2,205,0.08333333333333333,SiO2+Fe2O3+CuO,0.3333333333333333,0,
高钾,Ward,3,205,0.08333333333333333,SiO2+Fe2O3+CuO,0.3333333333333333,0,
高钾,Ward,4,205,0.12967798085291557,SiO2+Fe2O3+CuO,0.3333333333333333,0,
高钾,Ward,5,205,0.14485165794066318,SiO2+Fe2O3+CuO,0.3333333333333333,0,
高钾,Ward,2,206,-0.09871244635193133,CaO+SiO2+Fe2O3+CuO+P2O5,0.42857142857142855,0,
高钾,Ward,3,206,0.43412908930150307,CaO+SiO2+Fe2O3+CuO+P2O5,0.42857142857142855,0,
高钾,Ward,4,206,0.4280607685433423,CaO+SiO2+Fe2O3+CuO+P2O5,0.42857142857142855,0,
高钾,Ward,5,206,0.5277020890099909,CaO+SiO2+Fe2O3+CuO+P2O5,0.42857142857142855,0,
高钾,Ward,2,207,-0.006993006993006993,SiO2+Fe2O3+CuO+P2O5,0.5,0,
高钾,Ward,3,207,0.22684563758389262,SiO2+Fe2O3+CuO+P2O5,0.5,0,
高钾,Ward,4,207,0.14285714285714285,SiO2+Fe2O3+CuO+P2O5,0.5,0,
高钾,Ward,5,207,0.24493554327808473,SiO2+Fe2O3+CuO+P2O5,0.5,0,
高钾,Ward,2,208,1.0,Al2O3+SiO2+P2O5+K2O,0.8,0,
高钾,Ward,3,208,0.5012468827930174,Al2O3+SiO2+P2O5+K2O,0.8,0,
高钾,Ward,4,208,1.0,Al2O3+SiO2+P2O5+K2O,0.8,0,
高钾,Ward,5,208,0.5318352059925093,Al2O3+SiO2+P2O5+K2O,0.8,0,
高钾,Ward,2,209,1.0,Al2O3+SiO2+K2O,0.6,0,
高钾,Ward,3,209,0.46887966804979253,Al2O3+SiO2+K2O,0.6,0,
高钾,Ward,4,209,0.536530415191503,Al2O3+SiO2+K2O,0.6,0,
高钾,Ward,5,209,0.4698952879581152,Al2O3+SiO2+K2O,0.6,0,
高钾,Ward,2,210,0.5333333333333333,SiO2+CuO+P2O5,0.6,0,
高钾,Ward,3,210,0.4166666666666667,SiO2+CuO+P2O5,0.6,0,
高钾,Ward,4,210,0.5352993744414656,SiO2+CuO+P2O5,0.6,0,
高钾,Ward,5,210,0.3871297242083759,SiO2+CuO+P2O5,0.6,0,
高钾,Ward,2,211,0.35,SiO2+CuO+P2O5,0.6,0,
高钾,Ward,3,211,0.2550607287449393,SiO2+CuO+P2O5,0.6,0,
高钾,Ward,4,211,0.2630173564753004,SiO2+CuO+P2O5,0.6,0,
高钾,Ward,5,211,0.3390250619664004,SiO2+CuO+P2O5,0.6,0,
高钾,Ward,2,212,0.03614457831325301,SiO2+Al2O3,0.4,0,
高钾,Ward,3,212,-0.0297029702970297,SiO2+Al2O3,0.4,0,
高钾,Ward,4,212,0.26096997690531176,SiO2+Al2O3,0.4,0,
高钾,Ward,5,212,0.3119266055045872,SiO2+Al2O3,0.4,0,
高钾,Ward,2,213,0.35,Al2O3+SiO2+P2O5,0.6,0,
高钾,Ward,3,213,0.44754464285714285,Al2O3+SiO2+P2O5,0.6,0,
高钾,Ward,4,213,0.3345323741007194,Al2O3+SiO2+P2O5,0.6,0,
高钾,Ward,5,213,0.4745073506412261,Al2O3+SiO2+P2O5,0.6,0,
高钾,Ward,2,214,-0.09871244635193133,SiO2+Al2O3+Fe2O3,0.3333333333333333,0,
高钾,Ward,3,214,-0.07171853856562922,SiO2+Al2O3+Fe2O3,0.3333333333333333,0,
高钾,Ward,4,214,0.2970234325522483,SiO2+Al2O3+Fe2O3,0.3333333333333333,0,
高钾,Ward,5,214,0.3181818181818182,SiO2+Al2O3+Fe2O3,0.3333333333333333,0,
高钾,Ward,2,215,-0.09871244635193133,Fe2O3+SiO2+MgO+Al2O3+P2O5,0.42857142857142855,0,
高钾,Ward,3,215,0.058823529411764705,Fe2O3+SiO2+MgO+Al2O3+P2O5,0.42857142857142855,0,
高钾,Ward,4,215,0.13510457885811192,Fe2O3+SiO2+MgO+Al2O3+P2O5,0.42857142857142855,0,
高钾,Ward,5,215,0.20113314447592068,Fe2O3+SiO2+MgO+Al2O3+P2O5,0.42857142857142855,0,
高钾,Ward,2,216,-0.12704918032786885,Al2O3+MgO+P2O5+CaO,0.2857142857142857,0,
高钾,Ward,3,216,0.44754464285714285,Al2O3+MgO+P2O5+CaO,0.2857142857142857,0,
高钾,Ward,4,216,0.47196870925684486,Al2O3+MgO+P2O5+CaO,0.2857142857142857,0,
高钾,Ward,5,216,0.5267489711934157,Al2O3+MgO+P2O5+CaO,0.2857142857142857,0,
高钾,Ward,2,217,1.0,Al2O3+SiO2+P2O5+K2O+MgO,0.6666666666666666,0,
高钾,Ward,3,217,0.6354598177299089,Al2O3+SiO2+P2O5+K2O+MgO,0.6666666666666666,0,
高钾,Ward,4,217,0.49565704679181843,Al2O3+SiO2+P2O5+K2O+MgO,0.6666666666666666,0,
高钾,Ward,5,217,0.46173254835996635,Al2O3+SiO2+P2O5+K2O+MgO,0.6666666666666666,0,
高钾,Ward,2,218,1.0,K2O+MgO+SiO2+Al2O3,0.5,0,
高钾,Ward,3,218,0.37639198218262804,K2O+MgO+SiO2+Al2O3,0.5,0,
高钾,Ward,4,218,0.35341660543717857,K2O+MgO+SiO2+Al2O3,0.5,0,
高钾,Ward,5,218,0.2618878637331441,K2O+MgO+SiO2+Al2O3,0.5,0,
高钾,Ward,2,219,1.0,Al2O3+K2O+SiO2,0.6,0,
高钾,Ward,3,219,0.4198895027624309,Al2O3+K2O+SiO2,0.6,0,
高钾,Ward,4,219,0.3543046357615894,Al2O3+K2O+SiO2,0.6,0,
高钾,Ward,5,219,0.2085737840065952,Al2O3+K2O+SiO2,0.6,0,
高钾,Ward,2,220,1.0,Al2O3+SiO2+K2O+MgO+P2O5,0.6666666666666666,0,
高钾,Ward,3,220,0.9625117150890347,Al2O3+SiO2+K2O+MgO+P2O5,0.6666666666666666,0,
高钾,Ward,4,220,0.42380591357088704,Al2O3+SiO2+K2O+MgO+P2O5,0.6666666666666666,0,
高钾,Ward,5,220,0.39984996249062266,Al2O3+SiO2+K2O+MgO+P2O5,0.6666666666666666,0,
高钾,Ward,2,221,1.0,SiO2+CuO+P2O5+K2O,0.8,0,
高钾,Ward,3,221,1.0,SiO2+CuO+P2O5+K2O,0.8,0,
高钾,Ward,4,221,0.9333888426311407,SiO2+CuO+P2O5+K2O,0.8,0,
高钾,Ward,5,221,0.5431472081218274,SiO2+CuO+P2O5+K2O,0.8,0,
高钾,Ward,2,222,0.5333333333333333,Al2O3+SiO2+P2O5,0.6,0,
高钾,Ward,3,222,1.0,Al2O3+SiO2+P2O5,0.6,0,
高钾,Ward,4,222,1.0,Al2O3+SiO2+P2O5,0.6,0,
高钾,Ward,5,222,0.5960955907101986,Al2O3+SiO2+P2O5,0.6,0,
高钾,Ward,2,223,0.3564356435643564,Fe2O3+CuO,0.16666666666666666,0,
高钾,Ward,3,223,0.30174563591022446,Fe2O3+CuO,0.16666666666666666,0,
高钾,Ward,4,223,0.44621938232161873,Fe2O3+CuO,0.16666666666666666,0,
高钾,Ward,5,223,0.5121951219512195,Fe2O3+CuO,0.16666666666666666,0,
高钾,Ward,2,224,1.0,CuO+Al2O3+K2O,0.6,0,
高钾,Ward,3,224,0.5714285714285714,CuO+Al2O3+K2O,0.6,0,
高钾,Ward,4,224,0.3706872757383384,CuO+Al2O3+K2O,0.6,0,
高钾,Ward,5,224,0.21679909194097616,CuO+Al2O3+K2O,0.6,0,
高钾,Ward,2,225,1.0,SiO2+Al2O3+CuO+P2O5,0.8,0,
高钾,Ward,3,225,1.0,SiO2+Al2O3+CuO+P2O5,0.8,0,
高钾,Ward,4,225,0.4588500563697858,SiO2+Al2O3+CuO+P2O5,0.8,0,
高钾,Ward,5,225,0.5254237288135594,SiO2+Al2O3+CuO+P2O5,0.8,0,
高钾,Ward,2,226,0.7491638795986622,SiO2+P2O5+K2O+CuO,0.8,0,
高钾,Ward,3,226,0.6416382252559727,SiO2+P2O5+K2O+CuO,0.8,0,
高钾,Ward,4,226,0.5005740528128588,SiO2+P2O5+K2O+CuO,0.8,0,
高钾,Ward,5,226,0.2840512223515716,SiO2+P2O5+K2O+CuO,0.8,0,
高钾,Ward,2,227,0.21052631578947367,Al2O3+CuO+P2O5,0.6,0,
高钾,Ward,3,227,0.24437299035369775,Al2O3+CuO+P2O5,0.6,0,
高钾,Ward,4,227,0.2902208201892745,Al2O3+CuO+P2O5,0.6,0,
高钾,Ward,5,227,0.10700538876058506,Al2O3+CuO+P2O5,0.6,0,
高钾,Ward,2,228,-0.06779661016949153,SiO2+P2O5+CuO,0.6,0,
高钾,Ward,3,228,0.20551724137931035,SiO2+P2O5+CuO,0.6,0,
高钾,Ward,4,228,0.5012123311395913,SiO2+P2O5+CuO,0.6,0,
高钾,Ward,5,228,0.3271461716937355,SiO2+P2O5+CuO,0.6,0,
高钾,Ward,2,229,0.08333333333333333,P2O5+SiO2+Fe2O3+CuO,0.5,0,
高钾,Ward,3,229,0.3700787401574803,P2O5+SiO2+Fe2O3+CuO,0.5,0,
高钾,Ward,4,229,0.33615359583468923,P2O5+SiO2+Fe2O3+CuO,0.5,0,
高钾,Ward,5,229,0.40099833610648916,P2O5+SiO2+Fe2O3+CuO,0.5,0,
高钾,Ward,2,230,-0.06779661016949153,Al2O3+CuO+SiO2+Fe2O3,0.5,0,
高钾,Ward,3,230,0.05714285714285714,Al2O3+CuO+SiO2+Fe2O3,0.5,0,
高钾,Ward,4,230,0.29927007299270075,Al2O3+CuO+SiO2+Fe2O3,0.5,0,
高钾,Ward,5,230,0.16163861543347094,Al2O3+CuO+SiO2+Fe2O3,0.5,0,
高钾,Ward,2,231,-0.1396011396011396,CaO+SiO2+Al2O3+P2O5+Fe2O3,0.42857142857142855,0,
高钾,Ward,3,231,0.7922077922077922,CaO+SiO2+Al2O3+P2O5+Fe2O3,0.42857142857142855,0,
高钾,Ward,4,231,0.7731239092495636,CaO+SiO2+Al2O3+P2O5+Fe2O3,0.42857142857142855,0,
高钾,Ward,5,231,0.4154619736015085,CaO+SiO2+Al2O3+P2O5+Fe2O3,0.42857142857142855,0,
高钾,Ward,2,232,-0.09883720930232558,K2O+CaO+P2O5+CuO,0.5,0,
高钾,Ward,3,232,1.0,K2O+CaO+P2O5+CuO,0.5,0,
高钾,Ward,4,232,0.8926334625708321,K2O+CaO+P2O5+CuO,0.5,0,
高钾,Ward,5,232,0.6272005522954781,K2O+CaO+P2O5+CuO,0.5,0,
高钾,Ward,2,233,0.0,Al2O3+K2O,0.4,0,
高钾,Ward,3,233,0.04984423676012461,Al2O3+K2O,0.4,0,
高钾,Ward,4,233,0.18632075471698112,Al2O3+K2O,0.4,0,
高钾,Ward,5,233,0.4154619736015085,Al2O3+K2O,0.4,0,
高钾,Ward,2,234,0.5833333333333334,SiO2+Al2O3+P2O5+K2O,0.8,0,
高钾,Ward,3,234,0.3607068607068607,SiO2+Al2O3+P2O5+K2O,0.8,0,
高钾,Ward,4,234,0.2822966507177033,SiO2+Al2O3+P2O5+K2O,0.8,0,
高钾,Ward,5,234,0.44954128440366975,SiO2+Al2O3+P2O5+K2O,0.8,0,
高钾,Ward,2,235,0.0,SiO2+MgO+P2O5+Al2O3,0.5,0,
高钾,Ward,3,235,0.0,SiO2+MgO+P2O5+Al2O3,0.5,0,
高钾,Ward,4,235,0.199288256227758,SiO2+MgO+P2O5+Al2O3,0.5,0,
高钾,Ward,5,235,0.16237113402061856,SiO2+MgO+P2O5+Al2O3,0.5,0,
高钾,Ward,2,236,1.0,K2O+SiO2+P2O5+CuO,0.8,0,
高钾,Ward,3,236,0.5012468827930174,K2O+SiO2+P2O5+CuO,0.8,0,
高钾,Ward,4,236,0.675187969924812,K2O+SiO2+P2O5+CuO,0.8,0,
高钾,Ward,5,236,0.667590027700831,K2O+SiO2+P2O5+CuO,0.8,0,
高钾,Ward,2,237,0.1044776119402985,MgO+SiO2+CuO+P2O5,0.5,0,
高钾,Ward,3,237,0.25868725868725867,MgO+SiO2+CuO+P2O5,0.5,0,
高钾,Ward,4,237,0.33350164099974755,MgO+SiO2+CuO+P2O5,0.5,0,
高钾,Ward,5,237,0.12133891213389121,MgO+SiO2+CuO+P2O5,0.5,0,
高钾,Ward,2,238,,,,1,活动成分BaO没有正值，不能进行零替代
高钾,Ward,3,238,,,,1,活动成分BaO没有正值，不能进行零替代
高钾,Ward,4,238,,,,1,活动成分BaO没有正值，不能进行零替代
高钾,Ward,5,238,,,,1,活动成分BaO没有正值，不能进行零替代
高钾,Ward,2,239,1.0,P2O5+Al2O3+K2O+MgO,0.5,0,
高钾,Ward,3,239,0.6354598177299089,P2O5+Al2O3+K2O+MgO,0.5,0,
高钾,Ward,4,239,0.9666388657214345,P2O5+Al2O3+K2O+MgO,0.5,0,
高钾,Ward,5,239,0.5907928388746803,P2O5+Al2O3+K2O+MgO,0.5,0,
高钾,Ward,2,240,1.0,SiO2+Al2O3+K2O+CaO+P2O5,0.6666666666666666,0,
高钾,Ward,3,240,1.0,SiO2+Al2O3+K2O+CaO+P2O5,0.6666666666666666,0,
高钾,Ward,4,240,0.5604395604395604,SiO2+Al2O3+K2O+CaO+P2O5,0.6666666666666666,0,
高钾,Ward,5,240,0.7938144329896907,SiO2+Al2O3+K2O+CaO+P2O5,0.6666666666666666,0,
高钾,Ward,2,241,-0.0784313725490196,Al2O3+SiO2+P2O5+MgO,0.5,0,
高钾,Ward,3,241,0.6680497925311203,Al2O3+SiO2+P2O5+MgO,0.5,0,
高钾,Ward,4,241,0.3097184377838329,Al2O3+SiO2+P2O5+MgO,0.5,0,
高钾,Ward,5,241,0.39226519337016574,Al2O3+SiO2+P2O5+MgO,0.5,0,
高钾,Ward,2,242,0.03614457831325301,CuO+Fe2O3+K2O+MgO,0.2857142857142857,0,
高钾,Ward,3,242,0.15978994748687173,CuO+Fe2O3+K2O+MgO,0.2857142857142857,0,
高钾,Ward,4,242,0.23990498812351543,CuO+Fe2O3+K2O+MgO,0.2857142857142857,0,
高钾,Ward,5,242,0.25097529258777634,CuO+Fe2O3+K2O+MgO,0.2857142857142857,0,
高钾,Ward,2,243,0.35,SiO2+Al2O3+CaO,0.3333333333333333,0,
高钾,Ward,3,243,0.2687074829931973,SiO2+Al2O3+CaO,0.3333333333333333,0,
高钾,Ward,4,243,0.27356020942408377,SiO2+Al2O3+CaO,0.3333333333333333,0,
高钾,Ward,5,243,0.31305903398926654,SiO2+Al2O3+CaO,0.3333333333333333,0,
高钾,Ward,2,244,1.0,SiO2+CuO+Al2O3+MgO+P2O5,0.6666666666666666,0,
高钾,Ward,3,244,0.5249406175771971,SiO2+CuO+Al2O3+MgO+P2O5,0.6666666666666666,0,
高钾,Ward,4,244,0.610705596107056,SiO2+CuO+Al2O3+MgO+P2O5,0.6666666666666666,0,
高钾,Ward,5,244,0.6254071661237784,SiO2+CuO+Al2O3+MgO+P2O5,0.6666666666666666,0,
高钾,Ward,2,245,0.21375921375921375,SiO2+P2O5+Al2O3+CaO+K2O,0.6666666666666666,0,
高钾,Ward,3,245,0.4538152610441767,SiO2+P2O5+Al2O3+CaO+K2O,0.6666666666666666,0,
高钾,Ward,4,245,0.2968063287430413,SiO2+P2O5+Al2O3+CaO+K2O,0.6666666666666666,0,
高钾,Ward,5,245,0.3712574850299401,SiO2+P2O5+Al2O3+CaO+K2O,0.6666666666666666,0,
高钾,Ward,2,246,-0.06779661016949153,CuO+P2O5+SiO2+Fe2O3,0.5,0,
高钾,Ward,3,246,0.006348330113165885,CuO+P2O5+SiO2+Fe2O3,0.5,0,
高钾,Ward,4,246,0.10817506193228736,CuO+P2O5+SiO2+Fe2O3,0.5,0,
高钾,Ward,5,246,0.14015477214101463,CuO+P2O5+SiO2+Fe2O3,0.5,0,
高钾,Ward,2,247,0.4681861348528015,SiO2+P2O5+Al2O3,0.6,0,
高钾,Ward,3,247,0.1417624521072797,SiO2+P2O5+Al2O3,0.6,0,
高钾,Ward,4,247,0.7788018433179723,SiO2+P2O5+Al2O3,0.6,0,
高钾,Ward,5,247,0.4922139471902505,SiO2+P2O5+Al2O3,0.6,0,
高钾,Ward,2,248,-0.11940298507462686,K2O+Fe2O3+Al2O3,0.3333333333333333,0,
高钾,Ward,3,248,0.43548387096774194,K2O+Fe2O3+Al2O3,0.3333333333333333,0,
高钾,Ward,4,248,0.6613039796782387,K2O+Fe2O3+Al2O3,0.3333333333333333,0,
高钾,Ward,5,248,0.31093884582256676,K2O+Fe2O3+Al2O3,0.3333333333333333,0,
高钾,Ward,2,249,-0.0784313725490196,Al2O3+CuO+P2O5,0.6,0,
高钾,Ward,3,249,0.39849624060150374,Al2O3+CuO+P2O5,0.6,0,
高钾,Ward,4,249,0.5522388059701493,Al2O3+CuO+P2O5,0.6,0,
高钾,Ward,5,249,0.3664383561643836,Al2O3+CuO+P2O5,0.6,0,
高钾,Ward,2,250,-0.0784313725490196,Al2O3+CuO+P2O5,0.6,0,
高钾,Ward,3,250,0.09974993053626008,Al2O3+CuO+P2O5,0.6,0,
高钾,Ward,4,250,0.22755069198583844,Al2O3+CuO+P2O5,0.6,0,
高钾,Ward,5,250,0.32653061224489793,Al2O3+CuO+P2O5,0.6,0,
高钾,Ward,2,251,0.75,SiO2+Al2O3+MgO+CuO+P2O5,0.6666666666666666,0,
高钾,Ward,3,251,0.848314606741573,SiO2+Al2O3+MgO+CuO+P2O5,0.6666666666666666,0,
高钾,Ward,4,251,0.6853146853146853,SiO2+Al2O3+MgO+CuO+P2O5,0.6666666666666666,0,
高钾,Ward,5,251,0.9433962264150944,SiO2+Al2O3+MgO+CuO+P2O5,0.6666666666666666,0,
高钾,Ward,2,252,1.0,Al2O3+SiO2+K2O+P2O5,0.8,0,
高钾,Ward,3,252,0.46887966804979253,Al2O3+SiO2+K2O+P2O5,0.8,0,
高钾,Ward,4,252,0.7928436911487758,Al2O3+SiO2+K2O+P2O5,0.8,0,
高钾,Ward,5,252,1.0,Al2O3+SiO2+K2O+P2O5,0.8,0,
高钾,Ward,2,253,1.0,SiO2+Al2O3+K2O+P2O5,0.8,0,
高钾,Ward,3,253,1.0,SiO2+Al2O3+K2O+P2O5,0.8,0,
高钾,Ward,4,253,0.94874715261959,SiO2+Al2O3+K2O+P2O5,0.8,0,
高钾,Ward,5,253,0.552099533437014,SiO2+Al2O3+K2O+P2O5,0.8,0,
高钾,Ward,2,254,0.16666666666666666,Al2O3+CuO+MgO+P2O5,0.5,0,
高钾,Ward,3,254,0.2465753424657534,Al2O3+CuO+MgO+P2O5,0.5,0,
高钾,Ward,4,254,0.36018957345971564,Al2O3+CuO+MgO+P2O5,0.5,0,
高钾,Ward,5,254,0.45692883895131087,Al2O3+CuO+MgO+P2O5,0.5,0,
高钾,Ward,2,255,0.0,SiO2+CuO+P2O5+Fe2O3,0.5,0,
高钾,Ward,3,255,0.12307692307692308,SiO2+CuO+P2O5+Fe2O3,0.5,0,
高钾,Ward,4,255,0.15702479338842976,SiO2+CuO+P2O5+Fe2O3,0.5,0,
高钾,Ward,5,255,0.18459796149490373,SiO2+CuO+P2O5+Fe2O3,0.5,0,
高钾,Ward,2,256,-0.12704918032786885,Al2O3+SiO2+P2O5,0.6,0,
高钾,Ward,3,256,0.7994987468671679,Al2O3+SiO2+P2O5,0.6,0,
高钾,Ward,4,256,0.8059964726631393,Al2O3+SiO2+P2O5,0.6,0,
高钾,Ward,5,256,0.656004828002414,Al2O3+SiO2+P2O5,0.6,0,
高钾,Ward,2,257,,,,1,活动成分BaO没有正值，不能进行零替代
高钾,Ward,3,257,,,,1,活动成分BaO没有正值，不能进行零替代
高钾,Ward,4,257,,,,1,活动成分BaO没有正值，不能进行零替代
高钾,Ward,5,257,,,,1,活动成分BaO没有正值，不能进行零替代
高钾,Ward,2,258,0.0924092409240924,Al2O3+P2O5+SiO2+Fe2O3+K2O,0.6666666666666666,0,
高钾,Ward,3,258,0.5257611241217799,Al2O3+P2O5+SiO2+Fe2O3+K2O,0.6666666666666666,0,
高钾,Ward,4,258,0.4780717651322943,Al2O3+P2O5+SiO2+Fe2O3+K2O,0.6666666666666666,0,
高钾,Ward,5,258,0.7013687266694317,Al2O3+P2O5+SiO2+Fe2O3+K2O,0.6666666666666666,0,
高钾,Ward,2,259,0.2,SiO2+CuO+P2O5,0.6,0,
高钾,Ward,3,259,0.3181818181818182,SiO2+CuO+P2O5,0.6,0,
高钾,Ward,4,259,0.3278301886792453,SiO2+CuO+P2O5,0.6,0,
高钾,Ward,5,259,0.11376492771841609,SiO2+CuO+P2O5,0.6,0,
高钾,Ward,2,260,-0.006993006993006993,SiO2+Fe2O3+CuO+P2O5,0.5,0,
高钾,Ward,3,260,0.06577181208053691,SiO2+Fe2O3+CuO+P2O5,0.5,0,
高钾,Ward,4,260,0.102803738317757,SiO2+Fe2O3+CuO+P2O5,0.5,0,
高钾,Ward,5,260,0.14237668161434977,SiO2+Fe2O3+CuO+P2O5,0.5,0,
高钾,Ward,2,261,-0.11940298507462686,SiO2+Al2O3+CuO+P2O5,0.8,0,
高钾,Ward,3,261,0.5852534562211982,SiO2+Al2O3+CuO+P2O5,0.8,0,
高钾,Ward,4,261,0.5901639344262295,SiO2+Al2O3+CuO+P2O5,0.8,0,
高钾,Ward,5,261,0.6296296296296297,SiO2+Al2O3+CuO+P2O5,0.8,0,
高钾,Ward,2,262,1.0,Al2O3+SiO2+P2O5+K2O,0.8,0,
高钾,Ward,3,262,1.0,Al2O3+SiO2+P2O5+K2O,0.8,0,
高钾,Ward,4,262,0.5048629531388152,Al2O3+SiO2+P2O5+K2O,0.8,0,
高钾,Ward,5,262,0.6216216216216216,Al2O3+SiO2+P2O5+K2O,0.8,0,
高钾,Ward,2,263,0.7311827956989247,CaO+K2O+CuO+P2O5,0.5,0,
高钾,Ward,3,263,0.45182724252491696,CaO+K2O+CuO+P2O5,0.5,0,
高钾,Ward,4,263,0.42244224422442245,CaO+K2O+CuO+P2O5,0.5,0,
高钾,Ward,5,263,0.36825053995680346,CaO+K2O+CuO+P2O5,0.5,0,
高钾,Ward,2,264,0.75,Al2O3+SiO2,0.4,0,
高钾,Ward,3,264,0.3455188679245283,Al2O3+SiO2,0.4,0,
高钾,Ward,4,264,0.35422602089268757,Al2O3+SiO2,0.4,0,
高钾,Ward,5,264,0.5991561181434599,Al2O3+SiO2,0.4,0,
高钾,Ward,2,265,-0.12903225806451613,SiO2+Al2O3+P2O5,0.6,0,
高钾,Ward,3,265,0.5981735159817352,SiO2+Al2O3+P2O5,0.6,0,
高钾,Ward,4,265,0.4681213774292533,SiO2+Al2O3+P2O5,0.6,0,
高钾,Ward,5,265,0.5762081784386617,SiO2+Al2O3+P2O5,0.6,0,
高钾,Ward,2,266,1.0,SiO2+Al2O3+K2O+P2O5+CuO,1.0,0,
高钾,Ward,3,266,0.4722814498933902,SiO2+Al2O3+K2O+P2O5+CuO,1.0,0,
高钾,Ward,4,266,0.21946518911105758,SiO2+Al2O3+K2O+P2O5+CuO,1.0,0,
高钾,Ward,5,266,0.21739130434782608,SiO2+Al2O3+K2O+P2O5+CuO,1.0,0,
高钾,Ward,2,267,0.5833333333333334,CaO+SiO2+Al2O3,0.3333333333333333,0,
高钾,Ward,3,267,0.08004158004158005,CaO+SiO2+Al2O3,0.3333333333333333,0,
高钾,Ward,4,267,0.04046522897988854,CaO+SiO2+Al2O3,0.3333333333333333,0,
高钾,Ward,5,267,0.1317693488270116,CaO+SiO2+Al2O3,0.3333333333333333,0,
高钾,Ward,2,268,-0.0847457627118644,Al2O3+SiO2+P2O5+CaO+K2O,0.6666666666666666,0,
高钾,Ward,3,268,0.4381713026714404,Al2O3+SiO2+P2O5+CaO+K2O,0.6666666666666666,0,
高钾,Ward,4,268,0.33993399339933994,Al2O3+SiO2+P2O5+CaO+K2O,0.6666666666666666,0,
高钾,Ward,5,268,0.5283018867924528,Al2O3+SiO2+P2O5+CaO+K2O,0.6666666666666666,0,
高钾,Ward,2,269,0.2,CuO+CaO,0.16666666666666666,0,
高钾,Ward,3,269,0.2,CuO+CaO,0.16666666666666666,0,
高钾,Ward,4,269,0.21666666666666667,CuO+CaO,0.16666666666666666,0,
高钾,Ward,5,269,0.35,CuO+CaO,0.16666666666666666,0,
高钾,Ward,2,270,1.0,Al2O3+SiO2+K2O,0.6,0,
高钾,Ward,3,270,0.4444444444444444,Al2O3+SiO2+K2O,0.6,0,
高钾,Ward,4,270,0.3902439024390244,Al2O3+SiO2+K2O,0.6,0,
高钾,Ward,5,270,0.32098765432098764,Al2O3+SiO2+K2O,0.6,0,
高钾,Ward,2,271,-0.022727272727272728,Al2O3+Fe2O3+P2O5,0.3333333333333333,0,
高钾,Ward,3,271,0.18870192307692307,Al2O3+Fe2O3+P2O5,0.3333333333333333,0,
高钾,Ward,4,271,0.2859504132231405,Al2O3+Fe2O3+P2O5,0.3333333333333333,0,
高钾,Ward,5,271,0.21425973081120409,Al2O3+Fe2O3+P2O5,0.3333333333333333,0,
高钾,Ward,2,272,-0.09871244635193133,SiO2+CuO+P2O5+Fe2O3,0.5,0,
高钾,Ward,3,272,0.21030042918454936,SiO2+CuO+P2O5+Fe2O3,0.5,0,
高钾,Ward,4,272,0.23589001447178004,SiO2+CuO+P2O5+Fe2O3,0.5,0,
高钾,Ward,5,272,0.2613111726685134,SiO2+CuO+P2O5+Fe2O3,0.5,0,
高钾,Ward,2,273,1.0,Al2O3+SiO2+CuO,0.6,0,
高钾,Ward,3,273,0.42720763723150357,Al2O3+SiO2+CuO,0.6,0,
高钾,Ward,4,273,0.5441755768148565,Al2O3+SiO2+CuO,0.6,0,
高钾,Ward,5,273,0.2674616695059625,Al2O3+SiO2+CuO,0.6,0,
高钾,Ward,2,274,-0.11801242236024845,SiO2+P2O5+Al2O3+K2O,0.8,0,
高钾,Ward,3,274,1.0,SiO2+P2O5+Al2O3+K2O,0.8,0,
高钾,Ward,4,274,1.0,SiO2+P2O5+Al2O3+K2O,0.8,0,
高钾,Ward,5,274,1.0,SiO2+P2O5+Al2O3+K2O,0.8,0,
高钾,Ward,2,275,1.0,Al2O3+SiO2+K2O+MgO,0.5,0,
高钾,Ward,3,275,0.32768924302788843,Al2O3+SiO2+K2O+MgO,0.5,0,
高钾,Ward,4,275,0.212253829321663,Al2O3+SiO2+K2O+MgO,0.5,0,
高钾,Ward,5,275,0.1483321504613201,Al2O3+SiO2+K2O+MgO,0.5,0,
高钾,Ward,2,276,1.0,SiO2+CuO+P2O5,0.6,0,
高钾,Ward,3,276,0.83150800336984,SiO2+CuO+P2O5,0.6,0,
高钾,Ward,4,276,0.8219056099732859,SiO2+CuO+P2O5,0.6,0,
高钾,Ward,5,276,0.919436052366566,SiO2+CuO+P2O5,0.6,0,
高钾,Ward,2,277,1.0,K2O+MgO+P2O5+Al2O3,0.5,0,
高钾,Ward,3,277,1.0,K2O+MgO+P2O5+Al2O3,0.5,0,
高钾,Ward,4,277,1.0,K2O+MgO+P2O5+Al2O3,0.5,0,
高钾,Ward,5,277,0.9310938845822567,K2O+MgO+P2O5+Al2O3,0.5,0,
高钾,Ward,2,278,1.0,K2O+SiO2+P2O5+CuO,0.8,0,
高钾,Ward,3,278,0.6918687589158345,K2O+SiO2+P2O5+CuO,0.8,0,
高钾,Ward,4,278,0.7033374536464772,K2O+SiO2+P2O5+CuO,0.8,0,
高钾,Ward,5,278,0.6756756756756757,K2O+SiO2+P2O5+CuO,0.8,0,
高钾,Ward,2,279,0.7311827956989247,SiO2+Al2O3+CaO+P2O5,0.5,0,
高钾,Ward,3,279,0.7660818713450293,SiO2+Al2O3+CaO+P2O5,0.5,0,
高钾,Ward,4,279,0.5995550611790879,SiO2+Al2O3+CaO+P2O5,0.5,0,
高钾,Ward,5,279,0.7972972972972973,SiO2+Al2O3+CaO+P2O5,0.5,0,
高钾,Ward,2,280,1.0,Al2O3+SiO2+K2O,0.6,0,
高钾,Ward,3,280,0.29707112970711297,Al2O3+SiO2+K2O,0.6,0,
高钾,Ward,4,280,0.1913272780544975,Al2O3+SiO2+K2O,0.6,0,
高钾,Ward,5,280,0.3142857142857143,Al2O3+SiO2+K2O,0.6,0,
高钾,Ward,2,281,1.0,K2O+Al2O3+SiO2+CuO,0.8,0,
高钾,Ward,3,281,0.800498753117207,K2O+Al2O3+SiO2+CuO,0.8,0,
高钾,Ward,4,281,0.3503480278422274,K2O+Al2O3+SiO2+CuO,0.8,0,
高钾,Ward,5,281,0.3422083007047768,K2O+Al2O3+SiO2+CuO,0.8,0,
高钾,Ward,2,282,1.0,Al2O3+K2O+SiO2,0.6,0,
高钾,Ward,3,282,0.4700524427270218,Al2O3+K2O+SiO2,0.6,0,
高钾,Ward,4,282,0.42084942084942084,Al2O3+K2O+SiO2,0.6,0,
高钾,Ward,5,282,0.22484881803188564,Al2O3+K2O+SiO2,0.6,0,
高钾,Ward,2,283,,,,1,活动成分BaO在训练集中全缺失
高钾,Ward,3,283,,,,1,活动成分BaO在训练集中全缺失
高钾,Ward,4,283,,,,1,活动成分BaO在训练集中全缺失
高钾,Ward,5,283,,,,1,活动成分BaO在训练集中全缺失
高钾,Ward,2,284,0.0,Al2O3+Fe2O3+CuO+P2O5,0.5,0,
高钾,Ward,3,284,0.027303754266211604,Al2O3+Fe2O3+CuO+P2O5,0.5,0,
高钾,Ward,4,284,0.14735866543095458,Al2O3+Fe2O3+CuO+P2O5,0.5,0,
高钾,Ward,5,284,0.41287165976665413,Al2O3+Fe2O3+CuO+P2O5,0.5,0,
高钾,Ward,2,285,-0.09871244635193133,SiO2+Al2O3+Fe2O3,0.3333333333333333,0,
高钾,Ward,3,285,-0.00392156862745098,SiO2+Al2O3+Fe2O3,0.3333333333333333,0,
高钾,Ward,4,285,0.04907040536421823,SiO2+Al2O3+Fe2O3,0.3333333333333333,0,
高钾,Ward,5,285,0.17319135609145006,SiO2+Al2O3+Fe2O3,0.3333333333333333,0,
高钾,Ward,2,286,1.0,K2O+SiO2+CuO+P2O5,0.8,0,
高钾,Ward,3,286,0.9315068493150684,K2O+SiO2+CuO+P2O5,0.8,0,
高钾,Ward,4,286,0.5141065830721003,K2O+SiO2+CuO+P2O5,0.8,0,
高钾,Ward,5,286,0.5382165605095541,K2O+SiO2+CuO+P2O5,0.8,0,
高钾,Ward,2,287,1.0,K2O+SiO2+CuO+P2O5,0.8,0,
高钾,Ward,3,287,1.0,K2O+SiO2+CuO+P2O5,0.8,0,
高钾,Ward,4,287,1.0,K2O+SiO2+CuO+P2O5,0.8,0,
高钾,Ward,5,287,0.47019867549668876,K2O+SiO2+CuO+P2O5,0.8,0,
高钾,Ward,2,288,1.0,SiO2+K2O+Al2O3+CuO,0.8,0,
高钾,Ward,3,288,1.0,SiO2+K2O+Al2O3+CuO,0.8,0,
高钾,Ward,4,288,0.7375820056232427,SiO2+K2O+Al2O3+CuO,0.8,0,
高钾,Ward,5,288,0.4463667820069204,SiO2+K2O+Al2O3+CuO,0.8,0,
高钾,Ward,2,289,1.0,Al2O3+K2O+SiO2+MgO+P2O5,0.6666666666666666,0,
高钾,Ward,3,289,0.933240611961057,Al2O3+K2O+SiO2+MgO+P2O5,0.6666666666666666,0,
高钾,Ward,4,289,0.9324894514767933,Al2O3+K2O+SiO2+MgO+P2O5,0.6666666666666666,0,
高钾,Ward,5,289,0.9310938845822567,Al2O3+K2O+SiO2+MgO+P2O5,0.6666666666666666,0,
高钾,Ward,2,290,1.0,SiO2+K2O+P2O5+CuO,0.8,0,
高钾,Ward,3,290,0.800498753117207,SiO2+K2O+P2O5+CuO,0.8,0,
高钾,Ward,4,290,0.815539407490218,SiO2+K2O+P2O5+CuO,0.8,0,
高钾,Ward,5,290,0.8139797068771139,SiO2+K2O+P2O5+CuO,0.8,0,
高钾,Ward,2,291,0.7311827956989247,Al2O3+CaO+SiO2,0.3333333333333333,0,
高钾,Ward,3,291,0.22955974842767296,Al2O3+CaO+SiO2,0.3333333333333333,0,
高钾,Ward,4,291,0.39039408866995073,Al2O3+CaO+SiO2,0.3333333333333333,0,
高钾,Ward,5,291,0.22151898734177214,Al2O3+CaO+SiO2,0.3333333333333333,0,
高钾,Ward,2,292,0.08839779005524862,Al2O3+Fe2O3+K2O+P2O5,0.5,0,
高钾,Ward,3,292,0.051054384017758046,Al2O3+Fe2O3+K2O+P2O5,0.5,0,
高钾,Ward,4,292,0.13952793546459516,Al2O3+Fe2O3+K2O+P2O5,0.5,0,
高钾,Ward,5,292,0.13725490196078433,Al2O3+Fe2O3+K2O+P2O5,0.5,0,
高钾,Ward,2,293,0.0802675585284281,SiO2+CuO+Fe2O3+P2O5,0.5,0,
高钾,Ward,3,293,0.24539877300613497,SiO2+CuO+Fe2O3+P2O5,0.5,0,
高钾,Ward,4,293,0.35209424083769636,SiO2+CuO+Fe2O3+P2O5,0.5,0,
高钾,Ward,5,293,0.21641791044776118,SiO2+CuO+Fe2O3+P2O5,0.5,0,
高钾,Ward,2,294,1.0,Al2O3+SiO2+P2O5+K2O,0.8,0,
高钾,Ward,3,294,1.0,Al2O3+SiO2+P2O5+K2O,0.8,0,
高钾,Ward,4,294,0.41256459069893936,Al2O3+SiO2+P2O5+K2O,0.8,0,
高钾,Ward,5,294,0.5668449197860963,Al2O3+SiO2+P2O5+K2O,0.8,0,
高钾,Ward,2,295,1.0,Al2O3+SiO2+CaO+P2O5,0.5,0,
高钾,Ward,3,295,1.0,Al2O3+SiO2+CaO+P2O5,0.5,0,
高钾,Ward,4,295,0.7841726618705036,Al2O3+SiO2+CaO+P2O5,0.5,0,
高钾,Ward,5,295,1.0,Al2O3+SiO2+CaO+P2O5,0.5,0,
高钾,Ward,2,296,1.0,Fe2O3+SiO2+CuO+Al2O3+P2O5+MgO,0.5714285714285714,0,
高钾,Ward,3,296,0.7838137472283814,Fe2O3+SiO2+CuO+Al2O3+P2O5+MgO,0.5714285714285714,0,
高钾,Ward,4,296,0.8178807947019867,Fe2O3+SiO2+CuO+Al2O3+P2O5+MgO,0.5714285714285714,0,
高钾,Ward,5,296,0.449685534591195,Fe2O3+SiO2+CuO+Al2O3+P2O5+MgO,0.5714285714285714,0,
高钾,Ward,2,297,0.31976744186046513,SiO2+K2O+CaO+Al2O3+P2O5,0.6666666666666666,0,
高钾,Ward,3,297,0.45484581497797355,SiO2+K2O+CaO+Al2O3+P2O5,0.6666666666666666,0,
高钾,Ward,4,297,0.23672566371681417,SiO2+K2O+CaO+Al2O3+P2O5,0.6666666666666666,0,
高钾,Ward,5,297,0.5668449197860963,SiO2+K2O+CaO+Al2O3+P2O5,0.6666666666666666,0,
高钾,Ward,2,298,0.5352697095435685,SiO2+CuO,0.4,0,
高钾,Ward,3,298,0.5061728395061729,SiO2+CuO,0.4,0,
高钾,Ward,4,298,0.16642547033285093,SiO2+CuO,0.4,0,
高钾,Ward,5,298,0.09170305676855896,SiO2+CuO,0.4,0,
高钾,Ward,2,299,1.0,K2O+SiO2+Al2O3+MgO,0.5,0,
高钾,Ward,3,299,0.7393048128342246,K2O+SiO2+Al2O3+MgO,0.5,0,
高钾,Ward,4,299,0.2798199549887472,K2O+SiO2+Al2O3+MgO,0.5,0,
高钾,Ward,5,299,0.2682926829268293,K2O+SiO2+Al2O3+MgO,0.5,0,
高钾,Ward,2,300,1.0,K2O+SiO2+MgO+CuO+P2O5,0.6666666666666666,0,
高钾,Ward,3,300,0.8160535117056856,K2O+SiO2+MgO+CuO+P2O5,0.6666666666666666,0,
高钾,Ward,4,300,0.6025393320452663,K2O+SiO2+MgO+CuO+P2O5,0.6666666666666666,0,
高钾,Ward,5,300,0.5400340715502555,K2O+SiO2+MgO+CuO+P2O5,0.6666666666666666,0,
高钾,Ward,2,301,1.0,SiO2+K2O+P2O5+CuO,0.8,0,
高钾,Ward,3,301,0.6918687589158345,SiO2+K2O+P2O5+CuO,0.8,0,
高钾,Ward,4,301,0.5856115107913669,SiO2+K2O+P2O5+CuO,0.8,0,
高钾,Ward,5,301,0.33884297520661155,SiO2+K2O+P2O5+CuO,0.8,0,
高钾,Ward,2,302,-0.08333333333333333,SiO2+CuO+Al2O3+PbO+P2O5,0.6666666666666666,0,
高钾,Ward,3,302,0.09522479754258587,SiO2+CuO+Al2O3+PbO+P2O5,0.6666666666666666,0,
高钾,Ward,4,302,0.31798806479113384,SiO2+CuO+Al2O3+PbO+P2O5,0.6666666666666666,0,
高钾,Ward,5,302,0.3448275862068966,SiO2+CuO+Al2O3+PbO+P2O5,0.6666666666666666,0,
高钾,Ward,2,303,-0.0847457627118644,Al2O3+P2O5+K2O,0.6,0,
高钾,Ward,3,303,0.5012468827930174,Al2O3+P2O5+K2O,0.6,0,
高钾,Ward,4,303,0.5611094178604085,Al2O3+P2O5+K2O,0.6,0,
高钾,Ward,5,303,0.3566698202459792,Al2O3+P2O5+K2O,0.6,0,
高钾,Ward,2,304,,,,1,活动成分SrO在训练集中全缺失
高钾,Ward,3,304,,,,1,活动成分SrO在训练集中全缺失
高钾,Ward,4,304,,,,1,活动成分SrO在训练集中全缺失
高钾,Ward,5,304,,,,1,活动成分SrO在训练集中全缺失
高钾,Ward,2,305,0.35359116022099446,P2O5+SiO2,0.4,0,
高钾,Ward,3,305,0.4972972972972973,P2O5+SiO2,0.4,0,
高钾,Ward,4,305,0.25396825396825395,P2O5+SiO2,0.4,0,
高钾,Ward,5,305,0.2578947368421053,P2O5+SiO2,0.4,0,
高钾,Ward,2,306,-0.09883720930232558,P2O5+Al2O3+Fe2O3,0.3333333333333333,0,
高钾,Ward,3,306,0.1332547169811321,P2O5+Al2O3+Fe2O3,0.3333333333333333,0,
高钾,Ward,4,306,0.0778688524590164,P2O5+Al2O3+Fe2O3,0.3333333333333333,0,
高钾,Ward,5,306,0.2619047619047619,P2O5+Al2O3+Fe2O3,0.3333333333333333,0,
高钾,Ward,2,307,0.47761194029850745,Al2O3+K2O+MgO+P2O5+CuO,0.6666666666666666,0,
高钾,Ward,3,307,0.5643674951130969,Al2O3+K2O+MgO+P2O5+CuO,0.6666666666666666,0,
高钾,Ward,4,307,1.0,Al2O3+K2O+MgO+P2O5+CuO,0.6666666666666666,0,
高钾,Ward,5,307,0.570446735395189,Al2O3+K2O+MgO+P2O5+CuO,0.6666666666666666,0,
高钾,Ward,2,308,0.08333333333333333,CuO+CaO+Fe2O3,0.14285714285714285,0,
高钾,Ward,3,308,0.10800970873786407,CuO+CaO+Fe2O3,0.14285714285714285,0,
高钾,Ward,4,308,0.19375,CuO+CaO+Fe2O3,0.14285714285714285,0,
高钾,Ward,5,308,0.20870425321463898,CuO+CaO+Fe2O3,0.14285714285714285,0,
高钾,Ward,2,309,-0.0847457627118644,P2O5+CuO,0.4,0,
高钾,Ward,3,309,0.16602316602316602,P2O5+CuO,0.4,0,
高钾,Ward,4,309,0.25210345902150205,P2O5+CuO,0.4,0,
高钾,Ward,5,309,0.2300288739172281,P2O5+CuO,0.4,0,
高钾,Ward,2,310,0.08333333333333333,SiO2+CuO+P2O5,0.6,0,
高钾,Ward,3,310,0.18333333333333332,SiO2+CuO+P2O5,0.6,0,
高钾,Ward,4,310,0.22192749778956675,SiO2+CuO+P2O5,0.6,0,
高钾,Ward,5,310,0.3297224102911307,SiO2+CuO+P2O5,0.6,0,
高钾,Ward,2,311,0.10714285714285714,CaO+SiO2+CuO+Al2O3+P2O5,0.6666666666666666,0,
高钾,Ward,3,311,0.6140939597315436,CaO+SiO2+CuO+Al2O3+P2O5,0.6666666666666666,0,
高钾,Ward,4,311,0.6052631578947368,CaO+SiO2+CuO+Al2O3+P2O5,0.6666666666666666,0,
高钾,Ward,5,311,0.6230859835100118,CaO+SiO2+CuO+Al2O3+P2O5,0.6666666666666666,0,
高钾,Ward,2,312,1.0,Al2O3+MgO+K2O+SiO2,0.5,0,
高钾,Ward,3,312,0.8170731707317073,Al2O3+MgO+K2O+SiO2,0.5,0,
高钾,Ward,4,312,0.6229648671808055,Al2O3+MgO+K2O+SiO2,0.5,0,
高钾,Ward,5,312,0.3789954337899543,Al2O3+MgO+K2O+SiO2,0.5,0,
高钾,Ward,2,313,1.0,Al2O3+K2O+SiO2,0.6,0,
高钾,Ward,3,313,0.5257611241217799,Al2O3+K2O+SiO2,0.6,0,
高钾,Ward,4,313,0.6370967741935484,Al2O3+K2O+SiO2,0.6,0,
高钾,Ward,5,313,0.2773892773892774,Al2O3+K2O+SiO2,0.6,0,
高钾,Ward,2,314,-0.12903225806451613,CuO+Al2O3+K2O,0.6,0,
高钾,Ward,3,314,0.4482758620689655,CuO+Al2O3+K2O,0.6,0,
高钾,Ward,4,314,0.5327942497753818,CuO+Al2O3+K2O,0.6,0,
高钾,Ward,5,314,0.5381773399014779,CuO+Al2O3+K2O,0.6,0,
高钾,Ward,2,315,-0.09883720930232558,CuO+K2O+CaO,0.3333333333333333,0,
高钾,Ward,3,315,0.7053206002728513,CuO+K2O+CaO,0.3333333333333333,0,
高钾,Ward,4,315,0.6417910447761194,CuO+K2O+CaO,0.3333333333333333,0,
高钾,Ward,5,315,0.5167785234899329,CuO+K2O+CaO,0.3333333333333333,0,
高钾,Ward,2,316,1.0,SiO2+K2O+CuO+P2O5,0.8,0,
高钾,Ward,3,316,0.8160535117056856,SiO2+K2O+CuO+P2O5,0.8,0,
高钾,Ward,4,316,0.5039955910719206,SiO2+K2O+CuO+P2O5,0.8,0,
高钾,Ward,5,316,0.4397283531409168,SiO2+K2O+CuO+P2O5,0.8,0,
高钾,Ward,2,317,1.0,SiO2+MgO+P2O5+K2O,0.5,0,
高钾,Ward,3,317,0.8160535117056856,SiO2+MgO+P2O5+K2O,0.5,0,
高钾,Ward,4,317,0.7524752475247525,SiO2+MgO+P2O5+K2O,0.5,0,
高钾,Ward,5,317,0.3504531722054381,SiO2+MgO+P2O5+K2O,0.5,0,
高钾,Ward,2,318,0.2033195020746888,SiO2+CuO+Fe2O3+P2O5,0.5,0,
高钾,Ward,3,318,0.3542905692438403,SiO2+CuO+Fe2O3+P2O5,0.5,0,
高钾,Ward,4,318,0.3823796548592189,SiO2+CuO+Fe2O3+P2O5,0.5,0,
高钾,Ward,5,318,0.3133625042073376,SiO2+CuO+Fe2O3+P2O5,0.5,0,
高钾,Ward,2,319,1.0,CuO+P2O5+SiO2+Al2O3,0.8,0,
高钾,Ward,3,319,0.9315068493150684,CuO+P2O5+SiO2+Al2O3,0.8,0,
高钾,Ward,4,319,0.6021000276319425,CuO+P2O5+SiO2+Al2O3,0.8,0,
高钾,Ward,5,319,0.6946564885496184,CuO+P2O5+SiO2+Al2O3,0.8,0,
高钾,Ward,2,320,1.0,Al2O3+K2O+SiO2+Fe2O3,0.5,0,
高钾,Ward,3,320,0.4205298013245033,Al2O3+K2O+SiO2+Fe2O3,0.5,0,
高钾,Ward,4,320,0.3097184377838329,Al2O3+K2O+SiO2+Fe2O3,0.5,0,
高钾,Ward,5,320,0.2490842490842491,Al2O3+K2O+SiO2+Fe2O3,0.5,0,
高钾,Ward,2,321,-0.1396011396011396,Al2O3+SiO2+P2O5,0.6,0,
高钾,Ward,3,321,0.7922077922077922,Al2O3+SiO2+P2O5,0.6,0,
高钾,Ward,4,321,0.4550408719346049,Al2O3+SiO2+P2O5,0.6,0,
高钾,Ward,5,321,0.4490358126721763,Al2O3+SiO2+P2O5,0.6,0,
高钾,Ward,2,322,1.0,CuO+Al2O3+SiO2+K2O,0.8,0,
高钾,Ward,3,322,1.0,CuO+Al2O3+SiO2+K2O,0.8,0,
高钾,Ward,4,322,0.48450444921755137,CuO+Al2O3+SiO2+K2O,0.8,0,
高钾,Ward,5,322,0.4642857142857143,CuO+Al2O3+SiO2+K2O,0.8,0,
高钾,Ward,2,323,-0.05,Fe2O3+Al2O3+SiO2+P2O5,0.5,0,
高钾,Ward,3,323,0.18269230769230768,Fe2O3+Al2O3+SiO2+P2O5,0.5,0,
高钾,Ward,4,323,0.08577878103837472,Fe2O3+Al2O3+SiO2+P2O5,0.5,0,
高钾,Ward,5,323,0.21768707482993196,Fe2O3+Al2O3+SiO2+P2O5,0.5,0,
高钾,Ward,2,324,-0.006993006993006993,SiO2+Al2O3+Fe2O3,0.3333333333333333,0,
高钾,Ward,3,324,0.1783166904422254,SiO2+Al2O3+Fe2O3,0.3333333333333333,0,
高钾,Ward,4,324,0.14760914760914762,SiO2+Al2O3+Fe2O3,0.3333333333333333,0,
高钾,Ward,5,324,0.15217391304347827,SiO2+Al2O3+Fe2O3,0.3333333333333333,0,
高钾,Ward,2,325,1.0,K2O+SiO2+Al2O3,0.6,0,
高钾,Ward,3,325,0.39984996249062266,K2O+SiO2+Al2O3,0.6,0,
高钾,Ward,4,325,0.33090909090909093,K2O+SiO2+Al2O3,0.6,0,
高钾,Ward,5,325,0.20493488690884168,K2O+SiO2+Al2O3,0.6,0,
高钾,Ward,2,326,-0.006993006993006993,SiO2+Fe2O3+CuO+P2O5,0.5,0,
高钾,Ward,3,326,0.03355704697986577,SiO2+Fe2O3+CuO+P2O5,0.5,0,
高钾,Ward,4,326,0.09915545824210197,SiO2+Fe2O3+CuO+P2O5,0.5,0,
高钾,Ward,5,326,0.2025183630640084,SiO2+Fe2O3+CuO+P2O5,0.5,0,
高钾,Ward,2,327,0.004149377593360996,P2O5+SiO2+Fe2O3+CuO,0.5,0,
高钾,Ward,3,327,0.1894273127753304,P2O5+SiO2+Fe2O3+CuO,0.5,0,
高钾,Ward,4,327,0.21568627450980393,P2O5+SiO2+Fe2O3+CuO,0.5,0,
高钾,Ward,5,327,0.20776699029126214,P2O5+SiO2+Fe2O3+CuO,0.5,0,
高钾,Ward,2,328,-0.06666666666666667,SiO2+Al2O3+MgO+P2O5+CuO,0.6666666666666666,0,
高钾,Ward,3,328,1.0,SiO2+Al2O3+MgO+P2O5+CuO,0.6666666666666666,0,
高钾,Ward,4,328,0.43005181347150256,SiO2+Al2O3+MgO+P2O5+CuO,0.6666666666666666,0,
高钾,Ward,5,328,0.4835680751173709,SiO2+Al2O3+MgO+P2O5+CuO,0.6666666666666666,0,
高钾,Ward,2,329,0.0924092409240924,K2O+Fe2O3+SiO2+Al2O3,0.5,0,
高钾,Ward,3,329,0.40380899806789955,K2O+Fe2O3+SiO2+Al2O3,0.5,0,
高钾,Ward,4,329,0.3823796548592189,K2O+Fe2O3+SiO2+Al2O3,0.5,0,
高钾,Ward,5,329,0.2613111726685134,K2O+Fe2O3+SiO2+Al2O3,0.5,0,
高钾,Ward,2,330,1.0,Al2O3+SiO2+K2O+P2O5,0.8,0,
高钾,Ward,3,330,0.5926449787835927,Al2O3+SiO2+K2O+P2O5,0.8,0,
高钾,Ward,4,330,1.0,Al2O3+SiO2+K2O+P2O5,0.8,0,
高钾,Ward,5,330,1.0,Al2O3+SiO2+K2O+P2O5,0.8,0,
高钾,Ward,2,331,0.5333333333333333,SiO2+Fe2O3+MgO+P2O5+CuO,0.42857142857142855,0,
高钾,Ward,3,331,0.5954692556634305,SiO2+Fe2O3+MgO+P2O5+CuO,0.42857142857142855,0,
高钾,Ward,4,331,0.6302250803858521,SiO2+Fe2O3+MgO+P2O5+CuO,0.42857142857142855,0,
高钾,Ward,5,331,0.6448748991121872,SiO2+Fe2O3+MgO+P2O5+CuO,0.42857142857142855,0,
高钾,Ward,2,332,0.5352697095435685,Al2O3+CaO+SiO2+P2O5,0.5,0,
高钾,Ward,3,332,0.5738384137318734,Al2O3+CaO+SiO2+P2O5,0.5,0,
高钾,Ward,4,332,0.3554884189325277,Al2O3+CaO+SiO2+P2O5,0.5,0,
高钾,Ward,5,332,0.580908032596042,Al2O3+CaO+SiO2+P2O5,0.5,0,
高钾,Ward,2,333,1.0,Al2O3+K2O+SiO2+P2O5,0.8,0,
高钾,Ward,3,333,1.0,Al2O3+K2O+SiO2+P2O5,0.8,0,
高钾,Ward,4,333,1.0,Al2O3+K2O+SiO2+P2O5,0.8,0,
高钾,Ward,5,333,0.9259259259259259,Al2O3+K2O+SiO2+P2O5,0.8,0,
高钾,Ward,2,334,0.16666666666666666,P2O5+SiO2,0.4,0,
高钾,Ward,3,334,0.0,P2O5+SiO2,0.4,0,
高钾,Ward,4,334,0.42081447963800905,P2O5+SiO2,0.4,0,
高钾,Ward,5,334,0.45962732919254656,P2O5+SiO2,0.4,0,
高钾,Ward,2,335,1.0,P2O5+SiO2+K2O,0.6,0,
高钾,Ward,3,335,0.9315068493150684,P2O5+SiO2+K2O,0.6,0,
高钾,Ward,4,335,0.9333888426311407,P2O5+SiO2+K2O,0.6,0,
高钾,Ward,5,335,0.5907928388746803,P2O5+SiO2+K2O,0.6,0,
高钾,Ward,2,336,0.2,MgO+P2O5+Fe2O3+K2O+CuO,0.42857142857142855,0,
高钾,Ward,3,336,0.3775933609958506,MgO+P2O5+Fe2O3+K2O+CuO,0.42857142857142855,0,
高钾,Ward,4,336,0.449400968646444,MgO+P2O5+Fe2O3+K2O+CuO,0.42857142857142855,0,
高钾,Ward,5,336,0.21914943062979317,MgO+P2O5+Fe2O3+K2O+CuO,0.42857142857142855,0,
高钾,Ward,2,337,0.6926229508196722,CuO+SiO2+Al2O3+MgO,0.5,0,
高钾,Ward,3,337,0.9489795918367347,CuO+SiO2+Al2O3+MgO,0.5,0,
高钾,Ward,4,337,0.6125772038180798,CuO+SiO2+Al2O3+MgO,0.5,0,
高钾,Ward,5,337,0.2857142857142857,CuO+SiO2+Al2O3+MgO,0.5,0,
高钾,Ward,2,338,-0.11940298507462686,SiO2+Al2O3+P2O5+CuO,0.8,0,
高钾,Ward,3,338,1.0,SiO2+Al2O3+P2O5+CuO,0.8,0,
高钾,Ward,4,338,1.0,SiO2+Al2O3+P2O5+CuO,0.8,0,
高钾,Ward,5,338,1.0,SiO2+Al2O3+P2O5+CuO,0.8,0,
高钾,Ward,2,339,0.21052631578947367,K2O+CuO+P2O5+Fe2O3,0.5,0,
高钾,Ward,3,339,0.37050359712230213,K2O+CuO+P2O5+Fe2O3,0.5,0,
高钾,Ward,4,339,0.48770491803278687,K2O+CuO+P2O5+Fe2O3,0.5,0,
高钾,Ward,5,339,0.3619631901840491,K2O+CuO+P2O5+Fe2O3,0.5,0,
高钾,Ward,2,340,1.0,Al2O3+MgO+K2O+P2O5,0.5,0,
高钾,Ward,3,340,0.9625117150890347,Al2O3+MgO+K2O+P2O5,0.5,0,
高钾,Ward,4,340,0.35341660543717857,Al2O3+MgO+K2O+P2O5,0.5,0,
高钾,Ward,5,340,0.2403282532239156,Al2O3+MgO+K2O+P2O5,0.5,0,
高钾,Ward,2,341,1.0,SiO2+Al2O3+P2O5+CuO+K2O,1.0,0,
高钾,Ward,3,341,1.0,SiO2+Al2O3+P2O5+CuO+K2O,1.0,0,
高钾,Ward,4,341,0.5048629531388152,SiO2+Al2O3+P2O5+CuO+K2O,1.0,0,
高钾,Ward,5,341,0.43223443223443225,SiO2+Al2O3+P2O5+CuO+K2O,1.0,0,
高钾,Ward,2,342,1.0,Al2O3+SiO2+K2O+CuO,0.8,0,
高钾,Ward,3,342,1.0,Al2O3+SiO2+K2O+CuO,0.8,0,
高钾,Ward,4,342,0.7047244094488189,Al2O3+SiO2+K2O+CuO,0.8,0,
高钾,Ward,5,342,0.6376811594202898,Al2O3+SiO2+K2O+CuO,0.8,0,
高钾,Ward,2,343,1.0,SiO2+P2O5+CuO+K2O+MgO,0.6666666666666666,0,
高钾,Ward,3,343,1.0,SiO2+P2O5+CuO+K2O+MgO,0.6666666666666666,0,
高钾,Ward,4,343,1.0,SiO2+P2O5+CuO+K2O+MgO,0.6666666666666666,0,
高钾,Ward,5,343,0.9650247741183329,SiO2+P2O5+CuO+K2O+MgO,0.6666666666666666,0,
高钾,Ward,2,344,0.35,CuO+Al2O3+MgO,0.3333333333333333,0,
高钾,Ward,3,344,0.07894736842105263,CuO+Al2O3+MgO,0.3333333333333333,0,
高钾,Ward,4,344,0.18209876543209877,CuO+Al2O3+MgO,0.3333333333333333,0,
高钾,Ward,5,344,0.18855656697009102,CuO+Al2O3+MgO,0.3333333333333333,0,
高钾,Ward,2,345,0.1944055944055944,Al2O3+CuO+P2O5,0.6,0,
高钾,Ward,3,345,0.12313937753721245,Al2O3+CuO+P2O5,0.6,0,
高钾,Ward,4,345,0.2769010043041607,Al2O3+CuO+P2O5,0.6,0,
高钾,Ward,5,345,0.46788990825688076,Al2O3+CuO+P2O5,0.6,0,
高钾,Ward,2,346,0.20081967213114754,SiO2+P2O5+CuO+CaO,0.5,0,
高钾,Ward,3,346,0.06976744186046512,SiO2+P2O5+CuO+CaO,0.5,0,
高钾,Ward,4,346,0.14804102024717328,SiO2+P2O5+CuO+CaO,0.5,0,
高钾,Ward,5,346,0.19175911251980982,SiO2+P2O5+CuO+CaO,0.5,0,
高钾,Ward,2,347,0.0,Fe2O3+SiO2+CuO,0.3333333333333333,0,
高钾,Ward,3,347,0.05063291139240506,Fe2O3+SiO2+CuO,0.3333333333333333,0,
高钾,Ward,4,347,0.041586339851280636,Fe2O3+SiO2+CuO,0.3333333333333333,0,
高钾,Ward,5,347,0.07514450867052024,Fe2O3+SiO2+CuO,0.3333333333333333,0,
高钾,Ward,2,348,-0.12903225806451613,SiO2+Fe2O3+CuO+P2O5,0.5,0,
高钾,Ward,3,348,0.07894736842105263,SiO2+Fe2O3+CuO+P2O5,0.5,0,
高钾,Ward,4,348,0.24528301886792453,SiO2+Fe2O3+CuO+P2O5,0.5,0,
高钾,Ward,5,348,0.2403282532239156,SiO2+Fe2O3+CuO+P2O5,0.5,0,
高钾,Ward,2,349,1.0,SiO2+Al2O3+K2O+MgO,0.5,0,
高钾,Ward,3,349,0.3775933609958506,SiO2+Al2O3+K2O+MgO,0.5,0,
高钾,Ward,4,349,0.23197492163009403,SiO2+Al2O3+K2O+MgO,0.5,0,
高钾,Ward,5,349,0.0896358543417367,SiO2+Al2O3+K2O+MgO,0.5,0,
高钾,Ward,2,350,1.0,K2O+Al2O3+SiO2,0.6,0,
高钾,Ward,3,350,0.6069868995633187,K2O+Al2O3+SiO2,0.6,0,
高钾,Ward,4,350,0.6376811594202898,K2O+Al2O3+SiO2,0.6,0,
高钾,Ward,5,350,0.5252225519287834,K2O+Al2O3+SiO2,0.6,0,
高钾,Ward,2,351,0.51931330472103,SiO2+Al2O3+P2O5,0.6,0,
高钾,Ward,3,351,0.5720164609053497,SiO2+Al2O3+P2O5,0.6,0,
高钾,Ward,4,351,0.334916864608076,SiO2+Al2O3+P2O5,0.6,0,
高钾,Ward,5,351,0.37254901960784315,SiO2+Al2O3+P2O5,0.6,0,
高钾,Ward,2,352,1.0,Al2O3+SiO2+P2O5+K2O,0.8,0,
高钾,Ward,3,352,1.0,Al2O3+SiO2+P2O5+K2O,0.8,0,
高钾,Ward,4,352,1.0,Al2O3+SiO2+P2O5+K2O,0.8,0,
高钾,Ward,5,352,0.7368421052631579,Al2O3+SiO2+P2O5+K2O,0.8,0,
高钾,Ward,2,353,1.0,K2O+MgO+Al2O3+SiO2,0.5,0,
高钾,Ward,3,353,0.357429718875502,K2O+MgO+Al2O3+SiO2,0.5,0,
高钾,Ward,4,353,0.1913272780544975,K2O+MgO+Al2O3+SiO2,0.5,0,
高钾,Ward,5,353,0.10952804986642921,K2O+MgO+Al2O3+SiO2,0.5,0,
高钾,Ward,2,354,0.35,SiO2+Fe2O3+P2O5+CuO,0.5,0,
高钾,Ward,3,354,0.31666666666666665,SiO2+Fe2O3+P2O5+CuO,0.5,0,
高钾,Ward,4,354,0.15,SiO2+Fe2O3+P2O5+CuO,0.5,0,
高钾,Ward,5,354,0.21245421245421245,SiO2+Fe2O3+P2O5+CuO,0.5,0,
高钾,Ward,2,355,1.0,CuO+K2O+SiO2+P2O5,0.8,0,
高钾,Ward,3,355,0.8160535117056856,CuO+K2O+SiO2+P2O5,0.8,0,
高钾,Ward,4,355,0.6025393320452663,CuO+K2O+SiO2+P2O5,0.8,0,
高钾,Ward,5,355,0.5264937993235626,CuO+K2O+SiO2+P2O5,0.8,0,
高钾,Ward,2,356,-0.05,K2O+SiO2+Fe2O3+P2O5+CuO,0.6666666666666666,0,
高钾,Ward,3,356,0.37639198218262804,K2O+SiO2+Fe2O3+P2O5+CuO,0.6666666666666666,0,
高钾,Ward,4,356,0.222999222999223,K2O+SiO2+Fe2O3+P2O5+CuO,0.6666666666666666,0,
高钾,Ward,5,356,0.28218465539661897,K2O+SiO2+Fe2O3+P2O5+CuO,0.6666666666666666,0,
高钾,Ward,2,357,0.5833333333333334,Al2O3+P2O5+SiO2+CaO,0.5,0,
高钾,Ward,3,357,0.7737819025522041,Al2O3+P2O5+SiO2+CaO,0.5,0,
高钾,Ward,4,357,0.7847682119205298,Al2O3+P2O5+SiO2+CaO,0.5,0,
高钾,Ward,5,357,0.3422083007047768,Al2O3+P2O5+SiO2+CaO,0.5,0,
高钾,Ward,2,358,-0.039603960396039604,Al2O3+Fe2O3,0.16666666666666666,0,
高钾,Ward,3,358,0.524214103653356,Al2O3+Fe2O3,0.16666666666666666,0,
高钾,Ward,4,358,0.29082426127527217,Al2O3+Fe2O3,0.16666666666666666,0,
高钾,Ward,5,358,0.16163861543347094,Al2O3+Fe2O3,0.16666666666666666,0,
高钾,Ward,2,359,1.0,Al2O3+CaO+SiO2+K2O,0.5,0,
高钾,Ward,3,359,0.7053206002728513,Al2O3+CaO+SiO2+K2O,0.5,0,
高钾,Ward,4,359,0.40611353711790393,Al2O3+CaO+SiO2+K2O,0.5,0,
高钾,Ward,5,359,0.3323572474377745,Al2O3+CaO+SiO2+K2O,0.5,0,
高钾,Ward,2,360,-0.0847457627118644,SiO2+K2O+CuO+CaO,0.5,0,
高钾,Ward,3,360,0.3368333793865709,SiO2+K2O+CuO+CaO,0.5,0,
高钾,Ward,4,360,0.41256459069893936,SiO2+K2O+CuO+CaO,0.5,0,
高钾,Ward,5,360,0.18855656697009102,SiO2+K2O+CuO+CaO,0.5,0,
高钾,Ward,2,361,1.0,P2O5+K2O+SiO2+Al2O3,0.8,0,
高钾,Ward,3,361,1.0,P2O5+K2O+SiO2+Al2O3,0.8,0,
高钾,Ward,4,361,0.7183098591549296,P2O5+K2O+SiO2+Al2O3,0.8,0,
高钾,Ward,5,361,0.6445497630331753,P2O5+K2O+SiO2+Al2O3,0.8,0,
高钾,Ward,2,362,1.0,P2O5+SiO2+Al2O3+K2O,0.8,0,
高钾,Ward,3,362,1.0,P2O5+SiO2+Al2O3+K2O,0.8,0,
高钾,Ward,4,362,1.0,P2O5+SiO2+Al2O3+K2O,0.8,0,
高钾,Ward,5,362,0.6272005522954781,P2O5+SiO2+Al2O3+K2O,0.8,0,
高钾,Ward,2,363,0.5352697095435685,CaO+CuO+P2O5,0.3333333333333333,0,
高钾,Ward,3,363,0.5061728395061729,CaO+CuO+P2O5,0.3333333333333333,0,
高钾,Ward,4,363,0.3812754409769335,CaO+CuO+P2O5,0.3333333333333333,0,
高钾,Ward,5,363,0.43724137931034485,CaO+CuO+P2O5,0.3333333333333333,0,
高钾,Ward,2,364,1.0,Al2O3+P2O5+SiO2+K2O+Fe2O3,0.6666666666666666,0,
高钾,Ward,3,364,0.37209302325581395,Al2O3+P2O5+SiO2+K2O+Fe2O3,0.6666666666666666,0,
高钾,Ward,4,364,0.29518072289156627,Al2O3+P2O5+SiO2+K2O+Fe2O3,0.6666666666666666,0,
高钾,Ward,5,364,0.39486552567237165,Al2O3+P2O5+SiO2+K2O+Fe2O3,0.6666666666666666,0,
高钾,Ward,2,365,0.5333333333333333,SiO2+CuO+P2O5,0.6,0,
高钾,Ward,3,365,0.48333333333333334,SiO2+CuO+P2O5,0.6,0,
高钾,Ward,4,365,0.23333333333333334,SiO2+CuO+P2O5,0.6,0,
高钾,Ward,5,365,0.2354368932038835,SiO2+CuO+P2O5,0.6,0,
高钾,Ward,2,366,-0.04832104832104832,Al2O3+Fe2O3+P2O5,0.3333333333333333,0,
高钾,Ward,3,366,0.2301255230125523,Al2O3+Fe2O3+P2O5,0.3333333333333333,0,
高钾,Ward,4,366,0.4439295644114921,Al2O3+Fe2O3+P2O5,0.3333333333333333,0,
高钾,Ward,5,366,0.4774494556765163,Al2O3+Fe2O3+P2O5,0.3333333333333333,0,
高钾,Ward,2,367,1.0,Al2O3+SiO2+K2O,0.6,0,
高钾,Ward,3,367,0.5,Al2O3+SiO2+K2O,0.6,0,
高钾,Ward,4,367,0.5368072787427626,Al2O3+SiO2+K2O,0.6,0,
高钾,Ward,5,367,0.47122004957312036,Al2O3+SiO2+K2O,0.6,0,
高钾,Ward,2,368,0.08333333333333333,Al2O3+SiO2+Fe2O3,0.3333333333333333,0,
高钾,Ward,3,368,0.18333333333333332,Al2O3+SiO2+Fe2O3,0.3333333333333333,0,
高钾,Ward,4,368,0.18333333333333332,Al2O3+SiO2+Fe2O3,0.3333333333333333,0,
高钾,Ward,5,368,0.22466960352422907,Al2O3+SiO2+Fe2O3,0.3333333333333333,0,
高钾,Ward,2,369,1.0,SiO2+K2O+Al2O3+CuO,0.8,0,
高钾,Ward,3,369,1.0,SiO2+K2O+Al2O3+CuO,0.8,0,
高钾,Ward,4,369,0.569377990430622,SiO2+K2O+Al2O3+CuO,0.8,0,
高钾,Ward,5,369,0.5454545454545454,SiO2+K2O+Al2O3+CuO,0.8,0,
高钾,Ward,2,370,0.5352697095435685,SiO2+CuO+P2O5,0.6,0,
高钾,Ward,3,370,0.524214103653356,SiO2+CuO+P2O5,0.6,0,
高钾,Ward,4,370,0.656004828002414,SiO2+CuO+P2O5,0.6,0,
高钾,Ward,5,370,0.6926229508196722,SiO2+CuO+P2O5,0.6,0,
高钾,Ward,2,371,-0.06666666666666667,Al2O3+CuO+Fe2O3,0.3333333333333333,0,
高钾,Ward,3,371,0.06028368794326241,Al2O3+CuO+Fe2O3,0.3333333333333333,0,
高钾,Ward,4,371,0.15030576118442227,Al2O3+CuO+Fe2O3,0.3333333333333333,0,
高钾,Ward,5,371,-0.03783783783783784,Al2O3+CuO+Fe2O3,0.3333333333333333,0,
高钾,Ward,2,372,0.2033195020746888,CuO+SiO2+Fe2O3,0.3333333333333333,0,
高钾,Ward,3,372,0.31614654002713705,CuO+SiO2+Fe2O3,0.3333333333333333,0,
高钾,Ward,4,372,0.34576757532281205,CuO+SiO2+Fe2O3,0.3333333333333333,0,
高钾,Ward,5,372,0.3697868396663577,CuO+SiO2+Fe2O3,0.3333333333333333,0,
高钾,Ward,2,373,-0.12704918032786885,SiO2+Al2O3+P2O5+CuO,0.8,0,
高钾,Ward,3,373,0.44754464285714285,SiO2+Al2O3+P2O5+CuO,0.8,0,
高钾,Ward,4,373,0.4064748201438849,SiO2+Al2O3+P2O5+CuO,0.8,0,
高钾,Ward,5,373,0.4061302681992337,SiO2+Al2O3+P2O5+CuO,0.8,0,
高钾,Ward,2,374,1.0,CuO+SiO2+CaO+P2O5,0.5,0,
高钾,Ward,3,374,1.0,CuO+SiO2+CaO+P2O5,0.5,0,
高钾,Ward,4,374,0.9660729431721798,CuO+SiO2+CaO+P2O5,0.5,0,
高钾,Ward,5,374,0.44678609062170704,CuO+SiO2+CaO+P2O5,0.5,0,
高钾,Ward,2,375,0.3564356435643564,SiO2+Fe2O3+CuO+P2O5,0.5,0,
高钾,Ward,3,375,0.24437299035369775,SiO2+Fe2O3+CuO+P2O5,0.5,0,
高钾,Ward,4,375,0.40347970173985087,SiO2+Fe2O3+CuO+P2O5,0.5,0,
高钾,Ward,5,375,0.476056338028169,SiO2+Fe2O3+CuO+P2O5,0.5,0,
高钾,Ward,2,376,0.5833333333333334,K2O+CuO+SiO2+MgO+P2O5,0.6666666666666666,0,
高钾,Ward,3,376,0.6190476190476191,K2O+CuO+SiO2+MgO+P2O5,0.6666666666666666,0,
高钾,Ward,4,376,0.4593118514472966,K2O+CuO+SiO2+MgO+P2O5,0.6666666666666666,0,
高钾,Ward,5,376,0.27488151658767773,K2O+CuO+SiO2+MgO+P2O5,0.6666666666666666,0,
高钾,Ward,2,377,0.2033195020746888,P2O5+Al2O3+SiO2+Fe2O3,0.5,0,
高钾,Ward,3,377,0.5536480686695279,P2O5+Al2O3+SiO2+Fe2O3,0.5,0,
高钾,Ward,4,377,0.5930824008138352,P2O5+Al2O3+SiO2+Fe2O3,0.5,0,
高钾,Ward,5,377,0.6835443037974683,P2O5+Al2O3+SiO2+Fe2O3,0.5,0,
高钾,Ward,2,378,0.1759656652360515,MgO+SiO2+P2O5+CuO,0.5,0,
高钾,Ward,3,378,0.01090909090909091,MgO+SiO2+P2O5+CuO,0.5,0,
高钾,Ward,4,378,0.0496156533892383,MgO+SiO2+P2O5+CuO,0.5,0,
高钾,Ward,5,378,0.10759934929119219,MgO+SiO2+P2O5+CuO,0.5,0,
高钾,Ward,2,379,0.35,CaO+PbO+CuO+Fe2O3,0.125,0,
高钾,Ward,3,379,0.5544130248500428,CaO+PbO+CuO+Fe2O3,0.125,0,
高钾,Ward,4,379,0.3280282935455349,CaO+PbO+CuO+Fe2O3,0.125,0,
高钾,Ward,5,379,0.2090032154340836,CaO+PbO+CuO+Fe2O3,0.125,0,
高钾,Ward,2,380,1.0,Al2O3+CuO+K2O,0.6,0,
高钾,Ward,3,380,0.45484581497797355,Al2O3+CuO+K2O,0.6,0,
高钾,Ward,4,380,0.41578947368421054,Al2O3+CuO+K2O,0.6,0,
高钾,Ward,5,380,0.449685534591195,Al2O3+CuO+K2O,0.6,0,
高钾,Ward,2,381,0.2033195020746888,CuO+P2O5+SiO2+Fe2O3,0.5,0,
高钾,Ward,3,381,0.14893617021276595,CuO+P2O5+SiO2+Fe2O3,0.5,0,
高钾,Ward,4,381,0.15879305089911613,CuO+P2O5+SiO2+Fe2O3,0.5,0,
高钾,Ward,5,381,0.3176815847395451,CuO+P2O5+SiO2+Fe2O3,0.5,0,
高钾,Ward,2,382,0.5138888888888888,CaO+Al2O3+CuO,0.3333333333333333,0,
高钾,Ward,3,382,0.3125,CaO+Al2O3+CuO,0.3333333333333333,0,
高钾,Ward,4,382,0.10714285714285714,CaO+Al2O3+CuO,0.3333333333333333,0,
高钾,Ward,5,382,0.12576687116564417,CaO+Al2O3+CuO,0.3333333333333333,0,
高钾,Ward,2,383,0.5352697095435685,CuO+SiO2,0.4,0,
高钾,Ward,3,383,0.5061728395061729,CuO+SiO2,0.4,0,
高钾,Ward,4,383,0.20803443328550933,CuO+SiO2,0.4,0,
高钾,Ward,5,383,0.08905109489051095,CuO+SiO2,0.4,0,
高钾,Ward,2,384,0.21052631578947367,CuO+SiO2,0.4,0,
高钾,Ward,3,384,0.4018277485461091,CuO+SiO2,0.4,0,
高钾,Ward,4,384,0.14502849905003168,CuO+SiO2,0.4,0,
高钾,Ward,5,384,0.1262135922330097,CuO+SiO2,0.4,0,
高钾,Ward,2,385,0.0924092409240924,SiO2+Fe2O3+CuO+P2O5,0.5,0,
高钾,Ward,3,385,0.2033898305084746,SiO2+Fe2O3+CuO+P2O5,0.5,0,
高钾,Ward,4,385,0.1952054794520548,SiO2+Fe2O3+CuO+P2O5,0.5,0,
高钾,Ward,5,385,0.23529411764705882,SiO2+Fe2O3+CuO+P2O5,0.5,0,
高钾,Ward,2,386,0.2,SiO2+Al2O3+MgO,0.3333333333333333,0,
高钾,Ward,3,386,0.3964794635373009,SiO2+Al2O3+MgO,0.3333333333333333,0,
高钾,Ward,4,386,0.3577981651376147,SiO2+Al2O3+MgO,0.3333333333333333,0,
高钾,Ward,5,386,0.25430210325047803,SiO2+Al2O3+MgO,0.3333333333333333,0,
高钾,Ward,2,387,0.75,SiO2+CuO+P2O5,0.6,0,
高钾,Ward,3,387,0.8649789029535865,SiO2+CuO+P2O5,0.6,0,
高钾,Ward,4,387,0.8645980253878702,SiO2+CuO+P2O5,0.6,0,
高钾,Ward,5,387,0.46886446886446886,SiO2+CuO+P2O5,0.6,0,
高钾,Ward,2,388,1.0,Al2O3+CuO+SiO2+K2O,0.8,0,
高钾,Ward,3,388,0.9001386962552012,Al2O3+CuO+SiO2+K2O,0.8,0,
高钾,Ward,4,388,0.4247669773635153,Al2O3+CuO+SiO2+K2O,0.8,0,
高钾,Ward,5,388,0.4384805945499587,Al2O3+CuO+SiO2+K2O,0.8,0,
高钾,Ward,2,389,1.0,Al2O3+SiO2+P2O5,0.6,0,
高钾,Ward,3,389,0.6753246753246753,Al2O3+SiO2+P2O5,0.6,0,
高钾,Ward,4,389,0.94874715261959,Al2O3+SiO2+P2O5,0.6,0,
高钾,Ward,5,389,0.5120481927710844,Al2O3+SiO2+P2O5,0.6,0,
高钾,Ward,2,390,1.0,Al2O3+SiO2+MgO+CuO+K2O,0.6666666666666666,0,
高钾,Ward,3,390,0.7210229159747592,Al2O3+SiO2+MgO+CuO+K2O,0.6666666666666666,0,
高钾,Ward,4,390,0.1858678955453149,Al2O3+SiO2+MgO+CuO+K2O,0.6666666666666666,0,
高钾,Ward,5,390,0.15151515151515152,Al2O3+SiO2+MgO+CuO+K2O,0.6666666666666666,0,
高钾,Ward,2,391,0.7311827956989247,SiO2+MgO+CuO+P2O5,0.5,0,
高钾,Ward,3,391,0.5954692556634305,SiO2+MgO+CuO+P2O5,0.5,0,
高钾,Ward,4,391,0.7673774577679313,SiO2+MgO+CuO+P2O5,0.5,0,
高钾,Ward,5,391,0.40509915014164305,SiO2+MgO+CuO+P2O5,0.5,0,
高钾,Ward,2,392,0.3672316384180791,CuO+Al2O3+P2O5,0.6,0,
高钾,Ward,3,392,0.07590759075907591,CuO+Al2O3+P2O5,0.6,0,
高钾,Ward,4,392,0.37577408967054743,CuO+Al2O3+P2O5,0.6,0,
高钾,Ward,5,392,0.27281368821292773,CuO+Al2O3+P2O5,0.6,0,
高钾,Ward,2,393,1.0,SiO2+K2O+CuO,0.6,0,
高钾,Ward,3,393,0.5524861878453039,SiO2+K2O+CuO,0.6,0,
高钾,Ward,4,393,0.450354609929078,SiO2+K2O+CuO,0.6,0,
高钾,Ward,5,393,0.2777777777777778,SiO2+K2O+CuO,0.6,0,
高钾,Ward,2,394,1.0,Al2O3+SiO2+K2O+P2O5,0.8,0,
高钾,Ward,3,394,1.0,Al2O3+SiO2+K2O+P2O5,0.8,0,
高钾,Ward,4,394,1.0,Al2O3+SiO2+K2O+P2O5,0.8,0,
高钾,Ward,5,394,0.890190336749634,Al2O3+SiO2+K2O+P2O5,0.8,0,
高钾,Ward,2,395,-0.006993006993006993,PbO+P2O5+SiO2+Fe2O3+CuO,0.42857142857142855,0,
高钾,Ward,3,395,0.16083916083916083,PbO+P2O5+SiO2+Fe2O3+CuO,0.42857142857142855,0,
高钾,Ward,4,395,0.07723169508525576,PbO+P2O5+SiO2+Fe2O3+CuO,0.42857142857142855,0,
高钾,Ward,5,395,0.23163841807909605,PbO+P2O5+SiO2+Fe2O3+CuO,0.42857142857142855,0,
高钾,Ward,2,396,1.0,P2O5+SiO2+Al2O3+K2O,0.8,0,
高钾,Ward,3,396,0.357429718875502,P2O5+SiO2+Al2O3+K2O,0.8,0,
高钾,Ward,4,396,1.0,P2O5+SiO2+Al2O3+K2O,0.8,0,
高钾,Ward,5,396,0.691743119266055,P2O5+SiO2+Al2O3+K2O,0.8,0,
高钾,Ward,2,397,0.7457627118644068,K2O+Al2O3+CaO+P2O5,0.5,0,
高钾,Ward,3,397,0.3675675675675676,K2O+Al2O3+CaO+P2O5,0.5,0,
高钾,Ward,4,397,0.32166890982503366,K2O+Al2O3+CaO+P2O5,0.5,0,
高钾,Ward,5,397,0.2052980132450331,K2O+Al2O3+CaO+P2O5,0.5,0,
高钾,Ward,2,398,0.10423452768729642,CuO+SiO2+CaO+PbO+K2O,0.42857142857142855,0,
高钾,Ward,3,398,0.42720763723150357,CuO+SiO2+CaO+PbO+K2O,0.42857142857142855,0,
高钾,Ward,4,398,0.49566587864460204,CuO+SiO2+CaO+PbO+K2O,0.42857142857142855,0,
高钾,Ward,5,398,0.2846270928462709,CuO+SiO2+CaO+PbO+K2O,0.42857142857142855,0,
高钾,Ward,2,399,0.7457627118644068,P2O5+SiO2,0.4,0,
高钾,Ward,3,399,0.6346526432327706,P2O5+SiO2,0.4,0,
高钾,Ward,4,399,0.6021000276319425,P2O5+SiO2,0.4,0,
高钾,Ward,5,399,0.2745259686727123,P2O5+SiO2,0.4,0,
高钾,Ward,2,400,0.014336917562724014,SiO2+P2O5+CuO,0.6,0,
高钾,Ward,3,400,0.3895582329317269,SiO2+P2O5+CuO,0.6,0,
高钾,Ward,4,400,0.5793606281547953,SiO2+P2O5+CuO,0.6,0,
高钾,Ward,5,400,0.3613348676639816,SiO2+P2O5+CuO,0.6,0,
高钾,Ward,2,401,0.2,Al2O3+SiO2+P2O5+Fe2O3,0.5,0,
高钾,Ward,3,401,0.450354609929078,Al2O3+SiO2+P2O5+Fe2O3,0.5,0,
高钾,Ward,4,401,0.4269340974212034,Al2O3+SiO2+P2O5+Fe2O3,0.5,0,
高钾,Ward,5,401,0.585635359116022,Al2O3+SiO2+P2O5+Fe2O3,0.5,0,
高钾,Ward,2,402,1.0,SiO2+K2O+P2O5+CuO,0.8,0,
高钾,Ward,3,402,1.0,SiO2+K2O+P2O5+CuO,0.8,0,
高钾,Ward,4,402,1.0,SiO2+K2O+P2O5+CuO,0.8,0,
高钾,Ward,5,402,0.5555555555555556,SiO2+K2O+P2O5+CuO,0.8,0,
高钾,Ward,2,403,0.0,Al2O3+CuO+SiO2+K2O,0.8,0,
高钾,Ward,3,403,0.13978494623655913,Al2O3+CuO+SiO2+K2O,0.8,0,
高钾,Ward,4,403,0.02636916835699797,Al2O3+CuO+SiO2+K2O,0.8,0,
高钾,Ward,5,403,-0.012329656067488644,Al2O3+CuO+SiO2+K2O,0.8,0,
高钾,Ward,2,404,0.14666666666666667,SiO2+K2O+Al2O3+CaO+MgO,0.42857142857142855,0,
高钾,Ward,3,404,0.1594284113196974,SiO2+K2O+Al2O3+CaO+MgO,0.42857142857142855,0,
高钾,Ward,4,404,0.40911648846370285,SiO2+K2O+Al2O3+CaO+MgO,0.42857142857142855,0,
高钾,Ward,5,404,0.3401015228426396,SiO2+K2O+Al2O3+CaO+MgO,0.42857142857142855,0,
高钾,Ward,2,405,0.5833333333333334,SiO2+P2O5+K2O+CaO+Al2O3+MgO,0.5714285714285714,0,
高钾,Ward,3,405,0.09011373578302712,SiO2+P2O5+K2O+CaO+Al2O3+MgO,0.5714285714285714,0,
高钾,Ward,4,405,0.9655073296924404,SiO2+P2O5+K2O+CaO+Al2O3+MgO,0.5714285714285714,0,
高钾,Ward,5,405,1.0,SiO2+P2O5+K2O+CaO+Al2O3+MgO,0.5714285714285714,0,
高钾,Ward,2,406,0.0,Fe2O3+SiO2+CaO+MgO,0.125,0,
高钾,Ward,3,406,0.4426751592356688,Fe2O3+SiO2+CaO+MgO,0.125,0,
高钾,Ward,4,406,0.17134831460674158,Fe2O3+SiO2+CaO+MgO,0.125,0,
高钾,Ward,5,406,0.16142557651991615,Fe2O3+SiO2+CaO+MgO,0.125,0,
高钾,Ward,2,407,-0.12903225806451613,SiO2+Al2O3+CuO,0.6,0,
高钾,Ward,3,407,0.7828054298642534,SiO2+Al2O3+CuO,0.6,0,
高钾,Ward,4,407,0.47572815533980584,SiO2+Al2O3+CuO,0.6,0,
高钾,Ward,5,407,0.47183098591549294,SiO2+Al2O3+CuO,0.6,0,
高钾,Ward,2,408,1.0,CuO+MgO+K2O+Fe2O3+P2O5,0.42857142857142855,0,
高钾,Ward,3,408,0.5249406175771971,CuO+MgO+K2O+Fe2O3+P2O5,0.42857142857142855,0,
高钾,Ward,4,408,0.6216216216216216,CuO+MgO+K2O+Fe2O3+P2O5,0.42857142857142855,0,
高钾,Ward,5,408,0.6120689655172413,CuO+MgO+K2O+Fe2O3+P2O5,0.42857142857142855,0,
高钾,Ward,2,409,-0.09871244635193133,Fe2O3+Al2O3+SiO2,0.3333333333333333,0,
高钾,Ward,3,409,0.026573426573426574,Fe2O3+Al2O3+SiO2,0.3333333333333333,0,
高钾,Ward,4,409,0.05145691258524489,Fe2O3+Al2O3+SiO2,0.3333333333333333,0,
高钾,Ward,5,409,0.14556962025316456,Fe2O3+Al2O3+SiO2,0.3333333333333333,0,
高钾,Ward,2,410,1.0,K2O+SiO2+CuO,0.6,0,
高钾,Ward,3,410,1.0,K2O+SiO2+CuO,0.6,0,
高钾,Ward,4,410,0.6188747731397459,K2O+SiO2+CuO,0.6,0,
高钾,Ward,5,410,0.4354315379623621,K2O+SiO2+CuO,0.6,0,
高钾,Ward,2,411,1.0,Al2O3+SiO2+CaO+K2O,0.5,0,
高钾,Ward,3,411,0.6753246753246753,Al2O3+SiO2+CaO+K2O,0.5,0,
高钾,Ward,4,411,0.4258373205741627,Al2O3+SiO2+CaO+K2O,0.5,0,
高钾,Ward,5,411,0.34782608695652173,Al2O3+SiO2+CaO+K2O,0.5,0,
高钾,Ward,2,412,0.2033195020746888,SiO2+P2O5+CuO,0.6,0,
高钾,Ward,3,412,0.063257065948856,SiO2+P2O5+CuO,0.6,0,
高钾,Ward,4,412,0.2613111726685134,SiO2+P2O5+CuO,0.6,0,
高钾,Ward,5,412,0.3133625042073376,SiO2+P2O5+CuO,0.6,0,
高钾,Ward,2,413,1.0,Al2O3+K2O+MgO+SiO2+P2O5,0.6666666666666666,0,
高钾,Ward,3,413,0.39984996249062266,Al2O3+K2O+MgO+SiO2+P2O5,0.6666666666666666,0,
高钾,Ward,4,413,0.30324623911322246,Al2O3+K2O+MgO+SiO2+P2O5,0.6666666666666666,0,
高钾,Ward,5,413,0.44678609062170704,Al2O3+K2O+MgO+SiO2+P2O5,0.6666666666666666,0,
高钾,Ward,2,414,0.5333333333333333,SiO2+Al2O3+P2O5,0.6,0,
高钾,Ward,3,414,0.5454545454545454,SiO2+Al2O3+P2O5,0.6,0,
高钾,Ward,4,414,0.416403785488959,SiO2+Al2O3+P2O5,0.6,0,
高钾,Ward,5,414,0.4375,SiO2+Al2O3+P2O5,0.6,0,
高钾,Ward,2,415,0.20081967213114754,MgO+Al2O3+SiO2+P2O5,0.5,0,
高钾,Ward,3,415,0.7200349956255468,MgO+Al2O3+SiO2+P2O5,0.5,0,
高钾,Ward,4,415,0.7645079899074853,MgO+Al2O3+SiO2+P2O5,0.5,0,
高钾,Ward,5,415,0.8139797068771139,MgO+Al2O3+SiO2+P2O5,0.5,0,
高钾,Ward,2,416,-0.09871244635193133,Al2O3+SiO2+MgO+Fe2O3,0.2857142857142857,0,
高钾,Ward,3,416,0.09421302767682416,Al2O3+SiO2+MgO+Fe2O3,0.2857142857142857,0,
高钾,Ward,4,416,0.09167367535744322,Al2O3+SiO2+MgO+Fe2O3,0.2857142857142857,0,
高钾,Ward,5,416,0.10824453168816602,Al2O3+SiO2+MgO+Fe2O3,0.2857142857142857,0,
高钾,Ward,2,417,1.0,SiO2+Al2O3+K2O+P2O5,0.8,0,
高钾,Ward,3,417,0.8666666666666667,SiO2+Al2O3+K2O+P2O5,0.8,0,
高钾,Ward,4,417,0.8607484769364665,SiO2+Al2O3+K2O+P2O5,0.8,0,
高钾,Ward,5,417,0.6399241945672773,SiO2+Al2O3+K2O+P2O5,0.8,0,
高钾,Ward,2,418,1.0,SiO2+K2O+Fe2O3+PbO+CuO+P2O5,0.5714285714285714,0,
高钾,Ward,3,418,0.4205298013245033,SiO2+K2O+Fe2O3+PbO+CuO+P2O5,0.5714285714285714,0,
高钾,Ward,4,418,0.4609164420485175,SiO2+K2O+Fe2O3+PbO+CuO+P2O5,0.5714285714285714,0,
高钾,Ward,5,418,0.4490183660544648,SiO2+K2O+Fe2O3+PbO+CuO+P2O5,0.5714285714285714,0,
高钾,Ward,2,419,,,,1,活动成分BaO没有正值，不能进行零替代
高钾,Ward,3,419,,,,1,活动成分BaO没有正值，不能进行零替代
高钾,Ward,4,419,,,,1,活动成分BaO没有正值，不能进行零替代
高钾,Ward,5,419,,,,1,活动成分BaO没有正值，不能进行零替代
高钾,Ward,2,420,0.75,Al2O3+SiO2+P2O5,0.6,0,
高钾,Ward,3,420,0.6833333333333333,Al2O3+SiO2+P2O5,0.6,0,
高钾,Ward,4,420,0.55,Al2O3+SiO2+P2O5,0.6,0,
高钾,Ward,5,420,0.5,Al2O3+SiO2+P2O5,0.6,0,
高钾,Ward,2,421,0.35359116022099446,SiO2+CuO+P2O5,0.6,0,
高钾,Ward,3,421,0.4864479315263909,SiO2+CuO+P2O5,0.6,0,
高钾,Ward,4,421,0.48084054388133496,SiO2+CuO+P2O5,0.6,0,
高钾,Ward,5,421,0.5634920634920635,SiO2+CuO+P2O5,0.6,0,
高钾,Ward,2,422,0.7457627118644068,CaO+SiO2+P2O5+CuO,0.5,0,
高钾,Ward,3,422,0.4694667035092567,CaO+SiO2+P2O5+CuO,0.5,0,
高钾,Ward,4,422,0.43693072039746067,CaO+SiO2+P2O5+CuO,0.5,0,
高钾,Ward,5,422,0.4703448275862069,CaO+SiO2+P2O5+CuO,0.5,0,
高钾,Ward,2,423,1.0,SiO2+K2O+MgO+P2O5+CuO,0.6666666666666666,0,
高钾,Ward,3,423,0.6753246753246753,SiO2+K2O+MgO+P2O5+CuO,0.6666666666666666,0,
高钾,Ward,4,423,0.7014100082941664,SiO2+K2O+MgO+P2O5+CuO,0.6666666666666666,0,
高钾,Ward,5,423,0.6458684654300169,SiO2+K2O+MgO+P2O5+CuO,0.6666666666666666,0,
高钾,Ward,2,424,0.7457627118644068,CaO+P2O5+CuO+SiO2,0.5,0,
高钾,Ward,3,424,0.3706872757383384,CaO+P2O5+CuO+SiO2,0.5,0,
高钾,Ward,4,424,0.2812219227313567,CaO+P2O5+CuO+SiO2,0.5,0,
高钾,Ward,5,424,0.3789954337899543,CaO+P2O5+CuO+SiO2,0.5,0,
高钾,Ward,2,425,-0.022727272727272728,CuO+Fe2O3+CaO+K2O,0.2857142857142857,0,
高钾,Ward,3,425,-0.05019305019305019,CuO+Fe2O3+CaO+K2O,0.2857142857142857,0,
高钾,Ward,4,425,0.07852365618033193,CuO+Fe2O3+CaO+K2O,0.2857142857142857,0,
高钾,Ward,5,425,0.20863309352517986,CuO+Fe2O3+CaO+K2O,0.2857142857142857,0,
高钾,Ward,2,426,0.0171990171990172,Fe2O3+CuO+P2O5+K2O,0.5,0,
高钾,Ward,3,426,0.19395465994962216,Fe2O3+CuO+P2O5+K2O,0.5,0,
高钾,Ward,4,426,0.3474426807760141,Fe2O3+CuO+P2O5+K2O,0.5,0,
高钾,Ward,5,426,0.3881856540084388,Fe2O3+CuO+P2O5+K2O,0.5,0,
高钾,Ward,2,427,1.0,SiO2+K2O+Al2O3,0.6,0,
高钾,Ward,3,427,0.5012468827930174,SiO2+K2O+Al2O3,0.6,0,
高钾,Ward,4,427,0.5753465054556178,SiO2+K2O+Al2O3,0.6,0,
高钾,Ward,5,427,0.5369545859305432,SiO2+K2O+Al2O3,0.6,0,
高钾,Ward,2,428,0.35,CaO+CuO+K2O+P2O5,0.5,0,
高钾,Ward,3,428,0.27884615384615385,CaO+CuO+K2O+P2O5,0.5,0,
高钾,Ward,4,428,0.43529411764705883,CaO+CuO+K2O+P2O5,0.5,0,
高钾,Ward,5,428,0.42992874109263657,CaO+CuO+K2O+P2O5,0.5,0,
高钾,Ward,2,429,0.47761194029850745,SiO2+CaO+Al2O3+P2O5,0.5,0,
高钾,Ward,3,429,0.9000277700638711,SiO2+CaO+Al2O3+P2O5,0.5,0,
高钾,Ward,4,429,0.7649034424853065,SiO2+CaO+Al2O3+P2O5,0.5,0,
高钾,Ward,5,429,1.0,SiO2+CaO+Al2O3+P2O5,0.5,0,
高钾,Ward,2,430,0.08333333333333333,SiO2+CuO+Fe2O3+P2O5,0.5,0,
高钾,Ward,3,430,0.14666666666666667,SiO2+CuO+Fe2O3+P2O5,0.5,0,
高钾,Ward,4,430,0.16868721856598545,SiO2+CuO+Fe2O3+P2O5,0.5,0,
高钾,Ward,5,430,0.27980132450331124,SiO2+CuO+Fe2O3+P2O5,0.5,0,
高钾,Ward,2,431,-0.12704918032786885,Al2O3+SiO2+CuO+P2O5,0.8,0,
高钾,Ward,3,431,1.0,Al2O3+SiO2+CuO+P2O5,0.8,0,
高钾,Ward,4,431,0.7981497056349874,Al2O3+SiO2+CuO+P2O5,0.8,0,
高钾,Ward,5,431,0.8196573489630298,Al2O3+SiO2+CuO+P2O5,0.8,0,
高钾,Ward,2,432,-0.041666666666666664,Al2O3+P2O5+CuO,0.6,0,
高钾,Ward,3,432,-0.031746031746031744,Al2O3+P2O5+CuO,0.6,0,
高钾,Ward,4,432,0.2013888888888889,Al2O3+P2O5+CuO,0.6,0,
高钾,Ward,5,432,0.3301146650573325,Al2O3+P2O5+CuO,0.6,0,
高钾,Ward,2,433,-0.11801242236024845,K2O+Al2O3+P2O5+Fe2O3+CuO+MgO,0.5714285714285714,0,
高钾,Ward,3,433,0.569377990430622,K2O+Al2O3+P2O5+Fe2O3+CuO+MgO,0.5714285714285714,0,
高钾,Ward,4,433,0.6390484003281378,K2O+Al2O3+P2O5+Fe2O3+CuO+MgO,0.5714285714285714,0,
高钾,Ward,5,433,0.6245919477693145,K2O+Al2O3+P2O5+Fe2O3+CuO+MgO,0.5714285714285714,0,
高钾,Ward,2,434,-0.12903225806451613,Fe2O3+K2O+P2O5+CuO,0.5,0,
高钾,Ward,3,434,-0.13050706566916043,Fe2O3+K2O+P2O5+CuO,0.5,0,
高钾,Ward,4,434,0.4368932038834951,Fe2O3+K2O+P2O5+CuO,0.5,0,
高钾,Ward,5,434,0.5833333333333334,Fe2O3+K2O+P2O5+CuO,0.5,0,
高钾,Ward,2,435,0.06779661016949153,CuO+SiO2,0.4,0,
高钾,Ward,3,435,0.6380090497737556,CuO+SiO2,0.4,0,
高钾,Ward,4,435,0.3804130579613591,CuO+SiO2,0.4,0,
高钾,Ward,5,435,0.4762569832402235,CuO+SiO2,0.4,0,
高钾,Ward,2,436,1.0,K2O+Al2O3+P2O5+SiO2+CuO,1.0,0,
高钾,Ward,3,436,1.0,K2O+Al2O3+P2O5+SiO2+CuO,1.0,0,
高钾,Ward,4,436,0.7754749568221071,K2O+Al2O3+P2O5+SiO2+CuO,1.0,0,
高钾,Ward,5,436,1.0,K2O+Al2O3+P2O5+SiO2+CuO,1.0,0,
高钾,Ward,2,437,0.75,Al2O3+SiO2+MgO+P2O5,0.5,0,
高钾,Ward,3,437,0.7037037037037037,Al2O3+SiO2+MgO+P2O5,0.5,0,
高钾,Ward,4,437,0.7094017094017094,Al2O3+SiO2+MgO+P2O5,0.5,0,
高钾,Ward,5,437,0.35543278084714547,Al2O3+SiO2+MgO+P2O5,0.5,0,
高钾,Ward,2,438,1.0,SiO2+K2O+CuO+P2O5,0.8,0,
高钾,Ward,3,438,0.569377990430622,SiO2+K2O+CuO+P2O5,0.8,0,
高钾,Ward,4,438,0.5556872037914692,SiO2+K2O+CuO+P2O5,0.8,0,
高钾,Ward,5,438,0.27488151658767773,SiO2+K2O+CuO+P2O5,0.8,0,
高钾,Ward,2,439,-0.06779661016949153,Fe2O3+P2O5+Al2O3+CuO,0.5,0,
高钾,Ward,3,439,0.06796116504854369,Fe2O3+P2O5+Al2O3+CuO,0.5,0,
高钾,Ward,4,439,0.20388349514563106,Fe2O3+P2O5+Al2O3+CuO,0.5,0,
高钾,Ward,5,439,0.3333333333333333,Fe2O3+P2O5+Al2O3+CuO,0.5,0,
高钾,Ward,2,440,,,,1,活动成分BaO在训练集中全缺失
高钾,Ward,3,440,,,,1,活动成分BaO在训练集中全缺失
高钾,Ward,4,440,,,,1,活动成分BaO在训练集中全缺失
高钾,Ward,5,440,,,,1,活动成分BaO在训练集中全缺失
高钾,Ward,2,441,0.5333333333333333,Al2O3+CaO,0.16666666666666666,0,
高钾,Ward,3,441,0.2833333333333333,Al2O3+CaO,0.16666666666666666,0,
高钾,Ward,4,441,0.18333333333333332,Al2O3+CaO,0.16666666666666666,0,
高钾,Ward,5,441,0.38333333333333336,Al2O3+CaO,0.16666666666666666,0,
高钾,Ward,2,442,0.0,CaO+CuO+PbO+P2O5+Fe2O3,0.25,0,
高钾,Ward,3,442,0.06666666666666667,CaO+CuO+PbO+P2O5+Fe2O3,0.25,0,
高钾,Ward,4,442,0.0,CaO+CuO+PbO+P2O5+Fe2O3,0.25,0,
高钾,Ward,5,442,0.05,CaO+CuO+PbO+P2O5+Fe2O3,0.25,0,
高钾,Ward,2,443,-0.05,CuO+P2O5+SiO2+Fe2O3,0.5,0,
高钾,Ward,3,443,0.16071428571428573,CuO+P2O5+SiO2+Fe2O3,0.5,0,
高钾,Ward,4,443,0.19921875,CuO+P2O5+SiO2+Fe2O3,0.5,0,
高钾,Ward,5,443,0.07853403141361257,CuO+P2O5+SiO2+Fe2O3,0.5,0,
高钾,Ward,2,444,0.0,SiO2+P2O5+Fe2O3,0.3333333333333333,0,
高钾,Ward,3,444,0.2572944297082228,SiO2+P2O5+Fe2O3,0.3333333333333333,0,
高钾,Ward,4,444,0.20072661217075385,SiO2+P2O5+Fe2O3,0.3333333333333333,0,
高钾,Ward,5,444,0.2337917485265226,SiO2+P2O5+Fe2O3,0.3333333333333333,0,
高钾,Ward,2,445,-0.09871244635193133,CaO+CuO+P2O5,0.3333333333333333,0,
高钾,Ward,3,445,0.3309172010036242,CaO+CuO+P2O5,0.3333333333333333,0,
高钾,Ward,4,445,0.25535215637604713,CaO+CuO+P2O5,0.3333333333333333,0,
高钾,Ward,5,445,0.3623380936565925,CaO+CuO+P2O5,0.3333333333333333,0,
高钾,Ward,2,446,0.7311827956989247,Al2O3+SiO2+CaO+P2O5,0.5,0,
高钾,Ward,3,446,0.556692242114237,Al2O3+SiO2+CaO+P2O5,0.5,0,
高钾,Ward,4,446,0.5995550611790879,Al2O3+SiO2+CaO+P2O5,0.5,0,
高钾,Ward,5,446,0.7972972972972973,Al2O3+SiO2+CaO+P2O5,0.5,0,
高钾,Ward,2,447,-0.12903225806451613,Fe2O3+CaO+P2O5,0.14285714285714285,0,
高钾,Ward,3,447,0.09522479754258587,Fe2O3+CaO+P2O5,0.14285714285714285,0,
高钾,Ward,4,447,0.10074937552039967,Fe2O3+CaO+P2O5,0.14285714285714285,0,
高钾,Ward,5,447,0.041586339851280636,Fe2O3+CaO+P2O5,0.14285714285714285,0,
高钾,Ward,2,448,1.0,SiO2+K2O+CuO+P2O5,0.8,0,
高钾,Ward,3,448,0.2905405405405405,SiO2+K2O+CuO+P2O5,0.8,0,
高钾,Ward,4,448,0.19169611307420495,SiO2+K2O+CuO+P2O5,0.8,0,
高钾,Ward,5,448,0.17682926829268292,SiO2+K2O+CuO+P2O5,0.8,0,
高钾,Ward,2,449,-0.06779661016949153,K2O+Fe2O3+CuO+P2O5,0.5,0,
高钾,Ward,3,449,0.15335463258785942,K2O+Fe2O3+CuO+P2O5,0.5,0,
高钾,Ward,4,449,0.26791277258566976,K2O+Fe2O3+CuO+P2O5,0.5,0,
高钾,Ward,5,449,0.2578947368421053,K2O+Fe2O3+CuO+P2O5,0.5,0,
高钾,Ward,2,450,-0.022727272727272728,Al2O3+Fe2O3+MgO+K2O,0.2857142857142857,0,
高钾,Ward,3,450,0.33017024839519954,Al2O3+Fe2O3+MgO+K2O,0.2857142857142857,0,
高钾,Ward,4,450,0.34166412679061264,Al2O3+Fe2O3+MgO+K2O,0.2857142857142857,0,
高钾,Ward,5,450,0.4401244167962675,Al2O3+Fe2O3+MgO+K2O,0.2857142857142857,0,
高钾,Ward,2,451,-0.12704918032786885,SiO2+P2O5+Al2O3+K2O+CuO,1.0,0,
高钾,Ward,3,451,1.0,SiO2+P2O5+Al2O3+K2O+CuO,1.0,0,
高钾,Ward,4,451,1.0,SiO2+P2O5+Al2O3+K2O+CuO,1.0,0,
高钾,Ward,5,451,0.709355131698456,SiO2+P2O5+Al2O3+K2O+CuO,1.0,0,
高钾,Ward,2,452,1.0,K2O+SiO2+CuO,0.6,0,
高钾,Ward,3,452,0.6102841677943166,K2O+SiO2+CuO,0.6,0,
高钾,Ward,4,452,0.3088,K2O+SiO2+CuO,0.6,0,
高钾,Ward,5,452,0.30597014925373134,K2O+SiO2+CuO,0.6,0,
高钾,Ward,2,453,0.013157894736842105,SiO2+CuO+P2O5,0.6,0,
高钾,Ward,3,453,0.18694690265486727,SiO2+CuO+P2O5,0.6,0,
高钾,Ward,4,453,0.4046094750320102,SiO2+CuO+P2O5,0.6,0,
高钾,Ward,5,453,0.6013986013986014,SiO2+CuO+P2O5,0.6,0,
高钾,Ward,2,454,,,,1,活动成分BaO在训练集中全缺失
高钾,Ward,3,454,,,,1,活动成分BaO在训练集中全缺失
高钾,Ward,4,454,,,,1,活动成分BaO在训练集中全缺失
高钾,Ward,5,454,,,,1,活动成分BaO在训练集中全缺失
高钾,Ward,2,455,1.0,SiO2+Al2O3+K2O,0.6,0,
高钾,Ward,3,455,0.3316624895572264,SiO2+Al2O3+K2O,0.6,0,
高钾,Ward,4,455,0.13383458646616542,SiO2+Al2O3+K2O,0.6,0,
高钾,Ward,5,455,0.40789473684210525,SiO2+Al2O3+K2O,0.6,0,
高钾,Ward,2,456,1.0,SiO2+SrO+K2O+Al2O3,0.5,0,
高钾,Ward,3,456,0.28038379530916846,SiO2+SrO+K2O+Al2O3,0.5,0,
高钾,Ward,4,456,0.08706677937447169,SiO2+SrO+K2O+Al2O3,0.5,0,
高钾,Ward,5,456,0.31565440547476475,SiO2+SrO+K2O+Al2O3,0.5,0,
高钾,Ward,2,457,0.23529411764705882,SiO2+CuO+MgO+P2O5,0.5,0,
高钾,Ward,3,457,0.15611814345991562,SiO2+CuO+MgO+P2O5,0.5,0,
高钾,Ward,4,457,0.16531416647345235,SiO2+CuO+MgO+P2O5,0.5,0,
高钾,Ward,5,457,0.22378574670903315,SiO2+CuO+MgO+P2O5,0.5,0,
高钾,Ward,2,458,-0.12704918032786885,SiO2+Al2O3+P2O5,0.6,0,
高钾,Ward,3,458,1.0,SiO2+Al2O3+P2O5,0.6,0,
高钾,Ward,4,458,0.675187969924812,SiO2+Al2O3+P2O5,0.6,0,
高钾,Ward,5,458,0.709355131698456,SiO2+Al2O3+P2O5,0.6,0,
高钾,Ward,2,459,1.0,MgO+Al2O3+SiO2+P2O5,0.5,0,
高钾,Ward,3,459,1.0,MgO+Al2O3+SiO2+P2O5,0.5,0,
高钾,Ward,4,459,1.0,MgO+Al2O3+SiO2+P2O5,0.5,0,
高钾,Ward,5,459,0.6120689655172413,MgO+Al2O3+SiO2+P2O5,0.5,0,
高钾,Ward,2,460,-0.06666666666666667,CuO+K2O+PbO+P2O5,0.5,0,
高钾,Ward,3,460,1.0,CuO+K2O+PbO+P2O5,0.5,0,
高钾,Ward,4,460,0.7047244094488189,CuO+K2O+PbO+P2O5,0.5,0,
高钾,Ward,5,460,0.6186440677966102,CuO+K2O+PbO+P2O5,0.5,0,
高钾,Ward,2,461,-0.0847457627118644,SiO2+Al2O3+CaO+K2O,0.5,0,
高钾,Ward,3,461,0.2050587172538392,SiO2+Al2O3+CaO+K2O,0.5,0,
高钾,Ward,4,461,-0.0014947683109118087,SiO2+Al2O3+CaO+K2O,0.5,0,
高钾,Ward,5,461,0.13043478260869565,SiO2+Al2O3+CaO+K2O,0.5,0,
高钾,Ward,2,462,0.5333333333333333,SiO2+Al2O3+CuO,0.6,0,
高钾,Ward,3,462,0.19753086419753085,SiO2+Al2O3+CuO,0.6,0,
高钾,Ward,4,462,0.3269230769230769,SiO2+Al2O3+CuO,0.6,0,
高钾,Ward,5,462,0.3920335429769392,SiO2+Al2O3+CuO,0.6,0,
高钾,Ward,2,463,1.0,SiO2+CuO+K2O+Al2O3+P2O5,1.0,0,
高钾,Ward,3,463,1.0,SiO2+CuO+K2O+Al2O3+P2O5,1.0,0,
高钾,Ward,4,463,0.9815837937384899,SiO2+CuO+K2O+Al2O3+P2O5,1.0,0,
高钾,Ward,5,463,0.375,SiO2+CuO+K2O+Al2O3+P2O5,1.0,0,
高钾,Ward,2,464,1.0,SiO2+P2O5+Al2O3+K2O,0.8,0,
高钾,Ward,3,464,1.0,SiO2+P2O5+Al2O3+K2O,0.8,0,
高钾,Ward,4,464,0.5901639344262295,SiO2+P2O5+Al2O3+K2O,0.8,0,
高钾,Ward,5,464,1.0,SiO2+P2O5+Al2O3+K2O,0.8,0,
高钾,Ward,2,465,1.0,SiO2+K2O+P2O5+CuO,0.8,0,
高钾,Ward,3,465,0.85,SiO2+K2O+P2O5+CuO,0.8,0,
高钾,Ward,4,465,0.8607484769364665,SiO2+K2O+P2O5+CuO,0.8,0,
高钾,Ward,5,465,0.5704523267165637,SiO2+K2O+P2O5+CuO,0.8,0,
高钾,Ward,2,466,-0.05,CuO+Fe2O3+K2O,0.3333333333333333,0,
高钾,Ward,3,466,0.3229166666666667,CuO+Fe2O3+K2O,0.3333333333333333,0,
高钾,Ward,4,466,0.5776135163674763,CuO+Fe2O3+K2O,0.3333333333333333,0,
高钾,Ward,5,466,0.6296296296296297,CuO+Fe2O3+K2O,0.3333333333333333,0,
高钾,Ward,2,467,0.10423452768729642,Al2O3+K2O+Fe2O3+CuO+P2O5,0.6666666666666666,0,
高钾,Ward,3,467,0.1414141414141414,Al2O3+K2O+Fe2O3+CuO+P2O5,0.6666666666666666,0,
高钾,Ward,4,467,0.17217591261856854,Al2O3+K2O+Fe2O3+CuO+P2O5,0.6666666666666666,0,
高钾,Ward,5,467,0.36507936507936506,Al2O3+K2O+Fe2O3+CuO+P2O5,0.6666666666666666,0,
高钾,Ward,2,468,0.0171990171990172,Al2O3+Fe2O3+P2O5,0.3333333333333333,0,
高钾,Ward,3,468,0.07943578322197475,Al2O3+Fe2O3+P2O5,0.3333333333333333,0,
高钾,Ward,4,468,0.3761140819964349,Al2O3+Fe2O3+P2O5,0.3333333333333333,0,
高钾,Ward,5,468,0.4349939246658566,Al2O3+Fe2O3+P2O5,0.3333333333333333,0,
高钾,Ward,2,469,,,,1,活动成分BaO没有正值，不能进行零替代
高钾,Ward,3,469,,,,1,活动成分BaO没有正值，不能进行零替代
高钾,Ward,4,469,,,,1,活动成分BaO没有正值，不能进行零替代
高钾,Ward,5,469,,,,1,活动成分BaO没有正值，不能进行零替代
高钾,Ward,2,470,1.0,K2O+SiO2+P2O5+CuO,0.8,0,
高钾,Ward,3,470,0.5180722891566265,K2O+SiO2+P2O5+CuO,0.8,0,
高钾,Ward,4,470,0.5441755768148565,K2O+SiO2+P2O5+CuO,0.8,0,
高钾,Ward,5,470,0.5537757437070938,K2O+SiO2+P2O5+CuO,0.8,0,
高钾,Ward,2,471,0.0,Al2O3+SiO2+P2O5,0.6,0,
高钾,Ward,3,471,0.45484581497797355,Al2O3+SiO2+P2O5,0.6,0,
高钾,Ward,4,471,0.529543545225427,Al2O3+SiO2+P2O5,0.6,0,
高钾,Ward,5,471,0.4786995515695067,Al2O3+SiO2+P2O5,0.6,0,
高钾,Ward,2,472,-0.06779661016949153,Fe2O3+K2O+CuO+P2O5,0.5,0,
高钾,Ward,3,472,0.242467718794835,Fe2O3+K2O+CuO+P2O5,0.5,0,
高钾,Ward,4,472,0.34823091247672255,Fe2O3+K2O+CuO+P2O5,0.5,0,
高钾,Ward,5,472,0.3673469387755102,Fe2O3+K2O+CuO+P2O5,0.5,0,
高钾,Ward,2,473,1.0,Al2O3+SiO2+K2O+P2O5,0.8,0,
高钾,Ward,3,473,0.5012468827930174,Al2O3+SiO2+K2O+P2O5,0.8,0,
高钾,Ward,4,473,1.0,Al2O3+SiO2+K2O+P2O5,0.8,0,
高钾,Ward,5,473,0.709355131698456,Al2O3+SiO2+K2O+P2O5,0.8,0,
高钾,Ward,2,474,1.0,SiO2+K2O+Fe2O3+P2O5,0.5,0,
高钾,Ward,3,474,0.4835007173601148,SiO2+K2O+Fe2O3+P2O5,0.5,0,
高钾,Ward,4,474,0.36934306569343067,SiO2+K2O+Fe2O3+P2O5,0.5,0,
高钾,Ward,5,474,0.3323572474377745,SiO2+K2O+Fe2O3+P2O5,0.5,0,
高钾,Ward,2,475,1.0,SiO2+P2O5+CuO,0.6,0,
高钾,Ward,3,475,0.7974683544303798,SiO2+P2O5+CuO,0.6,0,
高钾,Ward,4,475,0.7848819838661488,SiO2+P2O5+CuO,0.6,0,
高钾,Ward,5,475,0.6698459280997799,SiO2+P2O5+CuO,0.6,0,
高钾,Ward,2,476,0.35,SiO2+CuO,0.4,0,
高钾,Ward,3,476,0.27364864864864863,SiO2+CuO,0.4,0,
高钾,Ward,4,476,0.2441860465116279,SiO2+CuO,0.4,0,
高钾,Ward,5,476,0.30510314875135724,SiO2+CuO,0.4,0,
高钾,Ward,2,477,0.2033195020746888,CuO+P2O5+SiO2+Fe2O3,0.5,0,
高钾,Ward,3,477,0.44460514897309805,CuO+P2O5+SiO2+Fe2O3,0.5,0,
高钾,Ward,4,477,0.3096646942800789,CuO+P2O5+SiO2+Fe2O3,0.5,0,
高钾,Ward,5,477,0.5190839694656488,CuO+P2O5+SiO2+Fe2O3,0.5,0,
高钾,Ward,2,478,1.0,SiO2+K2O+Al2O3+P2O5,0.8,0,
高钾,Ward,3,478,1.0,SiO2+K2O+Al2O3+P2O5,0.8,0,
高钾,Ward,4,478,0.7690086621751684,SiO2+K2O+Al2O3+P2O5,0.8,0,
高钾,Ward,5,478,1.0,SiO2+K2O+Al2O3+P2O5,0.8,0,
高钾,Ward,2,479,0.7457627118644068,SiO2+Al2O3+CuO+P2O5,0.8,0,
高钾,Ward,3,479,0.7669902912621359,SiO2+Al2O3+CuO+P2O5,0.8,0,
高钾,Ward,4,479,0.5886889460154242,SiO2+Al2O3+CuO+P2O5,0.8,0,
高钾,Ward,5,479,0.49120603015075376,SiO2+Al2O3+CuO+P2O5,0.8,0,
高钾,Ward,2,480,0.47761194029850745,Al2O3+SiO2+P2O5,0.6,0,
高钾,Ward,3,480,1.0,Al2O3+SiO2+P2O5,0.6,0,
高钾,Ward,4,480,1.0,Al2O3+SiO2+P2O5,0.6,0,
高钾,Ward,5,480,0.8387096774193549,Al2O3+SiO2+P2O5,0.6,0,
高钾,Ward,2,481,0.75,Al2O3+SiO2+P2O5,0.6,0,
高钾,Ward,3,481,1.0,Al2O3+SiO2+P2O5,0.6,0,
高钾,Ward,4,481,0.5832127351664255,Al2O3+SiO2+P2O5,0.6,0,
高钾,Ward,5,481,0.4744525547445255,Al2O3+SiO2+P2O5,0.6,0,
高钾,Ward,2,482,0.47761194029850745,SiO2+Al2O3+CaO+K2O,0.5,0,
高钾,Ward,3,482,0.3700787401574803,SiO2+Al2O3+CaO+K2O,0.5,0,
高钾,Ward,4,482,0.15148218656513462,SiO2+Al2O3+CaO+K2O,0.5,0,
高钾,Ward,5,482,0.16974169741697417,SiO2+Al2O3+CaO+K2O,0.5,0,
高钾,Ward,2,483,0.2033195020746888,SiO2+Fe2O3,0.16666666666666666,0,
高钾,Ward,3,483,0.6601529311809685,SiO2+Fe2O3,0.16666666666666666,0,
高钾,Ward,4,483,0.839518555667001,SiO2+Fe2O3,0.16666666666666666,0,
高钾,Ward,5,483,0.7745901639344263,SiO2+Fe2O3,0.16666666666666666,0,
高钾,Ward,2,484,-0.12903225806451613,Al2O3+SiO2+CuO+P2O5,0.8,0,
高钾,Ward,3,484,0.3492063492063492,Al2O3+SiO2+CuO+P2O5,0.8,0,
高钾,Ward,4,484,0.40110323089046496,Al2O3+SiO2+CuO+P2O5,0.8,0,
高钾,Ward,5,484,0.41300898995240615,Al2O3+SiO2+CuO+P2O5,0.8,0,
高钾,Ward,2,485,1.0,K2O+SiO2+CuO,0.6,0,
高钾,Ward,3,485,0.4482758620689655,K2O+SiO2+CuO,0.6,0,
高钾,Ward,4,485,0.22192749778956675,K2O+SiO2+CuO,0.6,0,
高钾,Ward,5,485,0.33518005540166207,K2O+SiO2+CuO,0.6,0,
高钾,Ward,2,486,0.08333333333333333,MgO+CuO+Fe2O3,0.14285714285714285,0,
高钾,Ward,3,486,-0.00392156862745098,MgO+CuO+Fe2O3,0.14285714285714285,0,
高钾,Ward,4,486,0.03225806451612903,MgO+CuO+Fe2O3,0.14285714285714285,0,
高钾,Ward,5,486,0.131175468483816,MgO+CuO+Fe2O3,0.14285714285714285,0,
高钾,Ward,2,487,0.08333333333333333,SiO2+Fe2O3+CuO+P2O5,0.5,0,
高钾,Ward,3,487,0.2518248175182482,SiO2+Fe2O3+CuO+P2O5,0.5,0,
高钾,Ward,4,487,0.31882686849574265,SiO2+Fe2O3+CuO+P2O5,0.5,0,
高钾,Ward,5,487,0.19177596596951435,SiO2+Fe2O3+CuO+P2O5,0.5,0,
高钾,Ward,2,488,0.35,Al2O3+SiO2+P2O5,0.6,0,
高钾,Ward,3,488,0.5426561125769569,Al2O3+SiO2+P2O5,0.6,0,
高钾,Ward,4,488,0.6256684491978609,Al2O3+SiO2+P2O5,0.6,0,
高钾,Ward,5,488,0.7381546134663342,Al2O3+SiO2+P2O5,0.6,0,
高钾,Ward,2,489,0.08333333333333333,Fe2O3+Al2O3+SiO2,0.3333333333333333,0,
高钾,Ward,3,489,0.3133047210300429,Fe2O3+Al2O3+SiO2,0.3333333333333333,0,
高钾,Ward,4,489,0.2778993435448578,Fe2O3+Al2O3+SiO2,0.3333333333333333,0,
高钾,Ward,5,489,0.21518987341772153,Fe2O3+Al2O3+SiO2,0.3333333333333333,0,
高钾,Ward,2,490,-0.041666666666666664,CuO+MgO+Fe2O3,0.14285714285714285,0,
高钾,Ward,3,490,0.006348330113165885,CuO+MgO+Fe2O3,0.14285714285714285,0,
高钾,Ward,4,490,0.2077028885832187,CuO+MgO+Fe2O3,0.14285714285714285,0,
高钾,Ward,5,490,0.1918636613523914,CuO+MgO+Fe2O3,0.14285714285714285,0,
高钾,Ward,2,491,1.0,SiO2+Fe2O3+K2O+Al2O3,0.5,0,
高钾,Ward,3,491,0.41013824884792627,SiO2+Fe2O3+K2O+Al2O3,0.5,0,
高钾,Ward,4,491,0.5706618962432916,SiO2+Fe2O3+K2O+Al2O3,0.5,0,
高钾,Ward,5,491,0.4672586015538291,SiO2+Fe2O3+K2O+Al2O3,0.5,0,
高钾,Ward,2,492,,,,1,活动成分BaO在训练集中全缺失
高钾,Ward,3,492,,,,1,活动成分BaO在训练集中全缺失
高钾,Ward,4,492,,,,1,活动成分BaO在训练集中全缺失
高钾,Ward,5,492,,,,1,活动成分BaO在训练集中全缺失
高钾,Ward,2,493,-0.006993006993006993,Al2O3+CuO+P2O5,0.6,0,
高钾,Ward,3,493,-0.03299856527977044,Al2O3+CuO+P2O5,0.6,0,
高钾,Ward,4,493,0.01440922190201729,Al2O3+CuO+P2O5,0.6,0,
高钾,Ward,5,493,0.11376492771841609,Al2O3+CuO+P2O5,0.6,0,
高钾,Ward,2,494,-0.022727272727272728,Fe2O3+P2O5+K2O,0.3333333333333333,0,
高钾,Ward,3,494,0.05898876404494382,Fe2O3+P2O5+K2O,0.3333333333333333,0,
高钾,Ward,4,494,0.3498942917547569,Fe2O3+P2O5+K2O,0.3333333333333333,0,
高钾,Ward,5,494,0.2169146436961629,Fe2O3+P2O5+K2O,0.3333333333333333,0,
高钾,Ward,2,495,1.0,K2O+CaO+CuO,0.3333333333333333,0,
高钾,Ward,3,495,0.5714285714285714,K2O+CaO+CuO,0.3333333333333333,0,
高钾,Ward,4,495,0.4582043343653251,K2O+CaO+CuO,0.3333333333333333,0,
高钾,Ward,5,495,0.29850746268656714,K2O+CaO+CuO,0.3333333333333333,0,
高钾,Ward,2,496,1.0,Al2O3+K2O+SiO2+P2O5,0.8,0,
高钾,Ward,3,496,0.5509977827050998,Al2O3+K2O+SiO2+P2O5,0.8,0,
高钾,Ward,4,496,0.7890418986229124,Al2O3+K2O+SiO2+P2O5,0.8,0,
高钾,Ward,5,496,1.0,Al2O3+K2O+SiO2+P2O5,0.8,0,
高钾,Ward,2,497,1.0,MgO+P2O5+SiO2+CuO+Al2O3,0.6666666666666666,0,
高钾,Ward,3,497,0.9625117150890347,MgO+P2O5+SiO2+CuO+Al2O3,0.6666666666666666,0,
高钾,Ward,4,497,0.7684036393713813,MgO+P2O5+SiO2+CuO+Al2O3,0.6666666666666666,0,
高钾,Ward,5,497,0.7850055126791621,MgO+P2O5+SiO2+CuO+Al2O3,0.6666666666666666,0,
高钾,Ward,2,498,1.0,SiO2+MgO+CuO+K2O+P2O5,0.6666666666666666,0,
高钾,Ward,3,498,1.0,SiO2+MgO+CuO+K2O+P2O5,0.6666666666666666,0,
高钾,Ward,4,498,1.0,SiO2+MgO+CuO+K2O+P2O5,0.6666666666666666,0,
高钾,Ward,5,498,0.9665178571428571,SiO2+MgO+CuO+K2O+P2O5,0.6666666666666666,0,
高钾,Ward,2,499,0.51931330472103,Al2O3+CuO+SiO2+CaO,0.5,0,
高钾,Ward,3,499,0.8237885462555066,Al2O3+CuO+SiO2+CaO,0.5,0,
高钾,Ward,4,499,0.7375820056232427,Al2O3+CuO+SiO2+CaO,0.5,0,
高钾,Ward,5,499,0.4463667820069204,Al2O3+CuO+SiO2+CaO,0.5,0,
高钾,Ward,2,500,1.0,SiO2+K2O+Al2O3+P2O5,0.8,0,
高钾,Ward,3,500,1.0,SiO2+K2O+Al2O3+P2O5,0.8,0,
高钾,Ward,4,500,0.7155555555555555,SiO2+K2O+Al2O3+P2O5,0.8,0,
高钾,Ward,5,500,0.43626683369871594,SiO2+K2O+Al2O3+P2O5,0.8,0,
高钾,Ward,2,501,0.7311827956989247,CaO+SiO2+CuO+P2O5,0.5,0,
高钾,Ward,3,501,0.7922077922077922,CaO+SiO2+CuO+P2O5,0.5,0,
高钾,Ward,4,501,0.7731239092495636,CaO+SiO2+CuO+P2O5,0.5,0,
高钾,Ward,5,501,0.4154619736015085,CaO+SiO2+CuO+P2O5,0.5,0,
高钾,Ward,2,502,0.75,SiO2+Al2O3+CuO+P2O5,0.8,0,
高钾,Ward,3,502,0.6868131868131868,SiO2+Al2O3+CuO+P2O5,0.8,0,
高钾,Ward,4,502,0.40955137481910275,SiO2+Al2O3+CuO+P2O5,0.8,0,
高钾,Ward,5,502,0.4642857142857143,SiO2+Al2O3+CuO+P2O5,0.8,0,
高钾,Ward,2,503,0.51931330472103,CuO+P2O5+Al2O3+K2O,0.8,0,
高钾,Ward,3,503,0.5691797845898923,CuO+P2O5+Al2O3+K2O,0.8,0,
高钾,Ward,4,503,0.4284113196973942,CuO+P2O5+Al2O3+K2O,0.8,0,
高钾,Ward,5,503,0.48586118251928023,CuO+P2O5+Al2O3+K2O,0.8,0,
高钾,Ward,2,504,-0.08333333333333333,SiO2+K2O+Al2O3+CaO,0.5,0,
高钾,Ward,3,504,0.18493362148811363,SiO2+K2O+Al2O3+CaO,0.5,0,
高钾,Ward,4,504,0.11639762107051826,SiO2+K2O+Al2O3+CaO,0.5,0,
高钾,Ward,5,504,0.2802056555269923,SiO2+K2O+Al2O3+CaO,0.5,0,
高钾,Ward,2,505,-0.05,SiO2+P2O5+Fe2O3+CuO,0.5,0,
高钾,Ward,3,505,0.39338235294117646,SiO2+P2O5+Fe2O3+CuO,0.5,0,
高钾,Ward,4,505,0.5216836734693877,SiO2+P2O5+Fe2O3+CuO,0.5,0,
高钾,Ward,5,505,0.625,SiO2+P2O5+Fe2O3+CuO,0.5,0,
高钾,Ward,2,506,0.2,SiO2+P2O5+CuO,0.6,0,
高钾,Ward,3,506,0.09863945578231292,SiO2+P2O5+CuO,0.6,0,
高钾,Ward,4,506,0.2635526764405046,SiO2+P2O5+CuO,0.6,0,
高钾,Ward,5,506,0.5017482517482518,SiO2+P2O5+CuO,0.6,0,
高钾,Ward,2,507,0.0924092409240924,Al2O3+Fe2O3+CaO+CuO,0.2857142857142857,0,
高钾,Ward,3,507,0.04984423676012461,Al2O3+Fe2O3+CaO+CuO,0.2857142857142857,0,
高钾,Ward,4,507,0.1691842900302115,Al2O3+Fe2O3+CaO+CuO,0.2857142857142857,0,
高钾,Ward,5,507,0.2391304347826087,Al2O3+Fe2O3+CaO+CuO,0.2857142857142857,0,
高钾,Ward,2,508,0.35,CuO+SiO2+P2O5,0.6,0,
高钾,Ward,3,508,0.4371152154793316,CuO+SiO2+P2O5,0.6,0,
高钾,Ward,4,508,0.43412908930150307,CuO+SiO2+P2O5,0.6,0,
高钾,Ward,5,508,0.6876016921575008,CuO+SiO2+P2O5,0.6,0,
高钾,Ward,2,509,-0.022727272727272728,SiO2+CuO+P2O5,0.6,0,
高钾,Ward,3,509,0.316588785046729,SiO2+CuO+P2O5,0.6,0,
高钾,Ward,4,509,0.6955345060893099,SiO2+CuO+P2O5,0.6,0,
高钾,Ward,5,509,0.6766169154228856,SiO2+CuO+P2O5,0.6,0,
高钾,Ward,2,510,1.0,SiO2+CuO+Al2O3+K2O+P2O5,1.0,0,
高钾,Ward,3,510,0.45484581497797355,SiO2+CuO+Al2O3+K2O+P2O5,1.0,0,
高钾,Ward,4,510,0.4318181818181818,SiO2+CuO+Al2O3+K2O+P2O5,1.0,0,
高钾,Ward,5,510,0.16237113402061856,SiO2+CuO+Al2O3+K2O+P2O5,1.0,0,
高钾,Ward,2,511,1.0,SiO2+K2O+P2O5+CuO,0.8,0,
高钾,Ward,3,511,0.85,SiO2+K2O+P2O5+CuO,0.8,0,
高钾,Ward,4,511,0.5833333333333334,SiO2+K2O+P2O5+CuO,0.8,0,
高钾,Ward,5,511,0.6190476190476191,SiO2+K2O+P2O5+CuO,0.8,0,
高钾,Ward,2,512,0.10423452768729642,SiO2+Al2O3+CuO,0.6,0,
高钾,Ward,3,512,0.39984996249062266,SiO2+Al2O3+CuO,0.6,0,
高钾,Ward,4,512,0.23371647509578544,SiO2+Al2O3+CuO,0.6,0,
高钾,Ward,5,512,0.10470800102907127,SiO2+Al2O3+CuO,0.6,0,
高钾,Ward,2,513,0.08333333333333333,CuO+P2O5+SiO2+Fe2O3,0.5,0,
高钾,Ward,3,513,0.275990099009901,CuO+P2O5+SiO2+Fe2O3,0.5,0,
高钾,Ward,4,513,0.35546875,CuO+P2O5+SiO2+Fe2O3,0.5,0,
高钾,Ward,5,513,0.27234927234927236,CuO+P2O5+SiO2+Fe2O3,0.5,0,
高钾,Ward,2,514,,,,1,活动成分BaO没有正值，不能进行零替代
高钾,Ward,3,514,,,,1,活动成分BaO没有正值，不能进行零替代
高钾,Ward,4,514,,,,1,活动成分BaO没有正值，不能进行零替代
高钾,Ward,5,514,,,,1,活动成分BaO没有正值，不能进行零替代
高钾,Ward,2,515,1.0,Al2O3+SiO2+K2O+MgO,0.5,0,
高钾,Ward,3,515,0.4198895027624309,Al2O3+SiO2+K2O+MgO,0.5,0,
高钾,Ward,4,515,0.2926613616268789,Al2O3+SiO2+K2O+MgO,0.5,0,
高钾,Ward,5,515,0.40540540540540543,Al2O3+SiO2+K2O+MgO,0.5,0,
高钾,Ward,2,516,1.0,K2O+SiO2+P2O5,0.6,0,
高钾,Ward,3,516,0.6511627906976745,K2O+SiO2+P2O5,0.6,0,
高钾,Ward,4,516,0.5774647887323944,K2O+SiO2+P2O5,0.6,0,
高钾,Ward,5,516,0.6445497630331753,K2O+SiO2+P2O5,0.6,0,
高钾,Ward,2,517,-0.05,Fe2O3+SiO2+Al2O3,0.3333333333333333,0,
高钾,Ward,3,517,0.02046783625730994,Fe2O3+SiO2+Al2O3,0.3333333333333333,0,
高钾,Ward,4,517,-0.04695919938414165,Fe2O3+SiO2+Al2O3,0.3333333333333333,0,
高钾,Ward,5,517,0.09297052154195011,Fe2O3+SiO2+Al2O3,0.3333333333333333,0,
高钾,Ward,2,518,0.5333333333333333,K2O+Al2O3+P2O5+CuO,0.8,0,
高钾,Ward,3,518,0.6166666666666667,K2O+Al2O3+P2O5+CuO,0.8,0,
高钾,Ward,4,518,0.75625,K2O+Al2O3+P2O5+CuO,0.8,0,
高钾,Ward,5,518,0.8813056379821959,K2O+Al2O3+P2O5+CuO,0.8,0,
高钾,Ward,2,519,1.0,Al2O3+K2O+SiO2,0.6,0,
高钾,Ward,3,519,0.5868005738880918,Al2O3+K2O+SiO2,0.6,0,
高钾,Ward,4,519,0.530369442705072,Al2O3+K2O+SiO2,0.6,0,
高钾,Ward,5,519,0.2663582286847323,Al2O3+K2O+SiO2,0.6,0,
高钾,Ward,2,520,-0.06666666666666667,CuO+SiO2+Al2O3+SrO+P2O5,0.6666666666666666,0,
高钾,Ward,3,520,0.2969374167776298,CuO+SiO2+Al2O3+SrO+P2O5,0.6666666666666666,0,
高钾,Ward,4,520,0.17404129793510326,CuO+SiO2+Al2O3+SrO+P2O5,0.6666666666666666,0,
高钾,Ward,5,520,0.2463768115942029,CuO+SiO2+Al2O3+SrO+P2O5,0.6666666666666666,0,
高钾,Ward,2,521,1.0,Al2O3+SiO2+K2O+P2O5,0.8,0,
高钾,Ward,3,521,0.5206847360912982,Al2O3+SiO2+K2O+P2O5,0.8,0,
高钾,Ward,4,521,0.735593220338983,Al2O3+SiO2+K2O+P2O5,0.8,0,
高钾,Ward,5,521,1.0,Al2O3+SiO2+K2O+P2O5,0.8,0,
高钾,Ward,2,522,1.0,SiO2+MgO+Al2O3+CuO+K2O,0.6666666666666666,0,
高钾,Ward,3,522,0.9625117150890347,SiO2+MgO+Al2O3+CuO+K2O,0.6666666666666666,0,
高钾,Ward,4,522,0.6068796068796068,SiO2+MgO+Al2O3+CuO+K2O,0.6666666666666666,0,
高钾,Ward,5,522,0.3289569657184537,SiO2+MgO+Al2O3+CuO+K2O,0.6666666666666666,0,
高钾,Ward,2,523,0.3389830508474576,CuO+SiO2+P2O5,0.6,0,
高钾,Ward,3,523,0.5017990589537781,CuO+SiO2+P2O5,0.6,0,
高钾,Ward,4,523,0.5357833655705996,CuO+SiO2+P2O5,0.6,0,
高钾,Ward,5,523,0.2682926829268293,CuO+SiO2+P2O5,0.6,0,
高钾,Ward,2,524,0.75,Al2O3+SiO2,0.4,0,
高钾,Ward,3,524,0.43363844393592677,Al2O3+SiO2,0.4,0,
高钾,Ward,4,524,0.6897810218978102,Al2O3+SiO2,0.4,0,
高钾,Ward,5,524,0.549577729121051,Al2O3+SiO2,0.4,0,
高钾,Ward,2,525,0.0,Al2O3+SiO2+P2O5+MgO,0.5,0,
高钾,Ward,3,525,0.5249406175771971,Al2O3+SiO2+P2O5+MgO,0.5,0,
高钾,Ward,4,525,0.21658986175115208,Al2O3+SiO2+P2O5+MgO,0.5,0,
高钾,Ward,5,525,0.2846270928462709,Al2O3+SiO2+P2O5+MgO,0.5,0,
高钾,Ward,2,526,-0.08333333333333333,Al2O3+CaO+SiO2+P2O5,0.5,0,
高钾,Ward,3,526,0.7737819025522041,Al2O3+CaO+SiO2+P2O5,0.5,0,
高钾,Ward,4,526,0.8011599005799502,Al2O3+CaO+SiO2+P2O5,0.5,0,
高钾,Ward,5,526,0.3712339533665182,Al2O3+CaO+SiO2+P2O5,0.5,0,
高钾,Ward,2,527,0.35,Al2O3+SiO2+P2O5+CuO,0.8,0,
高钾,Ward,3,527,0.15,Al2O3+SiO2+P2O5+CuO,0.8,0,
高钾,Ward,4,527,0.47843530591775324,Al2O3+SiO2+P2O5+CuO,0.8,0,
高钾,Ward,5,527,0.5625759416767923,Al2O3+SiO2+P2O5+CuO,0.8,0,
高钾,Ward,2,528,1.0,P2O5+SiO2+K2O+MgO,0.5,0,
高钾,Ward,3,528,0.25738396624472576,P2O5+SiO2+K2O+MgO,0.5,0,
高钾,Ward,4,528,0.38128383604021654,P2O5+SiO2+K2O+MgO,0.5,0,
高钾,Ward,5,528,0.16937053861129137,P2O5+SiO2+K2O+MgO,0.5,0,
高钾,Ward,2,529,0.08333333333333333,SiO2+P2O5+CuO,0.6,0,
高钾,Ward,3,529,0.5577830188679245,SiO2+P2O5+CuO,0.6,0,
高钾,Ward,4,529,0.6897810218978102,SiO2+P2O5+CuO,0.6,0,
高钾,Ward,5,529,0.7667638483965015,SiO2+P2O5+CuO,0.6,0,
高钾,Ward,2,530,1.0,K2O+CuO+SiO2+P2O5,0.8,0,
高钾,Ward,3,530,0.5509977827050998,K2O+CuO+SiO2+P2O5,0.8,0,
高钾,Ward,4,530,1.0,K2O+CuO+SiO2+P2O5,0.8,0,
高钾,Ward,5,530,1.0,K2O+CuO+SiO2+P2O5,0.8,0,
高钾,Ward,2,531,0.7457627118644068,CaO+K2O+P2O5+CuO,0.5,0,
高钾,Ward,3,531,0.4122448979591837,CaO+K2O+P2O5+CuO,0.5,0,
高钾,Ward,4,531,0.36585365853658536,CaO+K2O+P2O5+CuO,0.5,0,
高钾,Ward,5,531,0.32156646442360726,CaO+K2O+P2O5+CuO,0.5,0,
高钾,Ward,2,532,0.2033195020746888,Al2O3+P2O5+SiO2+K2O+Fe2O3,0.6666666666666666,0,
高钾,Ward,3,532,0.26359832635983266,Al2O3+P2O5+SiO2+K2O+Fe2O3,0.6666666666666666,0,
高钾,Ward,4,532,0.15895710681244743,Al2O3+P2O5+SiO2+K2O+Fe2O3,0.6666666666666666,0,
高钾,Ward,5,532,0.16057233704292528,Al2O3+P2O5+SiO2+K2O+Fe2O3,0.6666666666666666,0,
高钾,Ward,2,533,0.004149377593360996,CuO+Al2O3+Fe2O3,0.3333333333333333,0,
高钾,Ward,3,533,0.13991897787472732,CuO+Al2O3+Fe2O3,0.3333333333333333,0,
高钾,Ward,4,533,0.30446641663825436,CuO+Al2O3+Fe2O3,0.3333333333333333,0,
高钾,Ward,5,533,0.4223826714801444,CuO+Al2O3+Fe2O3,0.3333333333333333,0,
高钾,Ward,2,534,1.0,SiO2+Al2O3+K2O+CuO,0.8,0,
高钾,Ward,3,534,0.4700524427270218,SiO2+Al2O3+K2O+CuO,0.8,0,
高钾,Ward,4,534,0.798590130916415,SiO2+Al2O3+K2O+CuO,0.8,0,
高钾,Ward,5,534,0.7319587628865979,SiO2+Al2O3+K2O+CuO,0.8,0,
高钾,Ward,2,535,1.0,SiO2+Al2O3+K2O+P2O5,0.8,0,
高钾,Ward,3,535,1.0,SiO2+Al2O3+K2O+P2O5,0.8,0,
高钾,Ward,4,535,1.0,SiO2+Al2O3+K2O+P2O5,0.8,0,
高钾,Ward,5,535,1.0,SiO2+Al2O3+K2O+P2O5,0.8,0,
高钾,Ward,2,536,1.0,CuO+K2O+SiO2+MgO,0.5,0,
高钾,Ward,3,536,0.4482758620689655,CuO+K2O+SiO2+MgO,0.5,0,
高钾,Ward,4,536,0.22840369024322058,CuO+K2O+SiO2+MgO,0.5,0,
高钾,Ward,5,536,0.1944055944055944,CuO+K2O+SiO2+MgO,0.5,0,
高钾,Ward,2,537,0.51931330472103,P2O5+CaO+Al2O3+K2O,0.5,0,
高钾,Ward,3,537,0.5720164609053497,P2O5+CaO+Al2O3+K2O,0.5,0,
高钾,Ward,4,537,0.9310146593848807,P2O5+CaO+Al2O3+K2O,0.5,0,
高钾,Ward,5,537,0.6366939146230699,P2O5+CaO+Al2O3+K2O,0.5,0,
高钾,Ward,2,538,0.2,SiO2+Al2O3+PbO+CaO+P2O5,0.42857142857142855,0,
高钾,Ward,3,538,0.38294993234100133,SiO2+Al2O3+PbO+CaO+P2O5,0.42857142857142855,0,
高钾,Ward,4,538,0.2611251049538203,SiO2+Al2O3+PbO+CaO+P2O5,0.42857142857142855,0,
高钾,Ward,5,538,0.5371428571428571,SiO2+Al2O3+PbO+CaO+P2O5,0.42857142857142855,0,
高钾,Ward,2,539,0.0171990171990172,SiO2+Fe2O3+P2O5,0.3333333333333333,0,
高钾,Ward,3,539,0.18608080212326747,SiO2+Fe2O3+P2O5,0.3333333333333333,0,
高钾,Ward,4,539,0.14906457453228728,SiO2+Fe2O3+P2O5,0.3333333333333333,0,
高钾,Ward,5,539,0.15730337078651685,SiO2+Fe2O3+P2O5,0.3333333333333333,0,
高钾,Ward,2,540,0.013157894736842105,Fe2O3+SiO2+Al2O3+CuO,0.5,0,
高钾,Ward,3,540,0.09302325581395349,Fe2O3+SiO2+Al2O3+CuO,0.5,0,
高钾,Ward,4,540,0.03795811518324607,Fe2O3+SiO2+Al2O3+CuO,0.5,0,
高钾,Ward,5,540,0.0963855421686747,Fe2O3+SiO2+Al2O3+CuO,0.5,0,
高钾,Ward,2,541,-0.08333333333333333,SiO2+P2O5+Al2O3+MgO+CuO,0.6666666666666666,0,
高钾,Ward,3,541,0.425754060324826,SiO2+P2O5+Al2O3+MgO+CuO,0.6666666666666666,0,
高钾,Ward,4,541,1.0,SiO2+P2O5+Al2O3+MgO+CuO,0.6666666666666666,0,
高钾,Ward,5,541,0.5209580838323353,SiO2+P2O5+Al2O3+MgO+CuO,0.6666666666666666,0,
高钾,Ward,2,542,0.6926229508196722,CaO+Al2O3+SiO2,0.3333333333333333,0,
高钾,Ward,3,542,0.3909512761020882,CaO+Al2O3+SiO2,0.3333333333333333,0,
高钾,Ward,4,542,0.5932754880694143,CaO+Al2O3+SiO2,0.3333333333333333,0,
高钾,Ward,5,542,0.2939330543933054,CaO+Al2O3+SiO2,0.3333333333333333,0,
高钾,Ward,2,543,-0.0784313725490196,Al2O3+CaO+P2O5,0.3333333333333333,0,
高钾,Ward,3,543,0.7660818713450293,Al2O3+CaO+P2O5,0.3333333333333333,0,
高钾,Ward,4,543,0.503174165056583,Al2O3+CaO+P2O5,0.3333333333333333,0,
高钾,Ward,5,543,0.5532266960838389,Al2O3+CaO+P2O5,0.3333333333333333,0,
高钾,Ward,2,544,1.0,Al2O3+K2O+SiO2+P2O5,0.8,0,
高钾,Ward,3,544,0.5509977827050998,Al2O3+K2O+SiO2+P2O5,0.8,0,
高钾,Ward,4,544,1.0,Al2O3+K2O+SiO2+P2O5,0.8,0,
高钾,Ward,5,544,1.0,Al2O3+K2O+SiO2+P2O5,0.8,0,
高钾,Ward,2,545,-0.08333333333333333,P2O5+Al2O3+MgO,0.3333333333333333,0,
高钾,Ward,3,545,0.3761372498050429,P2O5+Al2O3+MgO,0.3333333333333333,0,
高钾,Ward,4,545,0.11035072711719418,P2O5+Al2O3+MgO,0.3333333333333333,0,
高钾,Ward,5,545,0.24203273040482343,P2O5+Al2O3+MgO,0.3333333333333333,0,
高钾,Ward,2,546,0.6926229508196722,Al2O3+SiO2,0.4,0,
高钾,Ward,3,546,0.43548387096774194,Al2O3+SiO2,0.4,0,
高钾,Ward,4,546,0.46494464944649444,Al2O3+SiO2,0.4,0,
高钾,Ward,5,546,0.49814126394052044,Al2O3+SiO2,0.4,0,
高钾,Ward,2,547,1.0,SiO2+PbO+Al2O3+K2O+P2O5,0.6666666666666666,0,
高钾,Ward,3,547,1.0,SiO2+PbO+Al2O3+K2O+P2O5,0.6666666666666666,0,
高钾,Ward,4,547,1.0,SiO2+PbO+Al2O3+K2O+P2O5,0.6666666666666666,0,
高钾,Ward,5,547,0.6757679180887372,SiO2+PbO+Al2O3+K2O+P2O5,0.6666666666666666,0,
高钾,Ward,2,548,1.0,K2O+Al2O3+SiO2,0.6,0,
高钾,Ward,3,548,0.5477792732166891,K2O+Al2O3+SiO2,0.6,0,
高钾,Ward,4,548,0.6729131175468483,K2O+Al2O3+SiO2,0.6,0,
高钾,Ward,5,548,0.51165371809101,K2O+Al2O3+SiO2,0.6,0,
高钾,Ward,2,549,1.0,Al2O3+SiO2+K2O+P2O5,0.8,0,
高钾,Ward,3,549,0.8344827586206897,Al2O3+SiO2+K2O+P2O5,0.8,0,
高钾,Ward,4,549,0.8984485190409027,Al2O3+SiO2+K2O+P2O5,0.8,0,
高钾,Ward,5,549,0.5471014492753623,Al2O3+SiO2+K2O+P2O5,0.8,0,
高钾,Ward,2,550,1.0,SiO2+K2O+Al2O3,0.6,0,
高钾,Ward,3,550,0.47229551451187335,SiO2+K2O+Al2O3,0.6,0,
高钾,Ward,4,550,0.7913043478260869,SiO2+K2O+Al2O3,0.6,0,
高钾,Ward,5,550,0.4817432273262662,SiO2+K2O+Al2O3,0.6,0,
高钾,Ward,2,551,1.0,K2O+SiO2+CuO+P2O5,0.8,0,
高钾,Ward,3,551,1.0,K2O+SiO2+CuO+P2O5,0.8,0,
高钾,Ward,4,551,1.0,K2O+SiO2+CuO+P2O5,0.8,0,
高钾,Ward,5,551,1.0,K2O+SiO2+CuO+P2O5,0.8,0,
高钾,Ward,2,552,1.0,Fe2O3+P2O5+K2O+SiO2+CuO,0.6666666666666666,0,
高钾,Ward,3,552,0.46885867846980717,Fe2O3+P2O5+K2O+SiO2+CuO,0.6666666666666666,0,
高钾,Ward,4,552,0.6654275092936803,Fe2O3+P2O5+K2O+SiO2+CuO,0.6666666666666666,0,
高钾,Ward,5,552,0.6097560975609756,Fe2O3+P2O5+K2O+SiO2+CuO,0.6666666666666666,0,
高钾,Ward,2,553,0.2,SiO2+Fe2O3+CuO+P2O5,0.5,0,
高钾,Ward,3,553,0.18333333333333332,SiO2+Fe2O3+CuO+P2O5,0.5,0,
高钾,Ward,4,553,0.19921875,SiO2+Fe2O3+CuO+P2O5,0.5,0,
高钾,Ward,5,553,0.3142857142857143,SiO2+Fe2O3+CuO+P2O5,0.5,0,
高钾,Ward,2,554,-0.12903225806451613,Fe2O3+P2O5+MgO+Al2O3+SiO2,0.42857142857142855,0,
高钾,Ward,3,554,-0.04018912529550828,Fe2O3+P2O5+MgO+Al2O3+SiO2,0.42857142857142855,0,
高钾,Ward,4,554,0.12221883572081682,Fe2O3+P2O5+MgO+Al2O3+SiO2,0.42857142857142855,0,
高钾,Ward,5,554,0.13922399739158786,Fe2O3+P2O5+MgO+Al2O3+SiO2,0.42857142857142855,0,
高钾,Ward,2,555,0.0,CuO+K2O+CaO+Fe2O3,0.2857142857142857,0,
高钾,Ward,3,555,-0.030756442227763924,CuO+K2O+CaO+Fe2O3,0.2857142857142857,0,
高钾,Ward,4,555,0.10620689655172413,CuO+K2O+CaO+Fe2O3,0.2857142857142857,0,
高钾,Ward,5,555,0.3071212537805884,CuO+K2O+CaO+Fe2O3,0.2857142857142857,0,
高钾,Ward,2,556,1.0,CuO+SiO2+K2O+CaO,0.5,0,
高钾,Ward,3,556,0.6680497925311203,CuO+SiO2+K2O+CaO,0.5,0,
高钾,Ward,4,556,0.3047956227872546,CuO+SiO2+K2O+CaO,0.5,0,
高钾,Ward,5,556,0.33615359583468923,CuO+SiO2+K2O+CaO,0.5,0,
高钾,Ward,2,557,0.7457627118644068,Al2O3+K2O+CaO+P2O5,0.5,0,
高钾,Ward,3,557,0.521978021978022,Al2O3+K2O+CaO+P2O5,0.5,0,
高钾,Ward,4,557,0.698744769874477,Al2O3+K2O+CaO+P2O5,0.5,0,
高钾,Ward,5,557,0.3923145665773012,Al2O3+K2O+CaO+P2O5,0.5,0,
高钾,Ward,2,558,-0.09871244635193133,Al2O3+Fe2O3+K2O+P2O5,0.5,0,
高钾,Ward,3,558,0.08860759493670886,Al2O3+Fe2O3+K2O+P2O5,0.5,0,
高钾,Ward,4,558,0.2513058618688334,Al2O3+Fe2O3+K2O+P2O5,0.5,0,
高钾,Ward,5,558,0.6031746031746031,Al2O3+Fe2O3+K2O+P2O5,0.5,0,
高钾,Ward,2,559,-0.05,CuO+Fe2O3+K2O,0.3333333333333333,0,
高钾,Ward,3,559,0.21474358974358973,CuO+Fe2O3+K2O,0.3333333333333333,0,
高钾,Ward,4,559,0.1554054054054054,CuO+Fe2O3+K2O,0.3333333333333333,0,
高钾,Ward,5,559,0.35374149659863946,CuO+Fe2O3+K2O,0.3333333333333333,0,
高钾,Ward,2,560,1.0,Al2O3+CuO+SiO2+K2O,0.8,0,
高钾,Ward,3,560,1.0,Al2O3+CuO+SiO2+K2O,0.8,0,
高钾,Ward,4,560,0.9333888426311407,Al2O3+CuO+SiO2+K2O,0.8,0,
高钾,Ward,5,560,0.47122004957312036,Al2O3+CuO+SiO2+K2O,0.8,0,
高钾,Ward,2,561,0.51931330472103,SiO2+Al2O3+CuO+P2O5,0.8,0,
高钾,Ward,3,561,0.5720164609053497,SiO2+Al2O3+CuO+P2O5,0.8,0,
高钾,Ward,4,561,0.610705596107056,SiO2+Al2O3+CuO+P2O5,0.8,0,
高钾,Ward,5,561,0.39825811559778307,SiO2+Al2O3+CuO+P2O5,0.8,0,
高钾,Ward,2,562,1.0,Al2O3+K2O+SiO2,0.6,0,
高钾,Ward,3,562,0.46887966804979253,Al2O3+K2O+SiO2,0.6,0,
高钾,Ward,4,562,0.4031500414479138,Al2O3+K2O+SiO2,0.6,0,
高钾,Ward,5,562,0.2802056555269923,Al2O3+K2O+SiO2,0.6,0,
高钾,Ward,2,563,1.0,P2O5+Al2O3+SiO2+Fe2O3+K2O,0.6666666666666666,0,
高钾,Ward,3,563,0.516546762589928,P2O5+Al2O3+SiO2+Fe2O3+K2O,0.6666666666666666,0,
高钾,Ward,4,563,0.530369442705072,P2O5+Al2O3+SiO2+Fe2O3+K2O,0.6666666666666666,0,
高钾,Ward,5,563,0.5180722891566265,P2O5+Al2O3+SiO2+Fe2O3+K2O,0.6666666666666666,0,
高钾,Ward,2,564,1.0,SiO2+Al2O3+CuO+K2O+MgO+P2O5,0.8333333333333334,0,
高钾,Ward,3,564,1.0,SiO2+Al2O3+CuO+K2O+MgO+P2O5,0.8333333333333334,0,
高钾,Ward,4,564,1.0,SiO2+Al2O3+CuO+K2O+MgO+P2O5,0.8333333333333334,0,
高钾,Ward,5,564,0.5283018867924528,SiO2+Al2O3+CuO+K2O+MgO+P2O5,0.8333333333333334,0,
高钾,Ward,2,565,-0.06779661016949153,Al2O3+SiO2+Fe2O3,0.3333333333333333,0,
高钾,Ward,3,565,0.2163265306122449,Al2O3+SiO2+Fe2O3,0.3333333333333333,0,
高钾,Ward,4,565,0.1394422310756972,Al2O3+SiO2+Fe2O3,0.3333333333333333,0,
高钾,Ward,5,565,0.15980230642504117,Al2O3+SiO2+Fe2O3,0.3333333333333333,0,
高钾,Ward,2,566,-0.09883720930232558,SiO2+Al2O3+PbO+MgO+Fe2O3,0.25,0,
高钾,Ward,3,566,0.29628595364423344,SiO2+Al2O3+PbO+MgO+Fe2O3,0.25,0,
高钾,Ward,4,566,0.2781954887218045,SiO2+Al2O3+PbO+MgO+Fe2O3,0.25,0,
高钾,Ward,5,566,0.1444866920152091,SiO2+Al2O3+PbO+MgO+Fe2O3,0.25,0,
高钾,Ward,2,567,1.0,SiO2+K2O+CuO+P2O5,0.8,0,
高钾,Ward,3,567,1.0,SiO2+K2O+CuO+P2O5,0.8,0,
高钾,Ward,4,567,1.0,SiO2+K2O+CuO+P2O5,0.8,0,
高钾,Ward,5,567,0.754601226993865,SiO2+K2O+CuO+P2O5,0.8,0,
高钾,Ward,2,568,0.75,Al2O3+CaO+SiO2,0.3333333333333333,0,
高钾,Ward,3,568,0.5449438202247191,Al2O3+CaO+SiO2,0.3333333333333333,0,
高钾,Ward,4,568,0.3039857227840571,Al2O3+CaO+SiO2,0.3333333333333333,0,
高钾,Ward,5,568,0.2090032154340836,Al2O3+CaO+SiO2,0.3333333333333333,0,
高钾,Ward,2,569,0.51931330472103,SiO2+Al2O3+P2O5+CuO,0.8,0,
高钾,Ward,3,569,0.21980495123780946,SiO2+Al2O3+P2O5+CuO,0.8,0,
高钾,Ward,4,569,0.3065405831363278,SiO2+Al2O3+P2O5+CuO,0.8,0,
高钾,Ward,5,569,0.1019786910197869,SiO2+Al2O3+P2O5+CuO,0.8,0,
高钾,Ward,2,570,-0.09871244635193133,K2O+CaO+P2O5,0.3333333333333333,0,
高钾,Ward,3,570,0.22540666150271108,K2O+CaO+P2O5,0.3333333333333333,0,
高钾,Ward,4,570,0.12491178546224418,K2O+CaO+P2O5,0.3333333333333333,0,
高钾,Ward,5,570,0.067854694996573,K2O+CaO+P2O5,0.3333333333333333,0,
高钾,Ward,2,571,1.0,SiO2+CuO+K2O,0.6,0,
高钾,Ward,3,571,0.323943661971831,SiO2+CuO+K2O,0.6,0,
高钾,Ward,4,571,0.09555069292487235,SiO2+CuO+K2O,0.6,0,
高钾,Ward,5,571,0.07492170561310528,SiO2+CuO+K2O,0.6,0,
高钾,Ward,2,572,-0.030042918454935622,P2O5+Fe2O3+CuO,0.3333333333333333,0,
高钾,Ward,3,572,0.09522479754258587,P2O5+Fe2O3+CuO,0.3333333333333333,0,
高钾,Ward,4,572,0.25200356188780054,P2O5+Fe2O3+CuO,0.3333333333333333,0,
高钾,Ward,5,572,0.34045801526717556,P2O5+Fe2O3+CuO,0.3333333333333333,0,
高钾,Ward,2,573,1.0,K2O+MgO+CaO+SiO2,0.2857142857142857,0,
高钾,Ward,3,573,0.3368333793865709,K2O+MgO+CaO+SiO2,0.2857142857142857,0,
高钾,Ward,4,573,0.29325153374233126,K2O+MgO+CaO+SiO2,0.2857142857142857,0,
高钾,Ward,5,573,0.12308746289107102,K2O+MgO+CaO+SiO2,0.2857142857142857,0,
高钾,Ward,2,574,-0.12704918032786885,Al2O3+SiO2+P2O5+CuO,0.8,0,
高钾,Ward,3,574,0.5985503206021745,Al2O3+SiO2+P2O5+CuO,0.8,0,
高钾,Ward,4,574,0.6112730806608357,Al2O3+SiO2+P2O5+CuO,0.8,0,
高钾,Ward,5,574,0.6697626418988648,Al2O3+SiO2+P2O5+CuO,0.8,0,
高钾,Ward,2,575,0.5333333333333333,SiO2+Al2O3,0.4,0,
高钾,Ward,3,575,0.19753086419753085,SiO2+Al2O3,0.4,0,
高钾,Ward,4,575,0.289647577092511,SiO2+Al2O3,0.4,0,
高钾,Ward,5,575,0.24196649272177972,SiO2+Al2O3,0.4,0,
高钾,Ward,2,576,0.5333333333333333,CaO+Fe2O3+SiO2+PbO,0.125,0,
高钾,Ward,3,576,0.14335664335664336,CaO+Fe2O3+SiO2+PbO,0.125,0,
高钾,Ward,4,576,0.301909307875895,CaO+Fe2O3+SiO2+PbO,0.125,0,
高钾,Ward,5,576,0.30711610486891383,CaO+Fe2O3+SiO2+PbO,0.125,0,
高钾,Ward,2,577,1.0,Al2O3+MgO+SiO2+P2O5+K2O,0.6666666666666666,0,
高钾,Ward,3,577,1.0,Al2O3+MgO+SiO2+P2O5+K2O,0.6666666666666666,0,
高钾,Ward,4,577,1.0,Al2O3+MgO+SiO2+P2O5+K2O,0.6666666666666666,0,
高钾,Ward,5,577,0.472,Al2O3+MgO+SiO2+P2O5+K2O,0.6666666666666666,0,
高钾,Ward,2,578,0.75,SiO2+Al2O3+P2O5+MgO,0.5,0,
高钾,Ward,3,578,0.75,SiO2+Al2O3+P2O5+MgO,0.5,0,
高钾,Ward,4,578,0.4941282746160795,SiO2+Al2O3+P2O5+MgO,0.5,0,
高钾,Ward,5,578,0.4790996784565916,SiO2+Al2O3+P2O5+MgO,0.5,0,
高钾,Ward,2,579,0.5352697095435685,Al2O3+SiO2+P2O5,0.6,0,
高钾,Ward,3,579,0.6081632653061224,Al2O3+SiO2+P2O5,0.6,0,
高钾,Ward,4,579,0.6417910447761194,Al2O3+SiO2+P2O5,0.6,0,
高钾,Ward,5,579,0.405777166437414,Al2O3+SiO2+P2O5,0.6,0,
高钾,Ward,2,580,1.0,K2O+SiO2+Al2O3+CuO+P2O5,1.0,0,
高钾,Ward,3,580,1.0,K2O+SiO2+Al2O3+CuO+P2O5,1.0,0,
高钾,Ward,4,580,0.6112730806608357,K2O+SiO2+Al2O3+CuO+P2O5,1.0,0,
高钾,Ward,5,580,1.0,K2O+SiO2+Al2O3+CuO+P2O5,1.0,0,
高钾,Ward,2,581,1.0,Al2O3+K2O+SiO2+P2O5,0.8,0,
高钾,Ward,3,581,0.5509977827050998,Al2O3+K2O+SiO2+P2O5,0.8,0,
高钾,Ward,4,581,1.0,Al2O3+K2O+SiO2+P2O5,0.8,0,
高钾,Ward,5,581,1.0,Al2O3+K2O+SiO2+P2O5,0.8,0,
高钾,Ward,2,582,-0.11940298507462686,P2O5+Al2O3,0.4,0,
高钾,Ward,3,582,0.17050691244239632,P2O5+Al2O3,0.4,0,
高钾,Ward,4,582,0.18067226890756302,P2O5+Al2O3,0.4,0,
高钾,Ward,5,582,0.12280701754385964,P2O5+Al2O3,0.4,0,
高钾,Ward,2,583,1.0,SiO2+P2O5+Al2O3+K2O+MgO,0.6666666666666666,0,
高钾,Ward,3,583,1.0,SiO2+P2O5+Al2O3+K2O+MgO,0.6666666666666666,0,
高钾,Ward,4,583,1.0,SiO2+P2O5+Al2O3+K2O+MgO,0.6666666666666666,0,
高钾,Ward,5,583,0.5907928388746803,SiO2+P2O5+Al2O3+K2O+MgO,0.6666666666666666,0,
高钾,Ward,2,584,1.0,K2O+Fe2O3+Al2O3+SiO2,0.5,0,
高钾,Ward,3,584,0.4870229007633588,K2O+Fe2O3+Al2O3+SiO2,0.5,0,
高钾,Ward,4,584,0.4854586129753915,K2O+Fe2O3+Al2O3+SiO2,0.5,0,
高钾,Ward,5,584,0.4661016949152542,K2O+Fe2O3+Al2O3+SiO2,0.5,0,
高钾,Ward,2,585,0.2033195020746888,SiO2+P2O5+CuO,0.6,0,
高钾,Ward,3,585,0.4490674318507891,SiO2+P2O5+CuO,0.6,0,
高钾,Ward,4,585,0.45522855353788355,SiO2+P2O5+CuO,0.6,0,
高钾,Ward,5,585,0.6161616161616161,SiO2+P2O5+CuO,0.6,0,
高钾,Ward,2,586,1.0,Al2O3+CuO+SiO2+MgO+K2O,0.6666666666666666,0,
高钾,Ward,3,586,1.0,Al2O3+CuO+SiO2+MgO+K2O,0.6666666666666666,0,
高钾,Ward,4,586,0.4522691705790297,Al2O3+CuO+SiO2+MgO+K2O,0.6666666666666666,0,
高钾,Ward,5,586,0.4236760124610592,Al2O3+CuO+SiO2+MgO+K2O,0.6666666666666666,0,
高钾,Ward,2,587,-0.041666666666666664,K2O+CuO+Al2O3+P2O5,0.8,0,
高钾,Ward,3,587,0.47619047619047616,K2O+CuO+Al2O3+P2O5,0.8,0,
高钾,Ward,4,587,0.4926829268292683,K2O+CuO+Al2O3+P2O5,0.8,0,
高钾,Ward,5,587,0.588477366255144,K2O+CuO+Al2O3+P2O5,0.8,0,
高钾,Ward,2,588,0.20081967213114754,SiO2+CaO+Al2O3+CuO,0.5,0,
高钾,Ward,3,588,0.24382716049382716,SiO2+CaO+Al2O3+CuO,0.5,0,
高钾,Ward,4,588,0.28643724696356276,SiO2+CaO+Al2O3+CuO,0.5,0,
高钾,Ward,5,588,0.09745762711864407,SiO2+CaO+Al2O3+CuO,0.5,0,
高钾,Ward,2,589,1.0,SiO2+K2O+P2O5+CuO,0.8,0,
高钾,Ward,3,589,0.7889182058047494,SiO2+K2O+P2O5+CuO,0.8,0,
高钾,Ward,4,589,0.569377990430622,SiO2+K2O+P2O5+CuO,0.8,0,
高钾,Ward,5,589,0.23952405587170203,SiO2+K2O+P2O5+CuO,0.8,0,
高钾,Ward,2,590,-0.09883720930232558,Al2O3+Fe2O3+P2O5,0.3333333333333333,0,
高钾,Ward,3,590,0.30049548236665696,Al2O3+Fe2O3+P2O5,0.3333333333333333,0,
高钾,Ward,4,590,0.17422583672192682,Al2O3+Fe2O3+P2O5,0.3333333333333333,0,
高钾,Ward,5,590,0.23258162234937732,Al2O3+Fe2O3+P2O5,0.3333333333333333,0,
高钾,Ward,2,591,0.35,SiO2+P2O5+CuO,0.6,0,
高钾,Ward,3,591,0.46949602122015915,SiO2+P2O5+CuO,0.6,0,
高钾,Ward,4,591,0.4249775381850854,SiO2+P2O5+CuO,0.6,0,
高钾,Ward,5,591,0.6051332675222113,SiO2+P2O5+CuO,0.6,0,
高钾,Ward,2,592,-0.1111111111111111,CuO+Fe2O3+K2O,0.3333333333333333,0,
高钾,Ward,3,592,0.46551724137931033,CuO+Fe2O3+K2O,0.3333333333333333,0,
高钾,Ward,4,592,0.3904989542874216,CuO+Fe2O3+K2O,0.3333333333333333,0,
高钾,Ward,5,592,0.3063583815028902,CuO+Fe2O3+K2O,0.3333333333333333,0,
高钾,Ward,2,593,-0.11801242236024845,Al2O3+Fe2O3+CaO+K2O,0.2857142857142857,0,
高钾,Ward,3,593,0.5183698672429762,Al2O3+Fe2O3+CaO+K2O,0.2857142857142857,0,
高钾,Ward,4,593,0.5395948434622467,Al2O3+Fe2O3+CaO+K2O,0.2857142857142857,0,
高钾,Ward,5,593,0.2261904761904762,Al2O3+Fe2O3+CaO+K2O,0.2857142857142857,0,
高钾,Ward,2,594,1.0,Al2O3+K2O+SiO2,0.6,0,
高钾,Ward,3,594,0.3317422434367542,Al2O3+K2O+SiO2,0.6,0,
高钾,Ward,4,594,0.26912181303116145,Al2O3+K2O+SiO2,0.6,0,
高钾,Ward,5,594,0.2342597844583097,Al2O3+K2O+SiO2,0.6,0,
高钾,Ward,2,595,0.5300699300699301,Al2O3+SiO2,0.4,0,
高钾,Ward,3,595,0.20575539568345325,Al2O3+SiO2,0.4,0,
高钾,Ward,4,595,0.29879974731522424,Al2O3+SiO2,0.4,0,
高钾,Ward,5,595,0.3798449612403101,Al2O3+SiO2,0.4,0,
高钾,Ward,2,596,1.0,SiO2+K2O+Al2O3,0.6,0,
高钾,Ward,3,596,0.19710064120434903,SiO2+K2O+Al2O3,0.6,0,
高钾,Ward,4,596,0.14514692787177205,SiO2+K2O+Al2O3,0.6,0,
高钾,Ward,5,596,0.2641509433962264,SiO2+K2O+Al2O3,0.6,0,
高钾,Ward,2,597,0.3672316384180791,CaO+SiO2+CuO+MgO,0.2857142857142857,0,
高钾,Ward,3,597,0.9317988064791134,CaO+SiO2+CuO+MgO,0.2857142857142857,0,
高钾,Ward,4,597,0.7841726618705036,CaO+SiO2+CuO+MgO,0.2857142857142857,0,
高钾,Ward,5,597,0.38073394495412843,CaO+SiO2+CuO+MgO,0.2857142857142857,0,
高钾,Ward,2,598,0.3010752688172043,CuO+P2O5+CaO+Fe2O3,0.2857142857142857,0,
高钾,Ward,3,598,0.16874480465502908,CuO+P2O5+CaO+Fe2O3,0.2857142857142857,0,
高钾,Ward,4,598,0.16920520631404043,CuO+P2O5+CaO+Fe2O3,0.2857142857142857,0,
高钾,Ward,5,598,0.24454392837157246,CuO+P2O5+CaO+Fe2O3,0.2857142857142857,0,
高钾,Ward,2,599,0.47761194029850745,SiO2+K2O+Al2O3+CaO,0.5,0,
高钾,Ward,3,599,0.3212669683257919,SiO2+K2O+Al2O3+CaO,0.5,0,
高钾,Ward,4,599,0.06462585034013606,SiO2+K2O+Al2O3+CaO,0.5,0,
高钾,Ward,5,599,0.04680851063829787,SiO2+K2O+Al2O3+CaO,0.5,0,
高钾,Ward,2,600,1.0,K2O+MgO+SiO2+Al2O3+CuO,0.6666666666666666,0,
高钾,Ward,3,600,0.8170731707317073,K2O+MgO+SiO2+Al2O3+CuO,0.6666666666666666,0,
高钾,Ward,4,600,0.6229648671808055,K2O+MgO+SiO2+Al2O3+CuO,0.6666666666666666,0,
高钾,Ward,5,600,0.5357142857142857,K2O+MgO+SiO2+Al2O3+CuO,0.6666666666666666,0,
高钾,Ward,2,601,-0.06779661016949153,SiO2+Fe2O3+CuO,0.3333333333333333,0,
高钾,Ward,3,601,-0.017241379310344827,SiO2+Fe2O3+CuO,0.3333333333333333,0,
高钾,Ward,4,601,0.10133843212237094,SiO2+Fe2O3+CuO,0.3333333333333333,0,
高钾,Ward,5,601,0.14634146341463414,SiO2+Fe2O3+CuO,0.3333333333333333,0,
高钾,Ward,2,602,1.0,Al2O3+CaO+SiO2,0.3333333333333333,0,
高钾,Ward,3,602,0.6021000276319425,Al2O3+CaO+SiO2,0.3333333333333333,0,
高钾,Ward,4,602,0.26236378876781224,Al2O3+CaO+SiO2,0.3333333333333333,0,
高钾,Ward,5,602,0.17737789203084833,Al2O3+CaO+SiO2,0.3333333333333333,0,
高钾,Ward,2,603,,,,1,活动成分BaO没有正值，不能进行零替代
高钾,Ward,3,603,,,,1,活动成分BaO没有正值，不能进行零替代
高钾,Ward,4,603,,,,1,活动成分BaO没有正值，不能进行零替代
高钾,Ward,5,603,,,,1,活动成分BaO没有正值，不能进行零替代
高钾,Ward,2,604,0.7457627118644068,CaO+SiO2+CuO,0.3333333333333333,0,
高钾,Ward,3,604,0.7768878718535469,CaO+SiO2+CuO,0.3333333333333333,0,
高钾,Ward,4,604,0.5229007633587787,CaO+SiO2+CuO,0.3333333333333333,0,
高钾,Ward,5,604,0.33760683760683763,CaO+SiO2+CuO,0.3333333333333333,0,
高钾,Ward,2,605,1.0,Al2O3+Fe2O3+SiO2+K2O+MgO+P2O5,0.5714285714285714,0,
高钾,Ward,3,605,0.5167785234899329,Al2O3+Fe2O3+SiO2+K2O+MgO+P2O5,0.5714285714285714,0,
高钾,Ward,4,605,0.43697216140131373,Al2O3+Fe2O3+SiO2+K2O+MgO+P2O5,0.5714285714285714,0,
高钾,Ward,5,605,0.6272005522954781,Al2O3+Fe2O3+SiO2+K2O+MgO+P2O5,0.5714285714285714,0,
高钾,Ward,2,606,0.75,Al2O3+SiO2+MgO+P2O5,0.5,0,
高钾,Ward,3,606,0.65,Al2O3+SiO2+MgO+P2O5,0.5,0,
高钾,Ward,4,606,0.493891797556719,Al2O3+SiO2+MgO+P2O5,0.5,0,
高钾,Ward,5,606,0.7033374536464772,Al2O3+SiO2+MgO+P2O5,0.5,0,
高钾,Ward,2,607,1.0,SiO2+P2O5+Al2O3+K2O+MgO,0.6666666666666666,0,
高钾,Ward,3,607,0.6354598177299089,SiO2+P2O5+Al2O3+K2O+MgO,0.6666666666666666,0,
高钾,Ward,4,607,0.9666388657214345,SiO2+P2O5+Al2O3+K2O+MgO,0.6666666666666666,0,
高钾,Ward,5,607,0.5209580838323353,SiO2+P2O5+Al2O3+K2O+MgO,0.6666666666666666,0,
高钾,Ward,2,608,-0.09883720930232558,P2O5+Al2O3+MgO,0.3333333333333333,0,
高钾,Ward,3,608,0.32768924302788843,P2O5+Al2O3+MgO,0.3333333333333333,0,
高钾,Ward,4,608,0.6984082658475286,P2O5+Al2O3+MgO,0.3333333333333333,0,
高钾,Ward,5,608,0.35973041280539175,P2O5+Al2O3+MgO,0.3333333333333333,0,
高钾,Ward,2,609,0.5300699300699301,SiO2+P2O5+CuO,0.6,0,
高钾,Ward,3,609,0.32166890982503366,SiO2+P2O5+CuO,0.6,0,
高钾,Ward,4,609,0.42939481268011526,SiO2+P2O5+CuO,0.6,0,
高钾,Ward,5,609,0.44144144144144143,SiO2+P2O5+CuO,0.6,0,
高钾,Ward,2,610,1.0,K2O+MgO+SiO2+Al2O3,0.5,0,
高钾,Ward,3,610,0.4482758620689655,K2O+MgO+SiO2+Al2O3,0.5,0,
高钾,Ward,4,610,0.9641255605381166,K2O+MgO+SiO2+Al2O3,0.5,0,
高钾,Ward,5,610,0.5665024630541872,K2O+MgO+SiO2+Al2O3,0.5,0,
高钾,Ward,2,611,1.0,Al2O3+SiO2+K2O+P2O5,0.8,0,
高钾,Ward,3,611,0.9315068493150684,Al2O3+SiO2+K2O+P2O5,0.8,0,
高钾,Ward,4,611,0.9333888426311407,Al2O3+SiO2+K2O+P2O5,0.8,0,
高钾,Ward,5,611,0.4742792538157151,Al2O3+SiO2+K2O+P2O5,0.8,0,
高钾,Ward,2,612,0.47761194029850745,CaO+CuO+P2O5,0.3333333333333333,0,
高钾,Ward,3,612,0.5454545454545454,CaO+CuO+P2O5,0.3333333333333333,0,
高钾,Ward,4,612,0.6153846153846154,CaO+CuO+P2O5,0.3333333333333333,0,
高钾,Ward,5,612,0.36335403726708076,CaO+CuO+P2O5,0.3333333333333333,0,
高钾,Ward,2,613,1.0,Al2O3+K2O+P2O5+SiO2,0.8,0,
高钾,Ward,3,613,1.0,Al2O3+K2O+P2O5+SiO2,0.8,0,
高钾,Ward,4,613,0.5972027972027972,Al2O3+K2O+P2O5+SiO2,0.8,0,
高钾,Ward,5,613,0.4786995515695067,Al2O3+K2O+P2O5+SiO2,0.8,0,
高钾,Ward,2,614,1.0,SiO2+P2O5+Al2O3+K2O,0.8,0,
高钾,Ward,3,614,0.425754060324826,SiO2+P2O5+Al2O3+K2O,0.8,0,
高钾,Ward,4,614,1.0,SiO2+P2O5+Al2O3+K2O,0.8,0,
高钾,Ward,5,614,0.5907928388746803,SiO2+P2O5+Al2O3+K2O,0.8,0,
高钾,Ward,2,615,0.0924092409240924,K2O+Fe2O3+Al2O3+SiO2+P2O5,0.6666666666666666,0,
高钾,Ward,3,615,0.38524590163934425,K2O+Fe2O3+Al2O3+SiO2+P2O5,0.6666666666666666,0,
高钾,Ward,4,615,0.5261599210266535,K2O+Fe2O3+Al2O3+SiO2+P2O5,0.6666666666666666,0,
高钾,Ward,5,615,0.43356643356643354,K2O+Fe2O3+Al2O3+SiO2+P2O5,0.6666666666666666,0,
高钾,Ward,2,616,1.0,K2O+SiO2+CuO+Fe2O3,0.5,0,
高钾,Ward,3,616,0.6601529311809685,K2O+SiO2+CuO+Fe2O3,0.5,0,
高钾,Ward,4,616,0.6081771720613288,K2O+SiO2+CuO+Fe2O3,0.5,0,
高钾,Ward,5,616,0.39226519337016574,K2O+SiO2+CuO+Fe2O3,0.5,0,
高钾,Ward,2,617,1.0,Al2O3+K2O+SiO2,0.6,0,
高钾,Ward,3,617,0.7329624478442281,Al2O3+K2O+SiO2,0.6,0,
高钾,Ward,4,617,0.370125974805039,Al2O3+K2O+SiO2,0.6,0,
高钾,Ward,5,617,0.5882352941176471,Al2O3+K2O+SiO2,0.6,0,
高钾,Ward,2,618,0.0924092409240924,SiO2+Fe2O3+P2O5,0.3333333333333333,0,
高钾,Ward,3,618,0.493006993006993,SiO2+Fe2O3+P2O5,0.3333333333333333,0,
高钾,Ward,4,618,0.5111647555823778,SiO2+Fe2O3+P2O5,0.3333333333333333,0,
高钾,Ward,5,618,0.7204968944099379,SiO2+Fe2O3+P2O5,0.3333333333333333,0,
高钾,Ward,2,619,1.0,SiO2+CaO+Al2O3,0.3333333333333333,0,
高钾,Ward,3,619,0.19977771603223118,SiO2+CaO+Al2O3,0.3333333333333333,0,
高钾,Ward,4,619,0.16597164303586323,SiO2+CaO+Al2O3,0.3333333333333333,0,
高钾,Ward,5,619,0.16481069042316257,SiO2+CaO+Al2O3,0.3333333333333333,0,
高钾,Ward,2,620,0.6926229508196722,K2O+Al2O3+P2O5,0.6,0,
高钾,Ward,3,620,0.25,K2O+Al2O3+P2O5,0.6,0,
高钾,Ward,4,620,0.24837388581064804,K2O+Al2O3+P2O5,0.6,0,
高钾,Ward,5,620,0.26406926406926406,K2O+Al2O3+P2O5,0.6,0,
高钾,Ward,2,621,0.20081967213114754,SiO2+SrO+Al2O3+P2O5,0.5,0,
高钾,Ward,3,621,0.31528662420382164,SiO2+SrO+Al2O3+P2O5,0.5,0,
高钾,Ward,4,621,0.286321155480034,SiO2+SrO+Al2O3+P2O5,0.5,0,
高钾,Ward,5,621,0.38073394495412843,SiO2+SrO+Al2O3+P2O5,0.5,0,
高钾,Ward,2,622,1.0,SiO2+Al2O3+K2O,0.6,0,
高钾,Ward,3,622,0.5509977827050998,SiO2+Al2O3+K2O,0.6,0,
高钾,Ward,4,622,0.6710526315789473,SiO2+Al2O3+K2O,0.6,0,
高钾,Ward,5,622,0.5714285714285714,SiO2+Al2O3+K2O,0.6,0,
高钾,Ward,2,623,0.35,SiO2+CuO+P2O5,0.6,0,
高钾,Ward,3,623,0.336734693877551,SiO2+CuO+P2O5,0.6,0,
高钾,Ward,4,623,0.4550408719346049,SiO2+CuO+P2O5,0.6,0,
高钾,Ward,5,623,0.4973821989528796,SiO2+CuO+P2O5,0.6,0,
高钾,Ward,2,624,0.5300699300699301,Al2O3+P2O5+CaO+K2O,0.5,0,
高钾,Ward,3,624,0.7669902912621359,Al2O3+P2O5+CaO+K2O,0.5,0,
高钾,Ward,4,624,0.7779833487511564,Al2O3+P2O5+CaO+K2O,0.5,0,
高钾,Ward,5,624,0.6487804878048781,Al2O3+P2O5+CaO+K2O,0.5,0,
高钾,Ward,2,625,1.0,CaO+SiO2+K2O,0.3333333333333333,0,
高钾,Ward,3,625,0.5,CaO+SiO2+K2O,0.3333333333333333,0,
高钾,Ward,4,625,0.2995391705069124,CaO+SiO2+K2O,0.3333333333333333,0,
高钾,Ward,5,625,0.29523809523809524,CaO+SiO2+K2O,0.3333333333333333,0,
高钾,Ward,2,626,0.2,SiO2+CuO+P2O5,0.6,0,
高钾,Ward,3,626,0.5404411764705882,SiO2+CuO+P2O5,0.6,0,
高钾,Ward,4,626,0.5216836734693877,SiO2+CuO+P2O5,0.6,0,
高钾,Ward,5,626,0.3348623853211009,SiO2+CuO+P2O5,0.6,0,
高钾,Ward,2,627,0.75,K2O+CaO+CuO+P2O5,0.5,0,
高钾,Ward,3,627,0.7637130801687764,K2O+CaO+CuO+P2O5,0.5,0,
高钾,Ward,4,627,0.5426561125769569,K2O+CaO+CuO+P2O5,0.5,0,
高钾,Ward,5,627,0.5384615384615384,K2O+CaO+CuO+P2O5,0.5,0,
高钾,Ward,2,628,0.08333333333333333,SiO2+Fe2O3+CuO+P2O5,0.5,0,
高钾,Ward,3,628,0.1206896551724138,SiO2+Fe2O3+CuO+P2O5,0.5,0,
高钾,Ward,4,628,0.2011577424023155,SiO2+Fe2O3+CuO+P2O5,0.5,0,
高钾,Ward,5,628,0.281767955801105,SiO2+Fe2O3+CuO+P2O5,0.5,0,
高钾,Ward,2,629,0.21052631578947367,SiO2+Al2O3,0.4,0,
高钾,Ward,3,629,0.4198895027624309,SiO2+Al2O3,0.4,0,
高钾,Ward,4,629,0.5607321131447587,SiO2+Al2O3,0.4,0,
高钾,Ward,5,629,0.46884576098059244,SiO2+Al2O3,0.4,0,
高钾,Ward,2,630,0.47761194029850745,Al2O3+SiO2+P2O5+MgO,0.5,0,
高钾,Ward,3,630,0.25311203319502074,Al2O3+SiO2+P2O5+MgO,0.5,0,
高钾,Ward,4,630,0.6258134490238612,Al2O3+SiO2+P2O5+MgO,0.5,0,
高钾,Ward,5,630,0.6598272138228942,Al2O3+SiO2+P2O5+MgO,0.5,0,
高钾,Ward,2,631,1.0,CuO+SiO2+Al2O3,0.6,0,
高钾,Ward,3,631,0.40380899806789955,CuO+SiO2+Al2O3,0.6,0,
高钾,Ward,4,631,0.3097184377838329,CuO+SiO2+Al2O3,0.6,0,
高钾,Ward,5,631,0.3755739210284665,CuO+SiO2+Al2O3,0.6,0,
高钾,Ward,2,632,0.35,Al2O3+SiO2+CuO,0.6,0,
高钾,Ward,3,632,0.44754464285714285,Al2O3+SiO2+CuO,0.6,0,
高钾,Ward,4,632,0.49473684210526314,Al2O3+SiO2+CuO,0.6,0,
高钾,Ward,5,632,0.24025974025974026,Al2O3+SiO2+CuO,0.6,0,
高钾,Ward,2,633,0.5333333333333333,SiO2+P2O5+CuO,0.6,0,
高钾,Ward,3,633,0.3333333333333333,SiO2+P2O5+CuO,0.6,0,
高钾,Ward,4,633,0.26666666666666666,SiO2+P2O5+CuO,0.6,0,
高钾,Ward,5,633,0.29927007299270075,SiO2+P2O5+CuO,0.6,0,
高钾,Ward,2,634,0.08333333333333333,SiO2+CuO+P2O5,0.6,0,
高钾,Ward,3,634,0.06462585034013606,SiO2+CuO+P2O5,0.6,0,
高钾,Ward,4,634,0.15879305089911613,SiO2+CuO+P2O5,0.6,0,
高钾,Ward,5,634,0.2579119679883594,SiO2+CuO+P2O5,0.6,0,
高钾,Ward,2,635,0.7311827956989247,Al2O3+K2O+CuO+P2O5,0.8,0,
高钾,Ward,3,635,0.7377622377622378,Al2O3+K2O+CuO+P2O5,0.8,0,
高钾,Ward,4,635,0.627831715210356,Al2O3+K2O+CuO+P2O5,0.8,0,
高钾,Ward,5,635,0.2847888053899974,Al2O3+K2O+CuO+P2O5,0.8,0,
高钾,Ward,2,636,1.0,K2O+SiO2+P2O5+CuO,0.8,0,
高钾,Ward,3,636,0.8160535117056856,K2O+SiO2+P2O5+CuO,0.8,0,
高钾,Ward,4,636,0.9333888426311407,K2O+SiO2+P2O5+CuO,0.8,0,
高钾,Ward,5,636,0.5431472081218274,K2O+SiO2+P2O5+CuO,0.8,0,
高钾,Ward,2,637,1.0,SiO2+K2O+MgO,0.3333333333333333,0,
高钾,Ward,3,637,0.5249406175771971,SiO2+K2O+MgO,0.3333333333333333,0,
高钾,Ward,4,637,0.33090909090909093,SiO2+K2O+MgO,0.3333333333333333,0,
高钾,Ward,5,637,0.17567567567567569,SiO2+K2O+MgO,0.3333333333333333,0,
高钾,Ward,2,638,-0.06779661016949153,K2O+MgO+Fe2O3+Al2O3+CaO,0.25,0,
高钾,Ward,3,638,0.5477792732166891,K2O+MgO+Fe2O3+Al2O3+CaO,0.25,0,
高钾,Ward,4,638,0.38629389703375383,K2O+MgO+Fe2O3+Al2O3+CaO,0.25,0,
高钾,Ward,5,638,0.5935265336846067,K2O+MgO+Fe2O3+Al2O3+CaO,0.25,0,
高钾,Ward,2,639,-0.12903225806451613,Fe2O3+SiO2+CuO,0.3333333333333333,0,
高钾,Ward,3,639,0.07207953603976802,Fe2O3+SiO2+CuO,0.3333333333333333,0,
高钾,Ward,4,639,0.14209115281501342,Fe2O3+SiO2+CuO,0.3333333333333333,0,
高钾,Ward,5,639,0.114321608040201,Fe2O3+SiO2+CuO,0.3333333333333333,0,
高钾,Ward,2,640,1.0,K2O+SiO2+P2O5+CuO,0.8,0,
高钾,Ward,3,640,0.8160535117056856,K2O+SiO2+P2O5+CuO,0.8,0,
高钾,Ward,4,640,0.9333888426311407,K2O+SiO2+P2O5+CuO,0.8,0,
高钾,Ward,5,640,0.4397283531409168,K2O+SiO2+P2O5+CuO,0.8,0,
高钾,Ward,2,641,1.0,Al2O3+SiO2+K2O+MgO+P2O5,0.6666666666666666,0,
高钾,Ward,3,641,0.6102841677943166,Al2O3+SiO2+K2O+MgO+P2O5,0.6666666666666666,0,
高钾,Ward,4,641,0.41294964028776976,Al2O3+SiO2+K2O+MgO+P2O5,0.6666666666666666,0,
高钾,Ward,5,641,0.5290697674418605,Al2O3+SiO2+K2O+MgO+P2O5,0.6666666666666666,0,
高钾,Ward,2,642,0.35359116022099446,SiO2+Fe2O3+CuO+P2O5,0.5,0,
高钾,Ward,3,642,0.2448700410396717,SiO2+Fe2O3+CuO+P2O5,0.5,0,
高钾,Ward,4,642,0.3802008608321377,SiO2+Fe2O3+CuO+P2O5,0.5,0,
高钾,Ward,5,642,0.48028673835125446,SiO2+Fe2O3+CuO+P2O5,0.5,0,
高钾,Ward,2,643,1.0,SiO2+Al2O3+K2O,0.6,0,
高钾,Ward,3,643,0.4582043343653251,SiO2+Al2O3+K2O,0.6,0,
高钾,Ward,4,643,0.3546607832322118,SiO2+Al2O3+K2O,0.6,0,
高钾,Ward,5,643,0.45484581497797355,SiO2+Al2O3+K2O,0.6,0,
高钾,Ward,2,644,0.51931330472103,Fe2O3+SiO2+Al2O3+P2O5+CuO,0.6666666666666666,0,
高钾,Ward,3,644,0.7339983374896093,Fe2O3+SiO2+Al2O3+P2O5+CuO,0.6666666666666666,0,
高钾,Ward,4,644,0.7484628283957518,Fe2O3+SiO2+Al2O3+P2O5+CuO,0.6666666666666666,0,
高钾,Ward,5,644,0.8139797068771139,Fe2O3+SiO2+Al2O3+P2O5+CuO,0.6666666666666666,0,
高钾,Ward,2,645,-0.08333333333333333,Al2O3+P2O5+K2O,0.6,0,
高钾,Ward,3,645,0.09066305818673884,Al2O3+P2O5+K2O,0.6,0,
高钾,Ward,4,645,0.04738641914997557,Al2O3+P2O5+K2O,0.6,0,
高钾,Ward,5,645,0.22969187675070027,Al2O3+P2O5+K2O,0.6,0,
高钾,Ward,2,646,-0.06779661016949153,Fe2O3+P2O5+SiO2+CuO,0.5,0,
高钾,Ward,3,646,-0.017241379310344827,Fe2O3+P2O5+SiO2+CuO,0.5,0,
高钾,Ward,4,646,0.048223350253807105,Fe2O3+P2O5+SiO2+CuO,0.5,0,
高钾,Ward,5,646,0.13131313131313133,Fe2O3+P2O5+SiO2+CuO,0.5,0,
高钾,Ward,2,647,0.75,CuO+P2O5+K2O+Fe2O3,0.5,0,
高钾,Ward,3,647,0.4034090909090909,CuO+P2O5+K2O+Fe2O3,0.5,0,
高钾,Ward,4,647,0.6522269676632093,CuO+P2O5+K2O+Fe2O3,0.5,0,
高钾,Ward,5,647,0.7041420118343196,CuO+P2O5+K2O+Fe2O3,0.5,0,
高钾,Ward,2,648,1.0,SiO2+Al2O3+K2O,0.6,0,
高钾,Ward,3,648,0.22746781115879827,SiO2+Al2O3+K2O,0.6,0,
高钾,Ward,4,648,0.06462585034013606,SiO2+Al2O3+K2O,0.6,0,
高钾,Ward,5,648,0.15420023014959724,SiO2+Al2O3+K2O,0.6,0,
高钾,Ward,2,649,1.0,K2O+SiO2+Al2O3+CuO,0.8,0,
高钾,Ward,3,649,0.8170731707317073,K2O+SiO2+Al2O3+CuO,0.8,0,
高钾,Ward,4,649,0.7508305647840532,K2O+SiO2+Al2O3+CuO,0.8,0,
高钾,Ward,5,649,0.34011547979103657,K2O+SiO2+Al2O3+CuO,0.8,0,
高钾,Ward,2,650,0.5300699300699301,CuO+SiO2+P2O5,0.6,0,
高钾,Ward,3,650,0.37841726618705035,CuO+SiO2+P2O5,0.6,0,
高钾,Ward,4,650,0.3381712626995646,CuO+SiO2+P2O5,0.6,0,
高钾,Ward,5,650,0.2037037037037037,CuO+SiO2+P2O5,0.6,0,
高钾,Ward,2,651,0.2,Fe2O3+CaO+SiO2,0.14285714285714285,0,
高钾,Ward,3,651,-0.001226993865030675,Fe2O3+CaO+SiO2,0.14285714285714285,0,
高钾,Ward,4,651,0.1483321504613201,Fe2O3+CaO+SiO2,0.14285714285714285,0,
高钾,Ward,5,651,0.10759934929119219,Fe2O3+CaO+SiO2,0.14285714285714285,0,
高钾,Ward,2,652,-0.11801242236024845,SiO2+Al2O3+P2O5,0.6,0,
高钾,Ward,3,652,0.6069868995633187,SiO2+Al2O3+P2O5,0.6,0,
高钾,Ward,4,652,0.6280642434488588,SiO2+Al2O3+P2O5,0.6,0,
高钾,Ward,5,652,0.625,SiO2+Al2O3+P2O5,0.6,0,
高钾,Ward,2,653,0.3389830508474576,P2O5+K2O+Al2O3,0.6,0,
高钾,Ward,3,653,0.17956656346749225,P2O5+K2O+Al2O3,0.6,0,
高钾,Ward,4,653,0.4148936170212766,P2O5+K2O+Al2O3,0.6,0,
高钾,Ward,5,653,0.33271547729379053,P2O5+K2O+Al2O3,0.6,0,
高钾,Ward,2,654,0.3564356435643564,Al2O3+SiO2+CaO+MgO,0.2857142857142857,0,
高钾,Ward,3,654,0.08668730650154799,Al2O3+SiO2+CaO+MgO,0.2857142857142857,0,
高钾,Ward,4,654,0.15609487038058467,Al2O3+SiO2+CaO+MgO,0.2857142857142857,0,
高钾,Ward,5,654,0.35678944474986257,Al2O3+SiO2+CaO+MgO,0.2857142857142857,0,
高钾,Ward,2,655,0.7457627118644068,P2O5+Al2O3+CuO,0.6,0,
高钾,Ward,3,655,0.3887147335423197,P2O5+Al2O3+CuO,0.6,0,
高钾,Ward,4,655,0.43724137931034485,P2O5+Al2O3+CuO,0.6,0,
高钾,Ward,5,655,0.4706368899917287,P2O5+Al2O3+CuO,0.6,0,
高钾,Ward,2,656,1.0,Al2O3+SiO2+K2O+Fe2O3+CuO,0.6666666666666666,0,
高钾,Ward,3,656,0.40380899806789955,Al2O3+SiO2+K2O+Fe2O3+CuO,0.6666666666666666,0,
高钾,Ward,4,656,0.40545004128819156,Al2O3+SiO2+K2O+Fe2O3+CuO,0.6666666666666666,0,
高钾,Ward,5,656,0.32989690721649484,Al2O3+SiO2+K2O+Fe2O3+CuO,0.6666666666666666,0,
高钾,Ward,2,657,0.5352697095435685,SiO2+CuO,0.4,0,
高钾,Ward,3,657,0.22476446837146702,SiO2+CuO,0.4,0,
高钾,Ward,4,657,0.19416058394160585,SiO2+CuO,0.4,0,
高钾,Ward,5,657,0.16745506149479658,SiO2+CuO,0.4,0,
高钾,Ward,2,658,0.47761194029850745,K2O+Al2O3+SiO2+P2O5,0.8,0,
高钾,Ward,3,658,1.0,K2O+Al2O3+SiO2+P2O5,0.8,0,
高钾,Ward,4,658,0.4351464435146444,K2O+Al2O3+SiO2+P2O5,0.8,0,
高钾,Ward,5,658,0.36335403726708076,K2O+Al2O3+SiO2+P2O5,0.8,0,
高钾,Ward,2,659,,,,1,活动成分BaO没有正值，不能进行零替代
高钾,Ward,3,659,,,,1,活动成分BaO没有正值，不能进行零替代
高钾,Ward,4,659,,,,1,活动成分BaO没有正值，不能进行零替代
高钾,Ward,5,659,,,,1,活动成分BaO没有正值，不能进行零替代
高钾,Ward,2,660,0.2033195020746888,SiO2+P2O5+CuO,0.6,0,
高钾,Ward,3,660,0.35135135135135137,SiO2+P2O5+CuO,0.6,0,
高钾,Ward,4,660,0.5057962172056132,SiO2+P2O5+CuO,0.6,0,
高钾,Ward,5,660,0.7041420118343196,SiO2+P2O5+CuO,0.6,0,
高钾,Ward,2,661,0.21375921375921375,CaO+K2O+CuO+P2O5,0.5,0,
高钾,Ward,3,661,0.357429718875502,CaO+K2O+CuO+P2O5,0.5,0,
高钾,Ward,4,661,0.29176289453425713,CaO+K2O+CuO+P2O5,0.5,0,
高钾,Ward,5,661,0.28218465539661897,CaO+K2O+CuO+P2O5,0.5,0,
高钾,Ward,2,662,0.47761194029850745,SiO2+Al2O3+CaO+P2O5,0.5,0,
高钾,Ward,3,662,0.5643674951130969,SiO2+Al2O3+CaO+P2O5,0.5,0,
高钾,Ward,4,662,0.1905564924114671,SiO2+Al2O3+CaO+P2O5,0.5,0,
高钾,Ward,5,662,0.12778429073856976,SiO2+Al2O3+CaO+P2O5,0.5,0,
高钾,Ward,2,663,0.21052631578947367,CuO+MgO+Fe2O3,0.14285714285714285,0,
高钾,Ward,3,663,0.25,CuO+MgO+Fe2O3,0.14285714285714285,0,
高钾,Ward,4,663,-0.004784688995215311,CuO+MgO+Fe2O3,0.14285714285714285,0,
高钾,Ward,5,663,0.057971014492753624,CuO+MgO+Fe2O3,0.14285714285714285,0,
高钾,Ward,2,664,0.0,Al2O3+Fe2O3+SiO2,0.3333333333333333,0,
高钾,Ward,3,664,0.3087557603686636,Al2O3+Fe2O3+SiO2,0.3333333333333333,0,
高钾,Ward,4,664,0.3487394957983193,Al2O3+Fe2O3+SiO2,0.3333333333333333,0,
高钾,Ward,5,664,0.2618223760092272,Al2O3+Fe2O3+SiO2,0.3333333333333333,0,
高钾,Ward,2,665,0.5321637426900585,SiO2+CuO+P2O5,0.6,0,
高钾,Ward,3,665,0.6375717305949864,SiO2+CuO+P2O5,0.6,0,
高钾,Ward,4,665,0.5797516714422158,SiO2+CuO+P2O5,0.6,0,
高钾,Ward,5,665,0.739413680781759,SiO2+CuO+P2O5,0.6,0,
高钾,Ward,2,666,0.6926229508196722,K2O+MgO+SiO2+CuO+P2O5,0.6666666666666666,0,
高钾,Ward,3,666,0.6991978609625669,K2O+MgO+SiO2+CuO+P2O5,0.6666666666666666,0,
高钾,Ward,4,666,0.4959306904699396,K2O+MgO+SiO2+CuO+P2O5,0.6666666666666666,0,
高钾,Ward,5,666,0.5283018867924528,K2O+MgO+SiO2+CuO+P2O5,0.6666666666666666,0,
高钾,Ward,2,667,1.0,SiO2+Al2O3+K2O,0.6,0,
高钾,Ward,3,667,0.21397379912663755,SiO2+Al2O3+K2O,0.6,0,
高钾,Ward,4,667,0.21165381319622964,SiO2+Al2O3+K2O,0.6,0,
高钾,Ward,5,667,0.10422049956933678,SiO2+Al2O3+K2O,0.6,0,
高钾,Ward,2,668,1.0,K2O+MgO+Al2O3+SiO2+PbO,0.42857142857142855,0,
高钾,Ward,3,668,0.32768924302788843,K2O+MgO+Al2O3+SiO2+PbO,0.42857142857142855,0,
高钾,Ward,4,668,0.17701863354037267,K2O+MgO+Al2O3+SiO2+PbO,0.42857142857142855,0,
高钾,Ward,5,668,0.1837782340862423,K2O+MgO+Al2O3+SiO2+PbO,0.42857142857142855,0,
高钾,Ward,2,669,-0.1111111111111111,K2O+P2O5+Fe2O3+CuO,0.5,0,
高钾,Ward,3,669,0.1037344398340249,K2O+P2O5+Fe2O3+CuO,0.5,0,
高钾,Ward,4,669,0.2844677137870855,K2O+P2O5+Fe2O3+CuO,0.5,0,
高钾,Ward,5,669,0.4297976701410178,K2O+P2O5+Fe2O3+CuO,0.5,0,
高钾,Ward,2,670,0.6926229508196722,MgO+Al2O3+CuO+P2O5,0.5,0,
高钾,Ward,3,670,0.7550306211723534,MgO+Al2O3+CuO+P2O5,0.5,0,
高钾,Ward,4,670,0.6160267111853088,MgO+Al2O3+CuO+P2O5,0.5,0,
高钾,Ward,5,670,0.8139797068771139,MgO+Al2O3+CuO+P2O5,0.5,0,
高钾,Ward,2,671,1.0,Al2O3+SiO2+CuO,0.6,0,
高钾,Ward,3,671,0.5524861878453039,Al2O3+SiO2+CuO,0.6,0,
高钾,Ward,4,671,0.8130258647553755,Al2O3+SiO2+CuO,0.6,0,
高钾,Ward,5,671,0.4922139471902505,Al2O3+SiO2+CuO,0.6,0,
高钾,Ward,2,672,1.0,SiO2+Al2O3+K2O,0.6,0,
高钾,Ward,3,672,0.28388746803069054,SiO2+Al2O3+K2O,0.6,0,
高钾,Ward,4,672,0.1710758377425044,SiO2+Al2O3+K2O,0.6,0,
高钾,Ward,5,672,0.2962962962962963,SiO2+Al2O3+K2O,0.6,0,
高钾,Ward,2,673,0.10714285714285714,SiO2+MgO+P2O5+CuO,0.5,0,
高钾,Ward,3,673,0.043522267206477734,SiO2+MgO+P2O5+CuO,0.5,0,
高钾,Ward,4,673,0.24981245311327832,SiO2+MgO+P2O5+CuO,0.5,0,
高钾,Ward,5,673,0.3333333333333333,SiO2+MgO+P2O5+CuO,0.5,0,
高钾,Ward,2,674,-0.1111111111111111,Fe2O3+SiO2+CuO+P2O5,0.5,0,
高钾,Ward,3,674,0.11862527716186252,Fe2O3+SiO2+CuO+P2O5,0.5,0,
高钾,Ward,4,674,0.055404178019981834,Fe2O3+SiO2+CuO+P2O5,0.5,0,
高钾,Ward,5,674,0.13793103448275862,Fe2O3+SiO2+CuO+P2O5,0.5,0,
高钾,Ward,2,675,0.5333333333333333,Al2O3+SiO2,0.4,0,
高钾,Ward,3,675,0.4679966749792186,Al2O3+SiO2,0.4,0,
高钾,Ward,4,675,0.27332782824112306,Al2O3+SiO2,0.4,0,
高钾,Ward,5,675,0.12685337726523888,Al2O3+SiO2,0.4,0,
高钾,Ward,2,676,0.08333333333333333,CuO+CaO+Al2O3,0.3333333333333333,0,
高钾,Ward,3,676,0.31666666666666665,CuO+CaO+Al2O3,0.3333333333333333,0,
高钾,Ward,4,676,0.4166666666666667,CuO+CaO+Al2O3,0.3333333333333333,0,
高钾,Ward,5,676,0.15418502202643172,CuO+CaO+Al2O3,0.3333333333333333,0,
高钾,Ward,2,677,1.0,SiO2+Al2O3+K2O,0.6,0,
高钾,Ward,3,677,0.357429718875502,SiO2+Al2O3+K2O,0.6,0,
高钾,Ward,4,677,0.8525345622119815,SiO2+Al2O3+K2O,0.6,0,
高钾,Ward,5,677,0.8488188976377953,SiO2+Al2O3+K2O,0.6,0,
高钾,Ward,2,678,-0.05,CaO+Fe2O3+K2O+CuO+P2O5,0.42857142857142855,0,
高钾,Ward,3,678,0.05,CaO+Fe2O3+K2O+CuO+P2O5,0.42857142857142855,0,
高钾,Ward,4,678,0.05,CaO+Fe2O3+K2O+CuO+P2O5,0.42857142857142855,0,
高钾,Ward,5,678,0.0783132530120482,CaO+Fe2O3+K2O+CuO+P2O5,0.42857142857142855,0,
高钾,Ward,2,679,0.21052631578947367,Fe2O3+SiO2+CuO,0.3333333333333333,0,
高钾,Ward,3,679,0.07156673114119923,Fe2O3+SiO2+CuO,0.3333333333333333,0,
高钾,Ward,4,679,0.05525846702317291,Fe2O3+SiO2+CuO,0.3333333333333333,0,
高钾,Ward,5,679,0.007352941176470588,Fe2O3+SiO2+CuO,0.3333333333333333,0,
高钾,Ward,2,680,0.5333333333333333,SiO2+Al2O3,0.4,0,
高钾,Ward,3,680,0.510061242344707,SiO2+Al2O3,0.4,0,
高钾,Ward,4,680,0.5932203389830508,SiO2+Al2O3,0.4,0,
高钾,Ward,5,680,0.5663265306122449,SiO2+Al2O3,0.4,0,
高钾,Ward,2,681,0.21375921375921375,Al2O3+SiO2+P2O5,0.6,0,
高钾,Ward,3,681,0.12294440093970242,Al2O3+SiO2+P2O5,0.6,0,
高钾,Ward,4,681,0.11741528762805359,Al2O3+SiO2+P2O5,0.6,0,
高钾,Ward,5,681,0.1724137931034483,Al2O3+SiO2+P2O5,0.6,0,
高钾,Ward,2,682,0.1759656652360515,CuO+Fe2O3+CaO+MgO,0.125,0,
高钾,Ward,3,682,0.6595744680851063,CuO+Fe2O3+CaO+MgO,0.125,0,
高钾,Ward,4,682,0.45996275605214154,CuO+Fe2O3+CaO+MgO,0.125,0,
高钾,Ward,5,682,0.29336188436830835,CuO+Fe2O3+CaO+MgO,0.125,0,
高钾,Ward,2,683,0.3564356435643564,K2O+CaO+P2O5,0.3333333333333333,0,
高钾,Ward,3,683,0.189873417721519,K2O+CaO+P2O5,0.3333333333333333,0,
高钾,Ward,4,683,0.11939034716342083,K2O+CaO+P2O5,0.3333333333333333,0,
高钾,Ward,5,683,0.41530524505588995,K2O+CaO+P2O5,0.3333333333333333,0,
高钾,Ward,2,684,0.75,Al2O3+SiO2+P2O5,0.6,0,
高钾,Ward,3,684,0.6868131868131868,Al2O3+SiO2+P2O5,0.6,0,
高钾,Ward,4,684,0.6927453769559033,Al2O3+SiO2+P2O5,0.6,0,
高钾,Ward,5,684,0.7368421052631579,Al2O3+SiO2+P2O5,0.6,0,
高钾,Ward,2,685,1.0,Al2O3+SiO2+K2O+P2O5,0.8,0,
高钾,Ward,3,685,0.9001386962552012,Al2O3+SiO2+K2O+P2O5,0.8,0,
高钾,Ward,4,685,0.5167785234899329,Al2O3+SiO2+K2O+P2O5,0.8,0,
高钾,Ward,5,685,0.34011547979103657,Al2O3+SiO2+K2O+P2O5,0.8,0,
高钾,Ward,2,686,-0.006993006993006993,SiO2+Fe2O3+CuO,0.3333333333333333,0,
高钾,Ward,3,686,0.15134370579915135,SiO2+Fe2O3+CuO,0.3333333333333333,0,
高钾,Ward,4,686,0.4759825327510917,SiO2+Fe2O3+CuO,0.3333333333333333,0,
高钾,Ward,5,686,0.4738490447854682,SiO2+Fe2O3+CuO,0.3333333333333333,0,
高钾,Ward,2,687,1.0,SiO2+CuO+Al2O3+P2O5,0.8,0,
高钾,Ward,3,687,0.8666666666666667,SiO2+CuO+Al2O3+P2O5,0.8,0,
高钾,Ward,4,687,0.6391752577319587,SiO2+CuO+Al2O3+P2O5,0.8,0,
高钾,Ward,5,687,0.6051332675222113,SiO2+CuO+Al2O3+P2O5,0.8,0,
高钾,Ward,2,688,1.0,SiO2+P2O5+Al2O3+K2O,0.8,0,
高钾,Ward,3,688,0.425754060324826,SiO2+P2O5+Al2O3+K2O,0.8,0,
高钾,Ward,4,688,1.0,SiO2+P2O5+Al2O3+K2O,0.8,0,
高钾,Ward,5,688,0.5209580838323353,SiO2+P2O5+Al2O3+K2O,0.8,0,
高钾,Ward,2,689,,,,1,活动成分BaO在训练集中全缺失
高钾,Ward,3,689,,,,1,活动成分BaO在训练集中全缺失
高钾,Ward,4,689,,,,1,活动成分BaO在训练集中全缺失
高钾,Ward,5,689,,,,1,活动成分BaO在训练集中全缺失
高钾,Ward,2,690,1.0,SiO2+K2O,0.4,0,
高钾,Ward,3,690,0.6354166666666666,SiO2+K2O,0.4,0,
高钾,Ward,4,690,0.2886178861788618,SiO2+K2O,0.4,0,
高钾,Ward,5,690,0.31693989071038253,SiO2+K2O,0.4,0,
高钾,Ward,2,691,-0.12903225806451613,CuO+PbO+CaO+Fe2O3,0.125,0,
高钾,Ward,3,691,-0.017241379310344827,CuO+PbO+CaO+Fe2O3,0.125,0,
高钾,Ward,4,691,0.26258992805755393,CuO+PbO+CaO+Fe2O3,0.125,0,
高钾,Ward,5,691,0.39486552567237165,CuO+PbO+CaO+Fe2O3,0.125,0,
高钾,Ward,2,692,0.0,Fe2O3+CuO+CaO,0.14285714285714285,0,
高钾,Ward,3,692,0.22641509433962265,Fe2O3+CuO+CaO,0.14285714285714285,0,
高钾,Ward,4,692,0.40816326530612246,Fe2O3+CuO+CaO,0.14285714285714285,0,
高钾,Ward,5,692,0.45803537824614227,Fe2O3+CuO+CaO,0.14285714285714285,0,
高钾,Ward,2,693,1.0,SiO2+CuO+P2O5,0.6,0,
高钾,Ward,3,693,0.9001386962552012,SiO2+CuO+P2O5,0.6,0,
高钾,Ward,4,693,0.5167785234899329,SiO2+CuO+P2O5,0.6,0,
高钾,Ward,5,693,0.563392107472712,SiO2+CuO+P2O5,0.6,0,
高钾,Ward,2,694,1.0,Al2O3+SiO2+K2O+P2O5,0.8,0,
高钾,Ward,3,694,0.425754060324826,Al2O3+SiO2+K2O+P2O5,0.8,0,
高钾,Ward,4,694,1.0,Al2O3+SiO2+K2O+P2O5,0.8,0,
高钾,Ward,5,694,0.570446735395189,Al2O3+SiO2+K2O+P2O5,0.8,0,
高钾,Ward,2,695,1.0,SiO2+CaO+Al2O3+CuO,0.5,0,
高钾,Ward,3,695,0.7838137472283814,SiO2+CaO+Al2O3+CuO,0.5,0,
高钾,Ward,4,695,0.41578947368421054,SiO2+CaO+Al2O3+CuO,0.5,0,
高钾,Ward,5,695,0.18041237113402062,SiO2+CaO+Al2O3+CuO,0.5,0,
高钾,Ward,2,696,-0.11940298507462686,Al2O3+SiO2+P2O5+CuO,0.8,0,
高钾,Ward,3,696,0.7828507795100222,Al2O3+SiO2+P2O5+CuO,0.8,0,
高钾,Ward,4,696,0.6085538238492207,Al2O3+SiO2+P2O5+CuO,0.8,0,
高钾,Ward,5,696,0.6173469387755102,Al2O3+SiO2+P2O5+CuO,0.8,0,
高钾,Ward,2,697,-0.09871244635193133,SiO2+CuO+Fe2O3,0.3333333333333333,0,
高钾,Ward,3,697,-0.053497942386831275,SiO2+CuO+Fe2O3,0.3333333333333333,0,
高钾,Ward,4,697,0.06903103229892336,SiO2+CuO+Fe2O3,0.3333333333333333,0,
高钾,Ward,5,697,0.13380281690140844,SiO2+CuO+Fe2O3,0.3333333333333333,0,
高钾,Ward,2,698,0.2033195020746888,SiO2+Fe2O3+P2O5+CuO,0.5,0,
高钾,Ward,3,698,0.2550607287449393,SiO2+Fe2O3+P2O5+CuO,0.5,0,
高钾,Ward,4,698,0.2727272727272727,SiO2+Fe2O3+P2O5+CuO,0.5,0,
高钾,Ward,5,698,0.3059360730593607,SiO2+Fe2O3+P2O5+CuO,0.5,0,
高钾,Ward,2,699,1.0,K2O+MgO+Al2O3+SiO2,0.5,0,
高钾,Ward,3,699,0.3775933609958506,K2O+MgO+Al2O3+SiO2,0.5,0,
高钾,Ward,4,699,0.25311203319502074,K2O+MgO+Al2O3+SiO2,0.5,0,
高钾,Ward,5,699,0.1837782340862423,K2O+MgO+Al2O3+SiO2,0.5,0,
高钾,Ward,2,700,0.21375921375921375,K2O+P2O5+Al2O3+MgO,0.5,0,
高钾,Ward,3,700,0.4482758620689655,K2O+P2O5+Al2O3+MgO,0.5,0,
高钾,Ward,4,700,0.9641255605381166,K2O+P2O5+Al2O3+MgO,0.5,0,
高钾,Ward,5,700,0.5665024630541872,K2O+P2O5+Al2O3+MgO,0.5,0,
高钾,Ward,2,701,-0.11940298507462686,K2O+Al2O3+CuO+P2O5,0.8,0,
高钾,Ward,3,701,1.0,K2O+Al2O3+CuO+P2O5,0.8,0,
高钾,Ward,4,701,0.94874715261959,K2O+Al2O3+CuO+P2O5,0.8,0,
高钾,Ward,5,701,0.5381773399014779,K2O+Al2O3+CuO+P2O5,0.8,0,
高钾,Ward,2,702,1.0,Al2O3+K2O+SiO2,0.6,0,
高钾,Ward,3,702,0.6102841677943166,Al2O3+K2O+SiO2,0.6,0,
高钾,Ward,4,702,0.5856115107913669,Al2O3+K2O+SiO2,0.6,0,
高钾,Ward,5,702,0.36749633967789164,Al2O3+K2O+SiO2,0.6,0,
高钾,Ward,2,703,1.0,SiO2+K2O+CuO+P2O5,0.8,0,
高钾,Ward,3,703,0.7053206002728513,SiO2+K2O+CuO+P2O5,0.8,0,
高钾,Ward,4,703,0.8926334625708321,SiO2+K2O+CuO+P2O5,0.8,0,
高钾,Ward,5,703,0.4963273871983211,SiO2+K2O+CuO+P2O5,0.8,0,
高钾,Ward,2,704,1.0,Al2O3+K2O+MgO+CuO+P2O5,0.6666666666666666,0,
高钾,Ward,3,704,0.6354598177299089,Al2O3+K2O+MgO+CuO+P2O5,0.6666666666666666,0,
高钾,Ward,4,704,0.9666388657214345,Al2O3+K2O+MgO+CuO+P2O5,0.6666666666666666,0,
高钾,Ward,5,704,0.5907928388746803,Al2O3+K2O+MgO+CuO+P2O5,0.6666666666666666,0,
高钾,Ward,2,705,0.6926229508196722,SiO2+K2O+P2O5,0.6,0,
高钾,Ward,3,705,0.5691797845898923,SiO2+K2O+P2O5,0.6,0,
高钾,Ward,4,705,0.6068796068796068,SiO2+K2O+P2O5,0.6,0,
高钾,Ward,5,705,0.2618878637331441,SiO2+K2O+P2O5,0.6,0,
高钾,Ward,2,706,1.0,K2O+MgO+Al2O3+SiO2+P2O5,0.6666666666666666,0,
高钾,Ward,3,706,0.5012468827930174,K2O+MgO+Al2O3+SiO2+P2O5,0.6666666666666666,0,
高钾,Ward,4,706,1.0,K2O+MgO+Al2O3+SiO2+P2O5,0.6666666666666666,0,
高钾,Ward,5,706,1.0,K2O+MgO+Al2O3+SiO2+P2O5,0.6666666666666666,0,
高钾,Ward,2,707,1.0,K2O+SiO2+P2O5,0.6,0,
高钾,Ward,3,707,0.357429718875502,K2O+SiO2+P2O5,0.6,0,
高钾,Ward,4,707,1.0,K2O+SiO2+P2O5,0.6,0,
高钾,Ward,5,707,1.0,K2O+SiO2+P2O5,0.6,0,
高钾,Ward,2,708,-0.09883720930232558,Fe2O3+SiO2+P2O5+CuO,0.5,0,
高钾,Ward,3,708,-0.03782287822878229,Fe2O3+SiO2+P2O5+CuO,0.5,0,
高钾,Ward,4,708,0.05918727915194346,Fe2O3+SiO2+P2O5+CuO,0.5,0,
高钾,Ward,5,708,0.08329845123482629,Fe2O3+SiO2+P2O5+CuO,0.5,0,
高钾,Ward,2,709,-0.06666666666666667,Fe2O3+SiO2+P2O5,0.3333333333333333,0,
高钾,Ward,3,709,0.199438202247191,Fe2O3+SiO2+P2O5,0.3333333333333333,0,
高钾,Ward,4,709,0.0631653655074521,Fe2O3+SiO2+P2O5,0.3333333333333333,0,
高钾,Ward,5,709,0.15316982878297083,Fe2O3+SiO2+P2O5,0.3333333333333333,0,
高钾,Ward,2,710,1.0,P2O5+SiO2+K2O,0.6,0,
高钾,Ward,3,710,0.7889182058047494,P2O5+SiO2+K2O,0.6,0,
高钾,Ward,4,710,0.67558799675588,P2O5+SiO2+K2O,0.6,0,
高钾,Ward,5,710,0.6748848550528312,P2O5+SiO2+K2O,0.6,0,
高钾,Ward,2,711,-0.08333333333333333,K2O+Al2O3+SiO2+P2O5,0.8,0,
高钾,Ward,3,711,1.0,K2O+Al2O3+SiO2+P2O5,0.8,0,
高钾,Ward,4,711,0.41256459069893936,K2O+Al2O3+SiO2+P2O5,0.8,0,
高钾,Ward,5,711,0.5668449197860963,K2O+Al2O3+SiO2+P2O5,0.8,0,
高钾,Ward,2,712,1.0,K2O+Al2O3+CuO+SiO2+P2O5,1.0,0,
高钾,Ward,3,712,1.0,K2O+Al2O3+CuO+SiO2+P2O5,1.0,0,
高钾,Ward,4,712,0.9315068493150684,K2O+Al2O3+CuO+SiO2+P2O5,1.0,0,
高钾,Ward,5,712,0.47336561743341404,K2O+Al2O3+CuO+SiO2+P2O5,1.0,0,
高钾,Ward,2,713,0.0,K2O+CuO+Al2O3+P2O5,0.8,0,
高钾,Ward,3,713,0.08603667136812412,K2O+CuO+Al2O3+P2O5,0.8,0,
高钾,Ward,4,713,0.2939046469523235,K2O+CuO+Al2O3+P2O5,0.8,0,
高钾,Ward,5,713,0.22486033519553073,K2O+CuO+Al2O3+P2O5,0.8,0,
高钾,Ward,2,714,-0.06779661016949153,Al2O3+P2O5+CaO+Fe2O3,0.2857142857142857,0,
高钾,Ward,3,714,-0.021621621621621623,Al2O3+P2O5+CaO+Fe2O3,0.2857142857142857,0,
高钾,Ward,4,714,0.03095558546433378,Al2O3+P2O5+CaO+Fe2O3,0.2857142857142857,0,
高钾,Ward,5,714,0.13978494623655913,Al2O3+P2O5+CaO+Fe2O3,0.2857142857142857,0,
高钾,Ward,2,715,1.0,Al2O3+CuO+SiO2+K2O,0.8,0,
高钾,Ward,3,715,1.0,Al2O3+CuO+SiO2+K2O,0.8,0,
高钾,Ward,4,715,0.6025393320452663,Al2O3+CuO+SiO2+K2O,0.8,0,
高钾,Ward,5,715,0.5264937993235626,Al2O3+CuO+SiO2+K2O,0.8,0,
高钾,Ward,2,716,0.0,CuO+Fe2O3+Al2O3,0.3333333333333333,0,
高钾,Ward,3,716,0.0,CuO+Fe2O3+Al2O3,0.3333333333333333,0,
高钾,Ward,4,716,-0.0641025641025641,CuO+Fe2O3+Al2O3,0.3333333333333333,0,
高钾,Ward,5,716,-0.03081232492997199,CuO+Fe2O3+Al2O3,0.3333333333333333,0,
高钾,Ward,2,717,1.0,Al2O3+SiO2+K2O+Fe2O3,0.5,0,
高钾,Ward,3,717,0.4582043343653251,Al2O3+SiO2+K2O+Fe2O3,0.5,0,
高钾,Ward,4,717,0.32432432432432434,Al2O3+SiO2+K2O+Fe2O3,0.5,0,
高钾,Ward,5,717,0.27299703264094954,Al2O3+SiO2+K2O+Fe2O3,0.5,0,
高钾,Ward,2,718,0.7311827956989247,SiO2+Al2O3+P2O5,0.6,0,
高钾,Ward,3,718,0.7660818713450293,SiO2+Al2O3+P2O5,0.6,0,
高钾,Ward,4,718,0.3739424703891709,SiO2+Al2O3+P2O5,0.6,0,
高钾,Ward,5,718,0.3793103448275862,SiO2+Al2O3+P2O5,0.6,0,
高钾,Ward,2,719,,,,1,活动成分BaO没有正值，不能进行零替代
高钾,Ward,3,719,,,,1,活动成分BaO没有正值，不能进行零替代
高钾,Ward,4,719,,,,1,活动成分BaO没有正值，不能进行零替代
高钾,Ward,5,719,,,,1,活动成分BaO没有正值，不能进行零替代
高钾,Ward,2,720,0.08333333333333333,SiO2+Fe2O3+CuO+P2O5,0.5,0,
高钾,Ward,3,720,0.12550607287449392,SiO2+Fe2O3+CuO+P2O5,0.5,0,
高钾,Ward,4,720,0.18088737201365188,SiO2+Fe2O3+CuO+P2O5,0.5,0,
高钾,Ward,5,720,0.3054136874361593,SiO2+Fe2O3+CuO+P2O5,0.5,0,
高钾,Ward,2,721,1.0,SiO2+K2O+P2O5+CuO,0.8,0,
高钾,Ward,3,721,1.0,SiO2+K2O+P2O5+CuO,0.8,0,
高钾,Ward,4,721,0.8984485190409027,SiO2+K2O+P2O5+CuO,0.8,0,
高钾,Ward,5,721,0.4885844748858447,SiO2+K2O+P2O5+CuO,0.8,0,
高钾,Ward,2,722,1.0,SiO2+Al2O3+K2O,0.6,0,
高钾,Ward,3,722,0.39983328702417337,SiO2+Al2O3+K2O,0.6,0,
高钾,Ward,4,722,0.5159663865546219,SiO2+Al2O3+K2O,0.6,0,
高钾,Ward,5,722,0.4566353187042842,SiO2+Al2O3+K2O,0.6,0,
高钾,Ward,2,723,0.3389830508474576,SiO2+Al2O3+CuO+P2O5,0.8,0,
高钾,Ward,3,723,0.09230769230769231,SiO2+Al2O3+CuO+P2O5,0.8,0,
高钾,Ward,4,723,0.17857142857142858,SiO2+Al2O3+CuO+P2O5,0.8,0,
高钾,Ward,5,723,0.24242424242424243,SiO2+Al2O3+CuO+P2O5,0.8,0,
高钾,Ward,2,724,1.0,Al2O3+SiO2+K2O,0.6,0,
高钾,Ward,3,724,0.5509977827050998,Al2O3+SiO2+K2O,0.6,0,
高钾,Ward,4,724,0.6052631578947368,Al2O3+SiO2+K2O,0.6,0,
高钾,Ward,5,724,0.5198463508322664,Al2O3+SiO2+K2O,0.6,0,
高钾,Ward,2,725,0.35,SiO2+Al2O3+CuO,0.6,0,
高钾,Ward,3,725,0.058823529411764705,SiO2+Al2O3+CuO,0.6,0,
高钾,Ward,4,725,0.13608130999435347,SiO2+Al2O3+CuO,0.6,0,
高钾,Ward,5,725,0.2849035187287174,SiO2+Al2O3+CuO,0.6,0,
高钾,Ward,2,726,-0.09871244635193133,PbO+Al2O3+P2O5+Fe2O3,0.2857142857142857,0,
高钾,Ward,3,726,0.44427292374189564,PbO+Al2O3+P2O5+Fe2O3,0.2857142857142857,0,
高钾,Ward,4,726,0.4902654867256637,PbO+Al2O3+P2O5+Fe2O3,0.2857142857142857,0,
高钾,Ward,5,726,0.4083370685791125,PbO+Al2O3+P2O5+Fe2O3,0.2857142857142857,0,
高钾,Ward,2,727,,,,1,活动成分BaO没有正值，不能进行零替代
高钾,Ward,3,727,,,,1,活动成分BaO没有正值，不能进行零替代
高钾,Ward,4,727,,,,1,活动成分BaO没有正值，不能进行零替代
高钾,Ward,5,727,,,,1,活动成分BaO没有正值，不能进行零替代
高钾,Ward,2,728,1.0,CaO+K2O+CuO+P2O5,0.5,0,
高钾,Ward,3,728,1.0,CaO+K2O+CuO+P2O5,0.5,0,
高钾,Ward,4,728,0.6368876080691642,CaO+K2O+CuO+P2O5,0.5,0,
高钾,Ward,5,728,0.6120689655172413,CaO+K2O+CuO+P2O5,0.5,0,
高钾,Ward,2,729,1.0,SiO2+Al2O3+K2O,0.6,0,
高钾,Ward,3,729,0.4132029339853301,SiO2+Al2O3+K2O,0.6,0,
高钾,Ward,4,729,0.2789267747344885,SiO2+Al2O3+K2O,0.6,0,
高钾,Ward,5,729,0.11764705882352941,SiO2+Al2O3+K2O,0.6,0,
高钾,Ward,2,730,,,,1,活动成分BaO没有正值，不能进行零替代
高钾,Ward,3,730,,,,1,活动成分BaO没有正值，不能进行零替代
高钾,Ward,4,730,,,,1,活动成分BaO没有正值，不能进行零替代
高钾,Ward,5,730,,,,1,活动成分BaO没有正值，不能进行零替代
高钾,Ward,2,731,1.0,SiO2+Al2O3+K2O+P2O5,0.8,0,
高钾,Ward,3,731,0.7889182058047494,SiO2+Al2O3+K2O+P2O5,0.8,0,
高钾,Ward,4,731,0.9660729431721798,SiO2+Al2O3+K2O+P2O5,0.8,0,
高钾,Ward,5,731,0.44678609062170704,SiO2+Al2O3+K2O+P2O5,0.8,0,
高钾,Ward,2,732,1.0,P2O5+SiO2+Al2O3+K2O,0.8,0,
高钾,Ward,3,732,0.4700524427270218,P2O5+SiO2+Al2O3+K2O,0.8,0,
高钾,Ward,4,732,0.46380697050938335,P2O5+SiO2+Al2O3+K2O,0.8,0,
高钾,Ward,5,732,0.38661710037174724,P2O5+SiO2+Al2O3+K2O,0.8,0,
高钾,Ward,2,733,0.23529411764705882,SiO2+P2O5+Al2O3,0.6,0,
高钾,Ward,3,733,0.10606060606060606,SiO2+P2O5+Al2O3,0.6,0,
高钾,Ward,4,733,0.21946518911105758,SiO2+P2O5+Al2O3,0.6,0,
高钾,Ward,5,733,0.27281368821292773,SiO2+P2O5+Al2O3,0.6,0,
高钾,Ward,2,734,0.3389830508474576,Fe2O3+Al2O3+CuO,0.3333333333333333,0,
高钾,Ward,3,734,0.35011709601873536,Fe2O3+Al2O3+CuO,0.3333333333333333,0,
高钾,Ward,4,734,0.35009671179883944,Fe2O3+Al2O3+CuO,0.3333333333333333,0,
高钾,Ward,5,734,0.3968531468531469,Fe2O3+Al2O3+CuO,0.3333333333333333,0,
高钾,Ward,2,735,0.08333333333333333,K2O+CuO+CaO+P2O5,0.5,0,
高钾,Ward,3,735,0.07390917186108638,K2O+CuO+CaO+P2O5,0.5,0,
高钾,Ward,4,735,0.08564462054251752,K2O+CuO+CaO+P2O5,0.5,0,
高钾,Ward,5,735,0.27738050432818967,K2O+CuO+CaO+P2O5,0.5,0,
高钾,Ward,2,736,1.0,Al2O3+SiO2+P2O5+K2O,0.8,0,
高钾,Ward,3,736,0.3775933609958506,Al2O3+SiO2+P2O5+K2O,0.8,0,
高钾,Ward,4,736,0.23076923076923078,Al2O3+SiO2+P2O5+K2O,0.8,0,
高钾,Ward,5,736,0.22272727272727272,Al2O3+SiO2+P2O5+K2O,0.8,0,
高钾,Ward,2,737,0.47761194029850745,SiO2+P2O5+K2O+Al2O3,0.8,0,
高钾,Ward,3,737,1.0,SiO2+P2O5+K2O+Al2O3,0.8,0,
高钾,Ward,4,737,1.0,SiO2+P2O5+K2O+Al2O3,0.8,0,
高钾,Ward,5,737,0.6363636363636364,SiO2+P2O5+K2O+Al2O3,0.8,0,
高钾,Ward,2,738,0.08831908831908832,CuO+Al2O3+MgO+P2O5,0.5,0,
高钾,Ward,3,738,0.13776944704779756,CuO+Al2O3+MgO+P2O5,0.5,0,
高钾,Ward,4,738,0.7671194898807874,CuO+Al2O3+MgO+P2O5,0.5,0,
高钾,Ward,5,738,0.36860068259385664,CuO+Al2O3+MgO+P2O5,0.5,0,
高钾,Ward,2,739,-0.09871244635193133,Fe2O3+CaO+CuO+K2O,0.2857142857142857,0,
高钾,Ward,3,739,-0.030756442227763924,Fe2O3+CaO+CuO+K2O,0.2857142857142857,0,
高钾,Ward,4,739,0.07991742848717193,Fe2O3+CaO+CuO+K2O,0.2857142857142857,0,
高钾,Ward,5,739,0.3611024115252114,Fe2O3+CaO+CuO+K2O,0.2857142857142857,0,
高钾,Ward,2,740,1.0,P2O5+SiO2+Al2O3+K2O,0.8,0,
高钾,Ward,3,740,1.0,P2O5+SiO2+Al2O3+K2O,0.8,0,
高钾,Ward,4,740,1.0,P2O5+SiO2+Al2O3+K2O,0.8,0,
高钾,Ward,5,740,0.9620132953466287,P2O5+SiO2+Al2O3+K2O,0.8,0,
高钾,Ward,2,741,1.0,SiO2+K2O+Al2O3+P2O5,0.8,0,
高钾,Ward,3,741,0.9001386962552012,SiO2+K2O+Al2O3+P2O5,0.8,0,
高钾,Ward,4,741,0.8984485190409027,SiO2+K2O+Al2O3+P2O5,0.8,0,
高钾,Ward,5,741,0.9652878218108186,SiO2+K2O+Al2O3+P2O5,0.8,0,
高钾,Ward,2,742,0.47761194029850745,Al2O3+SiO2+CaO,0.3333333333333333,0,
高钾,Ward,3,742,0.13797374287837502,Al2O3+SiO2+CaO,0.3333333333333333,0,
高钾,Ward,4,742,0.2742571653957402,Al2O3+SiO2+CaO,0.3333333333333333,0,
高钾,Ward,5,742,0.10470800102907127,Al2O3+SiO2+CaO,0.3333333333333333,0,
高钾,Ward,2,743,-0.07142857142857142,Al2O3+CuO+P2O5,0.6,0,
高钾,Ward,3,743,-0.08597285067873303,Al2O3+CuO+P2O5,0.6,0,
高钾,Ward,4,743,0.13383458646616542,Al2O3+CuO+P2O5,0.6,0,
高钾,Ward,5,743,0.23371647509578544,Al2O3+CuO+P2O5,0.6,0,
高钾,Ward,2,744,0.75,SiO2+Al2O3+P2O5+CuO,0.8,0,
高钾,Ward,3,744,0.7020689655172414,SiO2+Al2O3+P2O5+CuO,0.8,0,
高钾,Ward,4,744,0.42939481268011526,SiO2+Al2O3+P2O5+CuO,0.8,0,
高钾,Ward,5,744,0.44144144144144143,SiO2+Al2O3+P2O5+CuO,0.8,0,
高钾,Ward,2,745,-0.0784313725490196,P2O5+Al2O3,0.4,0,
高钾,Ward,3,745,0.4198895027624309,P2O5+Al2O3,0.4,0,
高钾,Ward,4,745,0.2857142857142857,P2O5+Al2O3,0.4,0,
高钾,Ward,5,745,0.2613111726685134,P2O5+Al2O3,0.4,0,
高钾,Ward,2,746,0.08333333333333333,Al2O3+SiO2+Fe2O3+P2O5,0.5,0,
高钾,Ward,3,746,0.2446351931330472,Al2O3+SiO2+Fe2O3+P2O5,0.5,0,
高钾,Ward,4,746,0.2737430167597765,Al2O3+SiO2+Fe2O3+P2O5,0.5,0,
高钾,Ward,5,746,0.31724137931034485,Al2O3+SiO2+Fe2O3+P2O5,0.5,0,
高钾,Ward,2,747,1.0,SiO2+P2O5+Al2O3+K2O+MgO,0.6666666666666666,0,
高钾,Ward,3,747,0.5509977827050998,SiO2+P2O5+Al2O3+K2O+MgO,0.6666666666666666,0,
高钾,Ward,4,747,1.0,SiO2+P2O5+Al2O3+K2O+MgO,0.6666666666666666,0,
高钾,Ward,5,747,0.925,SiO2+P2O5+Al2O3+K2O+MgO,0.6666666666666666,0,
高钾,Ward,2,748,0.7457627118644068,SiO2+Fe2O3+P2O5+CuO,0.5,0,
高钾,Ward,3,748,0.8160535117056856,SiO2+Fe2O3+P2O5+CuO,0.5,0,
高钾,Ward,4,748,0.4582043343653251,SiO2+Fe2O3+P2O5+CuO,0.5,0,
高钾,Ward,5,748,0.29850746268656714,SiO2+Fe2O3+P2O5+CuO,0.5,0,
高钾,Ward,2,749,-0.09871244635193133,CuO+CaO,0.16666666666666666,0,
高钾,Ward,3,749,0.3309172010036242,CuO+CaO,0.16666666666666666,0,
高钾,Ward,4,749,0.3619017829214889,CuO+CaO,0.16666666666666666,0,
高钾,Ward,5,749,0.4076999012833169,CuO+CaO,0.16666666666666666,0,
高钾,Ward,2,750,1.0,SiO2+K2O+Al2O3+CuO,0.8,0,
高钾,Ward,3,750,1.0,SiO2+K2O+Al2O3+CuO,0.8,0,
高钾,Ward,4,750,0.8984485190409027,SiO2+K2O+Al2O3+CuO,0.8,0,
高钾,Ward,5,750,0.5108695652173914,SiO2+K2O+Al2O3+CuO,0.8,0,
高钾,Ward,2,751,,,,1,活动成分BaO在训练集中全缺失
高钾,Ward,3,751,,,,1,活动成分BaO在训练集中全缺失
高钾,Ward,4,751,,,,1,活动成分BaO在训练集中全缺失
高钾,Ward,5,751,,,,1,活动成分BaO在训练集中全缺失
高钾,Ward,2,752,0.08333333333333333,Al2O3+SiO2+Fe2O3+P2O5,0.5,0,
高钾,Ward,3,752,0.2572944297082228,Al2O3+SiO2+Fe2O3+P2O5,0.5,0,
高钾,Ward,4,752,0.4187102633969119,Al2O3+SiO2+Fe2O3+P2O5,0.5,0,
高钾,Ward,5,752,0.5348837209302325,Al2O3+SiO2+Fe2O3+P2O5,0.5,0,
高钾,Ward,2,753,-0.09871244635193133,Fe2O3+SiO2+CuO+P2O5,0.5,0,
高钾,Ward,3,753,-0.020255063765941484,Fe2O3+SiO2+CuO+P2O5,0.5,0,
高钾,Ward,4,753,0.054373522458628844,Fe2O3+SiO2+CuO+P2O5,0.5,0,
高钾,Ward,5,753,0.16535433070866143,Fe2O3+SiO2+CuO+P2O5,0.5,0,
高钾,Ward,2,754,0.0,CuO+Al2O3+P2O5,0.6,0,
高钾,Ward,3,754,0.0,CuO+Al2O3+P2O5,0.6,0,
高钾,Ward,4,754,0.2905405405405405,CuO+Al2O3+P2O5,0.6,0,
高钾,Ward,5,754,0.2641509433962264,CuO+Al2O3+P2O5,0.6,0,
高钾,Ward,2,755,0.6926229508196722,SiO2+Al2O3+CaO,0.3333333333333333,0,
高钾,Ward,3,755,0.21577946768060838,SiO2+Al2O3+CaO,0.3333333333333333,0,
高钾,Ward,4,755,0.31632400297250435,SiO2+Al2O3+CaO,0.3333333333333333,0,
高钾,Ward,5,755,0.18405627198124266,SiO2+Al2O3+CaO,0.3333333333333333,0,
高钾,Ward,2,756,1.0,SiO2+K2O+CuO+P2O5,0.8,0,
高钾,Ward,3,756,0.8344827586206897,SiO2+K2O+CuO+P2O5,0.8,0,
高钾,Ward,4,756,0.8984485190409027,SiO2+K2O+CuO+P2O5,0.8,0,
高钾,Ward,5,756,0.9310938845822567,SiO2+K2O+CuO+P2O5,0.8,0,
高钾,Ward,2,757,0.2,CuO+SiO2+P2O5,0.6,0,
高钾,Ward,3,757,0.12049252418645559,CuO+SiO2+P2O5,0.6,0,
高钾,Ward,4,757,0.27732610659439927,CuO+SiO2+P2O5,0.6,0,
高钾,Ward,5,757,0.23258162234937732,CuO+SiO2+P2O5,0.6,0,
高钾,Ward,2,758,-0.06666666666666667,Fe2O3+Al2O3+CuO,0.3333333333333333,0,
高钾,Ward,3,758,0.030303030303030304,Fe2O3+Al2O3+CuO,0.3333333333333333,0,
高钾,Ward,4,758,0.27916534935188114,Fe2O3+Al2O3+CuO,0.3333333333333333,0,
高钾,Ward,5,758,0.4642857142857143,Fe2O3+Al2O3+CuO,0.3333333333333333,0,
高钾,Ward,2,759,1.0,SiO2+K2O+Al2O3,0.6,0,
高钾,Ward,3,759,0.3317422434367542,SiO2+K2O+Al2O3,0.6,0,
高钾,Ward,4,759,0.30324623911322246,SiO2+K2O+Al2O3,0.6,0,
高钾,Ward,5,759,0.205607476635514,SiO2+K2O+Al2O3,0.6,0,
高钾,Ward,2,760,0.08333333333333333,SiO2+P2O5+CuO,0.6,0,
高钾,Ward,3,760,0.2550607287449393,SiO2+P2O5+CuO,0.6,0,
高钾,Ward,4,760,0.3253012048192771,SiO2+P2O5+CuO,0.6,0,
高钾,Ward,5,760,0.37276478679504815,SiO2+P2O5+CuO,0.6,0,
高钾,Ward,2,761,1.0,CuO+CaO+SiO2,0.3333333333333333,0,
高钾,Ward,3,761,0.800498753117207,CuO+CaO+SiO2,0.3333333333333333,0,
高钾,Ward,4,761,0.6160267111853088,CuO+CaO+SiO2,0.3333333333333333,0,
高钾,Ward,5,761,0.3062605752961083,CuO+CaO+SiO2,0.3333333333333333,0,
高钾,Ward,2,762,0.5333333333333333,Al2O3+SiO2+MgO+Fe2O3,0.2857142857142857,0,
高钾,Ward,3,762,0.5454545454545454,Al2O3+SiO2+MgO+Fe2O3,0.2857142857142857,0,
高钾,Ward,4,762,0.5659163987138264,Al2O3+SiO2+MgO+Fe2O3,0.2857142857142857,0,
高钾,Ward,5,762,0.4375,Al2O3+SiO2+MgO+Fe2O3,0.2857142857142857,0,
高钾,Ward,2,763,0.5333333333333333,SiO2+CuO+P2O5,0.6,0,
高钾,Ward,3,763,0.4444444444444444,SiO2+CuO+P2O5,0.6,0,
高钾,Ward,4,763,0.7848819838661488,SiO2+CuO+P2O5,0.6,0,
高钾,Ward,5,763,0.8337374437131971,SiO2+CuO+P2O5,0.6,0,
高钾,Ward,2,764,0.5333333333333333,Al2O3+SiO2,0.4,0,
高钾,Ward,3,764,0.3700787401574803,Al2O3+SiO2,0.4,0,
高钾,Ward,4,764,0.2050587172538392,Al2O3+SiO2,0.4,0,
高钾,Ward,5,764,0.18744228993536471,Al2O3+SiO2,0.4,0,
高钾,Ward,2,765,1.0,SiO2+Al2O3+K2O,0.6,0,
高钾,Ward,3,765,0.7768878718535469,SiO2+Al2O3+K2O,0.6,0,
高钾,Ward,4,765,0.9107674003569304,SiO2+Al2O3+K2O,0.6,0,
高钾,Ward,5,765,0.5634920634920635,SiO2+Al2O3+K2O,0.6,0,
高钾,Ward,2,766,1.0,K2O+SiO2+Al2O3+P2O5+MgO,0.6666666666666666,0,
高钾,Ward,3,766,0.569377990430622,K2O+SiO2+Al2O3+P2O5+MgO,0.6666666666666666,0,
高钾,Ward,4,766,0.4115950389385636,K2O+SiO2+Al2O3+P2O5+MgO,0.6666666666666666,0,
高钾,Ward,5,766,0.6405228758169934,K2O+SiO2+Al2O3+P2O5+MgO,0.6666666666666666,0,
高钾,Ward,2,767,0.51931330472103,CaO+CuO+SiO2,0.3333333333333333,0,
高钾,Ward,3,767,0.4864479315263909,CaO+CuO+SiO2,0.3333333333333333,0,
高钾,Ward,4,767,0.5856115107913669,CaO+CuO+SiO2,0.3333333333333333,0,
高钾,Ward,5,767,0.2777777777777778,CaO+CuO+SiO2,0.3333333333333333,0,
高钾,Ward,2,768,0.75,SiO2+CuO+P2O5,0.6,0,
高钾,Ward,3,768,0.65,SiO2+CuO+P2O5,0.6,0,
高钾,Ward,4,768,0.31666666666666665,SiO2+CuO+P2O5,0.6,0,
高钾,Ward,5,768,0.4090489381348107,SiO2+CuO+P2O5,0.6,0,
高钾,Ward,2,769,1.0,CuO+SiO2+K2O+MgO,0.5,0,
高钾,Ward,3,769,0.8344827586206897,CuO+SiO2+K2O+MgO,0.5,0,
高钾,Ward,4,769,0.3984075493954586,CuO+SiO2+K2O+MgO,0.5,0,
高钾,Ward,5,769,0.26141885325558795,CuO+SiO2+K2O+MgO,0.5,0,
高钾,Ward,2,770,1.0,Al2O3+CuO+K2O+P2O5,0.8,0,
高钾,Ward,3,770,1.0,Al2O3+CuO+K2O+P2O5,0.8,0,
高钾,Ward,4,770,1.0,Al2O3+CuO+K2O+P2O5,0.8,0,
高钾,Ward,5,770,0.7266514806378133,Al2O3+CuO+K2O+P2O5,0.8,0,
高钾,Ward,2,771,0.2033195020746888,Al2O3+SiO2+Fe2O3+P2O5,0.5,0,
高钾,Ward,3,771,0.20024235080278704,Al2O3+SiO2+Fe2O3+P2O5,0.5,0,
高钾,Ward,4,771,0.3298429319371728,Al2O3+SiO2+Fe2O3+P2O5,0.5,0,
高钾,Ward,5,771,0.3142857142857143,Al2O3+SiO2+Fe2O3+P2O5,0.5,0,
高钾,Ward,2,772,1.0,SiO2+CuO+K2O,0.6,0,
高钾,Ward,3,772,1.0,SiO2+CuO+K2O,0.6,0,
高钾,Ward,4,772,0.41256459069893936,SiO2+CuO+K2O,0.6,0,
高钾,Ward,5,772,0.23990498812351543,SiO2+CuO+K2O,0.6,0,
高钾,Ward,2,773,0.75,CuO+SiO2+Al2O3+P2O5,0.8,0,
高钾,Ward,3,773,0.4945652173913043,CuO+SiO2+Al2O3+P2O5,0.8,0,
高钾,Ward,4,773,0.6897810218978102,CuO+SiO2+Al2O3+P2O5,0.8,0,
高钾,Ward,5,773,0.7325692454632283,CuO+SiO2+Al2O3+P2O5,0.8,0,
高钾,Ward,2,774,1.0,Al2O3+SrO+MgO+CuO,0.2857142857142857,0,
高钾,Ward,3,774,0.3775933609958506,Al2O3+SrO+MgO+CuO,0.2857142857142857,0,
高钾,Ward,4,774,0.25311203319502074,Al2O3+SrO+MgO+CuO,0.2857142857142857,0,
高钾,Ward,5,774,0.14285714285714285,Al2O3+SrO+MgO+CuO,0.2857142857142857,0,
高钾,Ward,2,775,0.6926229508196722,Al2O3+K2O+CuO+P2O5,0.8,0,
高钾,Ward,3,775,0.9625117150890347,Al2O3+K2O+CuO+P2O5,0.8,0,
高钾,Ward,4,775,0.42380591357088704,Al2O3+K2O+CuO+P2O5,0.8,0,
高钾,Ward,5,775,0.28383862497015994,Al2O3+K2O+CuO+P2O5,0.8,0,
高钾,Ward,2,776,0.10423452768729642,SiO2+CuO,0.4,0,
高钾,Ward,3,776,0.44754464285714285,SiO2+CuO,0.4,0,
高钾,Ward,4,776,0.15311445228597728,SiO2+CuO,0.4,0,
高钾,Ward,5,776,0.1102873030583874,SiO2+CuO,0.4,0,
高钾,Ward,2,777,1.0,SiO2+K2O+P2O5+CuO,0.8,0,
高钾,Ward,3,777,1.0,SiO2+K2O+P2O5+CuO,0.8,0,
高钾,Ward,4,777,1.0,SiO2+K2O+P2O5+CuO,0.8,0,
高钾,Ward,5,777,0.4943820224719101,SiO2+K2O+P2O5+CuO,0.8,0,
高钾,Ward,2,778,-0.06779661016949153,Fe2O3+SiO2+CuO,0.3333333333333333,0,
高钾,Ward,3,778,0.1057134971018493,Fe2O3+SiO2+CuO,0.3333333333333333,0,
高钾,Ward,4,778,0.10152740341419586,Fe2O3+SiO2+CuO,0.3333333333333333,0,
高钾,Ward,5,778,0.0867579908675799,Fe2O3+SiO2+CuO,0.3333333333333333,0,
高钾,Ward,2,779,-0.1111111111111111,Fe2O3+P2O5+SiO2+CuO,0.5,0,
高钾,Ward,3,779,0.4,Fe2O3+P2O5+SiO2+CuO,0.5,0,
高钾,Ward,4,779,0.4915254237288136,Fe2O3+P2O5+SiO2+CuO,0.5,0,
高钾,Ward,5,779,0.41025641025641024,Fe2O3+P2O5+SiO2+CuO,0.5,0,
高钾,Ward,2,780,-0.0847457627118644,SiO2+CuO+CaO,0.3333333333333333,0,
高钾,Ward,3,780,0.568941696601271,SiO2+CuO+CaO,0.3333333333333333,0,
高钾,Ward,4,780,0.34891485809682804,SiO2+CuO+CaO,0.3333333333333333,0,
高钾,Ward,5,780,0.1694915254237288,SiO2+CuO+CaO,0.3333333333333333,0,
高钾,Ward,2,781,1.0,P2O5+CuO+SiO2+K2O,0.8,0,
高钾,Ward,3,781,1.0,P2O5+CuO+SiO2+K2O,0.8,0,
高钾,Ward,4,781,0.7715736040609137,P2O5+CuO+SiO2+K2O,0.8,0,
高钾,Ward,5,781,0.5811170212765957,P2O5+CuO+SiO2+K2O,0.8,0,
高钾,Ward,2,782,0.0802675585284281,CaO+CuO+Fe2O3+P2O5,0.2857142857142857,0,
高钾,Ward,3,782,0.18870192307692307,CaO+CuO+Fe2O3+P2O5,0.2857142857142857,0,
高钾,Ward,4,782,0.41425317279531404,CaO+CuO+Fe2O3+P2O5,0.2857142857142857,0,
高钾,Ward,5,782,0.2579119679883594,CaO+CuO+Fe2O3+P2O5,0.2857142857142857,0,
高钾,Ward,2,783,0.75,Al2O3+K2O+Fe2O3+P2O5,0.5,0,
高钾,Ward,3,783,0.4300979519145147,Al2O3+K2O+Fe2O3+P2O5,0.5,0,
高钾,Ward,4,783,0.5277020890099909,Al2O3+K2O+Fe2O3+P2O5,0.5,0,
高钾,Ward,5,783,0.3373493975903614,Al2O3+K2O+Fe2O3+P2O5,0.5,0,
高钾,Ward,2,784,1.0,SiO2+Al2O3+K2O,0.6,0,
高钾,Ward,3,784,0.29707112970711297,SiO2+Al2O3+K2O,0.6,0,
高钾,Ward,4,784,0.5822050290135397,SiO2+Al2O3+K2O,0.6,0,
高钾,Ward,5,784,0.5251286110011871,SiO2+Al2O3+K2O,0.6,0,
高钾,Ward,2,785,-0.06666666666666667,CuO+Fe2O3+SrO+K2O,0.2857142857142857,0,
高钾,Ward,3,785,0.24832962138084633,CuO+Fe2O3+SrO+K2O,0.2857142857142857,0,
高钾,Ward,4,785,0.3320610687022901,CuO+Fe2O3+SrO+K2O,0.2857142857142857,0,
高钾,Ward,5,785,0.5267489711934157,CuO+Fe2O3+SrO+K2O,0.2857142857142857,0,
高钾,Ward,2,786,0.35,SiO2+Al2O3+CaO+P2O5,0.5,0,
高钾,Ward,3,786,0.4426751592356688,SiO2+Al2O3+CaO+P2O5,0.5,0,
高钾,Ward,4,786,0.13779830638953042,SiO2+Al2O3+CaO+P2O5,0.5,0,
高钾,Ward,5,786,0.22259652759782328,SiO2+Al2O3+CaO+P2O5,0.5,0,
高钾,Ward,2,787,-0.06224066390041494,CaO+Al2O3+Fe2O3,0.14285714285714285,0,
高钾,Ward,3,787,0.2398190045248869,CaO+Al2O3+Fe2O3,0.14285714285714285,0,
高钾,Ward,4,787,0.515640766902119,CaO+Al2O3+Fe2O3,0.14285714285714285,0,
高钾,Ward,5,787,0.29336188436830835,CaO+Al2O3+Fe2O3,0.14285714285714285,0,
高钾,Ward,2,788,1.0,Al2O3+SiO2+P2O5+K2O,0.8,0,
高钾,Ward,3,788,1.0,Al2O3+SiO2+P2O5+K2O,0.8,0,
高钾,Ward,4,788,0.5368072787427626,Al2O3+SiO2+P2O5+K2O,0.8,0,
高钾,Ward,5,788,0.48760330578512395,Al2O3+SiO2+P2O5+K2O,0.8,0,
高钾,Ward,2,789,0.7311827956989247,Fe2O3+CuO+SiO2+Al2O3+P2O5,0.6666666666666666,0,
高钾,Ward,3,789,0.7377622377622378,Fe2O3+CuO+SiO2+Al2O3+P2O5,0.6666666666666666,0,
高钾,Ward,4,789,0.28005759539236863,Fe2O3+CuO+SiO2+Al2O3+P2O5,0.6666666666666666,0,
高钾,Ward,5,789,0.31752178121974833,Fe2O3+CuO+SiO2+Al2O3+P2O5,0.6666666666666666,0,
高钾,Ward,2,790,0.31976744186046513,Al2O3+SiO2+CaO+K2O,0.5,0,
高钾,Ward,3,790,0.2516629711751663,Al2O3+SiO2+CaO+K2O,0.5,0,
高钾,Ward,4,790,0.2047817047817048,Al2O3+SiO2+CaO+K2O,0.5,0,
高钾,Ward,5,790,0.1908713692946058,Al2O3+SiO2+CaO+K2O,0.5,0,
高钾,Ward,2,791,0.6926229508196722,SiO2+P2O5+Al2O3+CuO,0.8,0,
高钾,Ward,3,791,0.7550306211723534,SiO2+P2O5+Al2O3+CuO,0.8,0,
高钾,Ward,4,791,0.7841726618705036,SiO2+P2O5+Al2O3+CuO,0.8,0,
高钾,Ward,5,791,0.3543307086614173,SiO2+P2O5+Al2O3+CuO,0.8,0,
高钾,Ward,2,792,1.0,Al2O3+K2O+SiO2+P2O5,0.8,0,
高钾,Ward,3,792,1.0,Al2O3+K2O+SiO2+P2O5,0.8,0,
高钾,Ward,4,792,0.8984485190409027,Al2O3+K2O+SiO2+P2O5,0.8,0,
高钾,Ward,5,792,0.7719298245614035,Al2O3+K2O+SiO2+P2O5,0.8,0,
高钾,Ward,2,793,-0.04832104832104832,K2O+CaO+CuO+P2O5,0.5,0,
高钾,Ward,3,793,0.09164639091646391,K2O+CaO+CuO+P2O5,0.5,0,
高钾,Ward,4,793,0.2006394884092726,K2O+CaO+CuO+P2O5,0.5,0,
高钾,Ward,5,793,0.31528662420382164,K2O+CaO+CuO+P2O5,0.5,0,
高钾,Ward,2,794,0.3010752688172043,MgO+Fe2O3+CuO+P2O5,0.2857142857142857,0,
高钾,Ward,3,794,0.022852639873916468,MgO+Fe2O3+CuO+P2O5,0.2857142857142857,0,
高钾,Ward,4,794,0.17148362235067438,MgO+Fe2O3+CuO+P2O5,0.2857142857142857,0,
高钾,Ward,5,794,0.2857142857142857,MgO+Fe2O3+CuO+P2O5,0.2857142857142857,0,
高钾,Ward,2,795,0.35,CaO+P2O5+CuO,0.3333333333333333,0,
高钾,Ward,3,795,0.31666666666666665,CaO+P2O5+CuO,0.3333333333333333,0,
高钾,Ward,4,795,0.15,CaO+P2O5+CuO,0.3333333333333333,0,
高钾,Ward,5,795,0.25,CaO+P2O5+CuO,0.3333333333333333,0,
高钾,Ward,2,796,0.51931330472103,CuO+P2O5+SiO2+Al2O3,0.8,0,
高钾,Ward,3,796,0.21980495123780946,CuO+P2O5+SiO2+Al2O3,0.8,0,
高钾,Ward,4,796,0.3065405831363278,CuO+P2O5+SiO2+Al2O3,0.8,0,
高钾,Ward,5,796,0.15734720416124837,CuO+P2O5+SiO2+Al2O3,0.8,0,
高钾,Ward,2,797,1.0,K2O+SiO2+Al2O3+CuO,0.8,0,
高钾,Ward,3,797,0.32768924302788843,K2O+SiO2+Al2O3+CuO,0.8,0,
高钾,Ward,4,797,0.18202474122696288,K2O+SiO2+Al2O3+CuO,0.8,0,
高钾,Ward,5,797,0.08776779543883897,K2O+SiO2+Al2O3+CuO,0.8,0,
高钾,Ward,2,798,1.0,SiO2+CuO+K2O,0.6,0,
高钾,Ward,3,798,0.84375,SiO2+CuO+K2O,0.6,0,
高钾,Ward,4,798,0.468503937007874,SiO2+CuO+K2O,0.6,0,
高钾,Ward,5,798,0.25925925925925924,SiO2+CuO+K2O,0.6,0,
高钾,Ward,2,799,0.3564356435643564,Al2O3+MgO+SiO2+P2O5,0.5,0,
高钾,Ward,3,799,0.5017990589537781,Al2O3+MgO+SiO2+P2O5,0.5,0,
高钾,Ward,4,799,0.5033428844317096,Al2O3+MgO+SiO2+P2O5,0.5,0,
高钾,Ward,5,799,0.5771812080536913,Al2O3+MgO+SiO2+P2O5,0.5,0,
高钾,Ward,2,800,-0.12903225806451613,CuO+P2O5+SiO2+Al2O3,0.8,0,
高钾,Ward,3,800,0.16666666666666666,CuO+P2O5+SiO2+Al2O3,0.8,0,
高钾,Ward,4,800,0.6174863387978142,CuO+P2O5+SiO2+Al2O3,0.8,0,
高钾,Ward,5,800,0.3916083916083916,CuO+P2O5+SiO2+Al2O3,0.8,0,
高钾,Ward,2,801,0.2,Al2O3+SiO2+P2O5,0.6,0,
高钾,Ward,3,801,0.6069868995633187,Al2O3+SiO2+P2O5,0.6,0,
高钾,Ward,4,801,0.6376811594202898,Al2O3+SiO2+P2O5,0.6,0,
高钾,Ward,5,801,0.3939393939393939,Al2O3+SiO2+P2O5,0.6,0,
高钾,Ward,2,802,-0.006993006993006993,Al2O3+SiO2+P2O5+Fe2O3,0.5,0,
高钾,Ward,3,802,0.12313937753721245,Al2O3+SiO2+P2O5+Fe2O3,0.5,0,
高钾,Ward,4,802,0.09433962264150944,Al2O3+SiO2+P2O5+Fe2O3,0.5,0,
高钾,Ward,5,802,0.1591240875912409,Al2O3+SiO2+P2O5+Fe2O3,0.5,0,
高钾,Ward,2,803,-0.06666666666666667,CuO+CaO+MgO,0.14285714285714285,0,
高钾,Ward,3,803,-0.06093189964157706,CuO+CaO+MgO,0.14285714285714285,0,
高钾,Ward,4,803,0.008849557522123894,CuO+CaO+MgO,0.14285714285714285,0,
高钾,Ward,5,803,-0.002849002849002849,CuO+CaO+MgO,0.14285714285714285,0,
高钾,Ward,2,804,1.0,K2O+SiO2+P2O5+CuO,0.8,0,
高钾,Ward,3,804,0.7185576077396658,K2O+SiO2+P2O5+CuO,0.8,0,
高钾,Ward,4,804,0.4368932038834951,K2O+SiO2+P2O5+CuO,0.8,0,
高钾,Ward,5,804,0.6846846846846847,K2O+SiO2+P2O5+CuO,0.8,0,
高钾,Ward,2,805,-0.1111111111111111,Al2O3+PbO+P2O5+Fe2O3,0.2857142857142857,0,
高钾,Ward,3,805,0.18552036199095023,Al2O3+PbO+P2O5+Fe2O3,0.2857142857142857,0,
高钾,Ward,4,805,0.15254237288135594,Al2O3+PbO+P2O5+Fe2O3,0.2857142857142857,0,
高钾,Ward,5,805,0.25925925925925924,Al2O3+PbO+P2O5+Fe2O3,0.2857142857142857,0,
高钾,Ward,2,806,,,,1,活动成分BaO在训练集中全缺失
高钾,Ward,3,806,,,,1,活动成分BaO在训练集中全缺失
高钾,Ward,4,806,,,,1,活动成分BaO在训练集中全缺失
高钾,Ward,5,806,,,,1,活动成分BaO在训练集中全缺失
高钾,Ward,2,807,0.08333333333333333,Fe2O3+CuO+MgO+P2O5,0.2857142857142857,0,
高钾,Ward,3,807,-0.016666666666666666,Fe2O3+CuO+MgO+P2O5,0.2857142857142857,0,
高钾,Ward,4,807,0.6747448979591837,Fe2O3+CuO+MgO+P2O5,0.2857142857142857,0,
高钾,Ward,5,807,0.8529411764705882,Fe2O3+CuO+MgO+P2O5,0.2857142857142857,0,
高钾,Ward,2,808,1.0,SiO2+K2O+CuO+P2O5,0.8,0,
高钾,Ward,3,808,0.7333333333333333,SiO2+K2O+CuO+P2O5,0.8,0,
高钾,Ward,4,808,0.8507462686567164,SiO2+K2O+CuO+P2O5,0.8,0,
高钾,Ward,5,808,0.9390243902439024,SiO2+K2O+CuO+P2O5,0.8,0,
高钾,Ward,2,809,-0.004464285714285714,CuO+CaO+Fe2O3+K2O,0.2857142857142857,0,
高钾,Ward,3,809,0.09467455621301775,CuO+CaO+Fe2O3+K2O,0.2857142857142857,0,
高钾,Ward,4,809,0.104199066874028,CuO+CaO+Fe2O3+K2O,0.2857142857142857,0,
高钾,Ward,5,809,0.3108728943338438,CuO+CaO+Fe2O3+K2O,0.2857142857142857,0,
高钾,Ward,2,810,0.3389830508474576,CaO+P2O5+CuO+SiO2,0.5,0,
高钾,Ward,3,810,0.848314606741573,CaO+P2O5+CuO+SiO2,0.5,0,
高钾,Ward,4,810,0.7890418986229124,CaO+P2O5+CuO+SiO2,0.5,0,
高钾,Ward,5,810,0.6756756756756757,CaO+P2O5+CuO+SiO2,0.5,0,
高钾,Ward,2,811,1.0,Al2O3+P2O5+SiO2+K2O+MgO,0.6666666666666666,0,
高钾,Ward,3,811,1.0,Al2O3+P2O5+SiO2+K2O+MgO,0.6666666666666666,0,
高钾,Ward,4,811,1.0,Al2O3+P2O5+SiO2+K2O+MgO,0.6666666666666666,0,
高钾,Ward,5,811,0.43202734683144883,Al2O3+P2O5+SiO2+K2O+MgO,0.6666666666666666,0,
高钾,Ward,2,812,0.2033195020746888,P2O5+SiO2+CuO,0.6,0,
高钾,Ward,3,812,0.21870375850843446,P2O5+SiO2+CuO,0.6,0,
高钾,Ward,4,812,0.3730407523510972,P2O5+SiO2+CuO,0.6,0,
高钾,Ward,5,812,0.4129637178964533,P2O5+SiO2+CuO,0.6,0,
高钾,Ward,2,813,1.0,SiO2+Al2O3+K2O,0.6,0,
高钾,Ward,3,813,0.39984996249062266,SiO2+Al2O3+K2O,0.6,0,
高钾,Ward,4,813,0.4522691705790297,SiO2+Al2O3+K2O,0.6,0,
高钾,Ward,5,813,0.4236760124610592,SiO2+Al2O3+K2O,0.6,0,
高钾,Ward,2,814,,,,1,活动成分BaO没有正值，不能进行零替代
高钾,Ward,3,814,,,,1,活动成分BaO没有正值，不能进行零替代
高钾,Ward,4,814,,,,1,活动成分BaO没有正值，不能进行零替代
高钾,Ward,5,814,,,,1,活动成分BaO没有正值，不能进行零替代
高钾,Ward,2,815,0.35359116022099446,CuO+SiO2,0.4,0,
高钾,Ward,3,815,0.3641304347826087,CuO+SiO2,0.4,0,
高钾,Ward,4,815,0.09433962264150944,CuO+SiO2,0.4,0,
高钾,Ward,5,815,0.1102873030583874,CuO+SiO2,0.4,0,
高钾,Ward,2,816,0.0,SiO2+Fe2O3+P2O5,0.3333333333333333,0,
高钾,Ward,3,816,0.2441860465116279,SiO2+Fe2O3+P2O5,0.3333333333333333,0,
高钾,Ward,4,816,0.2476489028213166,SiO2+Fe2O3+P2O5,0.3333333333333333,0,
高钾,Ward,5,816,0.2324561403508772,SiO2+Fe2O3+P2O5,0.3333333333333333,0,
高钾,Ward,2,817,0.08333333333333333,P2O5+SiO2+Fe2O3+CuO,0.5,0,
高钾,Ward,3,817,0.5833333333333334,P2O5+SiO2+Fe2O3+CuO,0.5,0,
高钾,Ward,4,817,0.5166666666666667,P2O5+SiO2+Fe2O3+CuO,0.5,0,
高钾,Ward,5,817,0.38333333333333336,P2O5+SiO2+Fe2O3+CuO,0.5,0,
高钾,Ward,2,818,-0.06666666666666667,Fe2O3+Al2O3+K2O+P2O5,0.5,0,
高钾,Ward,3,818,0.199438202247191,Fe2O3+Al2O3+K2O+P2O5,0.5,0,
高钾,Ward,4,818,0.3460490463215259,Fe2O3+Al2O3+K2O+P2O5,0.5,0,
高钾,Ward,5,818,0.2551921699689663,Fe2O3+Al2O3+K2O+P2O5,0.5,0,
高钾,Ward,2,819,,,,1,活动成分PbO在训练集中全缺失
高钾,Ward,3,819,,,,1,活动成分PbO在训练集中全缺失
高钾,Ward,4,819,,,,1,活动成分PbO在训练集中全缺失
高钾,Ward,5,819,,,,1,活动成分PbO在训练集中全缺失
高钾,Ward,2,820,0.0924092409240924,P2O5+SiO2+MgO,0.3333333333333333,0,
高钾,Ward,3,820,0.2685274302213667,P2O5+SiO2+MgO,0.3333333333333333,0,
高钾,Ward,4,820,0.2612859097127223,P2O5+SiO2+MgO,0.3333333333333333,0,
高钾,Ward,5,820,0.44869831546707506,P2O5+SiO2+MgO,0.3333333333333333,0,
高钾,Ward,2,821,1.0,SiO2+Al2O3+K2O,0.6,0,
高钾,Ward,3,821,0.21397379912663755,SiO2+Al2O3+K2O,0.6,0,
高钾,Ward,4,821,0.40964250573958677,SiO2+Al2O3+K2O,0.6,0,
高钾,Ward,5,821,0.3619283941864587,SiO2+Al2O3+K2O,0.6,0,
高钾,Ward,2,822,-0.06666666666666667,P2O5+CaO+K2O,0.3333333333333333,0,
高钾,Ward,3,822,-0.06666666666666667,P2O5+CaO+K2O,0.3333333333333333,0,
高钾,Ward,4,822,0.0,P2O5+CaO+K2O,0.3333333333333333,0,
高钾,Ward,5,822,0.0,P2O5+CaO+K2O,0.3333333333333333,0,
高钾,Ward,2,823,1.0,P2O5+SiO2+K2O,0.6,0,
高钾,Ward,3,823,1.0,P2O5+SiO2+K2O,0.6,0,
高钾,Ward,4,823,1.0,P2O5+SiO2+K2O,0.6,0,
高钾,Ward,5,823,0.9259944495837188,P2O5+SiO2+K2O,0.6,0,
高钾,Ward,2,824,0.35,SiO2+CaO+CuO+P2O5,0.5,0,
高钾,Ward,3,824,0.4426751592356688,SiO2+CaO+CuO+P2O5,0.5,0,
高钾,Ward,4,824,0.2543859649122807,SiO2+CaO+CuO+P2O5,0.5,0,
高钾,Ward,5,824,0.3289569657184537,SiO2+CaO+CuO+P2O5,0.5,0,
高钾,Ward,2,825,1.0,Al2O3+SiO2+K2O,0.6,0,
高钾,Ward,3,825,0.4835007173601148,Al2O3+SiO2+K2O,0.6,0,
高钾,Ward,4,825,0.30494677520350655,Al2O3+SiO2+K2O,0.6,0,
高钾,Ward,5,825,0.40192926045016075,Al2O3+SiO2+K2O,0.6,0,
高钾,Ward,2,826,-0.12704918032786885,SiO2+Al2O3+CuO+P2O5,0.8,0,
高钾,Ward,3,826,0.7828507795100222,SiO2+Al2O3+CuO+P2O5,0.8,0,
高钾,Ward,4,826,0.782608695652174,SiO2+Al2O3+CuO+P2O5,0.8,0,
高钾,Ward,5,826,0.45158526135389887,SiO2+Al2O3+CuO+P2O5,0.8,0,
高钾,Ward,2,827,-0.0847457627118644,Fe2O3+P2O5+Al2O3+K2O+MgO,0.42857142857142855,0,
高钾,Ward,3,827,0.323943661971831,Fe2O3+P2O5+Al2O3+K2O+MgO,0.42857142857142855,0,
高钾,Ward,4,827,0.11484339536995007,Fe2O3+P2O5+Al2O3+K2O+MgO,0.42857142857142855,0,
高钾,Ward,5,827,0.19205298013245034,Fe2O3+P2O5+Al2O3+K2O+MgO,0.42857142857142855,0,
高钾,Ward,2,828,0.004149377593360996,SiO2+CuO+P2O5,0.6,0,
高钾,Ward,3,828,0.035868005738880916,SiO2+CuO+P2O5,0.6,0,
高钾,Ward,4,828,0.42528735632183906,SiO2+CuO+P2O5,0.6,0,
高钾,Ward,5,828,0.4973544973544973,SiO2+CuO+P2O5,0.6,0,
高钾,Ward,2,829,0.31976744186046513,Al2O3+P2O5+SiO2,0.6,0,
高钾,Ward,3,829,1.0,Al2O3+P2O5+SiO2,0.6,0,
高钾,Ward,4,829,1.0,Al2O3+P2O5+SiO2,0.6,0,
高钾,Ward,5,829,0.552099533437014,Al2O3+P2O5+SiO2,0.6,0,
高钾,Ward,2,830,0.0,CuO+SiO2+P2O5,0.6,0,
高钾,Ward,3,830,0.5714285714285714,CuO+SiO2+P2O5,0.6,0,
高钾,Ward,4,830,0.6097560975609756,CuO+SiO2+P2O5,0.6,0,
高钾,Ward,5,830,0.5223880597014925,CuO+SiO2+P2O5,0.6,0,
高钾,Ward,2,831,-0.05,CuO+P2O5+CaO+Fe2O3+K2O,0.42857142857142855,0,
高钾,Ward,3,831,0.0033783783783783786,CuO+P2O5+CaO+Fe2O3+K2O,0.42857142857142855,0,
高钾,Ward,4,831,-0.017811704834605598,CuO+P2O5+CaO+Fe2O3+K2O,0.42857142857142855,0,
高钾,Ward,5,831,0.014336917562724014,CuO+P2O5+CaO+Fe2O3+K2O,0.42857142857142855,0,
高钾,Ward,2,832,1.0,SiO2+K2O+P2O5+CuO,0.8,0,
高钾,Ward,3,832,0.6680497925311203,SiO2+K2O+P2O5+CuO,0.8,0,
高钾,Ward,4,832,0.6816976127320955,SiO2+K2O+P2O5+CuO,0.8,0,
高钾,Ward,5,832,0.6335877862595419,SiO2+K2O+P2O5+CuO,0.8,0,
高钾,Ward,2,833,0.35,SiO2+Fe2O3+Al2O3,0.3333333333333333,0,
高钾,Ward,3,833,0.5915032679738562,SiO2+Fe2O3+Al2O3,0.3333333333333333,0,
高钾,Ward,4,833,0.3553459119496855,SiO2+Fe2O3+Al2O3,0.3333333333333333,0,
高钾,Ward,5,833,0.25754060324825984,SiO2+Fe2O3+Al2O3,0.3333333333333333,0,
高钾,Ward,2,834,1.0,K2O+MgO+Al2O3+SiO2,0.5,0,
高钾,Ward,3,834,0.4482758620689655,K2O+MgO+Al2O3+SiO2,0.5,0,
高钾,Ward,4,834,0.9641255605381166,K2O+MgO+Al2O3+SiO2,0.5,0,
高钾,Ward,5,834,0.6006655574043261,K2O+MgO+Al2O3+SiO2,0.5,0,
高钾,Ward,2,835,0.75,SiO2+CuO+Al2O3+P2O5,0.8,0,
高钾,Ward,3,835,0.6868131868131868,SiO2+CuO+Al2O3+P2O5,0.8,0,
高钾,Ward,4,835,0.6885245901639344,SiO2+CuO+Al2O3+P2O5,0.8,0,
高钾,Ward,5,835,0.6311818943839062,SiO2+CuO+Al2O3+P2O5,0.8,0,
高钾,Ward,2,836,0.0,P2O5+Al2O3+SiO2+SrO,0.5,0,
高钾,Ward,3,836,0.0,P2O5+Al2O3+SiO2+SrO,0.5,0,
高钾,Ward,4,836,0.11974110032362459,P2O5+Al2O3+SiO2+SrO,0.5,0,
高钾,Ward,5,836,0.062146892655367235,P2O5+Al2O3+SiO2+SrO,0.5,0,
高钾,Ward,2,837,-0.006993006993006993,Fe2O3+SiO2+P2O5,0.3333333333333333,0,
高钾,Ward,3,837,0.35397039030955585,Fe2O3+SiO2+P2O5,0.3333333333333333,0,
高钾,Ward,4,837,0.41125541125541126,Fe2O3+SiO2+P2O5,0.3333333333333333,0,
高钾,Ward,5,837,0.33884297520661155,Fe2O3+SiO2+P2O5,0.3333333333333333,0,
高钾,Ward,2,838,-0.11801242236024845,MgO+P2O5+SiO2+Al2O3,0.5,0,
高钾,Ward,3,838,0.4654427645788337,MgO+P2O5+SiO2+Al2O3,0.5,0,
高钾,Ward,4,838,0.3903471634208298,MgO+P2O5+SiO2+Al2O3,0.5,0,
高钾,Ward,5,838,0.5017182130584192,MgO+P2O5+SiO2+Al2O3,0.5,0,
高钾,Ward,2,839,0.5321637426900585,Fe2O3+K2O+CuO+P2O5,0.5,0,
高钾,Ward,3,839,0.28949828607042694,Fe2O3+K2O+CuO+P2O5,0.5,0,
高钾,Ward,4,839,0.6013289036544851,Fe2O3+K2O+CuO+P2O5,0.5,0,
高钾,Ward,5,839,0.6536796536796536,Fe2O3+K2O+CuO+P2O5,0.5,0,
高钾,Ward,2,840,0.35,Al2O3+SiO2+P2O5+Fe2O3,0.5,0,
高钾,Ward,3,840,0.42127659574468085,Al2O3+SiO2+P2O5+Fe2O3,0.5,0,
高钾,Ward,4,840,0.4476833384473765,Al2O3+SiO2+P2O5+Fe2O3,0.5,0,
高钾,Ward,5,840,0.5783132530120482,Al2O3+SiO2+P2O5+Fe2O3,0.5,0,
高钾,Ward,2,841,0.35,SiO2+CuO+P2O5,0.6,0,
高钾,Ward,3,841,0.25,SiO2+CuO+P2O5,0.6,0,
高钾,Ward,4,841,0.353099730458221,SiO2+CuO+P2O5,0.6,0,
高钾,Ward,5,841,0.40099833610648916,SiO2+CuO+P2O5,0.6,0,
高钾,Ward,2,842,-0.09883720930232558,Fe2O3+Al2O3+CaO,0.14285714285714285,0,
高钾,Ward,3,842,0.0010570824524312897,Fe2O3+Al2O3+CaO,0.14285714285714285,0,
高钾,Ward,4,842,0.17349950803542144,Fe2O3+Al2O3+CaO,0.14285714285714285,0,
高钾,Ward,5,842,0.23448275862068965,Fe2O3+Al2O3+CaO,0.14285714285714285,0,
高钾,Ward,2,843,0.0,Al2O3+SiO2+Fe2O3+P2O5,0.5,0,
高钾,Ward,3,843,0.17721518987341772,Al2O3+SiO2+Fe2O3+P2O5,0.5,0,
高钾,Ward,4,843,0.15748898678414097,Al2O3+SiO2+Fe2O3+P2O5,0.5,0,
高钾,Ward,5,843,0.2342597844583097,Al2O3+SiO2+Fe2O3+P2O5,0.5,0,
高钾,Ward,2,844,1.0,SiO2+K2O+CuO+P2O5,0.8,0,
高钾,Ward,3,844,0.9625117150890347,SiO2+K2O+CuO+P2O5,0.8,0,
高钾,Ward,4,844,0.6068796068796068,SiO2+K2O+CuO+P2O5,0.8,0,
高钾,Ward,5,844,0.2618878637331441,SiO2+K2O+CuO+P2O5,0.8,0,
高钾,Ward,2,845,0.0,CuO+SiO2+Fe2O3,0.3333333333333333,0,
高钾,Ward,3,845,0.05063291139240506,CuO+SiO2+Fe2O3,0.3333333333333333,0,
高钾,Ward,4,845,0.19617224880382775,CuO+SiO2+Fe2O3,0.3333333333333333,0,
高钾,Ward,5,845,0.34,CuO+SiO2+Fe2O3,0.3333333333333333,0,
高钾,Ward,2,846,-0.12903225806451613,Fe2O3+Al2O3+K2O,0.3333333333333333,0,
高钾,Ward,3,846,0.3492063492063492,Fe2O3+Al2O3+K2O,0.3333333333333333,0,
高钾,Ward,4,846,0.4766460326392797,Fe2O3+Al2O3+K2O,0.3333333333333333,0,
高钾,Ward,5,846,0.4754653130287648,Fe2O3+Al2O3+K2O,0.3333333333333333,0,
高钾,Ward,2,847,0.7457627118644068,Fe2O3+K2O+P2O5+CuO,0.5,0,
高钾,Ward,3,847,0.3036750483558994,Fe2O3+K2O+P2O5+CuO,0.5,0,
高钾,Ward,4,847,0.39555555555555555,Fe2O3+K2O+P2O5+CuO,0.5,0,
高钾,Ward,5,847,0.5665829145728644,Fe2O3+K2O+P2O5+CuO,0.5,0,
高钾,Ward,2,848,0.5300699300699301,CuO+SiO2+P2O5,0.6,0,
高钾,Ward,3,848,0.37841726618705035,CuO+SiO2+P2O5,0.6,0,
高钾,Ward,4,848,0.37300435413642963,CuO+SiO2+P2O5,0.6,0,
高钾,Ward,5,848,0.24074074074074073,CuO+SiO2+P2O5,0.6,0,
高钾,Ward,2,849,1.0,SiO2+Al2O3,0.4,0,
高钾,Ward,3,849,0.4520547945205479,SiO2+Al2O3,0.4,0,
高钾,Ward,4,849,0.30446641663825436,SiO2+Al2O3,0.4,0,
高钾,Ward,5,849,0.2778761061946903,SiO2+Al2O3,0.4,0,
高钾,Ward,2,850,,,,1,活动成分BaO没有正值，不能进行零替代
高钾,Ward,3,850,,,,1,活动成分BaO没有正值，不能进行零替代
高钾,Ward,4,850,,,,1,活动成分BaO没有正值，不能进行零替代
高钾,Ward,5,850,,,,1,活动成分BaO没有正值，不能进行零替代
高钾,Ward,2,851,-0.08333333333333333,CuO+P2O5+SiO2+K2O,0.8,0,
高钾,Ward,3,851,1.0,CuO+P2O5+SiO2+K2O,0.8,0,
高钾,Ward,4,851,1.0,CuO+P2O5+SiO2+K2O,0.8,0,
高钾,Ward,5,851,0.4913907284768212,CuO+P2O5+SiO2+K2O,0.8,0,
高钾,Ward,2,852,-0.022727272727272728,Fe2O3+CaO+K2O+P2O5,0.2857142857142857,0,
高钾,Ward,3,852,0.29707112970711297,Fe2O3+CaO+K2O+P2O5,0.2857142857142857,0,
高钾,Ward,4,852,0.3961420184512161,Fe2O3+CaO+K2O+P2O5,0.2857142857142857,0,
高钾,Ward,5,852,0.3401015228426396,Fe2O3+CaO+K2O+P2O5,0.2857142857142857,0,
高钾,Ward,2,853,-0.12903225806451613,P2O5+K2O+CuO,0.6,0,
高钾,Ward,3,853,0.5981735159817352,P2O5+K2O+CuO,0.6,0,
高钾,Ward,4,853,1.0,P2O5+K2O+CuO,0.6,0,
高钾,Ward,5,853,0.9091940976163451,P2O5+K2O+CuO,0.6,0,
高钾,Ward,2,854,0.0,Fe2O3+MgO+Al2O3+CaO,0.125,0,
高钾,Ward,3,854,0.5249406175771971,Fe2O3+MgO+Al2O3+CaO,0.125,0,
高钾,Ward,4,854,0.32716568544995794,Fe2O3+MgO+Al2O3+CaO,0.125,0,
高钾,Ward,5,854,0.1736930860033727,Fe2O3+MgO+Al2O3+CaO,0.125,0,
高钾,Ward,2,855,-0.05,SiO2+P2O5+Fe2O3,0.3333333333333333,0,
高钾,Ward,3,855,0.35661764705882354,SiO2+P2O5+Fe2O3,0.3333333333333333,0,
高钾,Ward,4,855,0.34782608695652173,SiO2+P2O5+Fe2O3,0.3333333333333333,0,
高钾,Ward,5,855,0.378698224852071,SiO2+P2O5+Fe2O3,0.3333333333333333,0,
高钾,Ward,2,856,0.2033195020746888,Fe2O3+SiO2+CuO,0.3333333333333333,0,
高钾,Ward,3,856,0.35973041280539175,Fe2O3+SiO2+CuO,0.3333333333333333,0,
高钾,Ward,4,856,0.32763196697139485,Fe2O3+SiO2+CuO,0.3333333333333333,0,
高钾,Ward,5,856,0.3123209169054441,Fe2O3+SiO2+CuO,0.3333333333333333,0,
高钾,Ward,2,857,1.0,Al2O3+SiO2+P2O5+K2O,0.8,0,
高钾,Ward,3,857,1.0,Al2O3+SiO2+P2O5+K2O,0.8,0,
高钾,Ward,4,857,0.49473684210526314,Al2O3+SiO2+P2O5+K2O,0.8,0,
高钾,Ward,5,857,0.6120689655172413,Al2O3+SiO2+P2O5+K2O,0.8,0,
高钾,Ward,2,858,0.004149377593360996,CuO+Al2O3+Fe2O3,0.3333333333333333,0,
高钾,Ward,3,858,0.29664604363399544,CuO+Al2O3+Fe2O3,0.3333333333333333,0,
高钾,Ward,4,858,0.2735527809307605,CuO+Al2O3+Fe2O3,0.3333333333333333,0,
高钾,Ward,5,858,0.30201342281879195,CuO+Al2O3+Fe2O3,0.3333333333333333,0,
高钾,Ward,2,859,1.0,Al2O3+K2O+SiO2,0.6,0,
高钾,Ward,3,859,0.7329624478442281,Al2O3+K2O+SiO2,0.6,0,
高钾,Ward,4,859,0.370125974805039,Al2O3+K2O+SiO2,0.6,0,
高钾,Ward,5,859,0.5098039215686274,Al2O3+K2O+SiO2,0.6,0,
高钾,Ward,2,860,0.5833333333333334,SiO2+K2O+CuO+MgO+P2O5,0.6666666666666666,0,
高钾,Ward,3,860,0.2777777777777778,SiO2+K2O+CuO+MgO+P2O5,0.6666666666666666,0,
高钾,Ward,4,860,0.5743422997339639,SiO2+K2O+CuO+MgO+P2O5,0.6666666666666666,0,
高钾,Ward,5,860,0.232,SiO2+K2O+CuO+MgO+P2O5,0.6666666666666666,0,
高钾,Ward,2,861,-0.06779661016949153,CaO+Al2O3+Fe2O3,0.14285714285714285,0,
高钾,Ward,3,861,0.10421545667447307,CaO+Al2O3+Fe2O3,0.14285714285714285,0,
高钾,Ward,4,861,0.08273381294964029,CaO+Al2O3+Fe2O3,0.14285714285714285,0,
高钾,Ward,5,861,0.0012106537530266344,CaO+Al2O3+Fe2O3,0.14285714285714285,0,
高钾,Ward,2,862,-0.002506265664160401,Fe2O3+K2O+Al2O3+P2O5,0.5,0,
高钾,Ward,3,862,0.02274641954507161,Fe2O3+K2O+Al2O3+P2O5,0.5,0,
高钾,Ward,4,862,0.25857275254865614,Fe2O3+K2O+Al2O3+P2O5,0.5,0,
高钾,Ward,5,862,0.3959007551240561,Fe2O3+K2O+Al2O3+P2O5,0.5,0,
高钾,Ward,2,863,0.3010752688172043,Al2O3+P2O5+CuO,0.6,0,
高钾,Ward,3,863,0.39849624060150374,Al2O3+P2O5+CuO,0.6,0,
高钾,Ward,4,863,0.4117647058823529,Al2O3+P2O5+CuO,0.6,0,
高钾,Ward,5,863,0.49938195302843014,Al2O3+P2O5+CuO,0.6,0,
高钾,Ward,2,864,,,,1,活动成分BaO没有正值，不能进行零替代
高钾,Ward,3,864,,,,1,活动成分BaO没有正值，不能进行零替代
高钾,Ward,4,864,,,,1,活动成分BaO没有正值，不能进行零替代
高钾,Ward,5,864,,,,1,活动成分BaO没有正值，不能进行零替代
高钾,Ward,2,865,0.3672316384180791,P2O5+CuO+Al2O3+K2O,0.8,0,
高钾,Ward,3,865,0.5302619692863595,P2O5+CuO+Al2O3+K2O,0.8,0,
高钾,Ward,4,865,1.0,P2O5+CuO+Al2O3+K2O,0.8,0,
高钾,Ward,5,865,0.5668449197860963,P2O5+CuO+Al2O3+K2O,0.8,0,
高钾,Ward,2,866,-0.1396011396011396,Al2O3+SiO2+CuO,0.6,0,
高钾,Ward,3,866,0.6150481189851269,Al2O3+SiO2+CuO,0.6,0,
高钾,Ward,4,866,0.6,Al2O3+SiO2+CuO,0.6,0,
高钾,Ward,5,866,0.3142857142857143,Al2O3+SiO2+CuO,0.6,0,
高钾,Ward,2,867,-0.09883720930232558,Fe2O3+Al2O3,0.16666666666666666,0,
高钾,Ward,3,867,0.5985503206021745,Fe2O3+Al2O3,0.16666666666666666,0,
高钾,Ward,4,867,0.4813213954924359,Fe2O3+Al2O3,0.16666666666666666,0,
高钾,Ward,5,867,0.29582326544701415,Fe2O3+Al2O3,0.16666666666666666,0,
高钾,Ward,2,868,1.0,CuO+SiO2+K2O+P2O5,0.8,0,
高钾,Ward,3,868,0.8160535117056856,CuO+SiO2+K2O+P2O5,0.8,0,
高钾,Ward,4,868,0.5039955910719206,CuO+SiO2+K2O+P2O5,0.8,0,
高钾,Ward,5,868,0.49095022624434387,CuO+SiO2+K2O+P2O5,0.8,0,
高钾,Ward,2,869,0.040697674418604654,Fe2O3+CuO,0.16666666666666666,0,
高钾,Ward,3,869,-0.08574610244988864,Fe2O3+CuO,0.16666666666666666,0,
高钾,Ward,4,869,0.20695652173913043,Fe2O3+CuO,0.16666666666666666,0,
高钾,Ward,5,869,0.19148936170212766,Fe2O3+CuO,0.16666666666666666,0,
高钾,Ward,2,870,0.23529411764705882,SiO2+K2O+Al2O3,0.6,0,
高钾,Ward,3,870,0.12510936132983377,SiO2+K2O+Al2O3,0.6,0,
高钾,Ward,4,870,0.38271604938271603,SiO2+K2O+Al2O3,0.6,0,
高钾,Ward,5,870,0.23220973782771537,SiO2+K2O+Al2O3,0.6,0,
高钾,Ward,2,871,0.013157894736842105,Fe2O3+Al2O3+CuO,0.3333333333333333,0,
高钾,Ward,3,871,0.10658307210031348,Fe2O3+Al2O3+CuO,0.3333333333333333,0,
高钾,Ward,4,871,0.24271844660194175,Fe2O3+Al2O3+CuO,0.3333333333333333,0,
高钾,Ward,5,871,0.375,Fe2O3+Al2O3+CuO,0.3333333333333333,0,
高钾,Ward,2,872,1.0,SiO2+CaO+Al2O3+P2O5+K2O,0.6666666666666666,0,
高钾,Ward,3,872,0.5012468827930174,SiO2+CaO+Al2O3+P2O5+K2O,0.6666666666666666,0,
高钾,Ward,4,872,0.5472330911123533,SiO2+CaO+Al2O3+P2O5+K2O,0.6666666666666666,0,
高钾,Ward,5,872,0.5434047350620068,SiO2+CaO+Al2O3+P2O5+K2O,0.6666666666666666,0,
高钾,Ward,2,873,1.0,Al2O3+K2O+SiO2,0.6,0,
高钾,Ward,3,873,0.4132029339853301,Al2O3+K2O+SiO2,0.6,0,
高钾,Ward,4,873,0.5294117647058824,Al2O3+K2O+SiO2,0.6,0,
高钾,Ward,5,873,0.47297297297297297,Al2O3+K2O+SiO2,0.6,0,
高钾,Ward,2,874,-0.12903225806451613,Fe2O3+SiO2+Al2O3,0.3333333333333333,0,
高钾,Ward,3,874,-0.05804555473916238,Fe2O3+SiO2+Al2O3,0.3333333333333333,0,
高钾,Ward,4,874,0.13779830638953042,Fe2O3+SiO2+Al2O3,0.3333333333333333,0,
高钾,Ward,5,874,0.11921032649962035,Fe2O3+SiO2+Al2O3,0.3333333333333333,0,
高钾,Ward,2,875,0.35,CaO+Fe2O3+CuO+P2O5,0.2857142857142857,0,
高钾,Ward,3,875,0.15119363395225463,CaO+Fe2O3+CuO+P2O5,0.2857142857142857,0,
高钾,Ward,4,875,0.10152740341419586,CaO+Fe2O3+CuO+P2O5,0.2857142857142857,0,
高钾,Ward,5,875,0.21900423039375203,CaO+Fe2O3+CuO+P2O5,0.2857142857142857,0,
高钾,Ward,2,876,0.4681861348528015,SiO2+Al2O3+CuO+P2O5,0.8,0,
高钾,Ward,3,876,0.7550306211723534,SiO2+Al2O3+CuO+P2O5,0.8,0,
高钾,Ward,4,876,0.377453729669097,SiO2+Al2O3+CuO+P2O5,0.8,0,
高钾,Ward,5,876,0.21784472769409038,SiO2+Al2O3+CuO+P2O5,0.8,0,
高钾,Ward,2,877,0.21375921375921375,CuO+SiO2+P2O5,0.6,0,
高钾,Ward,3,877,0.12824811399832356,CuO+SiO2+P2O5,0.6,0,
高钾,Ward,4,877,0.16036943744752308,CuO+SiO2+P2O5,0.6,0,
高钾,Ward,5,877,0.29312762973352036,CuO+SiO2+P2O5,0.6,0,
高钾,Ward,2,878,0.21052631578947367,SiO2+K2O+Al2O3+P2O5+Fe2O3,0.6666666666666666,0,
高钾,Ward,3,878,0.4198895027624309,SiO2+K2O+Al2O3+P2O5+Fe2O3,0.6666666666666666,0,
高钾,Ward,4,878,0.2694063926940639,SiO2+K2O+Al2O3+P2O5+Fe2O3,0.6666666666666666,0,
高钾,Ward,5,878,0.31860036832412525,SiO2+K2O+Al2O3+P2O5+Fe2O3,0.6666666666666666,0,
高钾,Ward,2,879,1.0,Al2O3+P2O5+SiO2+K2O,0.8,0,
高钾,Ward,3,879,0.9625117150890347,Al2O3+P2O5+SiO2+K2O,0.8,0,
高钾,Ward,4,879,0.9660729431721798,Al2O3+P2O5+SiO2+K2O,0.8,0,
高钾,Ward,5,879,0.43202734683144883,Al2O3+P2O5+SiO2+K2O,0.8,0,
高钾,Ward,2,880,-0.05,Fe2O3+P2O5+Al2O3+SiO2,0.5,0,
高钾,Ward,3,880,-0.049868766404199474,Fe2O3+P2O5+Al2O3+SiO2,0.5,0,
高钾,Ward,4,880,0.18032786885245902,Fe2O3+P2O5+Al2O3+SiO2,0.5,0,
高钾,Ward,5,880,0.24493554327808473,Fe2O3+P2O5+Al2O3+SiO2,0.5,0,
高钾,Ward,2,881,0.3389830508474576,Al2O3+CuO+P2O5,0.6,0,
高钾,Ward,3,881,0.45182724252491696,Al2O3+CuO+P2O5,0.6,0,
高钾,Ward,4,881,0.41211401425178146,Al2O3+CuO+P2O5,0.6,0,
高钾,Ward,5,881,0.552099533437014,Al2O3+CuO+P2O5,0.6,0,
高钾,Ward,2,882,0.75,CuO+SiO2+CaO,0.3333333333333333,0,
高钾,Ward,3,882,0.6032461677186655,CuO+SiO2+CaO,0.3333333333333333,0,
高钾,Ward,4,882,0.41414141414141414,CuO+SiO2+CaO,0.3333333333333333,0,
高钾,Ward,5,882,0.271523178807947,CuO+SiO2+CaO,0.3333333333333333,0,
高钾,Ward,2,883,-0.09871244635193133,Al2O3+SiO2,0.4,0,
高钾,Ward,3,883,-0.06882591093117409,Al2O3+SiO2,0.4,0,
高钾,Ward,4,883,0.01440922190201729,Al2O3+SiO2,0.4,0,
高钾,Ward,5,883,0.03985507246376811,Al2O3+SiO2,0.4,0,
高钾,Ward,2,884,1.0,Al2O3+SiO2+K2O,0.6,0,
高钾,Ward,3,884,0.4835007173601148,Al2O3+SiO2+K2O,0.6,0,
高钾,Ward,4,884,0.30494677520350655,Al2O3+SiO2+K2O,0.6,0,
高钾,Ward,5,884,0.40192926045016075,Al2O3+SiO2+K2O,0.6,0,
高钾,Ward,2,885,0.47761194029850745,MgO+CuO+SiO2+CaO,0.2857142857142857,0,
高钾,Ward,3,885,0.25311203319502074,MgO+CuO+SiO2+CaO,0.2857142857142857,0,
高钾,Ward,4,885,0.1052060737527115,MgO+CuO+SiO2+CaO,0.2857142857142857,0,
高钾,Ward,5,885,0.004149377593360996,MgO+CuO+SiO2+CaO,0.2857142857142857,0,
高钾,Ward,2,886,-0.0784313725490196,CuO+SiO2+K2O,0.6,0,
高钾,Ward,3,886,0.7660818713450293,CuO+SiO2+K2O,0.6,0,
高钾,Ward,4,886,0.268515696434014,CuO+SiO2+K2O,0.6,0,
高钾,Ward,5,886,0.31650246305418717,CuO+SiO2+K2O,0.6,0,
高钾,Ward,2,887,1.0,K2O+Al2O3+SiO2+P2O5,0.8,0,
高钾,Ward,3,887,0.8666666666666667,K2O+Al2O3+SiO2+P2O5,0.8,0,
高钾,Ward,4,887,0.8507462686567164,K2O+Al2O3+SiO2+P2O5,0.8,0,
高钾,Ward,5,887,0.7368421052631579,K2O+Al2O3+SiO2+P2O5,0.8,0,
高钾,Ward,2,888,-0.1111111111111111,Fe2O3+CuO+SiO2+P2O5,0.5,0,
高钾,Ward,3,888,0.06349206349206349,Fe2O3+CuO+SiO2+P2O5,0.5,0,
高钾,Ward,4,888,0.3161094224924012,Fe2O3+CuO+SiO2+P2O5,0.5,0,
高钾,Ward,5,888,0.19042769857433808,Fe2O3+CuO+SiO2+P2O5,0.5,0,
高钾,Ward,2,889,1.0,CaO+SiO2+CuO+K2O,0.5,0,
高钾,Ward,3,889,0.5012468827930174,CaO+SiO2+CuO+K2O,0.5,0,
高钾,Ward,4,889,0.5472330911123533,CaO+SiO2+CuO+K2O,0.5,0,
高钾,Ward,5,889,0.5131505316172356,CaO+SiO2+CuO+K2O,0.5,0,
高钾,Ward,2,890,1.0,SiO2+Al2O3+K2O+P2O5,0.8,0,
高钾,Ward,3,890,0.6354166666666666,SiO2+Al2O3+K2O+P2O5,0.8,0,
高钾,Ward,4,890,1.0,SiO2+Al2O3+K2O+P2O5,0.8,0,
高钾,Ward,5,890,0.8023426061493412,SiO2+Al2O3+K2O+P2O5,0.8,0,
高钾,Ward,2,891,0.7311827956989247,Al2O3+SiO2+CaO+P2O5,0.5,0,
高钾,Ward,3,891,0.7660818713450293,Al2O3+SiO2+CaO+P2O5,0.5,0,
高钾,Ward,4,891,0.5995550611790879,Al2O3+SiO2+CaO+P2O5,0.5,0,
高钾,Ward,5,891,0.7972972972972973,Al2O3+SiO2+CaO+P2O5,0.5,0,
高钾,Ward,2,892,1.0,Al2O3+K2O+SiO2+P2O5+MgO,0.6666666666666666,0,
高钾,Ward,3,892,0.5249406175771971,Al2O3+K2O+SiO2+P2O5+MgO,0.6666666666666666,0,
高钾,Ward,4,892,0.9657240788346186,Al2O3+K2O+SiO2+P2O5+MgO,0.6666666666666666,0,
高钾,Ward,5,892,0.8402366863905325,Al2O3+K2O+SiO2+P2O5+MgO,0.6666666666666666,0,
高钾,Ward,2,893,-0.06779661016949153,CuO+SiO2+Fe2O3,0.3333333333333333,0,
高钾,Ward,3,893,-0.029615278162192085,CuO+SiO2+Fe2O3,0.3333333333333333,0,
高钾,Ward,4,893,0.16868721856598545,CuO+SiO2+Fe2O3,0.3333333333333333,0,
高钾,Ward,5,893,0.2579119679883594,CuO+SiO2+Fe2O3,0.3333333333333333,0,
高钾,Ward,2,894,-0.12903225806451613,MgO+P2O5+Al2O3+Fe2O3+K2O,0.42857142857142855,0,
高钾,Ward,3,894,0.4482758620689655,MgO+P2O5+Al2O3+Fe2O3+K2O,0.42857142857142855,0,
高钾,Ward,4,894,0.49566587864460204,MgO+P2O5+Al2O3+Fe2O3+K2O,0.42857142857142855,0,
高钾,Ward,5,894,0.4666666666666667,MgO+P2O5+Al2O3+Fe2O3+K2O,0.42857142857142855,0,
高钾,Ward,2,895,1.0,K2O+Al2O3+SiO2,0.6,0,
高钾,Ward,3,895,0.4582043343653251,K2O+Al2O3+SiO2,0.6,0,
高钾,Ward,4,895,0.33829611248966085,K2O+Al2O3+SiO2,0.6,0,
高钾,Ward,5,895,0.4384805945499587,K2O+Al2O3+SiO2,0.6,0,
高钾,Ward,2,896,0.3010752688172043,SiO2+Al2O3+CuO+MgO,0.5,0,
高钾,Ward,3,896,0.1791044776119403,SiO2+Al2O3+CuO+MgO,0.5,0,
高钾,Ward,4,896,0.02203856749311295,SiO2+Al2O3+CuO+MgO,0.5,0,
高钾,Ward,5,896,0.0945945945945946,SiO2+Al2O3+CuO+MgO,0.5,0,
高钾,Ward,2,897,-0.12704918032786885,Al2O3+SiO2+P2O5,0.6,0,
高钾,Ward,3,897,0.7828507795100222,Al2O3+SiO2+P2O5,0.6,0,
高钾,Ward,4,897,0.39039408866995073,Al2O3+SiO2+P2O5,0.6,0,
高钾,Ward,5,897,0.35135135135135137,Al2O3+SiO2+P2O5,0.6,0,
高钾,Ward,2,898,0.3564356435643564,Al2O3+SiO2,0.4,0,
高钾,Ward,3,898,0.46887966804979253,Al2O3+SiO2,0.4,0,
高钾,Ward,4,898,0.4550408719346049,Al2O3+SiO2,0.4,0,
高钾,Ward,5,898,0.35543278084714547,Al2O3+SiO2,0.4,0,
高钾,Ward,2,899,1.0,SiO2+Al2O3+K2O+PbO+P2O5,0.6666666666666666,0,
高钾,Ward,3,899,0.28038379530916846,SiO2+Al2O3+K2O+PbO+P2O5,0.6666666666666666,0,
高钾,Ward,4,899,0.6280642434488588,SiO2+Al2O3+K2O+PbO+P2O5,0.6666666666666666,0,
高钾,Ward,5,899,0.6757679180887372,SiO2+Al2O3+K2O+PbO+P2O5,0.6666666666666666,0,
高钾,Ward,2,900,0.35,CuO+SiO2+Al2O3,0.6,0,
高钾,Ward,3,900,0.1091314031180401,CuO+SiO2+Al2O3,0.6,0,
高钾,Ward,4,900,0.17647058823529413,CuO+SiO2+Al2O3,0.6,0,
高钾,Ward,5,900,0.08620689655172414,CuO+SiO2+Al2O3,0.6,0,
高钾,Ward,2,901,1.0,Al2O3+SiO2+K2O,0.6,0,
高钾,Ward,3,901,0.4198895027624309,Al2O3+SiO2+K2O,0.6,0,
高钾,Ward,4,901,0.3543046357615894,Al2O3+SiO2+K2O,0.6,0,
高钾,Ward,5,901,0.2159090909090909,Al2O3+SiO2+K2O,0.6,0,
高钾,Ward,2,902,0.21052631578947367,Al2O3+SiO2+MgO,0.3333333333333333,0,
高钾,Ward,3,902,0.15469613259668508,Al2O3+SiO2+MgO,0.3333333333333333,0,
高钾,Ward,4,902,0.272125723738627,Al2O3+SiO2+MgO,0.3333333333333333,0,
高钾,Ward,5,902,0.2892561983471074,Al2O3+SiO2+MgO,0.3333333333333333,0,
高钾,Ward,2,903,1.0,SiO2+K2O+Al2O3+MgO+CuO,0.6666666666666666,0,
高钾,Ward,3,903,1.0,SiO2+K2O+Al2O3+MgO+CuO,0.6666666666666666,0,
高钾,Ward,4,903,0.4593118514472966,SiO2+K2O+Al2O3+MgO+CuO,0.6666666666666666,0,
高钾,Ward,5,903,0.19205298013245034,SiO2+K2O+Al2O3+MgO+CuO,0.6666666666666666,0,
高钾,Ward,2,904,0.35359116022099446,SiO2+CuO+P2O5,0.6,0,
高钾,Ward,3,904,0.41542625169147496,SiO2+CuO+P2O5,0.6,0,
高钾,Ward,4,904,0.42939481268011526,SiO2+CuO+P2O5,0.6,0,
高钾,Ward,5,904,0.5381773399014779,SiO2+CuO+P2O5,0.6,0,
高钾,Ward,2,905,1.0,Al2O3+P2O5+K2O+MgO,0.5,0,
高钾,Ward,3,905,1.0,Al2O3+P2O5+K2O+MgO,0.5,0,
高钾,Ward,4,905,1.0,Al2O3+P2O5+K2O+MgO,0.5,0,
高钾,Ward,5,905,0.9652878218108186,Al2O3+P2O5+K2O+MgO,0.5,0,
高钾,Ward,2,906,-0.08333333333333333,MgO+P2O5+SiO2,0.3333333333333333,0,
高钾,Ward,3,906,0.1306520109917562,MgO+P2O5+SiO2,0.3333333333333333,0,
高钾,Ward,4,906,0.5499598178408787,MgO+P2O5+SiO2,0.3333333333333333,0,
高钾,Ward,5,906,0.25639039504260264,MgO+P2O5+SiO2,0.3333333333333333,0,
高钾,Ward,2,907,0.5352697095435685,SiO2+Al2O3+CuO,0.6,0,
高钾,Ward,3,907,0.5599435825105783,SiO2+Al2O3+CuO,0.6,0,
高钾,Ward,4,907,0.5088408644400786,SiO2+Al2O3+CuO,0.6,0,
高钾,Ward,5,907,0.3333333333333333,SiO2+Al2O3+CuO,0.6,0,
高钾,Ward,2,908,0.5333333333333333,K2O+CuO+P2O5,0.6,0,
高钾,Ward,3,908,0.3576388888888889,K2O+CuO+P2O5,0.6,0,
高钾,Ward,4,908,0.6873982416151091,K2O+CuO+P2O5,0.6,0,
高钾,Ward,5,908,0.580908032596042,K2O+CuO+P2O5,0.6,0,
高钾,Ward,2,909,1.0,SiO2+K2O+P2O5,0.6,0,
高钾,Ward,3,909,0.8160535117056856,SiO2+K2O+P2O5,0.6,0,
高钾,Ward,4,909,0.5368072787427626,SiO2+K2O+P2O5,0.6,0,
高钾,Ward,5,909,0.48760330578512395,SiO2+K2O+P2O5,0.6,0,
高钾,Ward,2,910,0.35,SiO2+P2O5+CuO,0.6,0,
高钾,Ward,3,910,0.65,SiO2+P2O5+CuO,0.6,0,
高钾,Ward,4,910,0.8607484769364665,SiO2+P2O5+CuO,0.6,0,
高钾,Ward,5,910,0.9817850637522769,SiO2+P2O5+CuO,0.6,0,
高钾,Ward,2,911,0.2,SiO2+Fe2O3+CuO+P2O5,0.5,0,
高钾,Ward,3,911,0.3333333333333333,SiO2+Fe2O3+CuO+P2O5,0.5,0,
高钾,Ward,4,911,0.36675461741424803,SiO2+Fe2O3+CuO+P2O5,0.5,0,
高钾,Ward,5,911,0.37751004016064255,SiO2+Fe2O3+CuO+P2O5,0.5,0,
高钾,Ward,2,912,-0.08333333333333333,SiO2+CuO+MgO+Al2O3+P2O5,0.6666666666666666,0,
高钾,Ward,3,912,0.6021000276319425,SiO2+CuO+MgO+Al2O3+P2O5,0.6666666666666666,0,
高钾,Ward,4,912,0.24837388581064804,SiO2+CuO+MgO+Al2O3+P2O5,0.6666666666666666,0,
高钾,Ward,5,912,0.20511000709723207,SiO2+CuO+MgO+Al2O3+P2O5,0.6666666666666666,0,
高钾,Ward,2,913,0.2,SiO2+Fe2O3+P2O5+CuO,0.5,0,
高钾,Ward,3,913,0.40298507462686567,SiO2+Fe2O3+P2O5+CuO,0.5,0,
高钾,Ward,4,913,0.324181626187962,SiO2+Fe2O3+P2O5+CuO,0.5,0,
高钾,Ward,5,913,0.5293146160198183,SiO2+Fe2O3+P2O5+CuO,0.5,0,
高钾,Ward,2,914,0.3389830508474576,CaO+CuO+P2O5,0.3333333333333333,0,
高钾,Ward,3,914,0.34782608695652173,CaO+CuO+P2O5,0.3333333333333333,0,
高钾,Ward,4,914,0.1640378548895899,CaO+CuO+P2O5,0.3333333333333333,0,
高钾,Ward,5,914,0.05415713196033562,CaO+CuO+P2O5,0.3333333333333333,0,
高钾,Ward,2,915,0.2,SiO2+Fe2O3+P2O5+CuO,0.5,0,
高钾,Ward,3,915,0.46691176470588236,SiO2+Fe2O3+P2O5+CuO,0.5,0,
高钾,Ward,4,915,0.2819429778247096,SiO2+Fe2O3+P2O5+CuO,0.5,0,
高钾,Ward,5,915,0.4797687861271676,SiO2+Fe2O3+P2O5+CuO,0.5,0,
高钾,Ward,2,916,1.0,Al2O3+K2O+SiO2+P2O5,0.8,0,
高钾,Ward,3,916,0.46887966804979253,Al2O3+K2O+SiO2+P2O5,0.8,0,
高钾,Ward,4,916,1.0,Al2O3+K2O+SiO2+P2O5,0.8,0,
高钾,Ward,5,916,0.9179206566347469,Al2O3+K2O+SiO2+P2O5,0.8,0,
高钾,Ward,2,917,0.23529411764705882,SiO2+CuO+P2O5+MgO,0.5,0,
高钾,Ward,3,917,0.10606060606060606,SiO2+CuO+P2O5+MgO,0.5,0,
高钾,Ward,4,917,0.4827586206896552,SiO2+CuO+P2O5+MgO,0.5,0,
高钾,Ward,5,917,0.20168067226890757,SiO2+CuO+P2O5+MgO,0.5,0,
高钾,Ward,2,918,-0.05,CuO+SiO2+MgO+Fe2O3,0.2857142857142857,0,
高钾,Ward,3,918,0.11073825503355705,CuO+SiO2+MgO+Fe2O3,0.2857142857142857,0,
高钾,Ward,4,918,0.03128153380423814,CuO+SiO2+MgO+Fe2O3,0.2857142857142857,0,
高钾,Ward,5,918,0.14923785891527827,CuO+SiO2+MgO+Fe2O3,0.2857142857142857,0,
高钾,Ward,2,919,0.35,SiO2+P2O5+CuO,0.6,0,
高钾,Ward,3,919,0.2550607287449393,SiO2+P2O5+CuO,0.6,0,
高钾,Ward,4,919,0.3802008608321377,SiO2+P2O5+CuO,0.6,0,
高钾,Ward,5,919,0.4218608852755194,SiO2+P2O5+CuO,0.6,0,
高钾,Ward,2,920,0.35,Al2O3+SiO2,0.4,0,
高钾,Ward,3,920,0.15,Al2O3+SiO2,0.4,0,
高钾,Ward,4,920,0.13903061224489796,Al2O3+SiO2,0.4,0,
高钾,Ward,5,920,0.29435483870967744,Al2O3+SiO2,0.4,0,
高钾,Ward,2,921,0.08333333333333333,CuO+SiO2+Fe2O3+P2O5,0.5,0,
高钾,Ward,3,921,0.1774193548387097,CuO+SiO2+Fe2O3+P2O5,0.5,0,
高钾,Ward,4,921,0.2011577424023155,CuO+SiO2+Fe2O3+P2O5,0.5,0,
高钾,Ward,5,921,0.25857275254865614,CuO+SiO2+Fe2O3+P2O5,0.5,0,
高钾,Ward,2,922,0.35359116022099446,K2O+Al2O3+P2O5+Fe2O3,0.5,0,
高钾,Ward,3,922,0.3906911142454161,K2O+Al2O3+P2O5+Fe2O3,0.5,0,
高钾,Ward,4,922,0.4972067039106145,K2O+Al2O3+P2O5+Fe2O3,0.5,0,
高钾,Ward,5,922,0.49019607843137253,K2O+Al2O3+P2O5+Fe2O3,0.5,0,
高钾,Ward,2,923,1.0,CuO+K2O+SiO2+P2O5,0.8,0,
高钾,Ward,3,923,1.0,CuO+K2O+SiO2+P2O5,0.8,0,
高钾,Ward,4,923,1.0,CuO+K2O+SiO2+P2O5,0.8,0,
高钾,Ward,5,923,0.9665178571428571,CuO+K2O+SiO2+P2O5,0.8,0,
高钾,Ward,2,924,-0.09871244635193133,K2O+Al2O3+P2O5,0.6,0,
高钾,Ward,3,924,0.49734710974588103,K2O+Al2O3+P2O5,0.6,0,
高钾,Ward,4,924,0.8848,K2O+Al2O3+P2O5,0.6,0,
高钾,Ward,5,924,0.5746268656716418,K2O+Al2O3+P2O5,0.6,0,
高钾,Ward,2,925,-0.09871244635193133,Al2O3+CuO,0.4,0,
高钾,Ward,3,925,0.5876288659793815,Al2O3+CuO,0.4,0,
高钾,Ward,4,925,0.47842884739214425,Al2O3+CuO,0.4,0,
高钾,Ward,5,925,0.5454545454545454,Al2O3+CuO,0.4,0,
高钾,Ward,2,926,0.2,MgO+Al2O3+P2O5+SiO2,0.5,0,
高钾,Ward,3,926,0.6069868995633187,MgO+Al2O3+P2O5+SiO2,0.5,0,
高钾,Ward,4,926,0.6376811594202898,MgO+Al2O3+P2O5+SiO2,0.5,0,
高钾,Ward,5,926,0.32950191570881227,MgO+Al2O3+P2O5+SiO2,0.5,0,
高钾,Ward,2,927,-0.05,CaO+CuO+P2O5+K2O+Fe2O3,0.42857142857142855,0,
高钾,Ward,3,927,-0.020228671943711522,CaO+CuO+P2O5+K2O+Fe2O3,0.42857142857142855,0,
高钾,Ward,4,927,-0.011743450767841012,CaO+CuO+P2O5+K2O+Fe2O3,0.42857142857142855,0,
高钾,Ward,5,927,0.031007751937984496,CaO+CuO+P2O5+K2O+Fe2O3,0.42857142857142855,0,
高钾,Ward,2,928,1.0,CuO+K2O+SiO2+P2O5,0.8,0,
高钾,Ward,3,928,0.8344827586206897,CuO+K2O+SiO2+P2O5,0.8,0,
高钾,Ward,4,928,0.6368876080691642,CuO+K2O+SiO2+P2O5,0.8,0,
高钾,Ward,5,928,0.5108695652173914,CuO+K2O+SiO2+P2O5,0.8,0,
高钾,Ward,2,929,,,,1,活动成分BaO没有正值，不能进行零替代
高钾,Ward,3,929,,,,1,活动成分BaO没有正值，不能进行零替代
高钾,Ward,4,929,,,,1,活动成分BaO没有正值，不能进行零替代
高钾,Ward,5,929,,,,1,活动成分BaO没有正值，不能进行零替代
高钾,Ward,2,930,,,,1,活动成分BaO在训练集中全缺失
高钾,Ward,3,930,,,,1,活动成分BaO在训练集中全缺失
高钾,Ward,4,930,,,,1,活动成分BaO在训练集中全缺失
高钾,Ward,5,930,,,,1,活动成分BaO在训练集中全缺失
高钾,Ward,2,931,1.0,CuO+SiO2+P2O5,0.6,0,
高钾,Ward,3,931,0.8160535117056856,CuO+SiO2+P2O5,0.6,0,
高钾,Ward,4,931,0.5368072787427626,CuO+SiO2+P2O5,0.6,0,
高钾,Ward,5,931,0.5254237288135594,CuO+SiO2+P2O5,0.6,0,
高钾,Ward,2,932,-0.05,P2O5+Fe2O3+Al2O3+CuO,0.5,0,
高钾,Ward,3,932,0.0625,P2O5+Fe2O3+Al2O3+CuO,0.5,0,
高钾,Ward,4,932,0.3155149934810952,P2O5+Fe2O3+Al2O3+CuO,0.5,0,
高钾,Ward,5,932,0.31693989071038253,P2O5+Fe2O3+Al2O3+CuO,0.5,0,
高钾,Ward,2,933,-0.04832104832104832,Fe2O3+Al2O3+CuO+P2O5,0.5,0,
高钾,Ward,3,933,0.08720456397718011,Fe2O3+Al2O3+CuO+P2O5,0.5,0,
高钾,Ward,4,933,0.2428491306786315,Fe2O3+Al2O3+CuO+P2O5,0.5,0,
高钾,Ward,5,933,0.2526071842410197,Fe2O3+Al2O3+CuO+P2O5,0.5,0,
高钾,Ward,2,934,0.1044776119402985,SiO2+Al2O3+CuO+P2O5,0.8,0,
高钾,Ward,3,934,0.7160356347438753,SiO2+Al2O3+CuO+P2O5,0.8,0,
高钾,Ward,4,934,0.3219404630650496,SiO2+Al2O3+CuO+P2O5,0.8,0,
高钾,Ward,5,934,0.3023255813953488,SiO2+Al2O3+CuO+P2O5,0.8,0,
高钾,Ward,2,935,0.0,SiO2+Al2O3+MgO,0.3333333333333333,0,
高钾,Ward,3,935,0.37639198218262804,SiO2+Al2O3+MgO,0.3333333333333333,0,
高钾,Ward,4,935,0.19259882253994953,SiO2+Al2O3+MgO,0.3333333333333333,0,
高钾,Ward,5,935,0.2411467116357504,SiO2+Al2O3+MgO,0.3333333333333333,0,
高钾,Ward,2,936,1.0,K2O+P2O5+SiO2+Al2O3+MgO,0.6666666666666666,0,
高钾,Ward,3,936,0.3368333793865709,K2O+P2O5+SiO2+Al2O3+MgO,0.6666666666666666,0,
高钾,Ward,4,936,1.0,K2O+P2O5+SiO2+Al2O3+MgO,0.6666666666666666,0,
高钾,Ward,5,936,1.0,K2O+P2O5+SiO2+Al2O3+MgO,0.6666666666666666,0,
高钾,Ward,2,937,0.20081967213114754,SiO2+BaO+P2O5+Al2O3,0.5,0,
高钾,Ward,3,937,0.5915032679738562,SiO2+BaO+P2O5+Al2O3,0.5,0,
高钾,Ward,4,937,0.6258134490238612,SiO2+BaO+P2O5+Al2O3,0.5,0,
高钾,Ward,5,937,0.6274298056155507,SiO2+BaO+P2O5+Al2O3,0.5,0,
高钾,Ward,2,938,1.0,K2O+Al2O3+SiO2+Fe2O3,0.5,0,
高钾,Ward,3,938,0.334916864608076,K2O+Al2O3+SiO2+Fe2O3,0.5,0,
高钾,Ward,4,938,0.29176289453425713,K2O+Al2O3+SiO2+Fe2O3,0.5,0,
高钾,Ward,5,938,0.1836734693877551,K2O+Al2O3+SiO2+Fe2O3,0.5,0,
高钾,Ward,2,939,1.0,Al2O3+SiO2+P2O5+K2O,0.8,0,
高钾,Ward,3,939,0.6354598177299089,Al2O3+SiO2+P2O5+K2O,0.8,0,
高钾,Ward,4,939,0.5972027972027972,Al2O3+SiO2+P2O5+K2O,0.8,0,
高钾,Ward,5,939,0.563392107472712,Al2O3+SiO2+P2O5+K2O,0.8,0,
高钾,Ward,2,940,1.0,Al2O3+SiO2+K2O+P2O5,0.8,0,
高钾,Ward,3,940,0.9001386962552012,Al2O3+SiO2+K2O+P2O5,0.8,0,
高钾,Ward,4,940,0.41294964028776976,Al2O3+SiO2+K2O+P2O5,0.8,0,
高钾,Ward,5,940,0.5471014492753623,Al2O3+SiO2+K2O+P2O5,0.8,0,
高钾,Ward,2,941,0.0924092409240924,SiO2+Fe2O3+Al2O3+K2O,0.5,0,
高钾,Ward,3,941,0.40380899806789955,SiO2+Fe2O3+Al2O3+K2O,0.5,0,
高钾,Ward,4,941,0.4931362196409715,SiO2+Fe2O3+Al2O3+K2O,0.5,0,
高钾,Ward,5,941,0.5127610208816705,SiO2+Fe2O3+Al2O3+K2O,0.5,0,
高钾,Ward,2,942,1.0,K2O+SiO2+P2O5+Fe2O3,0.5,0,
高钾,Ward,3,942,0.569377990430622,K2O+SiO2+P2O5+Fe2O3,0.5,0,
高钾,Ward,4,942,1.0,K2O+SiO2+P2O5+Fe2O3,0.5,0,
高钾,Ward,5,942,0.5833333333333334,K2O+SiO2+P2O5+Fe2O3,0.5,0,
高钾,Ward,2,943,0.7491638795986622,CaO+CuO,0.16666666666666666,0,
高钾,Ward,3,943,0.6507352941176471,CaO+CuO,0.16666666666666666,0,
高钾,Ward,4,943,0.6844059405940595,CaO+CuO,0.16666666666666666,0,
高钾,Ward,5,943,0.6660039761431411,CaO+CuO,0.16666666666666666,0,
高钾,Ward,2,944,,,,1,活动成分PbO在训练集中全缺失
高钾,Ward,3,944,,,,1,活动成分PbO在训练集中全缺失
高钾,Ward,4,944,,,,1,活动成分PbO在训练集中全缺失
高钾,Ward,5,944,,,,1,活动成分PbO在训练集中全缺失
高钾,Ward,2,945,-0.0847457627118644,CuO+SiO2+K2O,0.6,0,
高钾,Ward,3,945,1.0,CuO+SiO2+K2O,0.6,0,
高钾,Ward,4,945,0.35464595159844636,CuO+SiO2+K2O,0.6,0,
高钾,Ward,5,945,0.2939046469523235,CuO+SiO2+K2O,0.6,0,
高钾,Ward,2,946,-0.12903225806451613,Al2O3+SiO2+Fe2O3+P2O5,0.5,0,
高钾,Ward,3,946,0.36363636363636365,Al2O3+SiO2+Fe2O3+P2O5,0.5,0,
高钾,Ward,4,946,0.6097560975609756,Al2O3+SiO2+Fe2O3+P2O5,0.5,0,
高钾,Ward,5,946,0.47738693467336685,Al2O3+SiO2+Fe2O3+P2O5,0.5,0,
高钾,Ward,2,947,0.08333333333333333,SiO2+K2O+CaO+CuO+MgO,0.42857142857142855,0,
高钾,Ward,3,947,0.13715046604527298,SiO2+K2O+CaO+CuO+MgO,0.42857142857142855,0,
高钾,Ward,4,947,0.08296943231441048,SiO2+K2O+CaO+CuO+MgO,0.42857142857142855,0,
高钾,Ward,5,947,0.057665260196905765,SiO2+K2O+CaO+CuO+MgO,0.42857142857142855,0,
高钾,Ward,2,948,1.0,CuO+SiO2+K2O+P2O5,0.8,0,
高钾,Ward,3,948,0.6918687589158345,CuO+SiO2+K2O+P2O5,0.8,0,
高钾,Ward,4,948,0.4646153846153846,CuO+SiO2+K2O+P2O5,0.8,0,
高钾,Ward,5,948,0.5634920634920635,CuO+SiO2+K2O+P2O5,0.8,0,
高钾,Ward,2,949,0.75,Al2O3+P2O5+SiO2+Fe2O3,0.5,0,
高钾,Ward,3,949,0.5,Al2O3+P2O5+SiO2+Fe2O3,0.5,0,
高钾,Ward,4,949,0.5832127351664255,Al2O3+P2O5+SiO2+Fe2O3,0.5,0,
高钾,Ward,5,949,0.4377745241581259,Al2O3+P2O5+SiO2+Fe2O3,0.5,0,
高钾,Ward,2,950,1.0,Al2O3+MgO+K2O+SrO+SiO2+P2O5,0.5714285714285714,0,
高钾,Ward,3,950,0.45484581497797355,Al2O3+MgO+K2O+SrO+SiO2+P2O5,0.5714285714285714,0,
高钾,Ward,4,950,0.6984082658475286,Al2O3+MgO+K2O+SrO+SiO2+P2O5,0.5714285714285714,0,
高钾,Ward,5,950,0.6966292134831461,Al2O3+MgO+K2O+SrO+SiO2+P2O5,0.5714285714285714,0,
高钾,Ward,2,951,1.0,SiO2+K2O+Al2O3,0.6,0,
高钾,Ward,3,951,0.36,SiO2+K2O+Al2O3,0.6,0,
高钾,Ward,4,951,0.1927346115035318,SiO2+K2O+Al2O3,0.6,0,
高钾,Ward,5,951,0.4444444444444444,SiO2+K2O+Al2O3,0.6,0,
高钾,Ward,2,952,1.0,SiO2+Al2O3+P2O5+K2O+MgO+Fe2O3,0.5714285714285714,0,
高钾,Ward,3,952,0.3317422434367542,SiO2+Al2O3+P2O5+K2O+MgO+Fe2O3,0.5714285714285714,0,
高钾,Ward,4,952,0.18459796149490373,SiO2+Al2O3+P2O5+K2O+MgO+Fe2O3,0.5714285714285714,0,
高钾,Ward,5,952,0.2508513053348468,SiO2+Al2O3+P2O5+K2O+MgO+Fe2O3,0.5714285714285714,0,
高钾,Ward,2,953,0.0,Al2O3+P2O5+K2O+CuO,0.8,0,
高钾,Ward,3,953,0.08603667136812412,Al2O3+P2O5+K2O+CuO,0.8,0,
高钾,Ward,4,953,0.1262135922330097,Al2O3+P2O5+K2O+CuO,0.8,0,
高钾,Ward,5,953,0.42786069651741293,Al2O3+P2O5+K2O+CuO,0.8,0,
高钾,Ward,2,954,0.3672316384180791,SiO2+Al2O3+CaO+MgO,0.2857142857142857,0,
高钾,Ward,3,954,0.025830258302583026,SiO2+Al2O3+CaO+MgO,0.2857142857142857,0,
高钾,Ward,4,954,0.5474325500435161,SiO2+Al2O3+CaO+MgO,0.2857142857142857,0,
高钾,Ward,5,954,0.68,SiO2+Al2O3+CaO+MgO,0.2857142857142857,0,
高钾,Ward,2,955,1.0,K2O+Al2O3+SiO2,0.6,0,
高钾,Ward,3,955,0.5249406175771971,K2O+Al2O3+SiO2,0.6,0,
高钾,Ward,4,955,0.6216216216216216,K2O+Al2O3+SiO2,0.6,0,
高钾,Ward,5,955,0.5833333333333334,K2O+Al2O3+SiO2,0.6,0,
高钾,Ward,2,956,1.0,SiO2+Al2O3+K2O,0.6,0,
高钾,Ward,3,956,0.357429718875502,SiO2+Al2O3+K2O,0.6,0,
高钾,Ward,4,956,0.18032786885245902,SiO2+Al2O3+K2O,0.6,0,
高钾,Ward,5,956,0.4413793103448276,SiO2+Al2O3+K2O,0.6,0,
高钾,Ward,2,957,-0.09883720930232558,Fe2O3+PbO+SiO2+P2O5,0.2857142857142857,0,
高钾,Ward,3,957,0.25136469976605147,Fe2O3+PbO+SiO2+P2O5,0.2857142857142857,0,
高钾,Ward,4,957,0.4301994301994302,Fe2O3+PbO+SiO2+P2O5,0.2857142857142857,0,
高钾,Ward,5,957,0.43037974683544306,Fe2O3+PbO+SiO2+P2O5,0.2857142857142857,0,
高钾,Ward,2,958,0.5352697095435685,Al2O3+SiO2,0.4,0,
高钾,Ward,3,958,0.42127659574468085,Al2O3+SiO2,0.4,0,
高钾,Ward,4,958,0.4525235243798118,Al2O3+SiO2,0.4,0,
高钾,Ward,5,958,0.4520547945205479,Al2O3+SiO2,0.4,0,
高钾,Ward,2,959,0.0924092409240924,SiO2+K2O+Fe2O3+P2O5+CuO,0.6666666666666666,0,
高钾,Ward,3,959,0.4700524427270218,SiO2+K2O+Fe2O3+P2O5+CuO,0.6666666666666666,0,
高钾,Ward,4,959,0.3890386343216532,SiO2+K2O+Fe2O3+P2O5+CuO,0.6666666666666666,0,
高钾,Ward,5,959,0.41509433962264153,SiO2+K2O+Fe2O3+P2O5+CuO,0.6666666666666666,0,
高钾,Ward,2,960,-0.09883720930232558,P2O5+Fe2O3+SiO2,0.3333333333333333,0,
高钾,Ward,3,960,0.2201715622563036,P2O5+Fe2O3+SiO2,0.3333333333333333,0,
高钾,Ward,4,960,0.09162098668754894,P2O5+Fe2O3+SiO2,0.3333333333333333,0,
高钾,Ward,5,960,0.16040424980564913,P2O5+Fe2O3+SiO2,0.3333333333333333,0,
高钾,Ward,2,961,1.0,K2O+CuO+P2O5+SiO2,0.8,0,
高钾,Ward,3,961,0.6317991631799164,K2O+CuO+P2O5+SiO2,0.8,0,
高钾,Ward,4,961,0.641469973110248,K2O+CuO+P2O5+SiO2,0.8,0,
高钾,Ward,5,961,0.667590027700831,K2O+CuO+P2O5+SiO2,0.8,0,
高钾,Ward,2,962,1.0,SiO2+K2O+P2O5+CuO,0.8,0,
高钾,Ward,3,962,1.0,SiO2+K2O+P2O5+CuO,0.8,0,
高钾,Ward,4,962,0.8984485190409027,SiO2+K2O+P2O5+CuO,0.8,0,
高钾,Ward,5,962,0.9652878218108186,SiO2+K2O+P2O5+CuO,0.8,0,
高钾,Ward,2,963,0.31976744186046513,SiO2+P2O5+Al2O3,0.6,0,
高钾,Ward,3,963,0.4654427645788337,SiO2+P2O5+Al2O3,0.6,0,
高钾,Ward,4,963,0.5054945054945055,SiO2+P2O5+Al2O3,0.6,0,
高钾,Ward,5,963,0.6067415730337079,SiO2+P2O5+Al2O3,0.6,0,
高钾,Ward,2,964,0.35359116022099446,SiO2+Al2O3+CaO,0.3333333333333333,0,
高钾,Ward,3,964,0.10984308131241084,SiO2+Al2O3+CaO,0.3333333333333333,0,
高钾,Ward,4,964,0.48698884758364314,SiO2+Al2O3+CaO,0.3333333333333333,0,
高钾,Ward,5,964,0.4080505130228887,SiO2+Al2O3+CaO,0.3333333333333333,0,
高钾,Ward,2,965,-0.022727272727272728,Al2O3+P2O5+Fe2O3,0.3333333333333333,0,
高钾,Ward,3,965,0.13017215342796737,Al2O3+P2O5+Fe2O3,0.3333333333333333,0,
高钾,Ward,4,965,0.1540785498489426,Al2O3+P2O5+Fe2O3,0.3333333333333333,0,
高钾,Ward,5,965,0.3340732519422864,Al2O3+P2O5+Fe2O3,0.3333333333333333,0,
高钾,Ward,2,966,-0.09871244635193133,SiO2+CuO+Fe2O3+P2O5,0.5,0,
高钾,Ward,3,966,-0.09557774607703282,SiO2+CuO+Fe2O3+P2O5,0.5,0,
高钾,Ward,4,966,0.02467343976777939,SiO2+CuO+Fe2O3+P2O5,0.5,0,
高钾,Ward,5,966,0.10759493670886076,SiO2+CuO+Fe2O3+P2O5,0.5,0,
高钾,Ward,2,967,0.0,Al2O3+SiO2+MgO,0.3333333333333333,0,
高钾,Ward,3,967,0.05333333333333334,Al2O3+SiO2+MgO,0.3333333333333333,0,
高钾,Ward,4,967,0.23371647509578544,Al2O3+SiO2+MgO,0.3333333333333333,0,
高钾,Ward,5,967,0.1933028919330289,Al2O3+SiO2+MgO,0.3333333333333333,0,
高钾,Ward,2,968,0.35,SiO2+P2O5,0.4,0,
高钾,Ward,3,968,0.18333333333333332,SiO2+P2O5,0.4,0,
高钾,Ward,4,968,0.39927184466019416,SiO2+P2O5,0.4,0,
高钾,Ward,5,968,0.5796460176991151,SiO2+P2O5,0.4,0,
高钾,Ward,2,969,1.0,SiO2+CuO+K2O+P2O5,0.8,0,
高钾,Ward,3,969,0.9625117150890347,SiO2+CuO+K2O+P2O5,0.8,0,
高钾,Ward,4,969,0.35341660543717857,SiO2+CuO+K2O+P2O5,0.8,0,
高钾,Ward,5,969,0.30619127920982897,SiO2+CuO+K2O+P2O5,0.8,0,
高钾,Ward,2,970,0.21052631578947367,SiO2+P2O5+MgO+Al2O3,0.5,0,
高钾,Ward,3,970,0.5852534562211982,SiO2+P2O5+MgO+Al2O3,0.5,0,
高钾,Ward,4,970,0.5086614173228347,SiO2+P2O5+MgO+Al2O3,0.5,0,
高钾,Ward,5,970,0.5098039215686274,SiO2+P2O5+MgO+Al2O3,0.5,0,
高钾,Ward,2,971,1.0,SrO+P2O5+SiO2+Al2O3+K2O,0.6666666666666666,0,
高钾,Ward,3,971,0.7393048128342246,SrO+P2O5+SiO2+Al2O3+K2O,0.6666666666666666,0,
高钾,Ward,4,971,0.39984996249062266,SrO+P2O5+SiO2+Al2O3+K2O,0.6666666666666666,0,
高钾,Ward,5,971,0.2618878637331441,SrO+P2O5+SiO2+Al2O3+K2O,0.6666666666666666,0,
高钾,Ward,2,972,,,,1,活动成分BaO没有正值，不能进行零替代
高钾,Ward,3,972,,,,1,活动成分BaO没有正值，不能进行零替代
高钾,Ward,4,972,,,,1,活动成分BaO没有正值，不能进行零替代
高钾,Ward,5,972,,,,1,活动成分BaO没有正值，不能进行零替代
高钾,Ward,2,973,0.0,SiO2+P2O5+CuO,0.6,0,
高钾,Ward,3,973,0.28321678321678323,SiO2+P2O5+CuO,0.6,0,
高钾,Ward,4,973,0.3278301886792453,SiO2+P2O5+CuO,0.6,0,
高钾,Ward,5,973,0.47761194029850745,SiO2+P2O5+CuO,0.6,0,
高钾,Ward,2,974,-0.030042918454935622,P2O5+SiO2+CuO,0.6,0,
高钾,Ward,3,974,0.2680986475735879,P2O5+SiO2+CuO,0.6,0,
高钾,Ward,4,974,0.44350758853288363,P2O5+SiO2+CuO,0.6,0,
高钾,Ward,5,974,0.5371428571428571,P2O5+SiO2+CuO,0.6,0,
高钾,Ward,2,975,0.5352697095435685,CaO+CuO+P2O5,0.3333333333333333,0,
高钾,Ward,3,975,0.38896746817538896,CaO+CuO+P2O5,0.3333333333333333,0,
高钾,Ward,4,975,0.51931330472103,CaO+CuO+P2O5,0.3333333333333333,0,
高钾,Ward,5,975,0.28593798935170683,CaO+CuO+P2O5,0.3333333333333333,0,
高钾,Ward,2,976,0.5333333333333333,Al2O3+Fe2O3+P2O5,0.3333333333333333,0,
高钾,Ward,3,976,0.4019349164467898,Al2O3+Fe2O3+P2O5,0.3333333333333333,0,
高钾,Ward,4,976,0.41101963267891073,Al2O3+Fe2O3+P2O5,0.3333333333333333,0,
高钾,Ward,5,976,0.41767068273092367,Al2O3+Fe2O3+P2O5,0.3333333333333333,0,
高钾,Ward,2,977,0.7311827956989247,CuO+SiO2+MgO,0.3333333333333333,0,
高钾,Ward,3,977,0.29850746268656714,CuO+SiO2+MgO,0.3333333333333333,0,
高钾,Ward,4,977,0.35341660543717857,CuO+SiO2+MgO,0.3333333333333333,0,
高钾,Ward,5,977,0.143054595715273,CuO+SiO2+MgO,0.3333333333333333,0,
高钾,Ward,2,978,1.0,Al2O3+SiO2+K2O+P2O5,0.8,0,
高钾,Ward,3,978,1.0,Al2O3+SiO2+K2O+P2O5,0.8,0,
高钾,Ward,4,978,1.0,Al2O3+SiO2+K2O+P2O5,0.8,0,
高钾,Ward,5,978,0.9259259259259259,Al2O3+SiO2+K2O+P2O5,0.8,0,
高钾,Ward,2,979,1.0,SiO2+Al2O3+P2O5+K2O,0.8,0,
高钾,Ward,3,979,0.4482758620689655,SiO2+Al2O3+P2O5+K2O,0.8,0,
高钾,Ward,4,979,0.24528301886792453,SiO2+Al2O3+P2O5+K2O,0.8,0,
高钾,Ward,5,979,0.22491349480968859,SiO2+Al2O3+P2O5+K2O,0.8,0,
高钾,Ward,2,980,0.35,SiO2+Al2O3+CuO,0.6,0,
高钾,Ward,3,980,0.1091314031180401,SiO2+Al2O3+CuO,0.6,0,
高钾,Ward,4,980,0.2765957446808511,SiO2+Al2O3+CuO,0.6,0,
高钾,Ward,5,980,0.11323328785811733,SiO2+Al2O3+CuO,0.6,0,
高钾,Ward,2,981,1.0,Al2O3+SiO2+K2O+MgO,0.5,0,
高钾,Ward,3,981,0.4132029339853301,Al2O3+SiO2+K2O+MgO,0.5,0,
高钾,Ward,4,981,0.3408450704225352,Al2O3+SiO2+K2O+MgO,0.5,0,
高钾,Ward,5,981,0.3062605752961083,Al2O3+SiO2+K2O+MgO,0.5,0,
高钾,Ward,2,982,1.0,K2O+SiO2+Al2O3,0.6,0,
高钾,Ward,3,982,0.4582043343653251,K2O+SiO2+Al2O3,0.6,0,
高钾,Ward,4,982,0.3546607832322118,K2O+SiO2+Al2O3,0.6,0,
高钾,Ward,5,982,0.45484581497797355,K2O+SiO2+Al2O3,0.6,0,
高钾,Ward,2,983,1.0,CaO+K2O+SiO2+Fe2O3,0.2857142857142857,0,
高钾,Ward,3,983,0.5206847360912982,CaO+K2O+SiO2+Fe2O3,0.2857142857142857,0,
高钾,Ward,4,983,0.4227405247813411,CaO+K2O+SiO2+Fe2O3,0.2857142857142857,0,
高钾,Ward,5,983,0.31176470588235294,CaO+K2O+SiO2+Fe2O3,0.2857142857142857,0,
高钾,Ward,2,984,1.0,P2O5+SiO2+K2O,0.6,0,
高钾,Ward,3,984,0.6753246753246753,P2O5+SiO2+K2O,0.6,0,
高钾,Ward,4,984,0.4850498338870432,P2O5+SiO2+K2O,0.6,0,
高钾,Ward,5,984,0.6458684654300169,P2O5+SiO2+K2O,0.6,0,
高钾,Ward,2,985,1.0,K2O+Al2O3+SiO2,0.6,0,
高钾,Ward,3,985,0.40380899806789955,K2O+Al2O3+SiO2,0.6,0,
高钾,Ward,4,985,0.28507596067917784,K2O+Al2O3+SiO2,0.6,0,
高钾,Ward,5,985,0.16439600363306087,K2O+Al2O3+SiO2,0.6,0,
高钾,Ward,2,986,0.2033195020746888,PbO+P2O5+SiO2+CuO+Fe2O3,0.42857142857142855,0,
高钾,Ward,3,986,0.3924050632911392,PbO+P2O5+SiO2+CuO+Fe2O3,0.42857142857142855,0,
高钾,Ward,4,986,0.15466499686912963,PbO+P2O5+SiO2+CuO+Fe2O3,0.42857142857142855,0,
高钾,Ward,5,986,0.18163672654690619,PbO+P2O5+SiO2+CuO+Fe2O3,0.42857142857142855,0,
高钾,Ward,2,987,1.0,Al2O3+CuO+SiO2+K2O,0.8,0,
高钾,Ward,3,987,1.0,Al2O3+CuO+SiO2+K2O,0.8,0,
高钾,Ward,4,987,0.8926334625708321,Al2O3+CuO+SiO2+K2O,0.8,0,
高钾,Ward,5,987,0.4963273871983211,Al2O3+CuO+SiO2+K2O,0.8,0,
高钾,Ward,2,988,0.23529411764705882,Al2O3+MgO+CaO,0.14285714285714285,0,
高钾,Ward,3,988,0.40083217753120665,Al2O3+MgO+CaO,0.14285714285714285,0,
高钾,Ward,4,988,0.40347970173985087,Al2O3+MgO+CaO,0.14285714285714285,0,
高钾,Ward,5,988,0.1836734693877551,Al2O3+MgO+CaO,0.14285714285714285,0,
高钾,Ward,2,989,0.08839779005524862,CuO+CaO+Fe2O3,0.14285714285714285,0,
高钾,Ward,3,989,0.2590305649891942,CuO+CaO+Fe2O3,0.14285714285714285,0,
高钾,Ward,4,989,0.28263035536366654,CuO+CaO+Fe2O3,0.14285714285714285,0,
高钾,Ward,5,989,0.3142857142857143,CuO+CaO+Fe2O3,0.14285714285714285,0,
高钾,Ward,2,990,1.0,K2O+MgO+SiO2+CuO,0.5,0,
高钾,Ward,3,990,0.6414017929910351,K2O+MgO+SiO2+CuO,0.5,0,
高钾,Ward,4,990,0.5472330911123533,K2O+MgO+SiO2+CuO,0.5,0,
高钾,Ward,5,990,0.5131505316172356,K2O+MgO+SiO2+CuO,0.5,0,
高钾,Ward,2,991,-0.09883720930232558,CaO+K2O+P2O5,0.3333333333333333,0,
高钾,Ward,3,991,0.19710064120434903,CaO+K2O+P2O5,0.3333333333333333,0,
高钾,Ward,4,991,0.34045801526717556,CaO+K2O+P2O5,0.3333333333333333,0,
高钾,Ward,5,991,0.2982456140350877,CaO+K2O+P2O5,0.3333333333333333,0,
高钾,Ward,2,992,,,,1,活动成分PbO在训练集中全缺失
高钾,Ward,3,992,,,,1,活动成分PbO在训练集中全缺失
高钾,Ward,4,992,,,,1,活动成分PbO在训练集中全缺失
高钾,Ward,5,992,,,,1,活动成分PbO在训练集中全缺失
高钾,Ward,2,993,,,,1,活动成分BaO没有正值，不能进行零替代
高钾,Ward,3,993,,,,1,活动成分BaO没有正值，不能进行零替代
高钾,Ward,4,993,,,,1,活动成分BaO没有正值，不能进行零替代
高钾,Ward,5,993,,,,1,活动成分BaO没有正值，不能进行零替代
高钾,Ward,2,994,1.0,CuO+SiO2+K2O+P2O5,0.8,0,
高钾,Ward,3,994,0.6753246753246753,CuO+SiO2+K2O+P2O5,0.8,0,
高钾,Ward,4,994,0.9315068493150684,CuO+SiO2+K2O+P2O5,0.8,0,
高钾,Ward,5,994,0.8387096774193549,CuO+SiO2+K2O+P2O5,0.8,0,
高钾,Ward,2,995,1.0,Al2O3+SiO2+P2O5+K2O,0.8,0,
高钾,Ward,3,995,0.29961089494163423,Al2O3+SiO2+P2O5+K2O,0.8,0,
高钾,Ward,4,995,0.23076923076923078,Al2O3+SiO2+P2O5+K2O,0.8,0,
高钾,Ward,5,995,0.22272727272727272,Al2O3+SiO2+P2O5+K2O,0.8,0,
高钾,Ward,2,996,0.2,SiO2+CaO+CuO,0.3333333333333333,0,
高钾,Ward,3,996,0.05,SiO2+CaO+CuO,0.3333333333333333,0,
高钾,Ward,4,996,0.58984375,SiO2+CaO+CuO,0.3333333333333333,0,
高钾,Ward,5,996,0.625,SiO2+CaO+CuO,0.3333333333333333,0,
高钾,Ward,2,997,1.0,SiO2+Al2O3+P2O5,0.6,0,
高钾,Ward,3,997,1.0,SiO2+Al2O3+P2O5,0.6,0,
高钾,Ward,4,997,0.5159989244420543,SiO2+Al2O3+P2O5,0.6,0,
高钾,Ward,5,997,0.5668449197860963,SiO2+Al2O3+P2O5,0.6,0,
高钾,Ward,2,998,0.7311827956989247,K2O+Al2O3+CuO+P2O5,0.8,0,
高钾,Ward,3,998,0.7377622377622378,K2O+Al2O3+CuO+P2O5,0.8,0,
高钾,Ward,4,998,0.522673031026253,K2O+Al2O3+CuO+P2O5,0.8,0,
高钾,Ward,5,998,0.42992874109263657,K2O+Al2O3+CuO+P2O5,0.8,0,
高钾,Ward,2,999,1.0,Al2O3+SiO2+K2O+P2O5,0.8,0,
高钾,Ward,3,999,0.7329624478442281,Al2O3+SiO2+K2O+P2O5,0.8,0,
高钾,Ward,4,999,0.738827626233314,Al2O3+SiO2+K2O+P2O5,0.8,0,
高钾,Ward,5,999,1.0,Al2O3+SiO2+K2O+P2O5,0.8,0,
铅钡,Ward,2,0,1.0,Al2O3+K2O+SiO2+BaO+MgO+CuO+Fe2O3,0.6666666666666666,0,
铅钡,Ward,3,0,0.6828190308581485,Al2O3+K2O+SiO2+BaO+MgO+CuO+Fe2O3,0.6666666666666666,0,
铅钡,Ward,4,0,0.49695803882973966,Al2O3+K2O+SiO2+BaO+MgO+CuO+Fe2O3,0.6666666666666666,0,
铅钡,Ward,5,0,0.3769269577891137,Al2O3+K2O+SiO2+BaO+MgO+CuO+Fe2O3,0.6666666666666666,0,
铅钡,Ward,6,0,0.42710102927950433,Al2O3+K2O+SiO2+BaO+MgO+CuO+Fe2O3,0.6666666666666666,0,
铅钡,Ward,2,1,0.8999407933688574,CaO+SiO2+MgO+K2O+Fe2O3+Al2O3+CuO+PbO+SrO,0.7,0,
铅钡,Ward,3,1,0.5780186853659044,CaO+SiO2+MgO+K2O+Fe2O3+Al2O3+CuO+PbO+SrO,0.7,0,
铅钡,Ward,4,1,0.31121642969984203,CaO+SiO2+MgO+K2O+Fe2O3+Al2O3+CuO+PbO+SrO,0.7,0,
铅钡,Ward,5,1,0.4185185185185185,CaO+SiO2+MgO+K2O+Fe2O3+Al2O3+CuO+PbO+SrO,0.7,0,
铅钡,Ward,6,1,0.5111536010197578,CaO+SiO2+MgO+K2O+Fe2O3+Al2O3+CuO+PbO+SrO,0.7,0,
铅钡,Ward,2,2,1.0,CuO+PbO+Fe2O3+SrO+SiO2+K2O,0.5555555555555556,0,
铅钡,Ward,3,2,0.6080839660562751,CuO+PbO+Fe2O3+SrO+SiO2+K2O,0.5555555555555556,0,
铅钡,Ward,4,2,0.4682508765095442,CuO+PbO+Fe2O3+SrO+SiO2+K2O,0.5555555555555556,0,
铅钡,Ward,5,2,0.44014094353868954,CuO+PbO+Fe2O3+SrO+SiO2+K2O,0.5555555555555556,0,
铅钡,Ward,6,2,0.4101705237515225,CuO+PbO+Fe2O3+SrO+SiO2+K2O,0.5555555555555556,0,
铅钡,Ward,2,3,0.23481400094176738,K2O+PbO+SiO2+Al2O3+CaO+SrO+Fe2O3,0.6666666666666666,0,
铅钡,Ward,3,3,0.1184521587657086,K2O+PbO+SiO2+Al2O3+CaO+SrO+Fe2O3,0.6666666666666666,0,
铅钡,Ward,4,3,0.26513891643653786,K2O+PbO+SiO2+Al2O3+CaO+SrO+Fe2O3,0.6666666666666666,0,
铅钡,Ward,5,3,0.2867505473345467,K2O+PbO+SiO2+Al2O3+CaO+SrO+Fe2O3,0.6666666666666666,0,
铅钡,Ward,6,3,0.4052236092594837,K2O+PbO+SiO2+Al2O3+CaO+SrO+Fe2O3,0.6666666666666666,0,
铅钡,Ward,2,4,0.8050513022888713,PbO+Fe2O3+CuO+K2O+SiO2+BaO,0.5555555555555556,0,
铅钡,Ward,3,4,0.6629724915891549,PbO+Fe2O3+CuO+K2O+SiO2+BaO,0.5555555555555556,0,
铅钡,Ward,4,4,0.3583742700899064,PbO+Fe2O3+CuO+K2O+SiO2+BaO,0.5555555555555556,0,
铅钡,Ward,5,4,0.2868446038611668,PbO+Fe2O3+CuO+K2O+SiO2+BaO,0.5555555555555556,0,
铅钡,Ward,6,4,0.2878073639954134,PbO+Fe2O3+CuO+K2O+SiO2+BaO,0.5555555555555556,0,
铅钡,Ward,2,5,0.23076417333447294,PbO+SrO+Al2O3+Fe2O3+SiO2+MgO,0.4,0,
铅钡,Ward,3,5,0.09685512050891497,PbO+SrO+Al2O3+Fe2O3+SiO2+MgO,0.4,0,
铅钡,Ward,4,5,0.18626237623762376,PbO+SrO+Al2O3+Fe2O3+SiO2+MgO,0.4,0,
铅钡,Ward,5,5,0.10713300601312958,PbO+SrO+Al2O3+Fe2O3+SiO2+MgO,0.4,0,
铅钡,Ward,6,5,0.15550294491280747,PbO+SrO+Al2O3+Fe2O3+SiO2+MgO,0.4,0,
铅钡,Ward,2,6,-0.059957173447537475,Al2O3+SrO+Fe2O3+CuO+BaO+CaO+SiO2,0.875,0,
铅钡,Ward,3,6,0.4884535363064239,Al2O3+SrO+Fe2O3+CuO+BaO+CaO+SiO2,0.875,0,
铅钡,Ward,4,6,0.476827080810094,Al2O3+SrO+Fe2O3+CuO+BaO+CaO+SiO2,0.875,0,
铅钡,Ward,5,6,0.4673988842398884,Al2O3+SrO+Fe2O3+CuO+BaO+CaO+SiO2,0.875,0,
铅钡,Ward,6,6,0.4429587309305294,Al2O3+SrO+Fe2O3+CuO+BaO+CaO+SiO2,0.875,0,
铅钡,Ward,2,7,-0.014484185634052616,SiO2+CaO+SrO+BaO+PbO+K2O,0.5555555555555556,0,
铅钡,Ward,3,7,0.1678241439700465,SiO2+CaO+SrO+BaO+PbO+K2O,0.5555555555555556,0,
铅钡,Ward,4,7,0.4552286961472765,SiO2+CaO+SrO+BaO+PbO+K2O,0.5555555555555556,0,
铅钡,Ward,5,7,0.6504906573464175,SiO2+CaO+SrO+BaO+PbO+K2O,0.5555555555555556,0,
铅钡,Ward,6,7,0.6428753115938343,SiO2+CaO+SrO+BaO+PbO+K2O,0.5555555555555556,0,
铅钡,Ward,2,8,0.4781273983115886,Al2O3+CuO+BaO+SiO2+SrO+Fe2O3+K2O,0.875,0,
铅钡,Ward,3,8,0.3594972616777399,Al2O3+CuO+BaO+SiO2+SrO+Fe2O3+K2O,0.875,0,
铅钡,Ward,4,8,0.27154801561914005,Al2O3+CuO+BaO+SiO2+SrO+Fe2O3+K2O,0.875,0,
铅钡,Ward,5,8,0.2832573003830109,Al2O3+CuO+BaO+SiO2+SrO+Fe2O3+K2O,0.875,0,
铅钡,Ward,6,8,0.352044352044352,Al2O3+CuO+BaO+SiO2+SrO+Fe2O3+K2O,0.875,0,
铅钡,Ward,2,9,0.8050243719535058,Al2O3+CuO+BaO+SiO2+SrO+Fe2O3,0.75,0,
铅钡,Ward,3,9,0.8128985401022129,Al2O3+CuO+BaO+SiO2+SrO+Fe2O3,0.75,0,
铅钡,Ward,4,9,0.5311549886423205,Al2O3+CuO+BaO+SiO2+SrO+Fe2O3,0.75,0,
铅钡,Ward,5,9,0.39729345919304987,Al2O3+CuO+BaO+SiO2+SrO+Fe2O3,0.75,0,
铅钡,Ward,6,9,0.40993661827847067,Al2O3+CuO+BaO+SiO2+SrO+Fe2O3,0.75,0,
铅钡,Ward,2,10,,,,1,活动成分SO2在训练集中全缺失
铅钡,Ward,3,10,,,,1,活动成分SO2在训练集中全缺失
铅钡,Ward,4,10,,,,1,活动成分SO2在训练集中全缺失
铅钡,Ward,5,10,,,,1,活动成分SO2在训练集中全缺失
铅钡,Ward,6,10,,,,1,活动成分SO2在训练集中全缺失
铅钡,Ward,2,11,-0.0650486632992485,SrO+CuO+BaO+Al2O3+SiO2+MgO+PbO,0.5,0,
铅钡,Ward,3,11,0.5026375282592314,SrO+CuO+BaO+Al2O3+SiO2+MgO+PbO,0.5,0,
铅钡,Ward,4,11,0.4877093255492395,SrO+CuO+BaO+Al2O3+SiO2+MgO+PbO,0.5,0,
铅钡,Ward,5,11,0.40469911292256056,SrO+CuO+BaO+Al2O3+SiO2+MgO+PbO,0.5,0,
铅钡,Ward,6,11,0.3891484942886812,SrO+CuO+BaO+Al2O3+SiO2+MgO+PbO,0.5,0,
铅钡,Ward,2,12,0.5514413028904925,SiO2+BaO+SrO+CuO+Al2O3+K2O+MgO,0.6666666666666666,0,
铅钡,Ward,3,12,0.2935483231193352,SiO2+BaO+SrO+CuO+Al2O3+K2O+MgO,0.6666666666666666,0,
铅钡,Ward,4,12,0.17952889530928956,SiO2+BaO+SrO+CuO+Al2O3+K2O+MgO,0.6666666666666666,0,
铅钡,Ward,5,12,0.30842349721857165,SiO2+BaO+SrO+CuO+Al2O3+K2O+MgO,0.6666666666666666,0,
铅钡,Ward,6,12,0.4662974985678824,SiO2+BaO+SrO+CuO+Al2O3+K2O+MgO,0.6666666666666666,0,
铅钡,Ward,2,13,1.0,PbO+SiO2+CuO+Al2O3+K2O+Fe2O3,0.5555555555555556,0,
铅钡,Ward,3,13,0.8609965755818016,PbO+SiO2+CuO+Al2O3+K2O+Fe2O3,0.5555555555555556,0,
铅钡,Ward,4,13,0.6128910281154237,PbO+SiO2+CuO+Al2O3+K2O+Fe2O3,0.5555555555555556,0,
铅钡,Ward,5,13,0.433829167305628,PbO+SiO2+CuO+Al2O3+K2O+Fe2O3,0.5555555555555556,0,
铅钡,Ward,6,13,0.5480721960811855,PbO+SiO2+CuO+Al2O3+K2O+Fe2O3,0.5555555555555556,0,
铅钡,Ward,2,14,0.8050513022888713,CaO+MgO+SiO2+Al2O3+Fe2O3+BaO+CuO+K2O,0.7777777777777778,0,
铅钡,Ward,3,14,0.6607810733234757,CaO+MgO+SiO2+Al2O3+Fe2O3+BaO+CuO+K2O,0.7777777777777778,0,
铅钡,Ward,4,14,0.3799822852081488,CaO+MgO+SiO2+Al2O3+Fe2O3+BaO+CuO+K2O,0.7777777777777778,0,
铅钡,Ward,5,14,0.5276060310228875,CaO+MgO+SiO2+Al2O3+Fe2O3+BaO+CuO+K2O,0.7777777777777778,0,
铅钡,Ward,6,14,0.5365368825893436,CaO+MgO+SiO2+Al2O3+Fe2O3+BaO+CuO+K2O,0.7777777777777778,0,
铅钡,Ward,2,15,0.029850746268656716,Al2O3+PbO+SrO+Fe2O3+CaO+SiO2+K2O,0.6666666666666666,0,
铅钡,Ward,3,15,0.15464430388742803,Al2O3+PbO+SrO+Fe2O3+CaO+SiO2+K2O,0.6666666666666666,0,
铅钡,Ward,4,15,0.2631587987255567,Al2O3+PbO+SrO+Fe2O3+CaO+SiO2+K2O,0.6666666666666666,0,
铅钡,Ward,5,15,0.3783547622019723,Al2O3+PbO+SrO+Fe2O3+CaO+SiO2+K2O,0.6666666666666666,0,
铅钡,Ward,6,15,0.49854045037531275,Al2O3+PbO+SrO+Fe2O3+CaO+SiO2+K2O,0.6666666666666666,0,
铅钡,Ward,2,16,0.1366223908918406,SiO2+MgO+SrO+CuO+Al2O3+PbO+Fe2O3+BaO,0.6,0,
铅钡,Ward,3,16,0.3732636051642425,SiO2+MgO+SrO+CuO+Al2O3+PbO+Fe2O3+BaO,0.6,0,
铅钡,Ward,4,16,0.36194311603322427,SiO2+MgO+SrO+CuO+Al2O3+PbO+Fe2O3+BaO,0.6,0,
铅钡,Ward,5,16,0.2982236677508131,SiO2+MgO+SrO+CuO+Al2O3+PbO+Fe2O3+BaO,0.6,0,
铅钡,Ward,6,16,0.2570281124497992,SiO2+MgO+SrO+CuO+Al2O3+PbO+Fe2O3+BaO,0.6,0,
铅钡,Ward,2,17,,,,1,活动成分SnO2在训练集中全缺失
铅钡,Ward,3,17,,,,1,活动成分SnO2在训练集中全缺失
铅钡,Ward,4,17,,,,1,活动成分SnO2在训练集中全缺失
铅钡,Ward,5,17,,,,1,活动成分SnO2在训练集中全缺失
铅钡,Ward,6,17,,,,1,活动成分SnO2在训练集中全缺失
铅钡,Ward,2,18,0.8051166735704283,CaO+SiO2+CuO+Fe2O3+Al2O3+SrO+BaO+K2O,1.0,0,
铅钡,Ward,3,18,0.5247191242015322,CaO+SiO2+CuO+Fe2O3+Al2O3+SrO+BaO+K2O,1.0,0,
铅钡,Ward,4,18,0.424827237485252,CaO+SiO2+CuO+Fe2O3+Al2O3+SrO+BaO+K2O,1.0,0,
铅钡,Ward,5,18,0.43921063070210237,CaO+SiO2+CuO+Fe2O3+Al2O3+SrO+BaO+K2O,1.0,0,
铅钡,Ward,6,18,0.5992464463092996,CaO+SiO2+CuO+Fe2O3+Al2O3+SrO+BaO+K2O,1.0,0,
铅钡,Ward,2,19,0.899996055071206,Al2O3+Fe2O3+K2O+CuO+BaO+SiO2+Na2O,0.6666666666666666,0,
铅钡,Ward,3,19,0.6205156424056154,Al2O3+Fe2O3+K2O+CuO+BaO+SiO2+Na2O,0.6666666666666666,0,
铅钡,Ward,4,19,0.42585110213225585,Al2O3+Fe2O3+K2O+CuO+BaO+SiO2+Na2O,0.6666666666666666,0,
铅钡,Ward,5,19,0.41092034900084434,Al2O3+Fe2O3+K2O+CuO+BaO+SiO2+Na2O,0.6666666666666666,0,
铅钡,Ward,6,19,0.46477216443784053,Al2O3+Fe2O3+K2O+CuO+BaO+SiO2+Na2O,0.6666666666666666,0,
铅钡,Ward,2,20,0.7153659017686896,SiO2+CuO+K2O+Al2O3+BaO+Fe2O3+SrO,0.875,0,
铅钡,Ward,3,20,0.49093282364458535,SiO2+CuO+K2O+Al2O3+BaO+Fe2O3+SrO,0.875,0,
铅钡,Ward,4,20,0.26506202353234337,SiO2+CuO+K2O+Al2O3+BaO+Fe2O3+SrO,0.875,0,
铅钡,Ward,5,20,0.33271763962475087,SiO2+CuO+K2O+Al2O3+BaO+Fe2O3+SrO,0.875,0,
铅钡,Ward,6,20,0.37084515276845453,SiO2+CuO+K2O+Al2O3+BaO+Fe2O3+SrO,0.875,0,
铅钡,Ward,2,21,0.016412822887317005,SiO2+MgO+PbO+SrO+K2O+CuO+BaO+Fe2O3,0.6,0,
铅钡,Ward,3,21,0.12062536929252042,SiO2+MgO+PbO+SrO+K2O+CuO+BaO+Fe2O3,0.6,0,
铅钡,Ward,4,21,0.15559138546585283,SiO2+MgO+PbO+SrO+K2O+CuO+BaO+Fe2O3,0.6,0,
铅钡,Ward,5,21,0.0737943585077343,SiO2+MgO+PbO+SrO+K2O+CuO+BaO+Fe2O3,0.6,0,
铅钡,Ward,6,21,0.05166051660516605,SiO2+MgO+PbO+SrO+K2O+CuO+BaO+Fe2O3,0.6,0,
铅钡,Ward,2,22,0.09518143961927424,CuO+SiO2+Na2O+Al2O3+P2O5+BaO+Fe2O3,0.5,0,
铅钡,Ward,3,22,0.28575179530267425,CuO+SiO2+Na2O+Al2O3+P2O5+BaO+Fe2O3,0.5,0,
铅钡,Ward,4,22,0.3975614994465463,CuO+SiO2+Na2O+Al2O3+P2O5+BaO+Fe2O3,0.5,0,
铅钡,Ward,5,22,0.3723611048325121,CuO+SiO2+Na2O+Al2O3+P2O5+BaO+Fe2O3,0.5,0,
铅钡,Ward,6,22,0.3885404789053592,CuO+SiO2+Na2O+Al2O3+P2O5+BaO+Fe2O3,0.5,0,
铅钡,Ward,2,23,0.2299794661190965,PbO+K2O+Fe2O3+CuO+P2O5+SiO2+BaO,0.5,0,
铅钡,Ward,3,23,0.3983957219251337,PbO+K2O+Fe2O3+CuO+P2O5+SiO2+BaO,0.5,0,
铅钡,Ward,4,23,0.4897448724362181,PbO+K2O+Fe2O3+CuO+P2O5+SiO2+BaO,0.5,0,
铅钡,Ward,5,23,0.5359616409163559,PbO+K2O+Fe2O3+CuO+P2O5+SiO2+BaO,0.5,0,
铅钡,Ward,6,23,0.4969278033794163,PbO+K2O+Fe2O3+CuO+P2O5+SiO2+BaO,0.5,0,
铅钡,Ward,2,24,0.805174317715728,CaO+SiO2+Al2O3+BaO+SrO+CuO+K2O+Fe2O3,1.0,0,
铅钡,Ward,3,24,0.5412020214676524,CaO+SiO2+Al2O3+BaO+SrO+CuO+K2O+Fe2O3,1.0,0,
铅钡,Ward,4,24,0.44248394843895505,CaO+SiO2+Al2O3+BaO+SrO+CuO+K2O+Fe2O3,1.0,0,
铅钡,Ward,5,24,0.630477073652592,CaO+SiO2+Al2O3+BaO+SrO+CuO+K2O+Fe2O3,1.0,0,
铅钡,Ward,6,24,0.6527119747011747,CaO+SiO2+Al2O3+BaO+SrO+CuO+K2O+Fe2O3,1.0,0,
铅钡,Ward,2,25,0.029850746268656716,CuO+BaO+SiO2+PbO+SrO+Al2O3+Fe2O3+K2O,0.7777777777777778,0,
铅钡,Ward,3,25,0.6414156779231315,CuO+BaO+SiO2+PbO+SrO+Al2O3+Fe2O3+K2O,0.7777777777777778,0,
铅钡,Ward,4,25,0.37562792521257565,CuO+BaO+SiO2+PbO+SrO+Al2O3+Fe2O3+K2O,0.7777777777777778,0,
铅钡,Ward,5,25,0.393383884676277,CuO+BaO+SiO2+PbO+SrO+Al2O3+Fe2O3+K2O,0.7777777777777778,0,
铅钡,Ward,6,25,0.43886539816772374,CuO+BaO+SiO2+PbO+SrO+Al2O3+Fe2O3+K2O,0.7777777777777778,0,
铅钡,Ward,2,26,0.14408324025630476,Fe2O3+BaO+CaO+Na2O+SO2+Al2O3+CuO+PbO+K2O,0.5454545454545454,0,
铅钡,Ward,3,26,0.3745113369820172,Fe2O3+BaO+CaO+Na2O+SO2+Al2O3+CuO+PbO+K2O,0.5454545454545454,0,
铅钡,Ward,4,26,0.5509797409498506,Fe2O3+BaO+CaO+Na2O+SO2+Al2O3+CuO+PbO+K2O,0.5454545454545454,0,
铅钡,Ward,5,26,0.36606792259855536,Fe2O3+BaO+CaO+Na2O+SO2+Al2O3+CuO+PbO+K2O,0.5454545454545454,0,
铅钡,Ward,6,26,0.45021488218191075,Fe2O3+BaO+CaO+Na2O+SO2+Al2O3+CuO+PbO+K2O,0.5454545454545454,0,
铅钡,Ward,2,27,-0.002872812744841995,K2O+BaO+SiO2+CaO+Al2O3+Fe2O3+SrO,0.875,0,
铅钡,Ward,3,27,0.06713230319225276,K2O+BaO+SiO2+CaO+Al2O3+Fe2O3+SrO,0.875,0,
铅钡,Ward,4,27,0.3491250029520818,K2O+BaO+SiO2+CaO+Al2O3+Fe2O3+SrO,0.875,0,
铅钡,Ward,5,27,0.40064343435196365,K2O+BaO+SiO2+CaO+Al2O3+Fe2O3+SrO,0.875,0,
铅钡,Ward,6,27,0.40958130796800757,K2O+BaO+SiO2+CaO+Al2O3+Fe2O3+SrO,0.875,0,
铅钡,Ward,2,28,0.7138607971445569,CuO+BaO+Al2O3+SrO+SiO2+MgO+K2O+Fe2O3,0.7777777777777778,0,
铅钡,Ward,3,28,0.4083064669068841,CuO+BaO+Al2O3+SrO+SiO2+MgO+K2O+Fe2O3,0.7777777777777778,0,
铅钡,Ward,4,28,0.38365804874435144,CuO+BaO+Al2O3+SrO+SiO2+MgO+K2O+Fe2O3,0.7777777777777778,0,
铅钡,Ward,5,28,0.22343047701899377,CuO+BaO+Al2O3+SrO+SiO2+MgO+K2O+Fe2O3,0.7777777777777778,0,
铅钡,Ward,6,28,0.25147734734077476,CuO+BaO+Al2O3+SrO+SiO2+MgO+K2O+Fe2O3,0.7777777777777778,0,
铅钡,Ward,2,29,0.5512525478335196,PbO+SiO2+K2O+MgO+SrO,0.3,0,
铅钡,Ward,3,29,0.5915228732607241,PbO+SiO2+K2O+MgO+SrO,0.3,0,
铅钡,Ward,4,29,0.49586574249481824,PbO+SiO2+K2O+MgO+SrO,0.3,0,
铅钡,Ward,5,29,0.3283016826272791,PbO+SiO2+K2O+MgO+SrO,0.3,0,
铅钡,Ward,6,29,0.35536574180233893,PbO+SiO2+K2O+MgO+SrO,0.3,0,
铅钡,Ward,2,30,,,,1,活动成分SO2在训练集中全缺失
铅钡,Ward,3,30,,,,1,活动成分SO2在训练集中全缺失
铅钡,Ward,4,30,,,,1,活动成分SO2在训练集中全缺失
铅钡,Ward,5,30,,,,1,活动成分SO2在训练集中全缺失
铅钡,Ward,6,30,,,,1,活动成分SO2在训练集中全缺失
铅钡,Ward,2,31,0.2857142857142857,Fe2O3+PbO+SrO+Al2O3+SiO2+K2O,0.5555555555555556,0,
铅钡,Ward,3,31,0.12131390772147464,Fe2O3+PbO+SrO+Al2O3+SiO2+K2O,0.5555555555555556,0,
铅钡,Ward,4,31,0.19609864005429728,Fe2O3+PbO+SrO+Al2O3+SiO2+K2O,0.5555555555555556,0,
铅钡,Ward,5,31,0.2690713882087022,Fe2O3+PbO+SrO+Al2O3+SiO2+K2O,0.5555555555555556,0,
铅钡,Ward,6,31,0.3898271232329509,Fe2O3+PbO+SrO+Al2O3+SiO2+K2O,0.5555555555555556,0,
铅钡,Ward,2,32,0.6185819070904646,K2O+PbO+SiO2+MgO+Al2O3+BaO+Fe2O3+SrO,0.6,0,
铅钡,Ward,3,32,0.6109660574412533,K2O+PbO+SiO2+MgO+Al2O3+BaO+Fe2O3+SrO,0.6,0,
铅钡,Ward,4,32,0.2827140549273021,K2O+PbO+SiO2+MgO+Al2O3+BaO+Fe2O3+SrO,0.6,0,
铅钡,Ward,5,32,0.2089330944585161,K2O+PbO+SiO2+MgO+Al2O3+BaO+Fe2O3+SrO,0.6,0,
铅钡,Ward,6,32,0.24469877672494914,K2O+PbO+SiO2+MgO+Al2O3+BaO+Fe2O3+SrO,0.6,0,
铅钡,Ward,2,33,0.18305031322642923,K2O+Fe2O3+SiO2+MgO+Al2O3+SrO+PbO,0.5,0,
铅钡,Ward,3,33,0.20468339240752173,K2O+Fe2O3+SiO2+MgO+Al2O3+SrO+PbO,0.5,0,
铅钡,Ward,4,33,0.0932941546856963,K2O+Fe2O3+SiO2+MgO+Al2O3+SrO+PbO,0.5,0,
铅钡,Ward,5,33,0.08262690780129012,K2O+Fe2O3+SiO2+MgO+Al2O3+SrO+PbO,0.5,0,
铅钡,Ward,6,33,0.2733925184345503,K2O+Fe2O3+SiO2+MgO+Al2O3+SrO+PbO,0.5,0,
铅钡,Ward,2,34,0.5500217571897622,SiO2+SrO+CuO+K2O+Al2O3+Fe2O3+BaO,0.875,0,
铅钡,Ward,3,34,0.3237340020408027,SiO2+SrO+CuO+K2O+Al2O3+Fe2O3+BaO,0.875,0,
铅钡,Ward,4,34,0.1650418625989219,SiO2+SrO+CuO+K2O+Al2O3+Fe2O3+BaO,0.875,0,
铅钡,Ward,5,34,0.21998600871764515,SiO2+SrO+CuO+K2O+Al2O3+Fe2O3+BaO,0.875,0,
铅钡,Ward,6,34,0.22947778499211577,SiO2+SrO+CuO+K2O+Al2O3+Fe2O3+BaO,0.875,0,
铅钡,Ward,2,35,0.13886351538729455,Fe2O3+BaO+CaO+P2O5+SiO2+SrO+K2O+PbO,0.6,0,
铅钡,Ward,3,35,0.1612960303795401,Fe2O3+BaO+CaO+P2O5+SiO2+SrO+K2O+PbO,0.6,0,
铅钡,Ward,4,35,0.39527403191884203,Fe2O3+BaO+CaO+P2O5+SiO2+SrO+K2O+PbO,0.6,0,
铅钡,Ward,5,35,0.5506153708615192,Fe2O3+BaO+CaO+P2O5+SiO2+SrO+K2O+PbO,0.6,0,
铅钡,Ward,6,35,0.49463770253471273,Fe2O3+BaO+CaO+P2O5+SiO2+SrO+K2O+PbO,0.6,0,
铅钡,Ward,2,36,0.18176078292095812,SiO2+CaO+Al2O3+PbO+Fe2O3+K2O+SrO,0.6666666666666666,0,
铅钡,Ward,3,36,0.07220488978609735,SiO2+CaO+Al2O3+PbO+Fe2O3+K2O+SrO,0.6666666666666666,0,
铅钡,Ward,4,36,0.24767439079800083,SiO2+CaO+Al2O3+PbO+Fe2O3+K2O+SrO,0.6666666666666666,0,
铅钡,Ward,5,36,0.33396302020722424,SiO2+CaO+Al2O3+PbO+Fe2O3+K2O+SrO,0.6666666666666666,0,
铅钡,Ward,6,36,0.48623369780002634,SiO2+CaO+Al2O3+PbO+Fe2O3+K2O+SrO,0.6666666666666666,0,
铅钡,Ward,2,37,0.18433578537429685,CaO+SiO2+SrO+Fe2O3+CuO+K2O+PbO,0.6666666666666666,0,
铅钡,Ward,3,37,0.09675759135357695,CaO+SiO2+SrO+Fe2O3+CuO+K2O+PbO,0.6666666666666666,0,
铅钡,Ward,4,37,0.5230263157894737,CaO+SiO2+SrO+Fe2O3+CuO+K2O+PbO,0.6666666666666666,0,
铅钡,Ward,5,37,0.5023314719935524,CaO+SiO2+SrO+Fe2O3+CuO+K2O+PbO,0.6666666666666666,0,
铅钡,Ward,6,37,0.4795079926298491,CaO+SiO2+SrO+Fe2O3+CuO+K2O+PbO,0.6666666666666666,0,
铅钡,Ward,2,38,,,,1,活动成分SnO2在训练集中全缺失
铅钡,Ward,3,38,,,,1,活动成分SnO2在训练集中全缺失
铅钡,Ward,4,38,,,,1,活动成分SnO2在训练集中全缺失
铅钡,Ward,5,38,,,,1,活动成分SnO2在训练集中全缺失
铅钡,Ward,6,38,,,,1,活动成分SnO2在训练集中全缺失
铅钡,Ward,2,39,0.7154856264048267,K2O+Fe2O3+SiO2+MgO+CuO+PbO+SrO,0.5,0,
铅钡,Ward,3,39,0.5126974646262846,K2O+Fe2O3+SiO2+MgO+CuO+PbO+SrO,0.5,0,
铅钡,Ward,4,39,0.3962802032324068,K2O+Fe2O3+SiO2+MgO+CuO+PbO+SrO,0.5,0,
铅钡,Ward,5,39,0.2747285886610374,K2O+Fe2O3+SiO2+MgO+CuO+PbO+SrO,0.5,0,
铅钡,Ward,6,39,0.33014354066985646,K2O+Fe2O3+SiO2+MgO+CuO+PbO+SrO,0.5,0,
铅钡,Ward,2,40,0.8043758043758044,Fe2O3+PbO+Al2O3+CuO+MgO+SiO2+BaO+K2O,0.6,0,
铅钡,Ward,3,40,0.42234608563465925,Fe2O3+PbO+Al2O3+CuO+MgO+SiO2+BaO+K2O,0.6,0,
铅钡,Ward,4,40,0.3718112244897959,Fe2O3+PbO+Al2O3+CuO+MgO+SiO2+BaO+K2O,0.6,0,
铅钡,Ward,5,40,0.348157093352935,Fe2O3+PbO+Al2O3+CuO+MgO+SiO2+BaO+K2O,0.6,0,
铅钡,Ward,6,40,0.3741258741258741,Fe2O3+PbO+Al2O3+CuO+MgO+SiO2+BaO+K2O,0.6,0,
铅钡,Ward,2,41,0.016102646983463743,PbO+K2O+P2O5+SiO2+Al2O3+CuO+MgO+Fe2O3+BaO,0.5454545454545454,0,
铅钡,Ward,3,41,0.439126806998026,PbO+K2O+P2O5+SiO2+Al2O3+CuO+MgO+Fe2O3+BaO,0.5454545454545454,0,
铅钡,Ward,4,41,0.3783192498190424,PbO+K2O+P2O5+SiO2+Al2O3+CuO+MgO+Fe2O3+BaO,0.5454545454545454,0,
铅钡,Ward,5,41,0.39245663614303833,PbO+K2O+P2O5+SiO2+Al2O3+CuO+MgO+Fe2O3+BaO,0.5454545454545454,0,
铅钡,Ward,6,41,0.4039537072927626,PbO+K2O+P2O5+SiO2+Al2O3+CuO+MgO+Fe2O3+BaO,0.5454545454545454,0,
铅钡,Ward,2,42,0.34633590635004813,Al2O3+PbO+SiO2+CaO+MgO+K2O+Fe2O3,0.5,0,
铅钡,Ward,3,42,0.2695409767040051,Al2O3+PbO+SiO2+CaO+MgO+K2O+Fe2O3,0.5,0,
铅钡,Ward,4,42,0.20411262998013788,Al2O3+PbO+SiO2+CaO+MgO+K2O+Fe2O3,0.5,0,
铅钡,Ward,5,42,0.40355103964803857,Al2O3+PbO+SiO2+CaO+MgO+K2O+Fe2O3,0.5,0,
铅钡,Ward,6,42,0.44170134297395336,Al2O3+PbO+SiO2+CaO+MgO+K2O+Fe2O3,0.5,0,
铅钡,Ward,2,43,0.3449850417257125,SiO2+MgO+PbO+BaO+SrO+K2O+Fe2O3,0.5,0,
铅钡,Ward,3,43,0.17190242072688788,SiO2+MgO+PbO+BaO+SrO+K2O+Fe2O3,0.5,0,
铅钡,Ward,4,43,0.16332287155853958,SiO2+MgO+PbO+BaO+SrO+K2O+Fe2O3,0.5,0,
铅钡,Ward,5,43,0.12749063670411986,SiO2+MgO+PbO+BaO+SrO+K2O+Fe2O3,0.5,0,
铅钡,Ward,6,43,0.14765389582436506,SiO2+MgO+PbO+BaO+SrO+K2O+Fe2O3,0.5,0,
铅钡,Ward,2,44,0.23254029163468917,CaO+SrO+SiO2+K2O+PbO+Al2O3+BaO+MgO+Fe2O3,0.7,0,
铅钡,Ward,3,44,0.14608205206377362,CaO+SrO+SiO2+K2O+PbO+Al2O3+BaO+MgO+Fe2O3,0.7,0,
铅钡,Ward,4,44,0.2513890242713715,CaO+SrO+SiO2+K2O+PbO+Al2O3+BaO+MgO+Fe2O3,0.7,0,
铅钡,Ward,5,44,0.4104159842777596,CaO+SrO+SiO2+K2O+PbO+Al2O3+BaO+MgO+Fe2O3,0.7,0,
铅钡,Ward,6,44,0.3705998310335117,CaO+SrO+SiO2+K2O+PbO+Al2O3+BaO+MgO+Fe2O3,0.7,0,
铅钡,Ward,2,45,0.625,Al2O3+Fe2O3+K2O+SiO2+BaO+MgO+CuO,0.6666666666666666,0,
铅钡,Ward,3,45,0.28775795945699156,Al2O3+Fe2O3+K2O+SiO2+BaO+MgO+CuO,0.6666666666666666,0,
铅钡,Ward,4,45,0.29842156792511404,Al2O3+Fe2O3+K2O+SiO2+BaO+MgO+CuO,0.6666666666666666,0,
铅钡,Ward,5,45,0.22741014444071211,Al2O3+Fe2O3+K2O+SiO2+BaO+MgO+CuO,0.6666666666666666,0,
铅钡,Ward,6,45,0.1479634247714048,Al2O3+Fe2O3+K2O+SiO2+BaO+MgO+CuO,0.6666666666666666,0,
铅钡,Ward,2,46,,,,1,活动成分SO2在训练集中全缺失
铅钡,Ward,3,46,,,,1,活动成分SO2在训练集中全缺失
铅钡,Ward,4,46,,,,1,活动成分SO2在训练集中全缺失
铅钡,Ward,5,46,,,,1,活动成分SO2在训练集中全缺失
铅钡,Ward,6,46,,,,1,活动成分SO2在训练集中全缺失
铅钡,Ward,2,47,0.1384558741346097,SiO2+CaO+Al2O3+PbO+Fe2O3+K2O,0.5555555555555556,0,
铅钡,Ward,3,47,0.13099275827298562,SiO2+CaO+Al2O3+PbO+Fe2O3+K2O,0.5555555555555556,0,
铅钡,Ward,4,47,0.12013711734693877,SiO2+CaO+Al2O3+PbO+Fe2O3+K2O,0.5555555555555556,0,
铅钡,Ward,5,47,0.19794884689992098,SiO2+CaO+Al2O3+PbO+Fe2O3+K2O,0.5555555555555556,0,
铅钡,Ward,6,47,0.2884287349124436,SiO2+CaO+Al2O3+PbO+Fe2O3+K2O,0.5555555555555556,0,
铅钡,Ward,2,48,-0.005625879043600563,BaO+Al2O3+K2O+CaO+SiO2+MgO+SO2+Fe2O3,0.6,0,
铅钡,Ward,3,48,0.1598694942903752,BaO+Al2O3+K2O+CaO+SiO2+MgO+SO2+Fe2O3,0.6,0,
铅钡,Ward,4,48,0.15941639955156242,BaO+Al2O3+K2O+CaO+SiO2+MgO+SO2+Fe2O3,0.6,0,
铅钡,Ward,5,48,0.2027574733190563,BaO+Al2O3+K2O+CaO+SiO2+MgO+SO2+Fe2O3,0.6,0,
铅钡,Ward,6,48,0.3949761985719143,BaO+Al2O3+K2O+CaO+SiO2+MgO+SO2+Fe2O3,0.6,0,
铅钡,Ward,2,49,1.0,CuO+Fe2O3+K2O+SiO2+Al2O3+SrO,0.75,0,
铅钡,Ward,3,49,1.0,CuO+Fe2O3+K2O+SiO2+Al2O3+SrO,0.75,0,
铅钡,Ward,4,49,0.5423128214898075,CuO+Fe2O3+K2O+SiO2+Al2O3+SrO,0.75,0,
铅钡,Ward,5,49,0.5082953666294163,CuO+Fe2O3+K2O+SiO2+Al2O3+SrO,0.75,0,
铅钡,Ward,6,49,0.523531742537642,CuO+Fe2O3+K2O+SiO2+Al2O3+SrO,0.75,0,
铅钡,Ward,2,50,0.6310966597694354,SiO2+PbO+CuO+K2O+BaO+Fe2O3,0.5555555555555556,0,
铅钡,Ward,3,50,0.37625795433752823,SiO2+PbO+CuO+K2O+BaO+Fe2O3,0.5555555555555556,0,
铅钡,Ward,4,50,0.23796535553641496,SiO2+PbO+CuO+K2O+BaO+Fe2O3,0.5555555555555556,0,
铅钡,Ward,5,50,0.1941402123756046,SiO2+PbO+CuO+K2O+BaO+Fe2O3,0.5555555555555556,0,
铅钡,Ward,6,50,0.36921168077280986,SiO2+PbO+CuO+K2O+BaO+Fe2O3,0.5555555555555556,0,
铅钡,Ward,2,51,-0.11624834874504623,CuO+PbO+Fe2O3+Al2O3+BaO+SiO2+K2O,0.6666666666666666,0,
铅钡,Ward,3,51,0.25311203319502074,CuO+PbO+Fe2O3+Al2O3+BaO+SiO2+K2O,0.6666666666666666,0,
铅钡,Ward,4,51,0.26796116504854367,CuO+PbO+Fe2O3+Al2O3+BaO+SiO2+K2O,0.6666666666666666,0,
铅钡,Ward,5,51,0.31936598937694965,CuO+PbO+Fe2O3+Al2O3+BaO+SiO2+K2O,0.6666666666666666,0,
铅钡,Ward,6,51,0.359368768871418,CuO+PbO+Fe2O3+Al2O3+BaO+SiO2+K2O,0.6666666666666666,0,
铅钡,Ward,2,52,1.0,PbO+Fe2O3+Al2O3+CaO+BaO+SiO2+CuO+K2O+Na2O,0.7,0,
铅钡,Ward,3,52,0.4816160414200809,PbO+Fe2O3+Al2O3+CaO+BaO+SiO2+CuO+K2O+Na2O,0.7,0,
铅钡,Ward,4,52,0.5338556376943292,PbO+Fe2O3+Al2O3+CaO+BaO+SiO2+CuO+K2O+Na2O,0.7,0,
铅钡,Ward,5,52,0.45065958772381287,PbO+Fe2O3+Al2O3+CaO+BaO+SiO2+CuO+K2O+Na2O,0.7,0,
铅钡,Ward,6,52,0.45189773935555455,PbO+Fe2O3+Al2O3+CaO+BaO+SiO2+CuO+K2O+Na2O,0.7,0,
铅钡,Ward,2,53,0.09518143961927424,K2O+BaO+CuO+SiO2+Fe2O3+PbO+SrO,0.6666666666666666,0,
铅钡,Ward,3,53,0.257188994472393,K2O+BaO+CuO+SiO2+Fe2O3+PbO+SrO,0.6666666666666666,0,
铅钡,Ward,4,53,0.34697495752382357,K2O+BaO+CuO+SiO2+Fe2O3+PbO+SrO,0.6666666666666666,0,
铅钡,Ward,5,53,0.28761024060279133,K2O+BaO+CuO+SiO2+Fe2O3+PbO+SrO,0.6666666666666666,0,
铅钡,Ward,6,53,0.35848932460440175,K2O+BaO+CuO+SiO2+Fe2O3+PbO+SrO,0.6666666666666666,0,
铅钡,Ward,2,54,,,,1,活动成分SO2在训练集中全缺失
铅钡,Ward,3,54,,,,1,活动成分SO2在训练集中全缺失
铅钡,Ward,4,54,,,,1,活动成分SO2在训练集中全缺失
铅钡,Ward,5,54,,,,1,活动成分SO2在训练集中全缺失
铅钡,Ward,6,54,,,,1,活动成分SO2在训练集中全缺失
铅钡,Ward,2,55,0.13934426229508196,Al2O3+Fe2O3+BaO+SiO2+SrO+PbO+K2O,0.6666666666666666,0,
铅钡,Ward,3,55,0.07656513801765198,Al2O3+Fe2O3+BaO+SiO2+SrO+PbO+K2O,0.6666666666666666,0,
铅钡,Ward,4,55,0.16906687709607418,Al2O3+Fe2O3+BaO+SiO2+SrO+PbO+K2O,0.6666666666666666,0,
铅钡,Ward,5,55,0.25775287411844267,Al2O3+Fe2O3+BaO+SiO2+SrO+PbO+K2O,0.6666666666666666,0,
铅钡,Ward,6,55,0.2542319749216301,Al2O3+Fe2O3+BaO+SiO2+SrO+PbO+K2O,0.6666666666666666,0,
铅钡,Ward,2,56,0.40860215053763443,PbO+SrO+CaO+K2O+Al2O3+Fe2O3,0.5555555555555556,0,
铅钡,Ward,3,56,0.306190911863373,PbO+SrO+CaO+K2O+Al2O3+Fe2O3,0.5555555555555556,0,
铅钡,Ward,4,56,0.3134365020879391,PbO+SrO+CaO+K2O+Al2O3+Fe2O3,0.5555555555555556,0,
铅钡,Ward,5,56,0.3579072532699168,PbO+SrO+CaO+K2O+Al2O3+Fe2O3,0.5555555555555556,0,
铅钡,Ward,6,56,0.29904022430712823,PbO+SrO+CaO+K2O+Al2O3+Fe2O3,0.5555555555555556,0,
铅钡,Ward,2,57,0.899996055071206,SiO2+Al2O3+BaO+Fe2O3+CuO+K2O+SrO,0.875,0,
铅钡,Ward,3,57,0.673034313431942,SiO2+Al2O3+BaO+Fe2O3+CuO+K2O+SrO,0.875,0,
铅钡,Ward,4,57,0.26634356488960687,SiO2+Al2O3+BaO+Fe2O3+CuO+K2O+SrO,0.875,0,
铅钡,Ward,5,57,0.47693034238488785,SiO2+Al2O3+BaO+Fe2O3+CuO+K2O+SrO,0.875,0,
铅钡,Ward,6,57,0.56291270370146,SiO2+Al2O3+BaO+Fe2O3+CuO+K2O+SrO,0.875,0,
铅钡,Ward,2,58,0.4781273983115886,SiO2+PbO+CuO+Fe2O3,0.3333333333333333,0,
铅钡,Ward,3,58,0.2748547822257638,SiO2+PbO+CuO+Fe2O3,0.3333333333333333,0,
铅钡,Ward,4,58,0.20797401724717213,SiO2+PbO+CuO+Fe2O3,0.3333333333333333,0,
铅钡,Ward,5,58,0.2503149349134512,SiO2+PbO+CuO+Fe2O3,0.3333333333333333,0,
铅钡,Ward,6,58,0.3154701513737267,SiO2+PbO+CuO+Fe2O3,0.3333333333333333,0,
铅钡,Ward,2,59,0.8999407933688574,CuO+SiO2+BaO+Al2O3+SrO+K2O+Fe2O3,0.875,0,
铅钡,Ward,3,59,0.7891272712708436,CuO+SiO2+BaO+Al2O3+SrO+K2O+Fe2O3,0.875,0,
铅钡,Ward,4,59,0.4109664657987948,CuO+SiO2+BaO+Al2O3+SrO+K2O+Fe2O3,0.875,0,
铅钡,Ward,5,59,0.2549929797415399,CuO+SiO2+BaO+Al2O3+SrO+K2O+Fe2O3,0.875,0,
铅钡,Ward,6,59,0.3391067492826548,CuO+SiO2+BaO+Al2O3+SrO+K2O+Fe2O3,0.875,0,
铅钡,Ward,2,60,0.6311475409836066,CaO+SiO2+SO2+CuO+BaO+K2O+Al2O3+PbO+Fe2O3,0.7,0,
铅钡,Ward,3,60,0.4978165938864629,CaO+SiO2+SO2+CuO+BaO+K2O+Al2O3+PbO+Fe2O3,0.7,0,
铅钡,Ward,4,60,0.26378051849987416,CaO+SiO2+SO2+CuO+BaO+K2O+Al2O3+PbO+Fe2O3,0.7,0,
铅钡,Ward,5,60,0.294987674609696,CaO+SiO2+SO2+CuO+BaO+K2O+Al2O3+PbO+Fe2O3,0.7,0,
铅钡,Ward,6,60,0.31374833943179437,CaO+SiO2+SO2+CuO+BaO+K2O+Al2O3+PbO+Fe2O3,0.7,0,
铅钡,Ward,2,61,,,,1,活动成分SnO2在训练集中全缺失
铅钡,Ward,3,61,,,,1,活动成分SnO2在训练集中全缺失
铅钡,Ward,4,61,,,,1,活动成分SnO2在训练集中全缺失
铅钡,Ward,5,61,,,,1,活动成分SnO2在训练集中全缺失
铅钡,Ward,6,61,,,,1,活动成分SnO2在训练集中全缺失
铅钡,Ward,2,62,0.10138248847926268,SiO2+SrO+MgO+K2O+PbO+Al2O3+Fe2O3+BaO,0.6,0,
铅钡,Ward,3,62,0.22421216348817494,SiO2+SrO+MgO+K2O+PbO+Al2O3+Fe2O3+BaO,0.6,0,
铅钡,Ward,4,62,0.12744222179063897,SiO2+SrO+MgO+K2O+PbO+Al2O3+Fe2O3+BaO,0.6,0,
铅钡,Ward,5,62,0.13657328737194738,SiO2+SrO+MgO+K2O+PbO+Al2O3+Fe2O3+BaO,0.6,0,
铅钡,Ward,6,62,0.16760044821514328,SiO2+SrO+MgO+K2O+PbO+Al2O3+Fe2O3+BaO,0.6,0,
铅钡,Ward,2,63,0.8051166735704283,Al2O3+BaO+CuO+SiO2+MgO+SrO+K2O,0.6666666666666666,0,
铅钡,Ward,3,63,0.5762944880728038,Al2O3+BaO+CuO+SiO2+MgO+SrO+K2O,0.6666666666666666,0,
铅钡,Ward,4,63,0.6314078330561016,Al2O3+BaO+CuO+SiO2+MgO+SrO+K2O,0.6666666666666666,0,
铅钡,Ward,5,63,0.3893710297933256,Al2O3+BaO+CuO+SiO2+MgO+SrO+K2O,0.6666666666666666,0,
铅钡,Ward,6,63,0.3773437790071659,Al2O3+BaO+CuO+SiO2+MgO+SrO+K2O,0.6666666666666666,0,
铅钡,Ward,2,64,0.0018066847335140017,CuO+Fe2O3+P2O5+SiO2+PbO+K2O+CaO,0.5,0,
铅钡,Ward,3,64,0.11826268969126112,CuO+Fe2O3+P2O5+SiO2+PbO+K2O+CaO,0.5,0,
铅钡,Ward,4,64,0.39228295819935693,CuO+Fe2O3+P2O5+SiO2+PbO+K2O+CaO,0.5,0,
铅钡,Ward,5,64,0.3294553690929682,CuO+Fe2O3+P2O5+SiO2+PbO+K2O+CaO,0.5,0,
铅钡,Ward,6,64,0.39864940911648844,CuO+Fe2O3+P2O5+SiO2+PbO+K2O+CaO,0.5,0,
铅钡,Ward,2,65,1.0,Al2O3+Fe2O3+SrO+BaO+SiO2+CuO+K2O,0.875,0,
铅钡,Ward,3,65,0.8741114839646813,Al2O3+Fe2O3+SrO+BaO+SiO2+CuO+K2O,0.875,0,
铅钡,Ward,4,65,0.5369827776467097,Al2O3+Fe2O3+SrO+BaO+SiO2+CuO+K2O,0.875,0,
铅钡,Ward,5,65,0.34370257966616086,Al2O3+Fe2O3+SrO+BaO+SiO2+CuO+K2O,0.875,0,
铅钡,Ward,6,65,0.3727147395552359,Al2O3+Fe2O3+SrO+BaO+SiO2+CuO+K2O,0.875,0,
铅钡,Ward,2,66,,,,1,活动成分SnO2在训练集中全缺失
铅钡,Ward,3,66,,,,1,活动成分SnO2在训练集中全缺失
铅钡,Ward,4,66,,,,1,活动成分SnO2在训练集中全缺失
铅钡,Ward,5,66,,,,1,活动成分SnO2在训练集中全缺失
铅钡,Ward,6,66,,,,1,活动成分SnO2在训练集中全缺失
铅钡,Ward,2,67,0.4079025198154501,PbO+SrO+K2O+CaO+Na2O+Al2O3+Fe2O3+BaO,0.6,0,
铅钡,Ward,3,67,0.2590636616781663,PbO+SrO+K2O+CaO+Na2O+Al2O3+Fe2O3+BaO,0.6,0,
铅钡,Ward,4,67,0.2725099358925553,PbO+SrO+K2O+CaO+Na2O+Al2O3+Fe2O3+BaO,0.6,0,
铅钡,Ward,5,67,0.42539512456469325,PbO+SrO+K2O+CaO+Na2O+Al2O3+Fe2O3+BaO,0.6,0,
铅钡,Ward,6,67,0.30350271336951157,PbO+SrO+K2O+CaO+Na2O+Al2O3+Fe2O3+BaO,0.6,0,
铅钡,Ward,2,68,0.4769746573316241,SiO2+Al2O3+Fe2O3+PbO+MgO,0.3,0,
铅钡,Ward,3,68,0.2391311975858802,SiO2+Al2O3+Fe2O3+PbO+MgO,0.3,0,
铅钡,Ward,4,68,0.17143700206550605,SiO2+Al2O3+Fe2O3+PbO+MgO,0.3,0,
铅钡,Ward,5,68,0.22433218725204973,SiO2+Al2O3+Fe2O3+PbO+MgO,0.3,0,
铅钡,Ward,6,68,0.26113325246924274,SiO2+Al2O3+Fe2O3+PbO+MgO,0.3,0,
铅钡,Ward,2,69,0.09747221013489457,Fe2O3+PbO+Al2O3+BaO+SiO2+SrO,0.5555555555555556,0,
铅钡,Ward,3,69,0.13619554254751123,Fe2O3+PbO+Al2O3+BaO+SiO2+SrO,0.5555555555555556,0,
铅钡,Ward,4,69,0.2695807343579191,Fe2O3+PbO+Al2O3+BaO+SiO2+SrO,0.5555555555555556,0,
铅钡,Ward,5,69,0.29530558015943315,Fe2O3+PbO+Al2O3+BaO+SiO2+SrO,0.5555555555555556,0,
铅钡,Ward,6,69,0.24674756750847274,Fe2O3+PbO+Al2O3+BaO+SiO2+SrO,0.5555555555555556,0,
铅钡,Ward,2,70,1.0,PbO+SrO+SiO2+CuO+BaO+K2O,0.5555555555555556,0,
铅钡,Ward,3,70,0.7376546324137792,PbO+SrO+SiO2+CuO+BaO+K2O,0.5555555555555556,0,
铅钡,Ward,4,70,0.5321547488138538,PbO+SrO+SiO2+CuO+BaO+K2O,0.5555555555555556,0,
铅钡,Ward,5,70,0.44520840248470767,PbO+SrO+SiO2+CuO+BaO+K2O,0.5555555555555556,0,
铅钡,Ward,6,70,0.38283978098724536,PbO+SrO+SiO2+CuO+BaO+K2O,0.5555555555555556,0,
铅钡,Ward,2,71,0.8891609461763805,CaO+SiO2+K2O+CuO+PbO+Al2O3,0.5555555555555556,0,
铅钡,Ward,3,71,0.4394591741339727,CaO+SiO2+K2O+CuO+PbO+Al2O3,0.5555555555555556,0,
铅钡,Ward,4,71,0.3601104658246355,CaO+SiO2+K2O+CuO+PbO+Al2O3,0.5555555555555556,0,
铅钡,Ward,5,71,0.36438116100766704,CaO+SiO2+K2O+CuO+PbO+Al2O3,0.5555555555555556,0,
铅钡,Ward,6,71,0.29298815172452064,CaO+SiO2+K2O+CuO+PbO+Al2O3,0.5555555555555556,0,
铅钡,Ward,2,72,-0.09134136591250193,BaO+Al2O3+PbO+SrO+SiO2+MgO+Na2O,0.36363636363636365,0,
铅钡,Ward,3,72,0.06573349616845382,BaO+Al2O3+PbO+SrO+SiO2+MgO+Na2O,0.36363636363636365,0,
铅钡,Ward,4,72,0.0756942681040652,BaO+Al2O3+PbO+SrO+SiO2+MgO+Na2O,0.36363636363636365,0,
铅钡,Ward,5,72,0.11253543695303833,BaO+Al2O3+PbO+SrO+SiO2+MgO+Na2O,0.36363636363636365,0,
铅钡,Ward,6,72,0.12602161877142104,BaO+Al2O3+PbO+SrO+SiO2+MgO+Na2O,0.36363636363636365,0,
铅钡,Ward,2,73,0.18234157498324066,Al2O3+CuO+BaO+Fe2O3+PbO+SiO2+SrO+K2O,0.7777777777777778,0,
铅钡,Ward,3,73,0.39665084774109927,Al2O3+CuO+BaO+Fe2O3+PbO+SiO2+SrO+K2O,0.7777777777777778,0,
铅钡,Ward,4,73,0.5606585788561526,Al2O3+CuO+BaO+Fe2O3+PbO+SiO2+SrO+K2O,0.7777777777777778,0,
铅钡,Ward,5,73,0.4891137410786882,Al2O3+CuO+BaO+Fe2O3+PbO+SiO2+SrO+K2O,0.7777777777777778,0,
铅钡,Ward,6,73,0.5503990540939994,Al2O3+CuO+BaO+Fe2O3+PbO+SiO2+SrO+K2O,0.7777777777777778,0,
铅钡,Ward,2,74,0.7153659017686896,PbO+SrO+SiO2+CuO+BaO+Fe2O3+K2O,0.6666666666666666,0,
铅钡,Ward,3,74,0.500056751036541,PbO+SrO+SiO2+CuO+BaO+Fe2O3+K2O,0.6666666666666666,0,
铅钡,Ward,4,74,0.3309494037634573,PbO+SrO+SiO2+CuO+BaO+Fe2O3+K2O,0.6666666666666666,0,
铅钡,Ward,5,74,0.2582105480583861,PbO+SrO+SiO2+CuO+BaO+Fe2O3+K2O,0.6666666666666666,0,
铅钡,Ward,6,74,0.2683670640421403,PbO+SrO+SiO2+CuO+BaO+Fe2O3+K2O,0.6666666666666666,0,
铅钡,Ward,2,75,0.0994671403197158,SiO2+P2O5+K2O+Al2O3+PbO+SrO+Fe2O3,0.5,0,
铅钡,Ward,3,75,0.10772983812614996,SiO2+P2O5+K2O+Al2O3+PbO+SrO+Fe2O3,0.5,0,
铅钡,Ward,4,75,0.290737148399612,SiO2+P2O5+K2O+Al2O3+PbO+SrO+Fe2O3,0.5,0,
铅钡,Ward,5,75,0.36823104693140796,SiO2+P2O5+K2O+Al2O3+PbO+SrO+Fe2O3,0.5,0,
铅钡,Ward,6,75,0.4801309906165376,SiO2+P2O5+K2O+Al2O3+PbO+SrO+Fe2O3,0.5,0,
铅钡,Ward,2,76,-0.018170426065162906,Al2O3+MgO+Fe2O3+SiO2+PbO+K2O,0.4,0,
铅钡,Ward,3,76,0.13267779911173175,Al2O3+MgO+Fe2O3+SiO2+PbO+K2O,0.4,0,
铅钡,Ward,4,76,0.044137170400931354,Al2O3+MgO+Fe2O3+SiO2+PbO+K2O,0.4,0,
铅钡,Ward,5,76,0.2206585983675767,Al2O3+MgO+Fe2O3+SiO2+PbO+K2O,0.4,0,
铅钡,Ward,6,76,0.14878573624346758,Al2O3+MgO+Fe2O3+SiO2+PbO+K2O,0.4,0,
铅钡,Ward,2,77,1.0,Al2O3+CaO+SiO2+CuO+BaO+K2O,0.75,0,
铅钡,Ward,3,77,1.0,Al2O3+CaO+SiO2+CuO+BaO+K2O,0.75,0,
铅钡,Ward,4,77,0.5465292042944072,Al2O3+CaO+SiO2+CuO+BaO+K2O,0.75,0,
铅钡,Ward,5,77,0.6639615956109269,Al2O3+CaO+SiO2+CuO+BaO+K2O,0.75,0,
铅钡,Ward,6,77,0.7760122523212405,Al2O3+CaO+SiO2+CuO+BaO+K2O,0.75,0,
铅钡,Ward,2,78,0.03200826019617966,SiO2+CaO+Fe2O3+PbO+P2O5+Na2O+SO2,0.25,0,
铅钡,Ward,3,78,0.08076024770190061,SiO2+CaO+Fe2O3+PbO+P2O5+Na2O+SO2,0.25,0,
铅钡,Ward,4,78,0.18102896360982357,SiO2+CaO+Fe2O3+PbO+P2O5+Na2O+SO2,0.25,0,
铅钡,Ward,5,78,0.2812562341474536,SiO2+CaO+Fe2O3+PbO+P2O5+Na2O+SO2,0.25,0,
铅钡,Ward,6,78,0.39206323069323235,SiO2+CaO+Fe2O3+PbO+P2O5+Na2O+SO2,0.25,0,
铅钡,Ward,2,79,0.8049281314168378,PbO+BaO+SrO+Al2O3+CuO+SiO2+Fe2O3,0.6666666666666666,0,
铅钡,Ward,3,79,0.5863788048691517,PbO+BaO+SrO+Al2O3+CuO+SiO2+Fe2O3,0.6666666666666666,0,
铅钡,Ward,4,79,0.2896341463414634,PbO+BaO+SrO+Al2O3+CuO+SiO2+Fe2O3,0.6666666666666666,0,
铅钡,Ward,5,79,0.2947799385875128,PbO+BaO+SrO+Al2O3+CuO+SiO2+Fe2O3,0.6666666666666666,0,
铅钡,Ward,6,79,0.3890878020994385,PbO+BaO+SrO+Al2O3+CuO+SiO2+Fe2O3,0.6666666666666666,0,
铅钡,Ward,2,80,0.6311475409836066,Al2O3+SrO+BaO+SiO2+MgO+Fe2O3+CuO+K2O,0.7777777777777778,0,
铅钡,Ward,3,80,0.4320310683860028,Al2O3+SrO+BaO+SiO2+MgO+Fe2O3+CuO+K2O,0.7777777777777778,0,
铅钡,Ward,4,80,0.3373933281613654,Al2O3+SrO+BaO+SiO2+MgO+Fe2O3+CuO+K2O,0.7777777777777778,0,
铅钡,Ward,5,80,0.3405046480743692,Al2O3+SrO+BaO+SiO2+MgO+Fe2O3+CuO+K2O,0.7777777777777778,0,
铅钡,Ward,6,80,0.4367952522255193,Al2O3+SrO+BaO+SiO2+MgO+Fe2O3+CuO+K2O,0.7777777777777778,0,
铅钡,Ward,2,81,0.23578860737170065,K2O+Fe2O3+PbO+SrO+MgO+CuO+SiO2+BaO,0.6,0,
铅钡,Ward,3,81,0.15555821228605018,K2O+Fe2O3+PbO+SrO+MgO+CuO+SiO2+BaO,0.6,0,
铅钡,Ward,4,81,0.238119127975919,K2O+Fe2O3+PbO+SrO+MgO+CuO+SiO2+BaO,0.6,0,
铅钡,Ward,5,81,0.15730024482528376,K2O+Fe2O3+PbO+SrO+MgO+CuO+SiO2+BaO,0.6,0,
铅钡,Ward,6,81,0.1897451642615904,K2O+Fe2O3+PbO+SrO+MgO+CuO+SiO2+BaO,0.6,0,
铅钡,Ward,2,82,0.23157251788071642,SiO2+BaO+CaO+Al2O3+K2O+Fe2O3,0.75,0,
铅钡,Ward,3,82,0.14761041764238733,SiO2+BaO+CaO+Al2O3+K2O+Fe2O3,0.75,0,
铅钡,Ward,4,82,0.2600128017556694,SiO2+BaO+CaO+Al2O3+K2O+Fe2O3,0.75,0,
铅钡,Ward,5,82,0.3758002560819462,SiO2+BaO+CaO+Al2O3+K2O+Fe2O3,0.75,0,
铅钡,Ward,6,82,0.5243438384232608,SiO2+BaO+CaO+Al2O3+K2O+Fe2O3,0.75,0,
铅钡,Ward,2,83,0.03849946747662814,PbO+K2O+SiO2+CaO+MgO+Al2O3+Fe2O3,0.5,0,
铅钡,Ward,3,83,0.030617109080260954,PbO+K2O+SiO2+CaO+MgO+Al2O3+Fe2O3,0.5,0,
铅钡,Ward,4,83,0.07862679955703211,PbO+K2O+SiO2+CaO+MgO+Al2O3+Fe2O3,0.5,0,
铅钡,Ward,5,83,0.10513447432762836,PbO+K2O+SiO2+CaO+MgO+Al2O3+Fe2O3,0.5,0,
铅钡,Ward,6,83,0.18050512056795462,PbO+K2O+SiO2+CaO+MgO+Al2O3+Fe2O3,0.5,0,
铅钡,Ward,2,84,-0.015284488709200275,PbO+SrO+CaO+P2O5+Na2O+Al2O3+BaO+K2O,0.45454545454545453,0,
铅钡,Ward,3,84,0.1605955693379495,PbO+SrO+CaO+P2O5+Na2O+Al2O3+BaO+K2O,0.45454545454545453,0,
铅钡,Ward,4,84,0.25049030032371633,PbO+SrO+CaO+P2O5+Na2O+Al2O3+BaO+K2O,0.45454545454545453,0,
铅钡,Ward,5,84,0.2490415500984354,PbO+SrO+CaO+P2O5+Na2O+Al2O3+BaO+K2O,0.45454545454545453,0,
铅钡,Ward,6,84,0.29293757516125507,PbO+SrO+CaO+P2O5+Na2O+Al2O3+BaO+K2O,0.45454545454545453,0,
铅钡,Ward,2,85,0.28840494408475575,Al2O3+BaO+SiO2+MgO+CuO+K2O+Fe2O3,0.6666666666666666,0,
铅钡,Ward,3,85,0.4457978075517661,Al2O3+BaO+SiO2+MgO+CuO+K2O+Fe2O3,0.6666666666666666,0,
铅钡,Ward,4,85,0.19407663874982453,Al2O3+BaO+SiO2+MgO+CuO+K2O+Fe2O3,0.6666666666666666,0,
铅钡,Ward,5,85,0.3262411347517731,Al2O3+BaO+SiO2+MgO+CuO+K2O+Fe2O3,0.6666666666666666,0,
铅钡,Ward,6,85,0.4264041690793283,Al2O3+BaO+SiO2+MgO+CuO+K2O+Fe2O3,0.6666666666666666,0,
铅钡,Ward,2,86,1.0,Al2O3+PbO+CuO+SiO2+SrO+Fe2O3,0.5555555555555556,0,
铅钡,Ward,3,86,0.7922939838997112,Al2O3+PbO+CuO+SiO2+SrO+Fe2O3,0.5555555555555556,0,
铅钡,Ward,4,86,0.4808500700607193,Al2O3+PbO+CuO+SiO2+SrO+Fe2O3,0.5555555555555556,0,
铅钡,Ward,5,86,0.4095810866860224,Al2O3+PbO+CuO+SiO2+SrO+Fe2O3,0.5555555555555556,0,
铅钡,Ward,6,86,0.49239994421977407,Al2O3+PbO+CuO+SiO2+SrO+Fe2O3,0.5555555555555556,0,
铅钡,Ward,2,87,0.07157432114267775,K2O+Fe2O3+SiO2+MgO+Al2O3+CuO+BaO+SrO,0.7777777777777778,0,
铅钡,Ward,3,87,0.26350881498752404,K2O+Fe2O3+SiO2+MgO+Al2O3+CuO+BaO+SrO,0.7777777777777778,0,
铅钡,Ward,4,87,0.14056665934548648,K2O+Fe2O3+SiO2+MgO+Al2O3+CuO+BaO+SrO,0.7777777777777778,0,
铅钡,Ward,5,87,0.2602510460251046,K2O+Fe2O3+SiO2+MgO+Al2O3+CuO+BaO+SrO,0.7777777777777778,0,
铅钡,Ward,6,87,0.4434381689445085,K2O+Fe2O3+SiO2+MgO+Al2O3+CuO+BaO+SrO,0.7777777777777778,0,
铅钡,Ward,2,88,0.3441718395901074,PbO+BaO+Al2O3+Fe2O3+SiO2+K2O,0.5555555555555556,0,
铅钡,Ward,3,88,0.1838651043308539,PbO+BaO+Al2O3+Fe2O3+SiO2+K2O,0.5555555555555556,0,
铅钡,Ward,4,88,0.20266254605966955,PbO+BaO+Al2O3+Fe2O3+SiO2+K2O,0.5555555555555556,0,
铅钡,Ward,5,88,0.19585503185386874,PbO+BaO+Al2O3+Fe2O3+SiO2+K2O,0.5555555555555556,0,
铅钡,Ward,6,88,0.2369221411192214,PbO+BaO+Al2O3+Fe2O3+SiO2+K2O,0.5555555555555556,0,
铅钡,Ward,2,89,0.13513513513513514,PbO+Al2O3+Fe2O3+SiO2+CuO+K2O,0.5555555555555556,0,
铅钡,Ward,3,89,0.31940552619444545,PbO+Al2O3+Fe2O3+SiO2+CuO+K2O,0.5555555555555556,0,
铅钡,Ward,4,89,0.1384528240815666,PbO+Al2O3+Fe2O3+SiO2+CuO+K2O,0.5555555555555556,0,
铅钡,Ward,5,89,0.13711583924349882,PbO+Al2O3+Fe2O3+SiO2+CuO+K2O,0.5555555555555556,0,
铅钡,Ward,6,89,0.20421260490373538,PbO+Al2O3+Fe2O3+SiO2+CuO+K2O,0.5555555555555556,0,
铅钡,Ward,2,90,0.899996055071206,CaO+SiO2+K2O+MgO+CuO+Fe2O3+Al2O3+SrO,0.7777777777777778,0,
铅钡,Ward,3,90,0.6830092139188135,CaO+SiO2+K2O+MgO+CuO+Fe2O3+Al2O3+SrO,0.7777777777777778,0,
铅钡,Ward,4,90,0.39326215371007994,CaO+SiO2+K2O+MgO+CuO+Fe2O3+Al2O3+SrO,0.7777777777777778,0,
铅钡,Ward,5,90,0.5699904122722914,CaO+SiO2+K2O+MgO+CuO+Fe2O3+Al2O3+SrO,0.7777777777777778,0,
铅钡,Ward,6,90,0.5284903280067283,CaO+SiO2+K2O+MgO+CuO+Fe2O3+Al2O3+SrO,0.7777777777777778,0,
铅钡,Ward,2,91,0.4711337122345199,CaO+SiO2+K2O+Al2O3+SrO+CuO+BaO+Fe2O3,1.0,0,
铅钡,Ward,3,91,0.27350283134115805,CaO+SiO2+K2O+Al2O3+SrO+CuO+BaO+Fe2O3,1.0,0,
铅钡,Ward,4,91,0.4649989913253984,CaO+SiO2+K2O+Al2O3+SrO+CuO+BaO+Fe2O3,1.0,0,
铅钡,Ward,5,91,0.6264467207662632,CaO+SiO2+K2O+Al2O3+SrO+CuO+BaO+Fe2O3,1.0,0,
铅钡,Ward,6,91,0.4608351399754925,CaO+SiO2+K2O+Al2O3+SrO+CuO+BaO+Fe2O3,1.0,0,
铅钡,Ward,2,92,,,,1,活动成分SO2在训练集中全缺失
铅钡,Ward,3,92,,,,1,活动成分SO2在训练集中全缺失
铅钡,Ward,4,92,,,,1,活动成分SO2在训练集中全缺失
铅钡,Ward,5,92,,,,1,活动成分SO2在训练集中全缺失
铅钡,Ward,6,92,,,,1,活动成分SO2在训练集中全缺失
铅钡,Ward,2,93,,,,1,活动成分SO2在训练集中全缺失
铅钡,Ward,3,93,,,,1,活动成分SO2在训练集中全缺失
铅钡,Ward,4,93,,,,1,活动成分SO2在训练集中全缺失
铅钡,Ward,5,93,,,,1,活动成分SO2在训练集中全缺失
铅钡,Ward,6,93,,,,1,活动成分SO2在训练集中全缺失
铅钡,Ward,2,94,,,,1,活动成分SO2在训练集中全缺失
铅钡,Ward,3,94,,,,1,活动成分SO2在训练集中全缺失
铅钡,Ward,4,94,,,,1,活动成分SO2在训练集中全缺失
铅钡,Ward,5,94,,,,1,活动成分SO2在训练集中全缺失
铅钡,Ward,6,94,,,,1,活动成分SO2在训练集中全缺失
铅钡,Ward,2,95,0.8999407933688574,CuO+PbO+SrO+Fe2O3+SiO2+K2O,0.5555555555555556,0,
铅钡,Ward,3,95,0.5892728532797021,CuO+PbO+SrO+Fe2O3+SiO2+K2O,0.5555555555555556,0,
铅钡,Ward,4,95,0.4550357266945632,CuO+PbO+SrO+Fe2O3+SiO2+K2O,0.5555555555555556,0,
铅钡,Ward,5,95,0.4023720145802731,CuO+PbO+SrO+Fe2O3+SiO2+K2O,0.5555555555555556,0,
铅钡,Ward,6,95,0.35329268662602,CuO+PbO+SrO+Fe2O3+SiO2+K2O,0.5555555555555556,0,
铅钡,Ward,2,96,0.2314513745196571,PbO+Al2O3+P2O5+MgO+SnO2+SiO2+CaO+Fe2O3,0.3333333333333333,0,
铅钡,Ward,3,96,0.23409589470385458,PbO+Al2O3+P2O5+MgO+SnO2+SiO2+CaO+Fe2O3,0.3333333333333333,0,
铅钡,Ward,4,96,0.11828177987873806,PbO+Al2O3+P2O5+MgO+SnO2+SiO2+CaO+Fe2O3,0.3333333333333333,0,
铅钡,Ward,5,96,0.21426172960102569,PbO+Al2O3+P2O5+MgO+SnO2+SiO2+CaO+Fe2O3,0.3333333333333333,0,
铅钡,Ward,6,96,0.35511700636255794,PbO+Al2O3+P2O5+MgO+SnO2+SiO2+CaO+Fe2O3,0.3333333333333333,0,
铅钡,Ward,2,97,0.8033126293995859,SiO2+K2O+CuO+Fe2O3+BaO+PbO+Al2O3,0.6666666666666666,0,
铅钡,Ward,3,97,0.40623687526249475,SiO2+K2O+CuO+Fe2O3+BaO+PbO+Al2O3,0.6666666666666666,0,
铅钡,Ward,4,97,0.4144144144144144,SiO2+K2O+CuO+Fe2O3+BaO+PbO+Al2O3,0.6666666666666666,0,
铅钡,Ward,5,97,0.25877657408161603,SiO2+K2O+CuO+Fe2O3+BaO+PbO+Al2O3,0.6666666666666666,0,
铅钡,Ward,6,97,0.25925925925925924,SiO2+K2O+CuO+Fe2O3+BaO+PbO+Al2O3,0.6666666666666666,0,
铅钡,Ward,2,98,0.03880279190819827,CaO+P2O5+SO2+SiO2+SrO+MgO+CuO+BaO+Fe2O3,0.5454545454545454,0,
铅钡,Ward,3,98,0.14147496888674777,CaO+P2O5+SO2+SiO2+SrO+MgO+CuO+BaO+Fe2O3,0.5454545454545454,0,
铅钡,Ward,4,98,0.3287275726954011,CaO+P2O5+SO2+SiO2+SrO+MgO+CuO+BaO+Fe2O3,0.5454545454545454,0,
铅钡,Ward,5,98,0.3409062539008863,CaO+P2O5+SO2+SiO2+SrO+MgO+CuO+BaO+Fe2O3,0.5454545454545454,0,
铅钡,Ward,6,98,0.4466292762496369,CaO+P2O5+SO2+SiO2+SrO+MgO+CuO+BaO+Fe2O3,0.5454545454545454,0,
铅钡,Ward,2,99,,,,1,活动成分SO2在训练集中全缺失
铅钡,Ward,3,99,,,,1,活动成分SO2在训练集中全缺失
铅钡,Ward,4,99,,,,1,活动成分SO2在训练集中全缺失
铅钡,Ward,5,99,,,,1,活动成分SO2在训练集中全缺失
铅钡,Ward,6,99,,,,1,活动成分SO2在训练集中全缺失
铅钡,Ward,2,100,0.09395973154362416,Fe2O3+BaO+PbO+SrO+SiO2+CuO+K2O,0.6666666666666666,0,
铅钡,Ward,3,100,0.4682323252879645,Fe2O3+BaO+PbO+SrO+SiO2+CuO+K2O,0.6666666666666666,0,
铅钡,Ward,4,100,0.549053036696938,Fe2O3+BaO+PbO+SrO+SiO2+CuO+K2O,0.6666666666666666,0,
铅钡,Ward,5,100,0.32579581131025714,Fe2O3+BaO+PbO+SrO+SiO2+CuO+K2O,0.6666666666666666,0,
铅钡,Ward,6,100,0.32836733446104305,Fe2O3+BaO+PbO+SrO+SiO2+CuO+K2O,0.6666666666666666,0,
铅钡,Ward,2,101,0.23084508431121192,P2O5+SiO2+CaO+Al2O3+K2O+Fe2O3,0.5555555555555556,0,
铅钡,Ward,3,101,0.23891751243707543,P2O5+SiO2+CaO+Al2O3+K2O+Fe2O3,0.5555555555555556,0,
铅钡,Ward,4,101,0.20398009950248755,P2O5+SiO2+CaO+Al2O3+K2O+Fe2O3,0.5555555555555556,0,
铅钡,Ward,5,101,0.3085890392603511,P2O5+SiO2+CaO+Al2O3+K2O+Fe2O3,0.5555555555555556,0,
铅钡,Ward,6,101,0.36754366069403493,P2O5+SiO2+CaO+Al2O3+K2O+Fe2O3,0.5555555555555556,0,
铅钡,Ward,2,102,-0.02195504443282802,Al2O3+Na2O+SrO+SiO2+CaO+BaO+MgO+Fe2O3+K2O,0.7,0,
铅钡,Ward,3,102,0.07385478743258723,Al2O3+Na2O+SrO+SiO2+CaO+BaO+MgO+Fe2O3+K2O,0.7,0,
铅钡,Ward,4,102,0.06608770773182986,Al2O3+Na2O+SrO+SiO2+CaO+BaO+MgO+Fe2O3+K2O,0.7,0,
铅钡,Ward,5,102,0.16535471809505067,Al2O3+Na2O+SrO+SiO2+CaO+BaO+MgO+Fe2O3+K2O,0.7,0,
铅钡,Ward,6,102,0.14306828258941767,Al2O3+Na2O+SrO+SiO2+CaO+BaO+MgO+Fe2O3+K2O,0.7,0,
铅钡,Ward,2,103,0.2841918294849023,K2O+Fe2O3+PbO+CuO+BaO+SiO2+CaO+SrO,0.7777777777777778,0,
铅钡,Ward,3,103,0.29015198744545007,K2O+Fe2O3+PbO+CuO+BaO+SiO2+CaO+SrO,0.7777777777777778,0,
铅钡,Ward,4,103,0.49433170407144866,K2O+Fe2O3+PbO+CuO+BaO+SiO2+CaO+SrO,0.7777777777777778,0,
铅钡,Ward,5,103,0.5761707172495554,K2O+Fe2O3+PbO+CuO+BaO+SiO2+CaO+SrO,0.7777777777777778,0,
铅钡,Ward,6,103,0.6936026936026936,K2O+Fe2O3+PbO+CuO+BaO+SiO2+CaO+SrO,0.7777777777777778,0,
铅钡,Ward,2,104,1.0,PbO+Al2O3+CuO+BaO+SiO2+MgO+SrO+K2O,0.6,0,
铅钡,Ward,3,104,0.6862829218589748,PbO+Al2O3+CuO+BaO+SiO2+MgO+SrO+K2O,0.6,0,
铅钡,Ward,4,104,0.553111034719835,PbO+Al2O3+CuO+BaO+SiO2+MgO+SrO+K2O,0.6,0,
铅钡,Ward,5,104,0.47424364192569934,PbO+Al2O3+CuO+BaO+SiO2+MgO+SrO+K2O,0.6,0,
铅钡,Ward,6,104,0.49102658722301223,PbO+Al2O3+CuO+BaO+SiO2+MgO+SrO+K2O,0.6,0,
铅钡,Ward,2,105,,,,1,活动成分SO2在训练集中全缺失
铅钡,Ward,3,105,,,,1,活动成分SO2在训练集中全缺失
铅钡,Ward,4,105,,,,1,活动成分SO2在训练集中全缺失
铅钡,Ward,5,105,,,,1,活动成分SO2在训练集中全缺失
铅钡,Ward,6,105,,,,1,活动成分SO2在训练集中全缺失
铅钡,Ward,2,106,0.3441718395901074,K2O+PbO+SiO2+CaO+SrO+SO2+Al2O3+BaO+MgO,0.5454545454545454,0,
铅钡,Ward,3,106,0.23988047894408737,K2O+PbO+SiO2+CaO+SrO+SO2+Al2O3+BaO+MgO,0.5454545454545454,0,
铅钡,Ward,4,106,0.2937374620446332,K2O+PbO+SiO2+CaO+SrO+SO2+Al2O3+BaO+MgO,0.5454545454545454,0,
铅钡,Ward,5,106,0.46769004422621846,K2O+PbO+SiO2+CaO+SrO+SO2+Al2O3+BaO+MgO,0.5454545454545454,0,
铅钡,Ward,6,106,0.5451296136047256,K2O+PbO+SiO2+CaO+SrO+SO2+Al2O3+BaO+MgO,0.5454545454545454,0,
铅钡,Ward,2,107,0.004486987735566856,Al2O3+PbO+SrO+CaO+SiO2+K2O+Fe2O3,0.6666666666666666,0,
铅钡,Ward,3,107,0.15426781519185592,Al2O3+PbO+SrO+CaO+SiO2+K2O+Fe2O3,0.6666666666666666,0,
铅钡,Ward,4,107,0.27027232041265264,Al2O3+PbO+SrO+CaO+SiO2+K2O+Fe2O3,0.6666666666666666,0,
铅钡,Ward,5,107,0.2913072329130723,Al2O3+PbO+SrO+CaO+SiO2+K2O+Fe2O3,0.6666666666666666,0,
铅钡,Ward,6,107,0.38387909905096007,Al2O3+PbO+SrO+CaO+SiO2+K2O+Fe2O3,0.6666666666666666,0,
铅钡,Ward,2,108,0.40860215053763443,CuO+SiO2+Na2O+Al2O3+BaO+SrO+Fe2O3,0.6666666666666666,0,
铅钡,Ward,3,108,0.2735101054901265,CuO+SiO2+Na2O+Al2O3+BaO+SrO+Fe2O3,0.6666666666666666,0,
铅钡,Ward,4,108,0.2253542564040121,CuO+SiO2+Na2O+Al2O3+BaO+SrO+Fe2O3,0.6666666666666666,0,
铅钡,Ward,5,108,0.15958459541324102,CuO+SiO2+Na2O+Al2O3+BaO+SrO+Fe2O3,0.6666666666666666,0,
铅钡,Ward,6,108,0.3161160005771173,CuO+SiO2+Na2O+Al2O3+BaO+SrO+Fe2O3,0.6666666666666666,0,
铅钡,Ward,2,109,0.10184442662389735,PbO+CaO+SiO2+P2O5+Fe2O3+K2O+BaO,0.5,0,
铅钡,Ward,3,109,0.07004319471499958,PbO+CaO+SiO2+P2O5+Fe2O3+K2O+BaO,0.5,0,
铅钡,Ward,4,109,0.5533419023136247,PbO+CaO+SiO2+P2O5+Fe2O3+K2O+BaO,0.5,0,
铅钡,Ward,5,109,0.5140960349217898,PbO+CaO+SiO2+P2O5+Fe2O3+K2O+BaO,0.5,0,
铅钡,Ward,6,109,0.3447658813003281,PbO+CaO+SiO2+P2O5+Fe2O3+K2O+BaO,0.5,0,
铅钡,Ward,2,110,0.029850746268656716,PbO+Fe2O3+BaO+CuO+SiO2+MgO+K2O,0.5,0,
铅钡,Ward,3,110,0.48317331584073786,PbO+Fe2O3+BaO+CuO+SiO2+MgO+K2O,0.5,0,
铅钡,Ward,4,110,0.3407396924238136,PbO+Fe2O3+BaO+CuO+SiO2+MgO+K2O,0.5,0,
铅钡,Ward,5,110,0.26882226756657773,PbO+Fe2O3+BaO+CuO+SiO2+MgO+K2O,0.5,0,
铅钡,Ward,6,110,0.2603358557459543,PbO+Fe2O3+BaO+CuO+SiO2+MgO+K2O,0.5,0,
铅钡,Ward,2,111,0.12975912975912976,PbO+SrO+Fe2O3+SiO2+P2O5+MgO+CaO+Al2O3,0.45454545454545453,0,
铅钡,Ward,3,111,0.07660131406736075,PbO+SrO+Fe2O3+SiO2+P2O5+MgO+CaO+Al2O3,0.45454545454545453,0,
铅钡,Ward,4,111,0.18121379417596517,PbO+SrO+Fe2O3+SiO2+P2O5+MgO+CaO+Al2O3,0.45454545454545453,0,
铅钡,Ward,5,111,0.24369538077403247,PbO+SrO+Fe2O3+SiO2+P2O5+MgO+CaO+Al2O3,0.45454545454545453,0,
铅钡,Ward,6,111,0.3478827361563518,PbO+SrO+Fe2O3+SiO2+P2O5+MgO+CaO+Al2O3,0.45454545454545453,0,
铅钡,Ward,2,112,0.6306818181818182,K2O+CuO+Fe2O3+CaO+BaO+SiO2+MgO+SrO,0.7777777777777778,0,
铅钡,Ward,3,112,0.5340501792114696,K2O+CuO+Fe2O3+CaO+BaO+SiO2+MgO+SrO,0.7777777777777778,0,
铅钡,Ward,4,112,0.420522772757596,K2O+CuO+Fe2O3+CaO+BaO+SiO2+MgO+SrO,0.7777777777777778,0,
铅钡,Ward,5,112,0.6291728643783774,K2O+CuO+Fe2O3+CaO+BaO+SiO2+MgO+SrO,0.7777777777777778,0,
铅钡,Ward,6,112,0.6866386188887277,K2O+CuO+Fe2O3+CaO+BaO+SiO2+MgO+SrO,0.7777777777777778,0,
铅钡,Ward,2,113,0.4080425783560024,CuO+Al2O3+Fe2O3+P2O5+SiO2+Na2O+K2O,0.5,0,
铅钡,Ward,3,113,0.4083364224226698,CuO+Al2O3+Fe2O3+P2O5+SiO2+Na2O+K2O,0.5,0,
铅钡,Ward,4,113,0.2152731748887416,CuO+Al2O3+Fe2O3+P2O5+SiO2+Na2O+K2O,0.5,0,
铅钡,Ward,5,113,0.32583668959617923,CuO+Al2O3+Fe2O3+P2O5+SiO2+Na2O+K2O,0.5,0,
铅钡,Ward,6,113,0.2833333333333333,CuO+Al2O3+Fe2O3+P2O5+SiO2+Na2O+K2O,0.5,0,
铅钡,Ward,2,114,0.4749034749034749,SiO2+MgO+BaO+K2O+Al2O3+PbO+Fe2O3,0.5,0,
铅钡,Ward,3,114,0.25235774755511464,SiO2+MgO+BaO+K2O+Al2O3+PbO+Fe2O3,0.5,0,
铅钡,Ward,4,114,0.1943066768947996,SiO2+MgO+BaO+K2O+Al2O3+PbO+Fe2O3,0.5,0,
铅钡,Ward,5,114,0.18779146239387778,SiO2+MgO+BaO+K2O+Al2O3+PbO+Fe2O3,0.5,0,
铅钡,Ward,6,114,0.21764889304646087,SiO2+MgO+BaO+K2O+Al2O3+PbO+Fe2O3,0.5,0,
铅钡,Ward,2,115,0.2857142857142857,CaO+BaO+Fe2O3+PbO+SiO2+CuO+K2O,0.6666666666666666,0,
铅钡,Ward,3,115,0.513715710723192,CaO+BaO+Fe2O3+PbO+SiO2+CuO+K2O,0.6666666666666666,0,
铅钡,Ward,4,115,0.521250226233662,CaO+BaO+Fe2O3+PbO+SiO2+CuO+K2O,0.6666666666666666,0,
铅钡,Ward,5,115,0.534413540132282,CaO+BaO+Fe2O3+PbO+SiO2+CuO+K2O,0.6666666666666666,0,
铅钡,Ward,6,115,0.5138175951727462,CaO+BaO+Fe2O3+PbO+SiO2+CuO+K2O,0.6666666666666666,0,
铅钡,Ward,2,116,-0.08541533205210335,Al2O3+CuO+BaO+CaO+SiO2+P2O5+SO2+K2O,0.6,0,
铅钡,Ward,3,116,0.24585139339248482,Al2O3+CuO+BaO+CaO+SiO2+P2O5+SO2+K2O,0.6,0,
铅钡,Ward,4,116,0.4590890177937685,Al2O3+CuO+BaO+CaO+SiO2+P2O5+SO2+K2O,0.6,0,
铅钡,Ward,5,116,0.5215936739659367,Al2O3+CuO+BaO+CaO+SiO2+P2O5+SO2+K2O,0.6,0,
铅钡,Ward,6,116,0.5991561181434599,Al2O3+CuO+BaO+CaO+SiO2+P2O5+SO2+K2O,0.6,0,
铅钡,Ward,2,117,-0.008892064626255409,PbO+BaO+SiO2+Fe2O3+K2O,0.4444444444444444,0,
铅钡,Ward,3,117,0.10155401536243903,PbO+BaO+SiO2+Fe2O3+K2O,0.4444444444444444,0,
铅钡,Ward,4,117,0.16624912315863313,PbO+BaO+SiO2+Fe2O3+K2O,0.4444444444444444,0,
铅钡,Ward,5,117,0.08615196532434335,PbO+BaO+SiO2+Fe2O3+K2O,0.4444444444444444,0,
铅钡,Ward,6,117,0.14038009404388715,PbO+BaO+SiO2+Fe2O3+K2O,0.4444444444444444,0,
铅钡,Ward,2,118,0.06644570707070707,PbO+SiO2+Fe2O3+CaO+K2O+SrO+BaO,0.6666666666666666,0,
铅钡,Ward,3,118,0.03433826730518067,PbO+SiO2+Fe2O3+CaO+K2O+SrO+BaO,0.6666666666666666,0,
铅钡,Ward,4,118,0.23672514619883042,PbO+SiO2+Fe2O3+CaO+K2O+SrO+BaO,0.6666666666666666,0,
铅钡,Ward,5,118,0.33463237204468693,PbO+SiO2+Fe2O3+CaO+K2O+SrO+BaO,0.6666666666666666,0,
铅钡,Ward,6,118,0.37315634218289084,PbO+SiO2+Fe2O3+CaO+K2O+SrO+BaO,0.6666666666666666,0,
铅钡,Ward,2,119,0.02664820903270462,SiO2+Na2O+CaO+CuO+PbO+Fe2O3+SrO+K2O,0.6,0,
铅钡,Ward,3,119,0.590118169457235,SiO2+Na2O+CaO+CuO+PbO+Fe2O3+SrO+K2O,0.6,0,
铅钡,Ward,4,119,0.41498824096966774,SiO2+Na2O+CaO+CuO+PbO+Fe2O3+SrO+K2O,0.6,0,
铅钡,Ward,5,119,0.34202946259567113,SiO2+Na2O+CaO+CuO+PbO+Fe2O3+SrO+K2O,0.6,0,
铅钡,Ward,6,119,0.43426893634870145,SiO2+Na2O+CaO+CuO+PbO+Fe2O3+SrO+K2O,0.6,0,
铅钡,Ward,2,120,0.34591194968553457,SiO2+Al2O3+BaO+PbO+K2O+Fe2O3,0.5555555555555556,0,
铅钡,Ward,3,120,0.4343081623745089,SiO2+Al2O3+BaO+PbO+K2O+Fe2O3,0.5555555555555556,0,
铅钡,Ward,4,120,0.24013347140720284,SiO2+Al2O3+BaO+PbO+K2O+Fe2O3,0.5555555555555556,0,
铅钡,Ward,5,120,0.3229588972743716,SiO2+Al2O3+BaO+PbO+K2O+Fe2O3,0.5555555555555556,0,
铅钡,Ward,6,120,0.44041962647598437,SiO2+Al2O3+BaO+PbO+K2O+Fe2O3,0.5555555555555556,0,
铅钡,Ward,2,121,0.8999407933688574,SiO2+MgO+CuO+BaO+Al2O3+SrO+K2O,0.6666666666666666,0,
铅钡,Ward,3,121,0.9052995811327627,SiO2+MgO+CuO+BaO+Al2O3+SrO+K2O,0.6666666666666666,0,
铅钡,Ward,4,121,0.4211590449578591,SiO2+MgO+CuO+BaO+Al2O3+SrO+K2O,0.6666666666666666,0,
铅钡,Ward,5,121,0.31988041853512705,SiO2+MgO+CuO+BaO+Al2O3+SrO+K2O,0.6666666666666666,0,
铅钡,Ward,6,121,0.425886571921902,SiO2+MgO+CuO+BaO+Al2O3+SrO+K2O,0.6666666666666666,0,
铅钡,Ward,2,122,0.8050243719535058,SiO2+MgO+PbO+K2O+SrO+CuO+Fe2O3,0.5,0,
铅钡,Ward,3,122,0.5849960095770151,SiO2+MgO+PbO+K2O+SrO+CuO+Fe2O3,0.5,0,
铅钡,Ward,4,122,0.4185966913861951,SiO2+MgO+PbO+K2O+SrO+CuO+Fe2O3,0.5,0,
铅钡,Ward,5,122,0.2950962069963939,SiO2+MgO+PbO+K2O+SrO+CuO+Fe2O3,0.5,0,
铅钡,Ward,6,122,0.3643425246804692,SiO2+MgO+PbO+K2O+SrO+CuO+Fe2O3,0.5,0,
铅钡,Ward,2,123,0.2857142857142857,K2O+Fe2O3+Al2O3+SrO+CuO+BaO+SiO2+Na2O,0.7777777777777778,0,
铅钡,Ward,3,123,0.22716956879757386,K2O+Fe2O3+Al2O3+SrO+CuO+BaO+SiO2+Na2O,0.7777777777777778,0,
铅钡,Ward,4,123,0.15116680078169906,K2O+Fe2O3+Al2O3+SrO+CuO+BaO+SiO2+Na2O,0.7777777777777778,0,
铅钡,Ward,5,123,0.1330233033524121,K2O+Fe2O3+Al2O3+SrO+CuO+BaO+SiO2+Na2O,0.7777777777777778,0,
铅钡,Ward,6,123,0.19620140820069817,K2O+Fe2O3+Al2O3+SrO+CuO+BaO+SiO2+Na2O,0.7777777777777778,0,
铅钡,Ward,2,124,0.18330773169482847,SiO2+Al2O3+PbO+SrO+K2O+Fe2O3,0.5555555555555556,0,
铅钡,Ward,3,124,0.22127668244578616,SiO2+Al2O3+PbO+SrO+K2O+Fe2O3,0.5555555555555556,0,
铅钡,Ward,4,124,0.21937676047812366,SiO2+Al2O3+PbO+SrO+K2O+Fe2O3,0.5555555555555556,0,
铅钡,Ward,5,124,0.2528401206771528,SiO2+Al2O3+PbO+SrO+K2O+Fe2O3,0.5555555555555556,0,
铅钡,Ward,6,124,0.265454913675257,SiO2+Al2O3+PbO+SrO+K2O+Fe2O3,0.5555555555555556,0,
铅钡,Ward,2,125,,,,1,活动成分SO2在训练集中全缺失
铅钡,Ward,3,125,,,,1,活动成分SO2在训练集中全缺失
铅钡,Ward,4,125,,,,1,活动成分SO2在训练集中全缺失
铅钡,Ward,5,125,,,,1,活动成分SO2在训练集中全缺失
铅钡,Ward,6,125,,,,1,活动成分SO2在训练集中全缺失
铅钡,Ward,2,126,0.05723905723905724,SiO2+CaO+CuO+BaO+PbO+Fe2O3+SrO+K2O,0.7777777777777778,0,
铅钡,Ward,3,126,0.30574098798397864,SiO2+CaO+CuO+BaO+PbO+Fe2O3+SrO+K2O,0.7777777777777778,0,
铅钡,Ward,4,126,0.2082230978890745,SiO2+CaO+CuO+BaO+PbO+Fe2O3+SrO+K2O,0.7777777777777778,0,
铅钡,Ward,5,126,0.3890543457471516,SiO2+CaO+CuO+BaO+PbO+Fe2O3+SrO+K2O,0.7777777777777778,0,
铅钡,Ward,6,126,0.30771679674310465,SiO2+CaO+CuO+BaO+PbO+Fe2O3+SrO+K2O,0.7777777777777778,0,
铅钡,Ward,2,127,0.899996055071206,SiO2+PbO+SrO+Al2O3+CuO+Fe2O3+BaO+K2O,0.7777777777777778,0,
铅钡,Ward,3,127,0.5904227388348257,SiO2+PbO+SrO+Al2O3+CuO+Fe2O3+BaO+K2O,0.7777777777777778,0,
铅钡,Ward,4,127,0.44416731988883346,SiO2+PbO+SrO+Al2O3+CuO+Fe2O3+BaO+K2O,0.7777777777777778,0,
铅钡,Ward,5,127,0.31992987218640423,SiO2+PbO+SrO+Al2O3+CuO+Fe2O3+BaO+K2O,0.7777777777777778,0,
铅钡,Ward,6,127,0.35958631662688945,SiO2+PbO+SrO+Al2O3+CuO+Fe2O3+BaO+K2O,0.7777777777777778,0,
铅钡,Ward,2,128,0.8033126293995859,Al2O3+SrO+Fe2O3+SiO2+CuO+BaO+K2O,0.875,0,
铅钡,Ward,3,128,0.43724076833246084,Al2O3+SrO+Fe2O3+SiO2+CuO+BaO+K2O,0.875,0,
铅钡,Ward,4,128,0.45513669757918823,Al2O3+SrO+Fe2O3+SiO2+CuO+BaO+K2O,0.875,0,
铅钡,Ward,5,128,0.2961636269175029,Al2O3+SrO+Fe2O3+SiO2+CuO+BaO+K2O,0.875,0,
铅钡,Ward,6,128,0.2545782047433203,Al2O3+SrO+Fe2O3+SiO2+CuO+BaO+K2O,0.875,0,
铅钡,Ward,2,129,-0.04286461055933089,SiO2+SrO+CuO+BaO+P2O5+CaO+K2O,0.6666666666666666,0,
铅钡,Ward,3,129,0.07467696600812893,SiO2+SrO+CuO+BaO+P2O5+CaO+K2O,0.6666666666666666,0,
铅钡,Ward,4,129,0.4410698662667167,SiO2+SrO+CuO+BaO+P2O5+CaO+K2O,0.6666666666666666,0,
铅钡,Ward,5,129,0.450140056022409,SiO2+SrO+CuO+BaO+P2O5+CaO+K2O,0.6666666666666666,0,
铅钡,Ward,6,129,0.4638492871690428,SiO2+SrO+CuO+BaO+P2O5+CaO+K2O,0.6666666666666666,0,
铅钡,Ward,2,130,0.1807909604519774,Al2O3+SrO+CaO+SiO2+K2O+Fe2O3+PbO,0.6666666666666666,0,
铅钡,Ward,3,130,0.33737727200428014,Al2O3+SrO+CaO+SiO2+K2O+Fe2O3+PbO,0.6666666666666666,0,
铅钡,Ward,4,130,0.3375244598026562,Al2O3+SrO+CaO+SiO2+K2O+Fe2O3+PbO,0.6666666666666666,0,
铅钡,Ward,5,130,0.43671868138302544,Al2O3+SrO+CaO+SiO2+K2O+Fe2O3+PbO,0.6666666666666666,0,
铅钡,Ward,6,130,0.501828949660338,Al2O3+SrO+CaO+SiO2+K2O+Fe2O3+PbO,0.6666666666666666,0,
铅钡,Ward,2,131,-0.059322033898305086,SiO2+Na2O+SrO+PbO+CuO+Al2O3+K2O,0.5,0,
铅钡,Ward,3,131,0.9105765623045816,SiO2+Na2O+SrO+PbO+CuO+Al2O3+K2O,0.5,0,
铅钡,Ward,4,131,0.6022190158714363,SiO2+Na2O+SrO+PbO+CuO+Al2O3+K2O,0.5,0,
铅钡,Ward,5,131,0.4532525386679948,SiO2+Na2O+SrO+PbO+CuO+Al2O3+K2O,0.5,0,
铅钡,Ward,6,131,0.41537452569447697,SiO2+Na2O+SrO+PbO+CuO+Al2O3+K2O,0.5,0,
铅钡,Ward,2,132,0.5482705214248839,Al2O3+BaO+Fe2O3+SiO2+SrO+K2O+PbO,0.6666666666666666,0,
铅钡,Ward,3,132,0.505199773865713,Al2O3+BaO+Fe2O3+SiO2+SrO+K2O+PbO,0.6666666666666666,0,
铅钡,Ward,4,132,0.3126874645804249,Al2O3+BaO+Fe2O3+SiO2+SrO+K2O+PbO,0.6666666666666666,0,
铅钡,Ward,5,132,0.2898773919628347,Al2O3+BaO+Fe2O3+SiO2+SrO+K2O+PbO,0.6666666666666666,0,
铅钡,Ward,6,132,0.3560093994683312,Al2O3+BaO+Fe2O3+SiO2+SrO+K2O+PbO,0.6666666666666666,0,
铅钡,Ward,2,133,0.13934426229508196,Al2O3+PbO+SiO2+K2O+Fe2O3,0.4444444444444444,0,
铅钡,Ward,3,133,0.07527526436280388,Al2O3+PbO+SiO2+K2O+Fe2O3,0.4444444444444444,0,
铅钡,Ward,4,133,0.12630288166768852,Al2O3+PbO+SiO2+K2O+Fe2O3,0.4444444444444444,0,
铅钡,Ward,5,133,0.15112556532344124,Al2O3+PbO+SiO2+K2O+Fe2O3,0.4444444444444444,0,
铅钡,Ward,6,133,0.27021423635107117,Al2O3+PbO+SiO2+K2O+Fe2O3,0.4444444444444444,0,
铅钡,Ward,2,134,0.4781273983115886,Al2O3+BaO+CuO+SrO+CaO+SiO2+K2O+Fe2O3,1.0,0,
铅钡,Ward,3,134,0.33897853320484694,Al2O3+BaO+CuO+SrO+CaO+SiO2+K2O+Fe2O3,1.0,0,
铅钡,Ward,4,134,0.22755216308247822,Al2O3+BaO+CuO+SrO+CaO+SiO2+K2O+Fe2O3,1.0,0,
铅钡,Ward,5,134,0.449118921605385,Al2O3+BaO+CuO+SrO+CaO+SiO2+K2O+Fe2O3,1.0,0,
铅钡,Ward,6,134,0.5564256747308068,Al2O3+BaO+CuO+SrO+CaO+SiO2+K2O+Fe2O3,1.0,0,
铅钡,Ward,2,135,,,,1,活动成分SO2在训练集中全缺失
铅钡,Ward,3,135,,,,1,活动成分SO2在训练集中全缺失
铅钡,Ward,4,135,,,,1,活动成分SO2在训练集中全缺失
铅钡,Ward,5,135,,,,1,活动成分SO2在训练集中全缺失
铅钡,Ward,6,135,,,,1,活动成分SO2在训练集中全缺失
铅钡,Ward,2,136,0.3401015228426396,CaO+Al2O3+PbO+SiO2+K2O+Fe2O3,0.5555555555555556,0,
铅钡,Ward,3,136,0.1523059713116495,CaO+Al2O3+PbO+SiO2+K2O+Fe2O3,0.5555555555555556,0,
铅钡,Ward,4,136,0.2595545327525273,CaO+Al2O3+PbO+SiO2+K2O+Fe2O3,0.5555555555555556,0,
铅钡,Ward,5,136,0.2621839881030815,CaO+Al2O3+PbO+SiO2+K2O+Fe2O3,0.5555555555555556,0,
铅钡,Ward,6,136,0.4462128294027855,CaO+Al2O3+PbO+SiO2+K2O+Fe2O3,0.5555555555555556,0,
铅钡,Ward,2,137,0.04892894767646026,PbO+SrO+CuO+BaO+MgO+SiO2+K2O+Fe2O3,0.6,0,
铅钡,Ward,3,137,0.6104928457869634,PbO+SrO+CuO+BaO+MgO+SiO2+K2O+Fe2O3,0.6,0,
铅钡,Ward,4,137,0.516742882431037,PbO+SrO+CuO+BaO+MgO+SiO2+K2O+Fe2O3,0.6,0,
铅钡,Ward,5,137,0.3190898460339115,PbO+SrO+CuO+BaO+MgO+SiO2+K2O+Fe2O3,0.6,0,
铅钡,Ward,6,137,0.4548072108162243,PbO+SrO+CuO+BaO+MgO+SiO2+K2O+Fe2O3,0.6,0,
铅钡,Ward,2,138,1.0,SiO2+CuO+SrO+PbO+K2O,0.4444444444444444,0,
铅钡,Ward,3,138,0.48903902016185063,SiO2+CuO+SrO+PbO+K2O,0.4444444444444444,0,
铅钡,Ward,4,138,0.5416108916386431,SiO2+CuO+SrO+PbO+K2O,0.4444444444444444,0,
铅钡,Ward,5,138,0.39893711248892827,SiO2+CuO+SrO+PbO+K2O,0.4444444444444444,0,
铅钡,Ward,6,138,0.3229933205026605,SiO2+CuO+SrO+PbO+K2O,0.4444444444444444,0,
铅钡,Ward,2,139,0.7152835326151297,SiO2+CuO+BaO+Al2O3+Fe2O3+K2O,0.75,0,
铅钡,Ward,3,139,0.5286724273369993,SiO2+CuO+BaO+Al2O3+Fe2O3+K2O,0.75,0,
铅钡,Ward,4,139,0.2930232558139535,SiO2+CuO+BaO+Al2O3+Fe2O3+K2O,0.75,0,
铅钡,Ward,5,139,0.1915068493150685,SiO2+CuO+BaO+Al2O3+Fe2O3+K2O,0.75,0,
铅钡,Ward,6,139,0.27434679334916867,SiO2+CuO+BaO+Al2O3+Fe2O3+K2O,0.75,0,
铅钡,Ward,2,140,0.7149460708782742,Al2O3+K2O+CuO+Fe2O3+SiO2+CaO+SrO,0.875,0,
铅钡,Ward,3,140,0.44883307001579903,Al2O3+K2O+CuO+Fe2O3+SiO2+CaO+SrO,0.875,0,
铅钡,Ward,4,140,0.5417820603785677,Al2O3+K2O+CuO+Fe2O3+SiO2+CaO+SrO,0.875,0,
铅钡,Ward,5,140,0.6389491242702252,Al2O3+K2O+CuO+Fe2O3+SiO2+CaO+SrO,0.875,0,
铅钡,Ward,6,140,0.7078467120345132,Al2O3+K2O+CuO+Fe2O3+SiO2+CaO+SrO,0.875,0,
铅钡,Ward,2,141,0.18330773169482847,Al2O3+Fe2O3+BaO+SiO2+K2O,0.625,0,
铅钡,Ward,3,141,0.23773569750396595,Al2O3+Fe2O3+BaO+SiO2+K2O,0.625,0,
铅钡,Ward,4,141,0.14446979704575477,Al2O3+Fe2O3+BaO+SiO2+K2O,0.625,0,
铅钡,Ward,5,141,0.14459673456014852,Al2O3+Fe2O3+BaO+SiO2+K2O,0.625,0,
铅钡,Ward,6,141,0.20851759859453564,Al2O3+Fe2O3+BaO+SiO2+K2O,0.625,0,
铅钡,Ward,2,142,1.0,Al2O3+CuO+PbO+Fe2O3+SiO2+K2O,0.5555555555555556,0,
铅钡,Ward,3,142,0.7338721007245261,Al2O3+CuO+PbO+Fe2O3+SiO2+K2O,0.5555555555555556,0,
铅钡,Ward,4,142,0.7048911558429729,Al2O3+CuO+PbO+Fe2O3+SiO2+K2O,0.5555555555555556,0,
铅钡,Ward,5,142,0.4344607939077985,Al2O3+CuO+PbO+Fe2O3+SiO2+K2O,0.5555555555555556,0,
铅钡,Ward,6,142,0.467990609732885,Al2O3+CuO+PbO+Fe2O3+SiO2+K2O,0.5555555555555556,0,
铅钡,Ward,2,143,1.0,Al2O3+SrO+Fe2O3+PbO+CaO+SiO2+SnO2+K2O+CuO,0.7,0,
铅钡,Ward,3,143,0.9455645583401378,Al2O3+SrO+Fe2O3+PbO+CaO+SiO2+SnO2+K2O+CuO,0.7,0,
铅钡,Ward,4,143,0.6775284699515165,Al2O3+SrO+Fe2O3+PbO+CaO+SiO2+SnO2+K2O+CuO,0.7,0,
铅钡,Ward,5,143,0.5329714194475491,Al2O3+SrO+Fe2O3+PbO+CaO+SiO2+SnO2+K2O+CuO,0.7,0,
铅钡,Ward,6,143,0.5935132469628368,Al2O3+SrO+Fe2O3+PbO+CaO+SiO2+SnO2+K2O+CuO,0.7,0,
铅钡,Ward,2,144,0.2299794661190965,SiO2+SrO+MgO+Al2O3+CuO+BaO+K2O,0.6666666666666666,0,
铅钡,Ward,3,144,0.17495240110006346,SiO2+SrO+MgO+Al2O3+CuO+BaO+K2O,0.6666666666666666,0,
铅钡,Ward,4,144,0.22419252691576946,SiO2+SrO+MgO+Al2O3+CuO+BaO+K2O,0.6666666666666666,0,
铅钡,Ward,5,144,0.15765971019775812,SiO2+SrO+MgO+Al2O3+CuO+BaO+K2O,0.6666666666666666,0,
铅钡,Ward,6,144,0.12363776641913396,SiO2+SrO+MgO+Al2O3+CuO+BaO+K2O,0.6666666666666666,0,
铅钡,Ward,2,145,0.40860215053763443,SiO2+MgO+SrO+K2O+PbO+Al2O3+BaO+Fe2O3,0.6,0,
铅钡,Ward,3,145,0.45271936331014573,SiO2+MgO+SrO+K2O+PbO+Al2O3+BaO+Fe2O3,0.6,0,
铅钡,Ward,4,145,0.4320959710276143,SiO2+MgO+SrO+K2O+PbO+Al2O3+BaO+Fe2O3,0.6,0,
铅钡,Ward,5,145,0.356087670174761,SiO2+MgO+SrO+K2O+PbO+Al2O3+BaO+Fe2O3,0.6,0,
铅钡,Ward,6,145,0.3614772444665506,SiO2+MgO+SrO+K2O+PbO+Al2O3+BaO+Fe2O3,0.6,0,
铅钡,Ward,2,146,0.03930790756335641,PbO+BaO+CaO+SiO2+P2O5+Fe2O3+K2O,0.5,0,
铅钡,Ward,3,146,-0.020969611382742035,PbO+BaO+CaO+SiO2+P2O5+Fe2O3+K2O,0.5,0,
铅钡,Ward,4,146,0.191027496382055,PbO+BaO+CaO+SiO2+P2O5+Fe2O3+K2O,0.5,0,
铅钡,Ward,5,146,0.3093796412658517,PbO+BaO+CaO+SiO2+P2O5+Fe2O3+K2O,0.5,0,
铅钡,Ward,6,146,0.21123595505617979,PbO+BaO+CaO+SiO2+P2O5+Fe2O3+K2O,0.5,0,
铅钡,Ward,2,147,0.899996055071206,SiO2+SrO+Al2O3+Fe2O3+CuO+BaO+K2O,0.875,0,
铅钡,Ward,3,147,0.6126234741269472,SiO2+SrO+Al2O3+Fe2O3+CuO+BaO+K2O,0.875,0,
铅钡,Ward,4,147,0.3132515387437329,SiO2+SrO+Al2O3+Fe2O3+CuO+BaO+K2O,0.875,0,
铅钡,Ward,5,147,0.4357574015521702,SiO2+SrO+Al2O3+Fe2O3+CuO+BaO+K2O,0.875,0,
铅钡,Ward,6,147,0.46895424836601307,SiO2+SrO+Al2O3+Fe2O3+CuO+BaO+K2O,0.875,0,
铅钡,Ward,2,148,0.18465652156816484,PbO+Fe2O3+Al2O3+SiO2+CaO+K2O,0.5555555555555556,0,
铅钡,Ward,3,148,0.18780356179168917,PbO+Fe2O3+Al2O3+SiO2+CaO+K2O,0.5555555555555556,0,
铅钡,Ward,4,148,0.39267015706806285,PbO+Fe2O3+Al2O3+SiO2+CaO+K2O,0.5555555555555556,0,
铅钡,Ward,5,148,0.33186490455212925,PbO+Fe2O3+Al2O3+SiO2+CaO+K2O,0.5555555555555556,0,
铅钡,Ward,6,148,0.35933420365535246,PbO+Fe2O3+Al2O3+SiO2+CaO+K2O,0.5555555555555556,0,
铅钡,Ward,2,149,0.8043758043758044,PbO+Fe2O3+CuO+SiO2+K2O+MgO+BaO,0.5,0,
铅钡,Ward,3,149,0.48825879372503167,PbO+Fe2O3+CuO+SiO2+K2O+MgO+BaO,0.5,0,
铅钡,Ward,4,149,0.24999423072485172,PbO+Fe2O3+CuO+SiO2+K2O+MgO+BaO,0.5,0,
铅钡,Ward,5,149,0.22263658742697578,PbO+Fe2O3+CuO+SiO2+K2O+MgO+BaO,0.5,0,
铅钡,Ward,6,149,0.234660670966215,PbO+Fe2O3+CuO+SiO2+K2O+MgO+BaO,0.5,0,
铅钡,Ward,2,150,0.10015381985985301,P2O5+CaO+PbO+SiO2+BaO+Fe2O3,0.4,0,
铅钡,Ward,3,150,0.1351648198868297,P2O5+CaO+PbO+SiO2+BaO+Fe2O3,0.4,0,
铅钡,Ward,4,150,0.059362845710908614,P2O5+CaO+PbO+SiO2+BaO+Fe2O3,0.4,0,
铅钡,Ward,5,150,0.1864594248457329,P2O5+CaO+PbO+SiO2+BaO+Fe2O3,0.4,0,
铅钡,Ward,6,150,0.19152122948684552,P2O5+CaO+PbO+SiO2+BaO+Fe2O3,0.4,0,
铅钡,Ward,2,151,0.13886351538729455,K2O+CuO+Al2O3+PbO+CaO+SiO2+SrO+Fe2O3,0.7777777777777778,0,
铅钡,Ward,3,151,0.18535590199204852,K2O+CuO+Al2O3+PbO+CaO+SiO2+SrO+Fe2O3,0.7777777777777778,0,
铅钡,Ward,4,151,0.18997978516786238,K2O+CuO+Al2O3+PbO+CaO+SiO2+SrO+Fe2O3,0.7777777777777778,0,
铅钡,Ward,5,151,0.368355634233844,K2O+CuO+Al2O3+PbO+CaO+SiO2+SrO+Fe2O3,0.7777777777777778,0,
铅钡,Ward,6,151,0.44719480546551743,K2O+CuO+Al2O3+PbO+CaO+SiO2+SrO+Fe2O3,0.7777777777777778,0,
铅钡,Ward,2,152,0.3451010488616014,CaO+SiO2+BaO+SrO+Fe2O3+Al2O3+CuO+K2O+MgO,0.8888888888888888,0,
铅钡,Ward,3,152,0.36909521252262467,CaO+SiO2+BaO+SrO+Fe2O3+Al2O3+CuO+K2O+MgO,0.8888888888888888,0,
铅钡,Ward,4,152,0.1981142466900183,CaO+SiO2+BaO+SrO+Fe2O3+Al2O3+CuO+K2O+MgO,0.8888888888888888,0,
铅钡,Ward,5,152,0.41843021698365923,CaO+SiO2+BaO+SrO+Fe2O3+Al2O3+CuO+K2O+MgO,0.8888888888888888,0,
铅钡,Ward,6,152,0.5074563530552861,CaO+SiO2+BaO+SrO+Fe2O3+Al2O3+CuO+K2O+MgO,0.8888888888888888,0,
铅钡,Ward,2,153,0.037892243931320305,Al2O3+PbO+SrO+CaO+SiO2+SO2+K2O+Fe2O3+MgO,0.5454545454545454,0,
铅钡,Ward,3,153,0.09454089102698181,Al2O3+PbO+SrO+CaO+SiO2+SO2+K2O+Fe2O3+MgO,0.5454545454545454,0,
铅钡,Ward,4,153,0.33731430235945237,Al2O3+PbO+SrO+CaO+SiO2+SO2+K2O+Fe2O3+MgO,0.5454545454545454,0,
铅钡,Ward,5,153,0.45810866860223975,Al2O3+PbO+SrO+CaO+SiO2+SO2+K2O+Fe2O3+MgO,0.5454545454545454,0,
铅钡,Ward,6,153,0.532519422863485,Al2O3+PbO+SrO+CaO+SiO2+SO2+K2O+Fe2O3+MgO,0.5454545454545454,0,
铅钡,Ward,2,154,0.1346153846153846,Al2O3+SrO+CuO+SiO2+CaO+BaO+K2O+Fe2O3,1.0,0,
铅钡,Ward,3,154,0.444108721640546,Al2O3+SrO+CuO+SiO2+CaO+BaO+K2O+Fe2O3,1.0,0,
铅钡,Ward,4,154,0.6608144355035357,Al2O3+SrO+CuO+SiO2+CaO+BaO+K2O+Fe2O3,1.0,0,
铅钡,Ward,5,154,0.5647668393782384,Al2O3+SrO+CuO+SiO2+CaO+BaO+K2O+Fe2O3,1.0,0,
铅钡,Ward,6,154,0.46298863321319655,Al2O3+SrO+CuO+SiO2+CaO+BaO+K2O+Fe2O3,1.0,0,
铅钡,Ward,2,155,,,,1,活动成分SO2在训练集中全缺失
铅钡,Ward,3,155,,,,1,活动成分SO2在训练集中全缺失
铅钡,Ward,4,155,,,,1,活动成分SO2在训练集中全缺失
铅钡,Ward,5,155,,,,1,活动成分SO2在训练集中全缺失
铅钡,Ward,6,155,,,,1,活动成分SO2在训练集中全缺失
铅钡,Ward,2,156,0.2841918294849023,SiO2+BaO+Al2O3+Fe2O3+PbO+K2O+SrO,0.6666666666666666,0,
铅钡,Ward,3,156,0.3015555694383707,SiO2+BaO+Al2O3+Fe2O3+PbO+K2O+SrO,0.6666666666666666,0,
铅钡,Ward,4,156,0.29526916802610115,SiO2+BaO+Al2O3+Fe2O3+PbO+K2O+SrO,0.6666666666666666,0,
铅钡,Ward,5,156,0.19584500466853408,SiO2+BaO+Al2O3+Fe2O3+PbO+K2O+SrO,0.6666666666666666,0,
铅钡,Ward,6,156,0.25006481721545243,SiO2+BaO+Al2O3+Fe2O3+PbO+K2O+SrO,0.6666666666666666,0,
铅钡,Ward,2,157,0.2868939483307774,CaO+SiO2+PbO+CuO+BaO+K2O+Fe2O3,0.6666666666666666,0,
铅钡,Ward,3,157,0.40702247570650485,CaO+SiO2+PbO+CuO+BaO+K2O+Fe2O3,0.6666666666666666,0,
铅钡,Ward,4,157,0.4788891046805205,CaO+SiO2+PbO+CuO+BaO+K2O+Fe2O3,0.6666666666666666,0,
铅钡,Ward,5,157,0.4631026472022256,CaO+SiO2+PbO+CuO+BaO+K2O+Fe2O3,0.6666666666666666,0,
铅钡,Ward,6,157,0.645764348785872,CaO+SiO2+PbO+CuO+BaO+K2O+Fe2O3,0.6666666666666666,0,
铅钡,Ward,2,158,1.0,CaO+SiO2+MgO+CuO+BaO+Al2O3+Fe2O3+K2O,0.7777777777777778,0,
铅钡,Ward,3,158,0.9443561208267091,CaO+SiO2+MgO+CuO+BaO+Al2O3+Fe2O3+K2O,0.7777777777777778,0,
铅钡,Ward,4,158,0.5056471445486839,CaO+SiO2+MgO+CuO+BaO+Al2O3+Fe2O3+K2O,0.7777777777777778,0,
铅钡,Ward,5,158,0.4251928020565553,CaO+SiO2+MgO+CuO+BaO+Al2O3+Fe2O3+K2O,0.7777777777777778,0,
铅钡,Ward,6,158,0.6220419202163624,CaO+SiO2+MgO+CuO+BaO+Al2O3+Fe2O3+K2O,0.7777777777777778,0,
铅钡,Ward,2,159,0.8033126293995859,K2O+Fe2O3+SiO2+MgO+CuO+BaO+Al2O3+SrO,0.7777777777777778,0,
铅钡,Ward,3,159,0.6488149229009741,K2O+Fe2O3+SiO2+MgO+CuO+BaO+Al2O3+SrO,0.7777777777777778,0,
铅钡,Ward,4,159,0.27180210805379174,K2O+Fe2O3+SiO2+MgO+CuO+BaO+Al2O3+SrO,0.7777777777777778,0,
铅钡,Ward,5,159,0.19447092469018112,K2O+Fe2O3+SiO2+MgO+CuO+BaO+Al2O3+SrO,0.7777777777777778,0,
铅钡,Ward,6,159,0.2204619484749778,K2O+Fe2O3+SiO2+MgO+CuO+BaO+Al2O3+SrO,0.7777777777777778,0,
铅钡,Ward,2,160,0.7152161042036708,CaO+SiO2+CuO+BaO+MgO+Al2O3+Fe2O3+K2O,0.7777777777777778,0,
铅钡,Ward,3,160,0.588951199140914,CaO+SiO2+CuO+BaO+MgO+Al2O3+Fe2O3+K2O,0.7777777777777778,0,
铅钡,Ward,4,160,0.5222009772678988,CaO+SiO2+CuO+BaO+MgO+Al2O3+Fe2O3+K2O,0.7777777777777778,0,
铅钡,Ward,5,160,0.5110553909277411,CaO+SiO2+CuO+BaO+MgO+Al2O3+Fe2O3+K2O,0.7777777777777778,0,
铅钡,Ward,6,160,0.7560746786752979,CaO+SiO2+CuO+BaO+MgO+Al2O3+Fe2O3+K2O,0.7777777777777778,0,
铅钡,Ward,2,161,0.7944792295051276,PbO+SrO+CaO+Al2O3+SiO2+K2O+CuO+Fe2O3,0.7777777777777778,0,
铅钡,Ward,3,161,0.37163409389331864,PbO+SrO+CaO+Al2O3+SiO2+K2O+CuO+Fe2O3,0.7777777777777778,0,
铅钡,Ward,4,161,0.77555685244626,PbO+SrO+CaO+Al2O3+SiO2+K2O+CuO+Fe2O3,0.7777777777777778,0,
铅钡,Ward,5,161,0.5498745864989639,PbO+SrO+CaO+Al2O3+SiO2+K2O+CuO+Fe2O3,0.7777777777777778,0,
铅钡,Ward,6,161,0.6092664530580997,PbO+SrO+CaO+Al2O3+SiO2+K2O+CuO+Fe2O3,0.7777777777777778,0,
铅钡,Ward,2,162,-0.01179245283018868,PbO+SrO+Fe2O3+CaO+P2O5+MgO+K2O,0.36363636363636365,0,
铅钡,Ward,3,162,0.2462825084986131,PbO+SrO+Fe2O3+CaO+P2O5+MgO+K2O,0.36363636363636365,0,
铅钡,Ward,4,162,0.33777310433461855,PbO+SrO+Fe2O3+CaO+P2O5+MgO+K2O,0.36363636363636365,0,
铅钡,Ward,5,162,0.6769446664197868,PbO+SrO+Fe2O3+CaO+P2O5+MgO+K2O,0.36363636363636365,0,
铅钡,Ward,6,162,0.5395962396568903,PbO+SrO+Fe2O3+CaO+P2O5+MgO+K2O,0.36363636363636365,0,
铅钡,Ward,2,163,0.7086614173228346,CuO+SiO2+Al2O3+SrO+BaO+PbO+Fe2O3,0.6666666666666666,0,
铅钡,Ward,3,163,0.28290593275042547,CuO+SiO2+Al2O3+SrO+BaO+PbO+Fe2O3,0.6666666666666666,0,
铅钡,Ward,4,163,0.22692000870258902,CuO+SiO2+Al2O3+SrO+BaO+PbO+Fe2O3,0.6666666666666666,0,
铅钡,Ward,5,163,0.2712774356545081,CuO+SiO2+Al2O3+SrO+BaO+PbO+Fe2O3,0.6666666666666666,0,
铅钡,Ward,6,163,0.32459178624443347,CuO+SiO2+Al2O3+SrO+BaO+PbO+Fe2O3,0.6666666666666666,0,
铅钡,Ward,2,164,0.4749034749034749,Fe2O3+PbO+K2O+Al2O3+BaO+SiO2+SrO,0.6666666666666666,0,
铅钡,Ward,3,164,0.5177406809070784,Fe2O3+PbO+K2O+Al2O3+BaO+SiO2+SrO,0.6666666666666666,0,
铅钡,Ward,4,164,0.5326389401886188,Fe2O3+PbO+K2O+Al2O3+BaO+SiO2+SrO,0.6666666666666666,0,
铅钡,Ward,5,164,0.48196548389932314,Fe2O3+PbO+K2O+Al2O3+BaO+SiO2+SrO,0.6666666666666666,0,
铅钡,Ward,6,164,0.4101325324802507,Fe2O3+PbO+K2O+Al2O3+BaO+SiO2+SrO,0.6666666666666666,0,
铅钡,Ward,2,165,0.3441718395901074,Al2O3+Fe2O3+BaO+PbO+SiO2+SrO+K2O,0.6666666666666666,0,
铅钡,Ward,3,165,0.18571053322826372,Al2O3+Fe2O3+BaO+PbO+SiO2+SrO+K2O,0.6666666666666666,0,
铅钡,Ward,4,165,0.17174605563498632,Al2O3+Fe2O3+BaO+PbO+SiO2+SrO+K2O,0.6666666666666666,0,
铅钡,Ward,5,165,0.30081253795217305,Al2O3+Fe2O3+BaO+PbO+SiO2+SrO+K2O,0.6666666666666666,0,
铅钡,Ward,6,165,0.3010541577309934,Al2O3+Fe2O3+BaO+PbO+SiO2+SrO+K2O,0.6666666666666666,0,
铅钡,Ward,2,166,,,,1,活动成分SO2在训练集中全缺失
铅钡,Ward,3,166,,,,1,活动成分SO2在训练集中全缺失
铅钡,Ward,4,166,,,,1,活动成分SO2在训练集中全缺失
铅钡,Ward,5,166,,,,1,活动成分SO2在训练集中全缺失
铅钡,Ward,6,166,,,,1,活动成分SO2在训练集中全缺失
铅钡,Ward,2,167,1.0,PbO+SrO+Fe2O3+CuO+SiO2+K2O+BaO,0.6666666666666666,0,
铅钡,Ward,3,167,0.7195078940270949,PbO+SrO+Fe2O3+CuO+SiO2+K2O+BaO,0.6666666666666666,0,
铅钡,Ward,4,167,0.39360143275805926,PbO+SrO+Fe2O3+CuO+SiO2+K2O+BaO,0.6666666666666666,0,
铅钡,Ward,5,167,0.34196168768186225,PbO+SrO+Fe2O3+CuO+SiO2+K2O+BaO,0.6666666666666666,0,
铅钡,Ward,6,167,0.39269279040580113,PbO+SrO+Fe2O3+CuO+SiO2+K2O+BaO,0.6666666666666666,0,
铅钡,Ward,2,168,0.2868939483307774,PbO+SrO+SiO2+CuO+BaO+Fe2O3+K2O,0.6666666666666666,0,
铅钡,Ward,3,168,0.27367081560424705,PbO+SrO+SiO2+CuO+BaO+Fe2O3+K2O,0.6666666666666666,0,
铅钡,Ward,4,168,0.1497005988023952,PbO+SrO+SiO2+CuO+BaO+Fe2O3+K2O,0.6666666666666666,0,
铅钡,Ward,5,168,0.13001449975833737,PbO+SrO+SiO2+CuO+BaO+Fe2O3+K2O,0.6666666666666666,0,
铅钡,Ward,6,168,0.16256254678696663,PbO+SrO+SiO2+CuO+BaO+Fe2O3+K2O,0.6666666666666666,0,
铅钡,Ward,2,169,0.015494867325198529,SiO2+K2O+Fe2O3+Al2O3+BaO,0.625,0,
铅钡,Ward,3,169,0.18128418885367675,SiO2+K2O+Fe2O3+Al2O3+BaO,0.625,0,
铅钡,Ward,4,169,0.2862861717945785,SiO2+K2O+Fe2O3+Al2O3+BaO,0.625,0,
铅钡,Ward,5,169,0.38543227850811457,SiO2+K2O+Fe2O3+Al2O3+BaO,0.625,0,
铅钡,Ward,6,169,0.5122228538942581,SiO2+K2O+Fe2O3+Al2O3+BaO,0.625,0,
铅钡,Ward,2,170,0.5512525478335196,K2O+MgO+BaO+Al2O3+Fe2O3+SnO2+SiO2+Na2O,0.45454545454545453,0,
铅钡,Ward,3,170,0.29546366920915296,K2O+MgO+BaO+Al2O3+Fe2O3+SnO2+SiO2+Na2O,0.45454545454545453,0,
铅钡,Ward,4,170,0.11652527680821063,K2O+MgO+BaO+Al2O3+Fe2O3+SnO2+SiO2+Na2O,0.45454545454545453,0,
铅钡,Ward,5,170,0.2768010818785345,K2O+MgO+BaO+Al2O3+Fe2O3+SnO2+SiO2+Na2O,0.45454545454545453,0,
铅钡,Ward,6,170,0.31123552309097025,K2O+MgO+BaO+Al2O3+Fe2O3+SnO2+SiO2+Na2O,0.45454545454545453,0,
铅钡,Ward,2,171,1.0,PbO+SrO+Fe2O3+Al2O3+CuO+BaO+SiO2+K2O,0.7777777777777778,0,
铅钡,Ward,3,171,0.6811099336708663,PbO+SrO+Fe2O3+Al2O3+CuO+BaO+SiO2+K2O,0.7777777777777778,0,
铅钡,Ward,4,171,0.4924315810490043,PbO+SrO+Fe2O3+Al2O3+CuO+BaO+SiO2+K2O,0.7777777777777778,0,
铅钡,Ward,5,171,0.4145792288207149,PbO+SrO+Fe2O3+Al2O3+CuO+BaO+SiO2+K2O,0.7777777777777778,0,
铅钡,Ward,6,171,0.5170324645633287,PbO+SrO+Fe2O3+Al2O3+CuO+BaO+SiO2+K2O,0.7777777777777778,0,
铅钡,Ward,2,172,0.2827763496143959,SiO2+CaO+MgO+K2O+PbO+Al2O3+Fe2O3,0.5,0,
铅钡,Ward,3,172,0.116129596432163,SiO2+CaO+MgO+K2O+PbO+Al2O3+Fe2O3,0.5,0,
铅钡,Ward,4,172,0.2215370502497197,SiO2+CaO+MgO+K2O+PbO+Al2O3+Fe2O3,0.5,0,
铅钡,Ward,5,172,0.3522906793048973,SiO2+CaO+MgO+K2O+PbO+Al2O3+Fe2O3,0.5,0,
铅钡,Ward,6,172,0.465790321838022,SiO2+CaO+MgO+K2O+PbO+Al2O3+Fe2O3,0.5,0,
铅钡,Ward,2,173,0.5426032409827496,CaO+SiO2+CuO+BaO+Al2O3+SrO+Fe2O3+K2O,1.0,0,
铅钡,Ward,3,173,0.5928514103392253,CaO+SiO2+CuO+BaO+Al2O3+SrO+Fe2O3+K2O,1.0,0,
铅钡,Ward,4,173,0.6053050397877984,CaO+SiO2+CuO+BaO+Al2O3+SrO+Fe2O3+K2O,1.0,0,
铅钡,Ward,5,173,0.6433537069005739,CaO+SiO2+CuO+BaO+Al2O3+SrO+Fe2O3+K2O,1.0,0,
铅钡,Ward,6,173,0.6266213712168005,CaO+SiO2+CuO+BaO+Al2O3+SrO+Fe2O3+K2O,1.0,0,
铅钡,Ward,2,174,0.805174317715728,Al2O3+PbO+SrO+CuO+K2O+SiO2+MgO,0.5,0,
铅钡,Ward,3,174,0.5828849296504445,Al2O3+PbO+SrO+CuO+K2O+SiO2+MgO,0.5,0,
铅钡,Ward,4,174,0.26359633464238963,Al2O3+PbO+SrO+CuO+K2O+SiO2+MgO,0.5,0,
铅钡,Ward,5,174,0.2778045257583052,Al2O3+PbO+SrO+CuO+K2O+SiO2+MgO,0.5,0,
铅钡,Ward,6,174,0.319357752956636,Al2O3+PbO+SrO+CuO+K2O+SiO2+MgO,0.5,0,
铅钡,Ward,2,175,0.6310966597694354,Fe2O3+PbO+Al2O3+CaO+SiO2+K2O+MgO+CuO,0.6,0,
铅钡,Ward,3,175,0.39862417334086603,Fe2O3+PbO+Al2O3+CaO+SiO2+K2O+MgO+CuO,0.6,0,
铅钡,Ward,4,175,0.260435536712276,Fe2O3+PbO+Al2O3+CaO+SiO2+K2O+MgO+CuO,0.6,0,
铅钡,Ward,5,175,0.3478381374722838,Fe2O3+PbO+Al2O3+CaO+SiO2+K2O+MgO+CuO,0.6,0,
铅钡,Ward,6,175,0.48226509023024267,Fe2O3+PbO+Al2O3+CaO+SiO2+K2O+MgO+CuO,0.6,0,
铅钡,Ward,2,176,0.4646606018194542,CuO+BaO+SiO2+Al2O3+Fe2O3+SrO+K2O,0.875,0,
铅钡,Ward,3,176,0.3282095449734058,CuO+BaO+SiO2+Al2O3+Fe2O3+SrO+K2O,0.875,0,
铅钡,Ward,4,176,0.17003747662600832,CuO+BaO+SiO2+Al2O3+Fe2O3+SrO+K2O,0.875,0,
铅钡,Ward,5,176,0.09692909752721432,CuO+BaO+SiO2+Al2O3+Fe2O3+SrO+K2O,0.875,0,
铅钡,Ward,6,176,0.18809119573126365,CuO+BaO+SiO2+Al2O3+Fe2O3+SrO+K2O,0.875,0,
铅钡,Ward,2,177,0.8993288590604027,Fe2O3+PbO+SrO+CuO+CaO+SiO2+K2O,0.6666666666666666,0,
铅钡,Ward,3,177,0.45861942875716083,Fe2O3+PbO+SrO+CuO+CaO+SiO2+K2O,0.6666666666666666,0,
铅钡,Ward,4,177,0.3985828957300197,Fe2O3+PbO+SrO+CuO+CaO+SiO2+K2O,0.6666666666666666,0,
铅钡,Ward,5,177,0.46429615197272284,Fe2O3+PbO+SrO+CuO+CaO+SiO2+K2O,0.6666666666666666,0,
铅钡,Ward,6,177,0.41272280270436384,Fe2O3+PbO+SrO+CuO+CaO+SiO2+K2O,0.6666666666666666,0,
铅钡,Ward,2,178,0.125,Al2O3+SiO2+Na2O+MgO+K2O+Fe2O3+PbO+SrO,0.45454545454545453,0,
铅钡,Ward,3,178,0.025583367852141152,Al2O3+SiO2+Na2O+MgO+K2O+Fe2O3+PbO+SrO,0.45454545454545453,0,
铅钡,Ward,4,178,-0.0029904306220095694,Al2O3+SiO2+Na2O+MgO+K2O+Fe2O3+PbO+SrO,0.45454545454545453,0,
铅钡,Ward,5,178,-0.004446308724832215,Al2O3+SiO2+Na2O+MgO+K2O+Fe2O3+PbO+SrO,0.45454545454545453,0,
铅钡,Ward,6,178,0.060571614160441704,Al2O3+SiO2+Na2O+MgO+K2O+Fe2O3+PbO+SrO,0.45454545454545453,0,
铅钡,Ward,2,179,1.0,Al2O3+K2O+BaO+SiO2+CuO+Fe2O3,0.75,0,
铅钡,Ward,3,179,0.7991540436985869,Al2O3+K2O+BaO+SiO2+CuO+Fe2O3,0.75,0,
铅钡,Ward,4,179,0.6388201284425903,Al2O3+K2O+BaO+SiO2+CuO+Fe2O3,0.75,0,
铅钡,Ward,5,179,0.5115673628779362,Al2O3+K2O+BaO+SiO2+CuO+Fe2O3,0.75,0,
铅钡,Ward,6,179,0.4831804281345566,Al2O3+K2O+BaO+SiO2+CuO+Fe2O3,0.75,0,
铅钡,Ward,2,180,0.2314513745196571,Al2O3+K2O+SiO2+SrO+Fe2O3+PbO,0.5555555555555556,0,
铅钡,Ward,3,180,0.14532404036200977,Al2O3+K2O+SiO2+SrO+Fe2O3+PbO,0.5555555555555556,0,
铅钡,Ward,4,180,0.10884449485457873,Al2O3+K2O+SiO2+SrO+Fe2O3+PbO,0.5555555555555556,0,
铅钡,Ward,5,180,0.11038696537678208,Al2O3+K2O+SiO2+SrO+Fe2O3+PbO,0.5555555555555556,0,
铅钡,Ward,6,180,0.2296378997541626,Al2O3+K2O+SiO2+SrO+Fe2O3+PbO,0.5555555555555556,0,
铅钡,Ward,2,181,,,,1,活动成分SO2在训练集中全缺失
铅钡,Ward,3,181,,,,1,活动成分SO2在训练集中全缺失
铅钡,Ward,4,181,,,,1,活动成分SO2在训练集中全缺失
铅钡,Ward,5,181,,,,1,活动成分SO2在训练集中全缺失
铅钡,Ward,6,181,,,,1,活动成分SO2在训练集中全缺失
铅钡,Ward,2,182,0.10031941322607359,CaO+SiO2+K2O+CuO+Al2O3+BaO+SrO+Fe2O3,1.0,0,
铅钡,Ward,3,182,0.23447080603442616,CaO+SiO2+K2O+CuO+Al2O3+BaO+SrO+Fe2O3,1.0,0,
铅钡,Ward,4,182,0.693133481871582,CaO+SiO2+K2O+CuO+Al2O3+BaO+SrO+Fe2O3,1.0,0,
铅钡,Ward,5,182,0.6172210727359542,CaO+SiO2+K2O+CuO+Al2O3+BaO+SrO+Fe2O3,1.0,0,
铅钡,Ward,6,182,0.7856196319018405,CaO+SiO2+K2O+CuO+Al2O3+BaO+SrO+Fe2O3,1.0,0,
铅钡,Ward,2,183,0.14029286726499765,Al2O3+PbO+CaO+SiO2+SO2+Fe2O3+BaO+K2O,0.6,0,
铅钡,Ward,3,183,0.2522618414050027,Al2O3+PbO+CaO+SiO2+SO2+Fe2O3+BaO+K2O,0.6,0,
铅钡,Ward,4,183,0.2937181663837012,Al2O3+PbO+CaO+SiO2+SO2+Fe2O3+BaO+K2O,0.6,0,
铅钡,Ward,5,183,0.3747587803936704,Al2O3+PbO+CaO+SiO2+SO2+Fe2O3+BaO+K2O,0.6,0,
铅钡,Ward,6,183,0.4469899789420218,Al2O3+PbO+CaO+SiO2+SO2+Fe2O3+BaO+K2O,0.6,0,
铅钡,Ward,2,184,-0.05166051660516605,PbO+Al2O3+SiO2+K2O+BaO+SrO+MgO,0.5,0,
铅钡,Ward,3,184,0.44109217076482127,PbO+Al2O3+SiO2+K2O+BaO+SrO+MgO,0.5,0,
铅钡,Ward,4,184,0.49339060735557866,PbO+Al2O3+SiO2+K2O+BaO+SrO+MgO,0.5,0,
铅钡,Ward,5,184,0.27816901408450706,PbO+Al2O3+SiO2+K2O+BaO+SrO+MgO,0.5,0,
铅钡,Ward,6,184,0.2957774426541789,PbO+Al2O3+SiO2+K2O+BaO+SrO+MgO,0.5,0,
铅钡,Ward,2,185,0.2299794661190965,Al2O3+Fe2O3+SiO2+SrO+CuO+BaO+PbO+K2O,0.7777777777777778,0,
铅钡,Ward,3,185,0.3633692458374143,Al2O3+Fe2O3+SiO2+SrO+CuO+BaO+PbO+K2O,0.7777777777777778,0,
铅钡,Ward,4,185,0.6212952799121844,Al2O3+Fe2O3+SiO2+SrO+CuO+BaO+PbO+K2O,0.7777777777777778,0,
铅钡,Ward,5,185,0.3980952380952381,Al2O3+Fe2O3+SiO2+SrO+CuO+BaO+PbO+K2O,0.7777777777777778,0,
铅钡,Ward,6,185,0.3985542168674699,Al2O3+Fe2O3+SiO2+SrO+CuO+BaO+PbO+K2O,0.7777777777777778,0,
铅钡,Ward,2,186,0.02664820903270462,CuO+PbO+SrO+SiO2+MgO+Fe2O3+K2O,0.5,0,
铅钡,Ward,3,186,0.24530167451780807,CuO+PbO+SrO+SiO2+MgO+Fe2O3+K2O,0.5,0,
铅钡,Ward,4,186,0.3304666812428637,CuO+PbO+SrO+SiO2+MgO+Fe2O3+K2O,0.5,0,
铅钡,Ward,5,186,0.2496241408934708,CuO+PbO+SrO+SiO2+MgO+Fe2O3+K2O,0.5,0,
铅钡,Ward,6,186,0.2589657411297407,CuO+PbO+SrO+SiO2+MgO+Fe2O3+K2O,0.5,0,
铅钡,Ward,2,187,0.14649158801805498,K2O+CuO+PbO+BaO+SiO2+MgO+Fe2O3,0.5,0,
铅钡,Ward,3,187,0.11158719720133696,K2O+CuO+PbO+BaO+SiO2+MgO+Fe2O3,0.5,0,
铅钡,Ward,4,187,0.14804770219563845,K2O+CuO+PbO+BaO+SiO2+MgO+Fe2O3,0.5,0,
铅钡,Ward,5,187,0.19873185678483188,K2O+CuO+PbO+BaO+SiO2+MgO+Fe2O3,0.5,0,
铅钡,Ward,6,187,0.3262099170279728,K2O+CuO+PbO+BaO+SiO2+MgO+Fe2O3,0.5,0,
铅钡,Ward,2,188,-0.014644145298303013,SiO2+BaO+Al2O3+PbO+Fe2O3+K2O,0.5555555555555556,0,
铅钡,Ward,3,188,0.16883185223677374,SiO2+BaO+Al2O3+PbO+Fe2O3+K2O,0.5555555555555556,0,
铅钡,Ward,4,188,0.2758924391617935,SiO2+BaO+Al2O3+PbO+Fe2O3+K2O,0.5555555555555556,0,
铅钡,Ward,5,188,0.3461205521891658,SiO2+BaO+Al2O3+PbO+Fe2O3+K2O,0.5555555555555556,0,
铅钡,Ward,6,188,0.4493661446681581,SiO2+BaO+Al2O3+PbO+Fe2O3+K2O,0.5555555555555556,0,
铅钡,Ward,2,189,0.8999407933688574,SiO2+CuO+BaO+Al2O3+SrO+K2O,0.75,0,
铅钡,Ward,3,189,0.5614418691822328,SiO2+CuO+BaO+Al2O3+SrO+K2O,0.75,0,
铅钡,Ward,4,189,0.6662988196910086,SiO2+CuO+BaO+Al2O3+SrO+K2O,0.75,0,
铅钡,Ward,5,189,0.4368543818727091,SiO2+CuO+BaO+Al2O3+SrO+K2O,0.75,0,
铅钡,Ward,6,189,0.31453096259963215,SiO2+CuO+BaO+Al2O3+SrO+K2O,0.75,0,
铅钡,Ward,2,190,0.07536588701955957,K2O+PbO+CaO+SiO2+Al2O3+SrO+Fe2O3,0.6666666666666666,0,
铅钡,Ward,3,190,0.2659465055154844,K2O+PbO+CaO+SiO2+Al2O3+SrO+Fe2O3,0.6666666666666666,0,
铅钡,Ward,4,190,0.2820158784949948,K2O+PbO+CaO+SiO2+Al2O3+SrO+Fe2O3,0.6666666666666666,0,
铅钡,Ward,5,190,0.24620173767597453,K2O+PbO+CaO+SiO2+Al2O3+SrO+Fe2O3,0.6666666666666666,0,
铅钡,Ward,6,190,0.3297838692672641,K2O+PbO+CaO+SiO2+Al2O3+SrO+Fe2O3,0.6666666666666666,0,
铅钡,Ward,2,191,0.3438485804416404,K2O+Fe2O3+CaO+SiO2+CuO+BaO+PbO+SrO,0.7777777777777778,0,
铅钡,Ward,3,191,0.21482770993076503,K2O+Fe2O3+CaO+SiO2+CuO+BaO+PbO+SrO,0.7777777777777778,0,
铅钡,Ward,4,191,0.4227234022234778,K2O+Fe2O3+CaO+SiO2+CuO+BaO+PbO+SrO,0.7777777777777778,0,
铅钡,Ward,5,191,0.4950016299032924,K2O+Fe2O3+CaO+SiO2+CuO+BaO+PbO+SrO,0.7777777777777778,0,
铅钡,Ward,6,191,0.5433803662563794,K2O+Fe2O3+CaO+SiO2+CuO+BaO+PbO+SrO,0.7777777777777778,0,
铅钡,Ward,2,192,0.13886351538729455,PbO+Fe2O3+CuO+SrO+BaO+SiO2+Na2O+K2O,0.6,0,
铅钡,Ward,3,192,0.6612422433817868,PbO+Fe2O3+CuO+SrO+BaO+SiO2+Na2O+K2O,0.6,0,
铅钡,Ward,4,192,0.3926022063595068,PbO+Fe2O3+CuO+SrO+BaO+SiO2+Na2O+K2O,0.6,0,
铅钡,Ward,5,192,0.3305457746478873,PbO+Fe2O3+CuO+SrO+BaO+SiO2+Na2O+K2O,0.6,0,
铅钡,Ward,6,192,0.27576946518360507,PbO+Fe2O3+CuO+SrO+BaO+SiO2+Na2O+K2O,0.6,0,
铅钡,Ward,2,193,1.0,CaO+SiO2+CuO+Al2O3+PbO+Fe2O3+K2O,0.6666666666666666,0,
铅钡,Ward,3,193,1.0,CaO+SiO2+CuO+Al2O3+PbO+Fe2O3+K2O,0.6666666666666666,0,
铅钡,Ward,4,193,0.5150079573633369,CaO+SiO2+CuO+Al2O3+PbO+Fe2O3+K2O,0.6666666666666666,0,
铅钡,Ward,5,193,0.8478812024628758,CaO+SiO2+CuO+Al2O3+PbO+Fe2O3+K2O,0.6666666666666666,0,
铅钡,Ward,6,193,0.7791066235336405,CaO+SiO2+CuO+Al2O3+PbO+Fe2O3+K2O,0.6666666666666666,0,
铅钡,Ward,2,194,0.057971014492753624,CuO+Al2O3+PbO+SiO2+K2O,0.4444444444444444,0,
铅钡,Ward,3,194,0.5575221238938053,CuO+Al2O3+PbO+SiO2+K2O,0.4444444444444444,0,
铅钡,Ward,4,194,0.6468590831918506,CuO+Al2O3+PbO+SiO2+K2O,0.4444444444444444,0,
铅钡,Ward,5,194,0.47578128750420046,CuO+Al2O3+PbO+SiO2+K2O,0.4444444444444444,0,
铅钡,Ward,6,194,0.4523555239112377,CuO+Al2O3+PbO+SiO2+K2O,0.4444444444444444,0,
铅钡,Ward,2,195,0.7152835326151297,Al2O3+SrO+SiO2+CuO+Fe2O3+K2O+BaO,0.875,0,
铅钡,Ward,3,195,0.49175545922294694,Al2O3+SrO+SiO2+CuO+Fe2O3+K2O+BaO,0.875,0,
铅钡,Ward,4,195,0.6239396795475967,Al2O3+SrO+SiO2+CuO+Fe2O3+K2O+BaO,0.875,0,
铅钡,Ward,5,195,0.3273960983884648,Al2O3+SrO+SiO2+CuO+Fe2O3+K2O+BaO,0.875,0,
铅钡,Ward,6,195,0.4305901911886949,Al2O3+SrO+SiO2+CuO+Fe2O3+K2O+BaO,0.875,0,
铅钡,Ward,2,196,0.015151515151515152,Na2O+K2O+SiO2+MgO+P2O5+BaO+Al2O3+PbO+Fe2O3,0.4166666666666667,0,
铅钡,Ward,3,196,0.09663865546218488,Na2O+K2O+SiO2+MgO+P2O5+BaO+Al2O3+PbO+Fe2O3,0.4166666666666667,0,
铅钡,Ward,4,196,0.0867808782823371,Na2O+K2O+SiO2+MgO+P2O5+BaO+Al2O3+PbO+Fe2O3,0.4166666666666667,0,
铅钡,Ward,5,196,0.21987438655376712,Na2O+K2O+SiO2+MgO+P2O5+BaO+Al2O3+PbO+Fe2O3,0.4166666666666667,0,
铅钡,Ward,6,196,0.33056787297954515,Na2O+K2O+SiO2+MgO+P2O5+BaO+Al2O3+PbO+Fe2O3,0.4166666666666667,0,
铅钡,Ward,2,197,1.0,K2O+PbO+SiO2+Al2O3+CuO+Fe2O3,0.5555555555555556,0,
铅钡,Ward,3,197,0.7724367879966657,K2O+PbO+SiO2+Al2O3+CuO+Fe2O3,0.5555555555555556,0,
铅钡,Ward,4,197,0.42487146840298484,K2O+PbO+SiO2+Al2O3+CuO+Fe2O3,0.5555555555555556,0,
铅钡,Ward,5,197,0.33645929331699465,K2O+PbO+SiO2+Al2O3+CuO+Fe2O3,0.5555555555555556,0,
铅钡,Ward,6,197,0.41013804079144894,K2O+PbO+SiO2+Al2O3+CuO+Fe2O3,0.5555555555555556,0,
铅钡,Ward,2,198,1.0,SiO2+SnO2+CuO+BaO+PbO+Fe2O3+K2O,0.5,0,
铅钡,Ward,3,198,0.521400165373863,SiO2+SnO2+CuO+BaO+PbO+Fe2O3+K2O,0.5,0,
铅钡,Ward,4,198,0.29729159395823357,SiO2+SnO2+CuO+BaO+PbO+Fe2O3+K2O,0.5,0,
铅钡,Ward,5,198,0.3174920018593968,SiO2+SnO2+CuO+BaO+PbO+Fe2O3+K2O,0.5,0,
铅钡,Ward,6,198,0.33271763962475087,SiO2+SnO2+CuO+BaO+PbO+Fe2O3+K2O,0.5,0,
铅钡,Ward,2,199,0.1863841475377673,SnO2+CaO+P2O5+K2O+BaO+Al2O3+Fe2O3+CuO+SrO,0.7,0,
铅钡,Ward,3,199,0.6126082608192784,SnO2+CaO+P2O5+K2O+BaO+Al2O3+Fe2O3+CuO+SrO,0.7,0,
铅钡,Ward,4,199,0.45890330878054486,SnO2+CaO+P2O5+K2O+BaO+Al2O3+Fe2O3+CuO+SrO,0.7,0,
铅钡,Ward,5,199,0.5005467387770783,SnO2+CaO+P2O5+K2O+BaO+Al2O3+Fe2O3+CuO+SrO,0.7,0,
铅钡,Ward,6,199,0.5313773431132844,SnO2+CaO+P2O5+K2O+BaO+Al2O3+Fe2O3+CuO+SrO,0.7,0,
铅钡,Ward,2,200,-0.09692773691042839,Fe2O3+SrO+PbO+SiO2+K2O+Al2O3+CuO+BaO,0.7777777777777778,0,
铅钡,Ward,3,200,0.6717754502238791,Fe2O3+SrO+PbO+SiO2+K2O+Al2O3+CuO+BaO,0.7777777777777778,0,
铅钡,Ward,4,200,0.23623317521851148,Fe2O3+SrO+PbO+SiO2+K2O+Al2O3+CuO+BaO,0.7777777777777778,0,
铅钡,Ward,5,200,0.23925672753178245,Fe2O3+SrO+PbO+SiO2+K2O+Al2O3+CuO+BaO,0.7777777777777778,0,
铅钡,Ward,6,200,0.2727784472219046,Fe2O3+SrO+PbO+SiO2+K2O+Al2O3+CuO+BaO,0.7777777777777778,0,
铅钡,Ward,2,201,0.4045211183819155,SiO2+CaO+PbO+Al2O3+Fe2O3+BaO+K2O,0.6666666666666666,0,
铅钡,Ward,3,201,0.15278598149241976,SiO2+CaO+PbO+Al2O3+Fe2O3+BaO+K2O,0.6666666666666666,0,
铅钡,Ward,4,201,0.29700761433629175,SiO2+CaO+PbO+Al2O3+Fe2O3+BaO+K2O,0.6666666666666666,0,
铅钡,Ward,5,201,0.3575963927486887,SiO2+CaO+PbO+Al2O3+Fe2O3+BaO+K2O,0.6666666666666666,0,
铅钡,Ward,6,201,0.3813138686131387,SiO2+CaO+PbO+Al2O3+Fe2O3+BaO+K2O,0.6666666666666666,0,
铅钡,Ward,2,202,0.6858262573481385,Al2O3+SrO+SiO2+K2O+Fe2O3+PbO,0.5555555555555556,0,
铅钡,Ward,3,202,0.3722344753893996,Al2O3+SrO+SiO2+K2O+Fe2O3+PbO,0.5555555555555556,0,
铅钡,Ward,4,202,0.3206527756249862,Al2O3+SrO+SiO2+K2O+Fe2O3+PbO,0.5555555555555556,0,
铅钡,Ward,5,202,0.25724896443365236,Al2O3+SrO+SiO2+K2O+Fe2O3+PbO,0.5555555555555556,0,
铅钡,Ward,6,202,0.3337765957446808,Al2O3+SrO+SiO2+K2O+Fe2O3+PbO,0.5555555555555556,0,
铅钡,Ward,2,203,-0.0495325968192303,CaO+SiO2+K2O+SrO+Al2O3+Fe2O3+PbO,0.6666666666666666,0,
铅钡,Ward,3,203,0.25385023898035053,CaO+SiO2+K2O+SrO+Al2O3+Fe2O3+PbO,0.6666666666666666,0,
铅钡,Ward,4,203,0.5705939629990263,CaO+SiO2+K2O+SrO+Al2O3+Fe2O3+PbO,0.6666666666666666,0,
铅钡,Ward,5,203,0.5285421626709484,CaO+SiO2+K2O+SrO+Al2O3+Fe2O3+PbO,0.6666666666666666,0,
铅钡,Ward,6,203,0.35019932536031895,CaO+SiO2+K2O+SrO+Al2O3+Fe2O3+PbO,0.6666666666666666,0,
铅钡,Ward,2,204,0.3440684313223092,PbO+Al2O3+BaO+Fe2O3+CaO+SiO2+K2O,0.6666666666666666,0,
铅钡,Ward,3,204,0.1993841416474211,PbO+Al2O3+BaO+Fe2O3+CaO+SiO2+K2O,0.6666666666666666,0,
铅钡,Ward,4,204,0.41309255079006774,PbO+Al2O3+BaO+Fe2O3+CaO+SiO2+K2O,0.6666666666666666,0,
铅钡,Ward,5,204,0.3950831114443037,PbO+Al2O3+BaO+Fe2O3+CaO+SiO2+K2O,0.6666666666666666,0,
铅钡,Ward,6,204,0.3982182368696867,PbO+Al2O3+BaO+Fe2O3+CaO+SiO2+K2O,0.6666666666666666,0,
铅钡,Ward,2,205,0.3435854279120836,PbO+SrO+Al2O3+K2O+SiO2+SO2+SnO2+MgO+Fe2O3,0.4166666666666667,0,
铅钡,Ward,3,205,0.22099601224149124,PbO+SrO+Al2O3+K2O+SiO2+SO2+SnO2+MgO+Fe2O3,0.4166666666666667,0,
铅钡,Ward,4,205,0.3142943259739281,PbO+SrO+Al2O3+K2O+SiO2+SO2+SnO2+MgO+Fe2O3,0.4166666666666667,0,
铅钡,Ward,5,205,0.21409787504156214,PbO+SrO+Al2O3+K2O+SiO2+SO2+SnO2+MgO+Fe2O3,0.4166666666666667,0,
铅钡,Ward,6,205,0.3374188459438141,PbO+SrO+Al2O3+K2O+SiO2+SO2+SnO2+MgO+Fe2O3,0.4166666666666667,0,
铅钡,Ward,2,206,0.015481707918351247,Fe2O3+PbO+Al2O3+BaO+SiO2+P2O5+SrO+K2O,0.6,0,
铅钡,Ward,3,206,0.030057366631170347,Fe2O3+PbO+Al2O3+BaO+SiO2+P2O5+SrO+K2O,0.6,0,
铅钡,Ward,4,206,0.1538274012676743,Fe2O3+PbO+Al2O3+BaO+SiO2+P2O5+SrO+K2O,0.6,0,
铅钡,Ward,5,206,0.2993049010367578,Fe2O3+PbO+Al2O3+BaO+SiO2+P2O5+SrO+K2O,0.6,0,
铅钡,Ward,6,206,0.464400869378299,Fe2O3+PbO+Al2O3+BaO+SiO2+P2O5+SrO+K2O,0.6,0,
铅钡,Ward,2,207,-0.022544443340947462,PbO+CaO+SiO2+BaO+SrO+K2O,0.5555555555555556,0,
铅钡,Ward,3,207,0.19483324165189578,PbO+CaO+SiO2+BaO+SrO+K2O,0.5555555555555556,0,
铅钡,Ward,4,207,0.3424604236072271,PbO+CaO+SiO2+BaO+SrO+K2O,0.5555555555555556,0,
铅钡,Ward,5,207,0.3666686592145376,PbO+CaO+SiO2+BaO+SrO+K2O,0.5555555555555556,0,
铅钡,Ward,6,207,0.40608683704314374,PbO+CaO+SiO2+BaO+SrO+K2O,0.5555555555555556,0,
铅钡,Ward,2,208,0.8015147558109167,Al2O3+Fe2O3+CaO+SiO2+SrO+CuO+K2O,0.875,0,
铅钡,Ward,3,208,0.4077810091313986,Al2O3+Fe2O3+CaO+SiO2+SrO+CuO+K2O,0.875,0,
铅钡,Ward,4,208,0.3876997435391596,Al2O3+Fe2O3+CaO+SiO2+SrO+CuO+K2O,0.875,0,
铅钡,Ward,5,208,0.40586854004541134,Al2O3+Fe2O3+CaO+SiO2+SrO+CuO+K2O,0.875,0,
铅钡,Ward,6,208,0.38069538142189935,Al2O3+Fe2O3+CaO+SiO2+SrO+CuO+K2O,0.875,0,
铅钡,Ward,2,209,1.0,SrO+Al2O3+PbO+CuO+SiO2+CaO+K2O,0.6666666666666666,0,
铅钡,Ward,3,209,0.7007486288482325,SrO+Al2O3+PbO+CuO+SiO2+CaO+K2O,0.6666666666666666,0,
铅钡,Ward,4,209,0.5784840025767661,SrO+Al2O3+PbO+CuO+SiO2+CaO+K2O,0.6666666666666666,0,
铅钡,Ward,5,209,0.458924672489083,SrO+Al2O3+PbO+CuO+SiO2+CaO+K2O,0.6666666666666666,0,
铅钡,Ward,6,209,0.32359261578030085,SrO+Al2O3+PbO+CuO+SiO2+CaO+K2O,0.6666666666666666,0,
铅钡,Ward,2,210,0.10053222945002957,BaO+Fe2O3+PbO+SnO2+SiO2+MgO+K2O,0.36363636363636365,0,
铅钡,Ward,3,210,0.11527884938769858,BaO+Fe2O3+PbO+SnO2+SiO2+MgO+K2O,0.36363636363636365,0,
铅钡,Ward,4,210,0.2186115328005918,BaO+Fe2O3+PbO+SnO2+SiO2+MgO+K2O,0.36363636363636365,0,
铅钡,Ward,5,210,0.20655856415030904,BaO+Fe2O3+PbO+SnO2+SiO2+MgO+K2O,0.36363636363636365,0,
铅钡,Ward,6,210,0.22551686615886835,BaO+Fe2O3+PbO+SnO2+SiO2+MgO+K2O,0.36363636363636365,0,
铅钡,Ward,2,211,-0.10638297872340426,SiO2+MgO+Al2O3+CuO+SrO+Fe2O3+PbO+K2O,0.6,0,
铅钡,Ward,3,211,0.2616033755274262,SiO2+MgO+Al2O3+CuO+SrO+Fe2O3+PbO+K2O,0.6,0,
铅钡,Ward,4,211,0.2112809574594146,SiO2+MgO+Al2O3+CuO+SrO+Fe2O3+PbO+K2O,0.6,0,
铅钡,Ward,5,211,0.43727689237428674,SiO2+MgO+Al2O3+CuO+SrO+Fe2O3+PbO+K2O,0.6,0,
铅钡,Ward,6,211,0.4691470054446461,SiO2+MgO+Al2O3+CuO+SrO+Fe2O3+PbO+K2O,0.6,0,
铅钡,Ward,2,212,0.6308056404693817,SiO2+MgO+Al2O3+Fe2O3+CuO+BaO+SrO+K2O,0.7777777777777778,0,
铅钡,Ward,3,212,0.5009794416193435,SiO2+MgO+Al2O3+Fe2O3+CuO+BaO+SrO+K2O,0.7777777777777778,0,
铅钡,Ward,4,212,0.2472093023255814,SiO2+MgO+Al2O3+Fe2O3+CuO+BaO+SrO+K2O,0.7777777777777778,0,
铅钡,Ward,5,212,0.2840311266988163,SiO2+MgO+Al2O3+Fe2O3+CuO+BaO+SrO+K2O,0.7777777777777778,0,
铅钡,Ward,6,212,0.3092256433823529,SiO2+MgO+Al2O3+Fe2O3+CuO+BaO+SrO+K2O,0.7777777777777778,0,
铅钡,Ward,2,213,0.899996055071206,CuO+Fe2O3+Al2O3+SiO2+Na2O+PbO+SrO+K2O+MgO,0.5454545454545454,0,
铅钡,Ward,3,213,0.6366973242403386,CuO+Fe2O3+Al2O3+SiO2+Na2O+PbO+SrO+K2O+MgO,0.5454545454545454,0,
铅钡,Ward,4,213,0.3367185791685901,CuO+Fe2O3+Al2O3+SiO2+Na2O+PbO+SrO+K2O+MgO,0.5454545454545454,0,
铅钡,Ward,5,213,0.31194806713842915,CuO+Fe2O3+Al2O3+SiO2+Na2O+PbO+SrO+K2O+MgO,0.5454545454545454,0,
铅钡,Ward,6,213,0.35799124817670347,CuO+Fe2O3+Al2O3+SiO2+Na2O+PbO+SrO+K2O+MgO,0.5454545454545454,0,
铅钡,Ward,2,214,1.0,SiO2+Al2O3+SrO+Fe2O3+CuO+BaO+K2O,0.875,0,
铅钡,Ward,3,214,0.6854394773455931,SiO2+Al2O3+SrO+Fe2O3+CuO+BaO+K2O,0.875,0,
铅钡,Ward,4,214,0.493961777465119,SiO2+Al2O3+SrO+Fe2O3+CuO+BaO+K2O,0.875,0,
铅钡,Ward,5,214,0.42649128504925843,SiO2+Al2O3+SrO+Fe2O3+CuO+BaO+K2O,0.875,0,
铅钡,Ward,6,214,0.6035434214347952,SiO2+Al2O3+SrO+Fe2O3+CuO+BaO+K2O,0.875,0,
铅钡,Ward,2,215,0.13967764172931096,Al2O3+BaO+K2O+SiO2+PbO+SrO+Fe2O3,0.6666666666666666,0,
铅钡,Ward,3,215,0.06558213933226696,Al2O3+BaO+K2O+SiO2+PbO+SrO+Fe2O3,0.6666666666666666,0,
铅钡,Ward,4,215,0.2915172306252924,Al2O3+BaO+K2O+SiO2+PbO+SrO+Fe2O3,0.6666666666666666,0,
铅钡,Ward,5,215,0.4867427907876911,Al2O3+BaO+K2O+SiO2+PbO+SrO+Fe2O3,0.6666666666666666,0,
铅钡,Ward,6,215,0.5520183787331802,Al2O3+BaO+K2O+SiO2+PbO+SrO+Fe2O3,0.6666666666666666,0,
铅钡,Ward,2,216,-0.026246719160104987,CaO+SiO2+K2O+PbO+Al2O3+CuO+Fe2O3,0.6666666666666666,0,
铅钡,Ward,3,216,0.11708469985261509,CaO+SiO2+K2O+PbO+Al2O3+CuO+Fe2O3,0.6666666666666666,0,
铅钡,Ward,4,216,0.2558301600338485,CaO+SiO2+K2O+PbO+Al2O3+CuO+Fe2O3,0.6666666666666666,0,
铅钡,Ward,5,216,0.3356109213121129,CaO+SiO2+K2O+PbO+Al2O3+CuO+Fe2O3,0.6666666666666666,0,
铅钡,Ward,6,216,0.3030264577120741,CaO+SiO2+K2O+PbO+Al2O3+CuO+Fe2O3,0.6666666666666666,0,
铅钡,Ward,2,217,1.0,PbO+CuO+BaO+SiO2+SrO+Fe2O3+K2O,0.6666666666666666,0,
铅钡,Ward,3,217,0.6703937969105288,PbO+CuO+BaO+SiO2+SrO+Fe2O3+K2O,0.6666666666666666,0,
铅钡,Ward,4,217,0.45141285088128325,PbO+CuO+BaO+SiO2+SrO+Fe2O3+K2O,0.6666666666666666,0,
铅钡,Ward,5,217,0.3126027397260274,PbO+CuO+BaO+SiO2+SrO+Fe2O3+K2O,0.6666666666666666,0,
铅钡,Ward,6,217,0.3218390804597701,PbO+CuO+BaO+SiO2+SrO+Fe2O3+K2O,0.6666666666666666,0,
铅钡,Ward,2,218,0.015637016149705203,Al2O3+SiO2+CaO+PbO+SrO+Fe2O3+K2O,0.6666666666666666,0,
铅钡,Ward,3,218,0.11594035685441453,Al2O3+SiO2+CaO+PbO+SrO+Fe2O3+K2O,0.6666666666666666,0,
铅钡,Ward,4,218,0.23116991353265964,Al2O3+SiO2+CaO+PbO+SrO+Fe2O3+K2O,0.6666666666666666,0,
铅钡,Ward,5,218,0.23479148067848488,Al2O3+SiO2+CaO+PbO+SrO+Fe2O3+K2O,0.6666666666666666,0,
铅钡,Ward,6,218,0.3138500635324015,Al2O3+SiO2+CaO+PbO+SrO+Fe2O3+K2O,0.6666666666666666,0,
铅钡,Ward,2,219,0.4080425783560024,SiO2+MgO+PbO+Al2O3+BaO+Fe2O3+K2O,0.5,0,
铅钡,Ward,3,219,0.31574759777220146,SiO2+MgO+PbO+Al2O3+BaO+Fe2O3+K2O,0.5,0,
铅钡,Ward,4,219,0.3788098693759071,SiO2+MgO+PbO+Al2O3+BaO+Fe2O3+K2O,0.5,0,
铅钡,Ward,5,219,0.3302081051478642,SiO2+MgO+PbO+Al2O3+BaO+Fe2O3+K2O,0.5,0,
铅钡,Ward,6,219,0.27223476297968396,SiO2+MgO+PbO+Al2O3+BaO+Fe2O3+K2O,0.5,0,
铅钡,Ward,2,220,0.6310966597694354,PbO+SrO+SiO2+MgO+CuO+BaO+Fe2O3+K2O,0.6,0,
铅钡,Ward,3,220,0.49113338473400153,PbO+SrO+SiO2+MgO+CuO+BaO+Fe2O3+K2O,0.6,0,
铅钡,Ward,4,220,0.45986779981114256,PbO+SrO+SiO2+MgO+CuO+BaO+Fe2O3+K2O,0.6,0,
铅钡,Ward,5,220,0.24392192102241525,PbO+SrO+SiO2+MgO+CuO+BaO+Fe2O3+K2O,0.6,0,
铅钡,Ward,6,220,0.17065390749601275,PbO+SrO+SiO2+MgO+CuO+BaO+Fe2O3+K2O,0.6,0,
铅钡,Ward,2,221,0.6306818181818182,SiO2+SrO+PbO+CuO+Al2O3+Fe2O3+BaO,0.6666666666666666,0,
铅钡,Ward,3,221,0.5138738348146542,SiO2+SrO+PbO+CuO+Al2O3+Fe2O3+BaO,0.6666666666666666,0,
铅钡,Ward,4,221,0.28781517321897665,SiO2+SrO+PbO+CuO+Al2O3+Fe2O3+BaO,0.6666666666666666,0,
铅钡,Ward,5,221,0.28102315935015554,SiO2+SrO+PbO+CuO+Al2O3+Fe2O3+BaO,0.6666666666666666,0,
铅钡,Ward,6,221,0.2871226124460875,SiO2+SrO+PbO+CuO+Al2O3+Fe2O3+BaO,0.6666666666666666,0,
铅钡,Ward,2,222,0.4778156996587031,SiO2+BaO+CuO+K2O+Al2O3+PbO+Fe2O3,0.6666666666666666,0,
铅钡,Ward,3,222,0.47227381268240914,SiO2+BaO+CuO+K2O+Al2O3+PbO+Fe2O3,0.6666666666666666,0,
铅钡,Ward,4,222,0.4137726767863754,SiO2+BaO+CuO+K2O+Al2O3+PbO+Fe2O3,0.6666666666666666,0,
铅钡,Ward,5,222,0.357495881383855,SiO2+BaO+CuO+K2O+Al2O3+PbO+Fe2O3,0.6666666666666666,0,
铅钡,Ward,6,222,0.35015290519877673,SiO2+BaO+CuO+K2O+Al2O3+PbO+Fe2O3,0.6666666666666666,0,
铅钡,Ward,2,223,,,,1,活动成分SnO2在训练集中全缺失
铅钡,Ward,3,223,,,,1,活动成分SnO2在训练集中全缺失
铅钡,Ward,4,223,,,,1,活动成分SnO2在训练集中全缺失
铅钡,Ward,5,223,,,,1,活动成分SnO2在训练集中全缺失
铅钡,Ward,6,223,,,,1,活动成分SnO2在训练集中全缺失
铅钡,Ward,2,224,0.4067796610169492,Al2O3+PbO+SrO+SiO2+BaO+MgO+K2O+Fe2O3,0.6,0,
铅钡,Ward,3,224,0.20509486856539227,Al2O3+PbO+SrO+SiO2+BaO+MgO+K2O+Fe2O3,0.6,0,
铅钡,Ward,4,224,0.4741277599865161,Al2O3+PbO+SrO+SiO2+BaO+MgO+K2O+Fe2O3,0.6,0,
铅钡,Ward,5,224,0.3831429950136722,Al2O3+PbO+SrO+SiO2+BaO+MgO+K2O+Fe2O3,0.6,0,
铅钡,Ward,6,224,0.27055346587855994,Al2O3+PbO+SrO+SiO2+BaO+MgO+K2O+Fe2O3,0.6,0,
铅钡,Ward,2,225,1.0,CaO+SiO2+K2O+MgO+Fe2O3+CuO+Al2O3+SrO+BaO,0.8888888888888888,0,
铅钡,Ward,3,225,0.7727303173603761,CaO+SiO2+K2O+MgO+Fe2O3+CuO+Al2O3+SrO+BaO,0.8888888888888888,0,
铅钡,Ward,4,225,0.6228748763155527,CaO+SiO2+K2O+MgO+Fe2O3+CuO+Al2O3+SrO+BaO,0.8888888888888888,0,
铅钡,Ward,5,225,0.5196781433028628,CaO+SiO2+K2O+MgO+Fe2O3+CuO+Al2O3+SrO+BaO,0.8888888888888888,0,
铅钡,Ward,6,225,0.6437705516989405,CaO+SiO2+K2O+MgO+Fe2O3+CuO+Al2O3+SrO+BaO,0.8888888888888888,0,
铅钡,Ward,2,226,0.04892894767646026,SiO2+SnO2+MgO+Al2O3+Fe2O3+PbO+K2O,0.36363636363636365,0,
铅钡,Ward,3,226,-0.03339044507311631,SiO2+SnO2+MgO+Al2O3+Fe2O3+PbO+K2O,0.36363636363636365,0,
铅钡,Ward,4,226,0.24339696143358006,SiO2+SnO2+MgO+Al2O3+Fe2O3+PbO+K2O,0.36363636363636365,0,
铅钡,Ward,5,226,0.19241058159120183,SiO2+SnO2+MgO+Al2O3+Fe2O3+PbO+K2O,0.36363636363636365,0,
铅钡,Ward,6,226,0.22852728421939744,SiO2+SnO2+MgO+Al2O3+Fe2O3+PbO+K2O,0.36363636363636365,0,
铅钡,Ward,2,227,0.8993288590604027,K2O+Fe2O3+Al2O3+SrO+SiO2+MgO+CaO+BaO+CuO,0.8888888888888888,0,
铅钡,Ward,3,227,0.5158019266520196,K2O+Fe2O3+Al2O3+SrO+SiO2+MgO+CaO+BaO+CuO,0.8888888888888888,0,
铅钡,Ward,4,227,0.8259732266502539,K2O+Fe2O3+Al2O3+SrO+SiO2+MgO+CaO+BaO+CuO,0.8888888888888888,0,
铅钡,Ward,5,227,0.8772894379491936,K2O+Fe2O3+Al2O3+SrO+SiO2+MgO+CaO+BaO+CuO,0.8888888888888888,0,
铅钡,Ward,6,227,0.844997407983411,K2O+Fe2O3+Al2O3+SrO+SiO2+MgO+CaO+BaO+CuO,0.8888888888888888,0,
铅钡,Ward,2,228,1.0,Al2O3+PbO+SrO+MgO+CuO+SiO2+SnO2+Fe2O3,0.45454545454545453,0,
铅钡,Ward,3,228,0.632926155546007,Al2O3+PbO+SrO+MgO+CuO+SiO2+SnO2+Fe2O3,0.45454545454545453,0,
铅钡,Ward,4,228,0.41204906145791514,Al2O3+PbO+SrO+MgO+CuO+SiO2+SnO2+Fe2O3,0.45454545454545453,0,
铅钡,Ward,5,228,0.41052985137291126,Al2O3+PbO+SrO+MgO+CuO+SiO2+SnO2+Fe2O3,0.45454545454545453,0,
铅钡,Ward,6,228,0.5845706907682375,Al2O3+PbO+SrO+MgO+CuO+SiO2+SnO2+Fe2O3,0.45454545454545453,0,
铅钡,Ward,2,229,0.3434343434343434,Al2O3+PbO+Fe2O3+BaO+SiO2+K2O,0.5555555555555556,0,
铅钡,Ward,3,229,0.18809430034321725,Al2O3+PbO+Fe2O3+BaO+SiO2+K2O,0.5555555555555556,0,
铅钡,Ward,4,229,0.350221875457161,Al2O3+PbO+Fe2O3+BaO+SiO2+K2O,0.5555555555555556,0,
铅钡,Ward,5,229,0.2952029520295203,Al2O3+PbO+Fe2O3+BaO+SiO2+K2O,0.5555555555555556,0,
铅钡,Ward,6,229,0.31698078626630416,Al2O3+PbO+Fe2O3+BaO+SiO2+K2O,0.5555555555555556,0,
铅钡,Ward,2,230,0.06467425679949398,CaO+SiO2+K2O+Fe2O3+Al2O3+SrO+PbO,0.6666666666666666,0,
铅钡,Ward,3,230,0.09161490683229814,CaO+SiO2+K2O+Fe2O3+Al2O3+SrO+PbO,0.6666666666666666,0,
铅钡,Ward,4,230,0.2732544653212712,CaO+SiO2+K2O+Fe2O3+Al2O3+SrO+PbO,0.6666666666666666,0,
铅钡,Ward,5,230,0.4578386605783866,CaO+SiO2+K2O+Fe2O3+Al2O3+SrO+PbO,0.6666666666666666,0,
铅钡,Ward,6,230,0.48643781654473833,CaO+SiO2+K2O+Fe2O3+Al2O3+SrO+PbO,0.6666666666666666,0,
铅钡,Ward,2,231,0.18848577355093735,Al2O3+SrO+MgO+CuO+SiO2+BaO+Fe2O3,0.6666666666666666,0,
铅钡,Ward,3,231,0.24665518970869313,Al2O3+SrO+MgO+CuO+SiO2+BaO+Fe2O3,0.6666666666666666,0,
铅钡,Ward,4,231,0.15221749763158474,Al2O3+SrO+MgO+CuO+SiO2+BaO+Fe2O3,0.6666666666666666,0,
铅钡,Ward,5,231,0.34208773939216364,Al2O3+SrO+MgO+CuO+SiO2+BaO+Fe2O3,0.6666666666666666,0,
铅钡,Ward,6,231,0.42227128623188404,Al2O3+SrO+MgO+CuO+SiO2+BaO+Fe2O3,0.6666666666666666,0,
铅钡,Ward,2,232,0.40771567196560293,Fe2O3+PbO+SrO+Al2O3+BaO+SiO2+MgO+K2O,0.6,0,
铅钡,Ward,3,232,0.4592286990614882,Fe2O3+PbO+SrO+Al2O3+BaO+SiO2+MgO+K2O,0.6,0,
铅钡,Ward,4,232,0.4066066066066066,Fe2O3+PbO+SrO+Al2O3+BaO+SiO2+MgO+K2O,0.6,0,
铅钡,Ward,5,232,0.2513354106387714,Fe2O3+PbO+SrO+Al2O3+BaO+SiO2+MgO+K2O,0.6,0,
铅钡,Ward,6,232,0.35022650056625143,Fe2O3+PbO+SrO+Al2O3+BaO+SiO2+MgO+K2O,0.6,0,
铅钡,Ward,2,233,0.14044512663085187,SiO2+MgO+CaO+Al2O3+BaO+Fe2O3+K2O,0.6666666666666666,0,
铅钡,Ward,3,233,0.11486165844801617,SiO2+MgO+CaO+Al2O3+BaO+Fe2O3+K2O,0.6666666666666666,0,
铅钡,Ward,4,233,0.15198160358542365,SiO2+MgO+CaO+Al2O3+BaO+Fe2O3+K2O,0.6666666666666666,0,
铅钡,Ward,5,233,0.36769316417123266,SiO2+MgO+CaO+Al2O3+BaO+Fe2O3+K2O,0.6666666666666666,0,
铅钡,Ward,6,233,0.46132024352149936,SiO2+MgO+CaO+Al2O3+BaO+Fe2O3+K2O,0.6666666666666666,0,
铅钡,Ward,2,234,0.8985959438377535,PbO+Al2O3+SrO+SiO2+K2O+CuO+BaO,0.6666666666666666,0,
铅钡,Ward,3,234,0.5316294438472869,PbO+Al2O3+SrO+SiO2+K2O+CuO+BaO,0.6666666666666666,0,
铅钡,Ward,4,234,0.2814070351758794,PbO+Al2O3+SrO+SiO2+K2O+CuO+BaO,0.6666666666666666,0,
铅钡,Ward,5,234,0.3219444684715855,PbO+Al2O3+SrO+SiO2+K2O+CuO+BaO,0.6666666666666666,0,
铅钡,Ward,6,234,0.3092413126830299,PbO+Al2O3+SrO+SiO2+K2O+CuO+BaO,0.6666666666666666,0,
铅钡,Ward,2,235,0.22912713472485768,K2O+PbO+SiO2+Na2O+SrO+Al2O3,0.4,0,
铅钡,Ward,3,235,0.10943843031123139,K2O+PbO+SiO2+Na2O+SrO+Al2O3,0.4,0,
铅钡,Ward,4,235,0.2558257345491388,K2O+PbO+SiO2+Na2O+SrO+Al2O3,0.4,0,
铅钡,Ward,5,235,0.26697530864197533,K2O+PbO+SiO2+Na2O+SrO+Al2O3,0.4,0,
铅钡,Ward,6,235,0.3171947072489142,K2O+PbO+SiO2+Na2O+SrO+Al2O3,0.4,0,
铅钡,Ward,2,236,0.06306306306306306,K2O+Fe2O3+SiO2+CaO+Al2O3+BaO+SrO+PbO,0.7777777777777778,0,
铅钡,Ward,3,236,0.21669784385153096,K2O+Fe2O3+SiO2+CaO+Al2O3+BaO+SrO+PbO,0.7777777777777778,0,
铅钡,Ward,4,236,0.2293382279988094,K2O+Fe2O3+SiO2+CaO+Al2O3+BaO+SrO+PbO,0.7777777777777778,0,
铅钡,Ward,5,236,0.2952503209242619,K2O+Fe2O3+SiO2+CaO+Al2O3+BaO+SrO+PbO,0.7777777777777778,0,
铅钡,Ward,6,236,0.33572576325656134,K2O+Fe2O3+SiO2+CaO+Al2O3+BaO+SrO+PbO,0.7777777777777778,0,
铅钡,Ward,2,237,1.0,SiO2+MgO+Al2O3+CuO+BaO+Fe2O3,0.5555555555555556,0,
铅钡,Ward,3,237,1.0,SiO2+MgO+Al2O3+CuO+BaO+Fe2O3,0.5555555555555556,0,
铅钡,Ward,4,237,0.6646179528037028,SiO2+MgO+Al2O3+CuO+BaO+Fe2O3,0.5555555555555556,0,
铅钡,Ward,5,237,0.48336933045356373,SiO2+MgO+Al2O3+CuO+BaO+Fe2O3,0.5555555555555556,0,
铅钡,Ward,6,237,0.5469114672475494,SiO2+MgO+Al2O3+CuO+BaO+Fe2O3,0.5555555555555556,0,
铅钡,Ward,2,238,0.18176078292095812,Al2O3+K2O+PbO+SiO2+Fe2O3+SrO,0.5555555555555556,0,
铅钡,Ward,3,238,0.05330894713484582,Al2O3+K2O+PbO+SiO2+Fe2O3+SrO,0.5555555555555556,0,
铅钡,Ward,4,238,0.012864704270447235,Al2O3+K2O+PbO+SiO2+Fe2O3+SrO,0.5555555555555556,0,
铅钡,Ward,5,238,0.15975962608502114,Al2O3+K2O+PbO+SiO2+Fe2O3+SrO,0.5555555555555556,0,
铅钡,Ward,6,238,0.20803347280334727,Al2O3+K2O+PbO+SiO2+Fe2O3+SrO,0.5555555555555556,0,
铅钡,Ward,2,239,0.06703470031545741,CaO+SiO2+MgO+Al2O3+PbO+K2O+Fe2O3,0.5,0,
铅钡,Ward,3,239,-0.0020287495161699343,CaO+SiO2+MgO+Al2O3+PbO+K2O+Fe2O3,0.5,0,
铅钡,Ward,4,239,-0.012813644075363872,CaO+SiO2+MgO+Al2O3+PbO+K2O+Fe2O3,0.5,0,
铅钡,Ward,5,239,0.1835966892400301,CaO+SiO2+MgO+Al2O3+PbO+K2O+Fe2O3,0.5,0,
铅钡,Ward,6,239,0.2933857236411264,CaO+SiO2+MgO+Al2O3+PbO+K2O+Fe2O3,0.5,0,
铅钡,Ward,2,240,0.2845683476888684,K2O+Fe2O3+SiO2+Al2O3+SrO+BaO,0.75,0,
铅钡,Ward,3,240,0.1754370705401409,K2O+Fe2O3+SiO2+Al2O3+SrO+BaO,0.75,0,
铅钡,Ward,4,240,0.09221076746849943,K2O+Fe2O3+SiO2+Al2O3+SrO+BaO,0.75,0,
铅钡,Ward,5,240,0.34567357940480775,K2O+Fe2O3+SiO2+Al2O3+SrO+BaO,0.75,0,
铅钡,Ward,6,240,0.37179334208328363,K2O+Fe2O3+SiO2+Al2O3+SrO+BaO,0.75,0,
铅钡,Ward,2,241,0.2848692771796995,Al2O3+Fe2O3+BaO+SiO2+MgO+PbO+SrO+K2O,0.6,0,
铅钡,Ward,3,241,0.38205095702877423,Al2O3+Fe2O3+BaO+SiO2+MgO+PbO+SrO+K2O,0.6,0,
铅钡,Ward,4,241,0.30689905139017715,Al2O3+Fe2O3+BaO+SiO2+MgO+PbO+SrO+K2O,0.6,0,
铅钡,Ward,5,241,0.4698669546677591,Al2O3+Fe2O3+BaO+SiO2+MgO+PbO+SrO+K2O,0.6,0,
铅钡,Ward,6,241,0.4177251320108463,Al2O3+Fe2O3+BaO+SiO2+MgO+PbO+SrO+K2O,0.6,0,
铅钡,Ward,2,242,0.044454898271198404,Fe2O3+BaO+PbO+SiO2+MgO+CuO,0.4,0,
铅钡,Ward,3,242,0.2916037389281195,Fe2O3+BaO+PbO+SiO2+MgO+CuO,0.4,0,
铅钡,Ward,4,242,0.3161094224924012,Fe2O3+BaO+PbO+SiO2+MgO+CuO,0.4,0,
铅钡,Ward,5,242,0.285,Fe2O3+BaO+PbO+SiO2+MgO+CuO,0.4,0,
铅钡,Ward,6,242,0.3115898423396317,Fe2O3+BaO+PbO+SiO2+MgO+CuO,0.4,0,
铅钡,Ward,2,243,-0.06794317479925881,Al2O3+MgO+CaO+SrO+SiO2+K2O+Fe2O3+PbO,0.6,0,
铅钡,Ward,3,243,0.04281499318611821,Al2O3+MgO+CaO+SrO+SiO2+K2O+Fe2O3+PbO,0.6,0,
铅钡,Ward,4,243,0.4748331409645205,Al2O3+MgO+CaO+SrO+SiO2+K2O+Fe2O3+PbO,0.6,0,
铅钡,Ward,5,243,0.46727970716900274,Al2O3+MgO+CaO+SrO+SiO2+K2O+Fe2O3+PbO,0.6,0,
铅钡,Ward,6,243,0.5123043758223914,Al2O3+MgO+CaO+SrO+SiO2+K2O+Fe2O3+PbO,0.6,0,
铅钡,Ward,2,244,0.09994082451180222,K2O+Fe2O3+BaO+Al2O3+PbO+SrO+CaO+SiO2,0.7777777777777778,0,
铅钡,Ward,3,244,0.040762673966365376,K2O+Fe2O3+BaO+Al2O3+PbO+SrO+CaO+SiO2,0.7777777777777778,0,
铅钡,Ward,4,244,0.18680164263203133,K2O+Fe2O3+BaO+Al2O3+PbO+SrO+CaO+SiO2,0.7777777777777778,0,
铅钡,Ward,5,244,0.3010752688172043,K2O+Fe2O3+BaO+Al2O3+PbO+SrO+CaO+SiO2,0.7777777777777778,0,
铅钡,Ward,6,244,0.42648238415499473,K2O+Fe2O3+BaO+Al2O3+PbO+SrO+CaO+SiO2,0.7777777777777778,0,
铅钡,Ward,2,245,0.06008541066640183,K2O+Fe2O3+PbO+SiO2+Na2O+CuO+Al2O3,0.5,0,
铅钡,Ward,3,245,0.4157303370786517,K2O+Fe2O3+PbO+SiO2+Na2O+CuO+Al2O3,0.5,0,
铅钡,Ward,4,245,0.3737117882241923,K2O+Fe2O3+PbO+SiO2+Na2O+CuO+Al2O3,0.5,0,
铅钡,Ward,5,245,0.2625551134530595,K2O+Fe2O3+PbO+SiO2+Na2O+CuO+Al2O3,0.5,0,
铅钡,Ward,6,245,0.26749271137026237,K2O+Fe2O3+PbO+SiO2+Na2O+CuO+Al2O3,0.5,0,
铅钡,Ward,2,246,0.34355090044775827,PbO+K2O+SiO2+Al2O3+BaO+Fe2O3,0.5555555555555556,0,
铅钡,Ward,3,246,0.20521594249795178,PbO+K2O+SiO2+Al2O3+BaO+Fe2O3,0.5555555555555556,0,
铅钡,Ward,4,246,0.17742119039490156,PbO+K2O+SiO2+Al2O3+BaO+Fe2O3,0.5555555555555556,0,
铅钡,Ward,5,246,0.22067922452908015,PbO+K2O+SiO2+Al2O3+BaO+Fe2O3,0.5555555555555556,0,
铅钡,Ward,6,246,0.2423590185105467,PbO+K2O+SiO2+Al2O3+BaO+Fe2O3,0.5555555555555556,0,
铅钡,Ward,2,247,0.47704685281590153,PbO+SrO+Al2O3+Fe2O3+SiO2+K2O,0.5555555555555556,0,
铅钡,Ward,3,247,0.2828376054033645,PbO+SrO+Al2O3+Fe2O3+SiO2+K2O,0.5555555555555556,0,
铅钡,Ward,4,247,0.21647899201349274,PbO+SrO+Al2O3+Fe2O3+SiO2+K2O,0.5555555555555556,0,
铅钡,Ward,5,247,0.18290215571691196,PbO+SrO+Al2O3+Fe2O3+SiO2+K2O,0.5555555555555556,0,
铅钡,Ward,6,247,0.2731045154030103,PbO+SrO+Al2O3+Fe2O3+SiO2+K2O,0.5555555555555556,0,
铅钡,Ward,2,248,0.8999644844323429,SiO2+K2O+Al2O3+CuO+Fe2O3+SrO,0.75,0,
铅钡,Ward,3,248,0.9052190291026186,SiO2+K2O+Al2O3+CuO+Fe2O3+SrO,0.75,0,
铅钡,Ward,4,248,0.4193739508245285,SiO2+K2O+Al2O3+CuO+Fe2O3+SrO,0.75,0,
铅钡,Ward,5,248,0.4513016157989228,SiO2+K2O+Al2O3+CuO+Fe2O3+SrO,0.75,0,
铅钡,Ward,6,248,0.5017035775127768,SiO2+K2O+Al2O3+CuO+Fe2O3+SrO,0.75,0,
铅钡,Ward,2,249,-0.031828128108215635,SiO2+MgO+Al2O3+BaO+Fe2O3,0.4444444444444444,0,
铅钡,Ward,3,249,0.2457002457002457,SiO2+MgO+Al2O3+BaO+Fe2O3,0.4444444444444444,0,
铅钡,Ward,4,249,0.20597926545045406,SiO2+MgO+Al2O3+BaO+Fe2O3,0.4444444444444444,0,
铅钡,Ward,5,249,0.1559794806027573,SiO2+MgO+Al2O3+BaO+Fe2O3,0.4444444444444444,0,
铅钡,Ward,6,249,0.28749589760420086,SiO2+MgO+Al2O3+BaO+Fe2O3,0.4444444444444444,0,
铅钡,Ward,2,250,0.285320197044335,Al2O3+Fe2O3+BaO+SiO2+MgO+PbO+SrO,0.5,0,
铅钡,Ward,3,250,0.272,Al2O3+Fe2O3+BaO+SiO2+MgO+PbO+SrO,0.5,0,
铅钡,Ward,4,250,0.25051514752948395,Al2O3+Fe2O3+BaO+SiO2+MgO+PbO+SrO,0.5,0,
铅钡,Ward,5,250,0.27008896018667056,Al2O3+Fe2O3+BaO+SiO2+MgO+PbO+SrO,0.5,0,
铅钡,Ward,6,250,0.24576225870274318,Al2O3+Fe2O3+BaO+SiO2+MgO+PbO+SrO,0.5,0,
铅钡,Ward,2,251,,,,1,活动成分SO2在训练集中全缺失
铅钡,Ward,3,251,,,,1,活动成分SO2在训练集中全缺失
铅钡,Ward,4,251,,,,1,活动成分SO2在训练集中全缺失
铅钡,Ward,5,251,,,,1,活动成分SO2在训练集中全缺失
铅钡,Ward,6,251,,,,1,活动成分SO2在训练集中全缺失
铅钡,Ward,2,252,-0.019305019305019305,Al2O3+SiO2+CaO+MgO+K2O+PbO+SrO+Fe2O3,0.6,0,
铅钡,Ward,3,252,-6.203858800173708e-05,Al2O3+SiO2+CaO+MgO+K2O+PbO+SrO+Fe2O3,0.6,0,
铅钡,Ward,4,252,0.24458138546536337,Al2O3+SiO2+CaO+MgO+K2O+PbO+SrO+Fe2O3,0.6,0,
铅钡,Ward,5,252,0.2939655172413793,Al2O3+SiO2+CaO+MgO+K2O+PbO+SrO+Fe2O3,0.6,0,
铅钡,Ward,6,252,0.3473790322580645,Al2O3+SiO2+CaO+MgO+K2O+PbO+SrO+Fe2O3,0.6,0,
铅钡,Ward,2,253,-0.03564630558920229,PbO+SiO2+CaO+Al2O3+SrO+K2O,0.5555555555555556,0,
铅钡,Ward,3,253,0.10048638858173974,PbO+SiO2+CaO+Al2O3+SrO+K2O,0.5555555555555556,0,
铅钡,Ward,4,253,0.36550976138828634,PbO+SiO2+CaO+Al2O3+SrO+K2O,0.5555555555555556,0,
铅钡,Ward,5,253,0.379507070098473,PbO+SiO2+CaO+Al2O3+SrO+K2O,0.5555555555555556,0,
铅钡,Ward,6,253,0.4240506329113924,PbO+SiO2+CaO+Al2O3+SrO+K2O,0.5555555555555556,0,
铅钡,Ward,2,254,0.014373716632443531,PbO+Al2O3+Fe2O3+CaO+SiO2+K2O,0.5555555555555556,0,
铅钡,Ward,3,254,0.15456319098200738,PbO+Al2O3+Fe2O3+CaO+SiO2+K2O,0.5555555555555556,0,
铅钡,Ward,4,254,0.3368074602303895,PbO+Al2O3+Fe2O3+CaO+SiO2+K2O,0.5555555555555556,0,
铅钡,Ward,5,254,0.3885778275475924,PbO+Al2O3+Fe2O3+CaO+SiO2+K2O,0.5555555555555556,0,
铅钡,Ward,6,254,0.4899598393574297,PbO+Al2O3+Fe2O3+CaO+SiO2+K2O,0.5555555555555556,0,
铅钡,Ward,2,255,0.454691259021652,PbO+SrO+K2O+Al2O3+Fe2O3+SiO2+MgO+BaO,0.6,0,
铅钡,Ward,3,255,0.32074878705140547,PbO+SrO+K2O+Al2O3+Fe2O3+SiO2+MgO+BaO,0.6,0,
铅钡,Ward,4,255,0.34899033222822434,PbO+SrO+K2O+Al2O3+Fe2O3+SiO2+MgO+BaO,0.6,0,
铅钡,Ward,5,255,0.39536363858901863,PbO+SrO+K2O+Al2O3+Fe2O3+SiO2+MgO+BaO,0.6,0,
铅钡,Ward,6,255,0.30231868588032973,PbO+SrO+K2O+Al2O3+Fe2O3+SiO2+MgO+BaO,0.6,0,
铅钡,Ward,2,256,-0.03699272110878452,SiO2+P2O5+MgO+BaO+K2O+PbO+Fe2O3,0.36363636363636365,0,
铅钡,Ward,3,256,0.13009772119876778,SiO2+P2O5+MgO+BaO+K2O+PbO+Fe2O3,0.36363636363636365,0,
铅钡,Ward,4,256,0.20039311040132846,SiO2+P2O5+MgO+BaO+K2O+PbO+Fe2O3,0.36363636363636365,0,
铅钡,Ward,5,256,0.17791375120765876,SiO2+P2O5+MgO+BaO+K2O+PbO+Fe2O3,0.36363636363636365,0,
铅钡,Ward,6,256,0.252748721719079,SiO2+P2O5+MgO+BaO+K2O+PbO+Fe2O3,0.36363636363636365,0,
铅钡,Ward,2,257,0.7080247662984096,Al2O3+CuO+BaO+CaO+SiO2+Fe2O3+K2O,0.875,0,
铅钡,Ward,3,257,0.2968844954016935,Al2O3+CuO+BaO+CaO+SiO2+Fe2O3+K2O,0.875,0,
铅钡,Ward,4,257,0.7852823092951161,Al2O3+CuO+BaO+CaO+SiO2+Fe2O3+K2O,0.875,0,
铅钡,Ward,5,257,0.7225148306259356,Al2O3+CuO+BaO+CaO+SiO2+Fe2O3+K2O,0.875,0,
铅钡,Ward,6,257,0.632217242288426,Al2O3+CuO+BaO+CaO+SiO2+Fe2O3+K2O,0.875,0,
铅钡,Ward,2,258,0.18234157498324066,PbO+SrO+CuO+SiO2+MgO+BaO+K2O,0.5,0,
铅钡,Ward,3,258,0.1924734031428213,PbO+SrO+CuO+SiO2+MgO+BaO+K2O,0.5,0,
铅钡,Ward,4,258,0.19433056295563675,PbO+SrO+CuO+SiO2+MgO+BaO+K2O,0.5,0,
铅钡,Ward,5,258,0.15016274066309923,PbO+SrO+CuO+SiO2+MgO+BaO+K2O,0.5,0,
铅钡,Ward,6,258,0.13281014186537882,PbO+SrO+CuO+SiO2+MgO+BaO+K2O,0.5,0,
铅钡,Ward,2,259,0.3436544719455675,PbO+SrO+BaO+SiO2+K2O,0.4444444444444444,0,
铅钡,Ward,3,259,0.17504511472028875,PbO+SrO+BaO+SiO2+K2O,0.4444444444444444,0,
铅钡,Ward,4,259,0.23510521233353546,PbO+SrO+BaO+SiO2+K2O,0.4444444444444444,0,
铅钡,Ward,5,259,0.17926624397117,PbO+SrO+BaO+SiO2+K2O,0.4444444444444444,0,
铅钡,Ward,6,259,0.20259676629103382,PbO+SrO+BaO+SiO2+K2O,0.4444444444444444,0,
铅钡,Ward,2,260,0.40616966580976865,PbO+SrO+BaO+Fe2O3+CaO+SiO2+K2O,0.6666666666666666,0,
铅钡,Ward,3,260,0.3706684320499824,PbO+SrO+BaO+Fe2O3+CaO+SiO2+K2O,0.6666666666666666,0,
铅钡,Ward,4,260,0.36621233002206627,PbO+SrO+BaO+Fe2O3+CaO+SiO2+K2O,0.6666666666666666,0,
铅钡,Ward,5,260,0.40581366182659345,PbO+SrO+BaO+Fe2O3+CaO+SiO2+K2O,0.6666666666666666,0,
铅钡,Ward,6,260,0.491177677472302,PbO+SrO+BaO+Fe2O3+CaO+SiO2+K2O,0.6666666666666666,0,
铅钡,Ward,2,261,0.8999644844323429,SiO2+CuO+K2O+PbO+SrO+Fe2O3+BaO,0.6666666666666666,0,
铅钡,Ward,3,261,0.6674187180210306,SiO2+CuO+K2O+PbO+SrO+Fe2O3+BaO,0.6666666666666666,0,
铅钡,Ward,4,261,0.4794383149448345,SiO2+CuO+K2O+PbO+SrO+Fe2O3+BaO,0.6666666666666666,0,
铅钡,Ward,5,261,0.3904635761589404,SiO2+CuO+K2O+PbO+SrO+Fe2O3+BaO,0.6666666666666666,0,
铅钡,Ward,6,261,0.4041806451612903,SiO2+CuO+K2O+PbO+SrO+Fe2O3+BaO,0.6666666666666666,0,
铅钡,Ward,2,262,0.011583011583011582,P2O5+SiO2+CuO+MgO+Fe2O3+Al2O3+SrO+K2O,0.6,0,
铅钡,Ward,3,262,0.23254553121423266,P2O5+SiO2+CuO+MgO+Fe2O3+Al2O3+SrO+K2O,0.6,0,
铅钡,Ward,4,262,0.22196587249012037,P2O5+SiO2+CuO+MgO+Fe2O3+Al2O3+SrO+K2O,0.6,0,
铅钡,Ward,5,262,0.4170247978004965,P2O5+SiO2+CuO+MgO+Fe2O3+Al2O3+SrO+K2O,0.6,0,
铅钡,Ward,6,262,0.3806179775280899,P2O5+SiO2+CuO+MgO+Fe2O3+Al2O3+SrO+K2O,0.6,0,
铅钡,Ward,2,263,0.47738693467336685,SiO2+K2O+MgO+CuO+PbO+Al2O3+Fe2O3+BaO,0.6,0,
铅钡,Ward,3,263,0.25630176985876885,SiO2+K2O+MgO+CuO+PbO+Al2O3+Fe2O3+BaO,0.6,0,
铅钡,Ward,4,263,0.20286309542599198,SiO2+K2O+MgO+CuO+PbO+Al2O3+Fe2O3+BaO,0.6,0,
铅钡,Ward,5,263,0.11335075722315706,SiO2+K2O+MgO+CuO+PbO+Al2O3+Fe2O3+BaO,0.6,0,
铅钡,Ward,6,263,0.1316256157635468,SiO2+K2O+MgO+CuO+PbO+Al2O3+Fe2O3+BaO,0.6,0,
铅钡,Ward,2,264,0.7986960065199674,PbO+Fe2O3+SiO2+CuO+BaO+Al2O3+K2O,0.6666666666666666,0,
铅钡,Ward,3,264,0.3651543793320731,PbO+Fe2O3+SiO2+CuO+BaO+Al2O3+K2O,0.6666666666666666,0,
铅钡,Ward,4,264,0.34251974736042295,PbO+Fe2O3+SiO2+CuO+BaO+Al2O3+K2O,0.6666666666666666,0,
铅钡,Ward,5,264,0.30758988015978694,PbO+Fe2O3+SiO2+CuO+BaO+Al2O3+K2O,0.6666666666666666,0,
铅钡,Ward,6,264,0.28823737195337334,PbO+Fe2O3+SiO2+CuO+BaO+Al2O3+K2O,0.6666666666666666,0,
铅钡,Ward,2,265,0.08318264014466546,PbO+Fe2O3+SiO2+BaO+K2O,0.4444444444444444,0,
铅钡,Ward,3,265,0.26566727893978,PbO+Fe2O3+SiO2+BaO+K2O,0.4444444444444444,0,
铅钡,Ward,4,265,0.15413731101020772,PbO+Fe2O3+SiO2+BaO+K2O,0.4444444444444444,0,
铅钡,Ward,5,265,0.1756954208364348,PbO+Fe2O3+SiO2+BaO+K2O,0.4444444444444444,0,
铅钡,Ward,6,265,0.2205221382805776,PbO+Fe2O3+SiO2+BaO+K2O,0.4444444444444444,0,
铅钡,Ward,2,266,0.022556390977443608,SiO2+SrO+PbO+Fe2O3+BaO+K2O,0.5555555555555556,0,
铅钡,Ward,3,266,0.1527934119319865,SiO2+SrO+PbO+Fe2O3+BaO+K2O,0.5555555555555556,0,
铅钡,Ward,4,266,0.24172672274578805,SiO2+SrO+PbO+Fe2O3+BaO+K2O,0.5555555555555556,0,
铅钡,Ward,5,266,0.214556186657757,SiO2+SrO+PbO+Fe2O3+BaO+K2O,0.5555555555555556,0,
铅钡,Ward,6,266,0.2527413022878029,SiO2+SrO+PbO+Fe2O3+BaO+K2O,0.5555555555555556,0,
铅钡,Ward,2,267,0.04152412410050726,SiO2+CaO+K2O+BaO+Fe2O3+PbO+SrO,0.6666666666666666,0,
铅钡,Ward,3,267,0.10466505965523527,SiO2+CaO+K2O+BaO+Fe2O3+PbO+SrO,0.6666666666666666,0,
铅钡,Ward,4,267,0.2515997608661958,SiO2+CaO+K2O+BaO+Fe2O3+PbO+SrO,0.6666666666666666,0,
铅钡,Ward,5,267,0.4021990443405436,SiO2+CaO+K2O+BaO+Fe2O3+PbO+SrO,0.6666666666666666,0,
铅钡,Ward,6,267,0.4147339699863574,SiO2+CaO+K2O+BaO+Fe2O3+PbO+SrO,0.6666666666666666,0,
铅钡,Ward,2,268,0.8051474213588403,PbO+Al2O3+CuO+SiO2+CaO+Fe2O3+K2O,0.6666666666666666,0,
铅钡,Ward,3,268,0.544573037222396,PbO+Al2O3+CuO+SiO2+CaO+Fe2O3+K2O,0.6666666666666666,0,
铅钡,Ward,4,268,0.26731848366781835,PbO+Al2O3+CuO+SiO2+CaO+Fe2O3+K2O,0.6666666666666666,0,
铅钡,Ward,5,268,0.4230949528621282,PbO+Al2O3+CuO+SiO2+CaO+Fe2O3+K2O,0.6666666666666666,0,
铅钡,Ward,6,268,0.5050421897509776,PbO+Al2O3+CuO+SiO2+CaO+Fe2O3+K2O,0.6666666666666666,0,
铅钡,Ward,2,269,0.10392364793213149,Al2O3+CuO+Fe2O3+PbO+SiO2+SrO+K2O,0.6666666666666666,0,
铅钡,Ward,3,269,0.33710590137429264,Al2O3+CuO+Fe2O3+PbO+SiO2+SrO+K2O,0.6666666666666666,0,
铅钡,Ward,4,269,0.30520127298787747,Al2O3+CuO+Fe2O3+PbO+SiO2+SrO+K2O,0.6666666666666666,0,
铅钡,Ward,5,269,0.27715355805243447,Al2O3+CuO+Fe2O3+PbO+SiO2+SrO+K2O,0.6666666666666666,0,
铅钡,Ward,6,269,0.2612155715030269,Al2O3+CuO+Fe2O3+PbO+SiO2+SrO+K2O,0.6666666666666666,0,
铅钡,Ward,2,270,0.23157251788071642,SiO2+MgO+Fe2O3+Al2O3+BaO+K2O+PbO+SrO,0.6,0,
铅钡,Ward,3,270,0.30920859842540194,SiO2+MgO+Fe2O3+Al2O3+BaO+K2O+PbO+SrO,0.6,0,
铅钡,Ward,4,270,0.2279661290843864,SiO2+MgO+Fe2O3+Al2O3+BaO+K2O+PbO+SrO,0.6,0,
铅钡,Ward,5,270,0.25192787038479514,SiO2+MgO+Fe2O3+Al2O3+BaO+K2O+PbO+SrO,0.6,0,
铅钡,Ward,6,270,0.3441938178780284,SiO2+MgO+Fe2O3+Al2O3+BaO+K2O+PbO+SrO,0.6,0,
铅钡,Ward,2,271,0.805174317715728,SiO2+Fe2O3+MgO+CuO+BaO+PbO+SrO+K2O,0.6,0,
铅钡,Ward,3,271,0.5827214366634499,SiO2+Fe2O3+MgO+CuO+BaO+PbO+SrO+K2O,0.6,0,
铅钡,Ward,4,271,0.62641624987241,SiO2+Fe2O3+MgO+CuO+BaO+PbO+SrO+K2O,0.6,0,
铅钡,Ward,5,271,0.34838302454238296,SiO2+Fe2O3+MgO+CuO+BaO+PbO+SrO+K2O,0.6,0,
铅钡,Ward,6,271,0.37775174698065195,SiO2+Fe2O3+MgO+CuO+BaO+PbO+SrO+K2O,0.6,0,
铅钡,Ward,2,272,0.28793927099011846,PbO+SrO+SiO2+K2O+Al2O3+Fe2O3,0.5555555555555556,0,
铅钡,Ward,3,272,0.23140175737847518,PbO+SrO+SiO2+K2O+Al2O3+Fe2O3,0.5555555555555556,0,
铅钡,Ward,4,272,0.17056037121773596,PbO+SrO+SiO2+K2O+Al2O3+Fe2O3,0.5555555555555556,0,
铅钡,Ward,5,272,0.14669583945848005,PbO+SrO+SiO2+K2O+Al2O3+Fe2O3,0.5555555555555556,0,
铅钡,Ward,6,272,0.14135060129509713,PbO+SrO+SiO2+K2O+Al2O3+Fe2O3,0.5555555555555556,0,
铅钡,Ward,2,273,0.4092071611253197,Fe2O3+BaO+Al2O3+CuO+SrO+SiO2+K2O,0.875,0,
铅钡,Ward,3,273,0.20537161379949062,Fe2O3+BaO+Al2O3+CuO+SrO+SiO2+K2O,0.875,0,
铅钡,Ward,4,273,0.17195520298646758,Fe2O3+BaO+Al2O3+CuO+SrO+SiO2+K2O,0.875,0,
铅钡,Ward,5,273,0.18407277532144128,Fe2O3+BaO+Al2O3+CuO+SrO+SiO2+K2O,0.875,0,
铅钡,Ward,6,273,0.1957933807609032,Fe2O3+BaO+Al2O3+CuO+SrO+SiO2+K2O,0.875,0,
铅钡,Ward,2,274,0.6306818181818182,SiO2+CuO+PbO+BaO+Fe2O3+K2O,0.5555555555555556,0,
铅钡,Ward,3,274,0.42746181410525896,SiO2+CuO+PbO+BaO+Fe2O3+K2O,0.5555555555555556,0,
铅钡,Ward,4,274,0.26115107913669067,SiO2+CuO+PbO+BaO+Fe2O3+K2O,0.5555555555555556,0,
铅钡,Ward,5,274,0.27146916438644497,SiO2+CuO+PbO+BaO+Fe2O3+K2O,0.5555555555555556,0,
铅钡,Ward,6,274,0.3568710359408034,SiO2+CuO+PbO+BaO+Fe2O3+K2O,0.5555555555555556,0,
铅钡,Ward,2,275,0.4079025198154501,SiO2+MgO+PbO+Al2O3+BaO+Fe2O3+SrO,0.5,0,
铅钡,Ward,3,275,0.264294365785407,SiO2+MgO+PbO+Al2O3+BaO+Fe2O3+SrO,0.5,0,
铅钡,Ward,4,275,0.14855981833393092,SiO2+MgO+PbO+Al2O3+BaO+Fe2O3+SrO,0.5,0,
铅钡,Ward,5,275,0.25769805680119584,SiO2+MgO+PbO+Al2O3+BaO+Fe2O3+SrO,0.5,0,
铅钡,Ward,6,275,0.2907546553413917,SiO2+MgO+PbO+Al2O3+BaO+Fe2O3+SrO,0.5,0,
铅钡,Ward,2,276,-0.08428446005267778,SiO2+Fe2O3+PbO+Al2O3+SO2+K2O+BaO,0.5,0,
铅钡,Ward,3,276,0.3987553105329715,SiO2+Fe2O3+PbO+Al2O3+SO2+K2O+BaO,0.5,0,
铅钡,Ward,4,276,0.3604819113323931,SiO2+Fe2O3+PbO+Al2O3+SO2+K2O+BaO,0.5,0,
铅钡,Ward,5,276,0.36908958368700134,SiO2+Fe2O3+PbO+Al2O3+SO2+K2O+BaO,0.5,0,
铅钡,Ward,6,276,0.42734391994779203,SiO2+Fe2O3+PbO+Al2O3+SO2+K2O+BaO,0.5,0,
铅钡,Ward,2,277,-0.025950393607342064,MgO+SiO2+P2O5+PbO+Al2O3+BaO+Fe2O3,0.36363636363636365,0,
铅钡,Ward,3,277,0.05748362764986997,MgO+SiO2+P2O5+PbO+Al2O3+BaO+Fe2O3,0.36363636363636365,0,
铅钡,Ward,4,277,0.19651299554899565,MgO+SiO2+P2O5+PbO+Al2O3+BaO+Fe2O3,0.36363636363636365,0,
铅钡,Ward,5,277,0.19710175926421047,MgO+SiO2+P2O5+PbO+Al2O3+BaO+Fe2O3,0.36363636363636365,0,
铅钡,Ward,6,277,0.195187478098353,MgO+SiO2+P2O5+PbO+Al2O3+BaO+Fe2O3,0.36363636363636365,0,
铅钡,Ward,2,278,0.47458791208791207,K2O+SiO2+Fe2O3+PbO+Al2O3+SrO,0.5555555555555556,0,
铅钡,Ward,3,278,0.39906668231979336,K2O+SiO2+Fe2O3+PbO+Al2O3+SrO,0.5555555555555556,0,
铅钡,Ward,4,278,0.2569226860868829,K2O+SiO2+Fe2O3+PbO+Al2O3+SrO,0.5555555555555556,0,
铅钡,Ward,5,278,0.277435654508132,K2O+SiO2+Fe2O3+PbO+Al2O3+SrO,0.5555555555555556,0,
铅钡,Ward,6,278,0.3422750424448217,K2O+SiO2+Fe2O3+PbO+Al2O3+SrO,0.5555555555555556,0,
铅钡,Ward,2,279,0.13934426229508196,PbO+SrO+Al2O3+CaO+SiO2+K2O,0.5555555555555556,0,
铅钡,Ward,3,279,0.1169255928045789,PbO+SrO+Al2O3+CaO+SiO2+K2O,0.5555555555555556,0,
铅钡,Ward,4,279,0.2569079587468379,PbO+SrO+Al2O3+CaO+SiO2+K2O,0.5555555555555556,0,
铅钡,Ward,5,279,0.2644757433489828,PbO+SrO+Al2O3+CaO+SiO2+K2O,0.5555555555555556,0,
铅钡,Ward,6,279,0.3345954284111625,PbO+SrO+Al2O3+CaO+SiO2+K2O,0.5555555555555556,0,
铅钡,Ward,2,280,0.8033126293995859,CaO+SiO2+CuO+Al2O3+PbO+SrO+K2O,0.6666666666666666,0,
铅钡,Ward,3,280,0.418988230787239,CaO+SiO2+CuO+Al2O3+PbO+SrO+K2O,0.6666666666666666,0,
铅钡,Ward,4,280,0.8074975532956045,CaO+SiO2+CuO+Al2O3+PbO+SrO+K2O,0.6666666666666666,0,
铅钡,Ward,5,280,0.7216464606961283,CaO+SiO2+CuO+Al2O3+PbO+SrO+K2O,0.6666666666666666,0,
铅钡,Ward,6,280,0.739880778690233,CaO+SiO2+CuO+Al2O3+PbO+SrO+K2O,0.6666666666666666,0,
铅钡,Ward,2,281,0.06690592155857472,Fe2O3+PbO+SiO2+Al2O3+SrO+K2O,0.5555555555555556,0,
铅钡,Ward,3,281,0.16196900563719324,Fe2O3+PbO+SiO2+Al2O3+SrO+K2O,0.5555555555555556,0,
铅钡,Ward,4,281,0.1306651862319572,Fe2O3+PbO+SiO2+Al2O3+SrO+K2O,0.5555555555555556,0,
铅钡,Ward,5,281,0.1769041769041769,Fe2O3+PbO+SiO2+Al2O3+SrO+K2O,0.5555555555555556,0,
铅钡,Ward,6,281,0.2124325036217569,Fe2O3+PbO+SiO2+Al2O3+SrO+K2O,0.5555555555555556,0,
铅钡,Ward,2,282,0.03932435998944313,CuO+P2O5+SiO2+K2O+Fe2O3+PbO+SrO,0.5,0,
铅钡,Ward,3,282,0.08598696889052032,CuO+P2O5+SiO2+K2O+Fe2O3+PbO+SrO,0.5,0,
铅钡,Ward,4,282,0.3273303741280913,CuO+P2O5+SiO2+K2O+Fe2O3+PbO+SrO,0.5,0,
铅钡,Ward,5,282,0.4625208846600402,CuO+P2O5+SiO2+K2O+Fe2O3+PbO+SrO,0.5,0,
铅钡,Ward,6,282,0.5638420245398773,CuO+P2O5+SiO2+K2O+Fe2O3+PbO+SrO,0.5,0,
铅钡,Ward,2,283,0.630747381501864,BaO+SiO2+MgO+Al2O3+SrO+Fe2O3+CuO+K2O,0.7777777777777778,0,
铅钡,Ward,3,283,0.4318326104825614,BaO+SiO2+MgO+Al2O3+SrO+Fe2O3+CuO+K2O,0.7777777777777778,0,
铅钡,Ward,4,283,0.27023771281721815,BaO+SiO2+MgO+Al2O3+SrO+Fe2O3+CuO+K2O,0.7777777777777778,0,
铅钡,Ward,5,283,0.2137820571828341,BaO+SiO2+MgO+Al2O3+SrO+Fe2O3+CuO+K2O,0.7777777777777778,0,
铅钡,Ward,6,283,0.2453435430463576,BaO+SiO2+MgO+Al2O3+SrO+Fe2O3+CuO+K2O,0.7777777777777778,0,
铅钡,Ward,2,284,0.3434343434343434,Al2O3+SiO2+Fe2O3+CaO+P2O5+K2O+BaO,0.6666666666666666,0,
铅钡,Ward,3,284,0.2267833380378241,Al2O3+SiO2+Fe2O3+CaO+P2O5+K2O+BaO,0.6666666666666666,0,
铅钡,Ward,4,284,0.24759885243856805,Al2O3+SiO2+Fe2O3+CaO+P2O5+K2O+BaO,0.6666666666666666,0,
铅钡,Ward,5,284,0.39904442789774136,Al2O3+SiO2+Fe2O3+CaO+P2O5+K2O+BaO,0.6666666666666666,0,
铅钡,Ward,6,284,0.49543783194879476,Al2O3+SiO2+Fe2O3+CaO+P2O5+K2O+BaO,0.6666666666666666,0,
铅钡,Ward,2,285,0.7149460708782742,Al2O3+SrO+BaO+SiO2+Fe2O3+CuO+K2O,0.875,0,
铅钡,Ward,3,285,0.5451081229745581,Al2O3+SrO+BaO+SiO2+Fe2O3+CuO+K2O,0.875,0,
铅钡,Ward,4,285,0.37348638961542185,Al2O3+SrO+BaO+SiO2+Fe2O3+CuO+K2O,0.875,0,
铅钡,Ward,5,285,0.19042545374384598,Al2O3+SrO+BaO+SiO2+Fe2O3+CuO+K2O,0.875,0,
铅钡,Ward,6,285,0.18079975105025672,Al2O3+SrO+BaO+SiO2+Fe2O3+CuO+K2O,0.875,0,
铅钡,Ward,2,286,0.7154856264048267,SiO2+K2O+CuO+PbO+BaO+SrO+Fe2O3,0.6666666666666666,0,
铅钡,Ward,3,286,0.7351866275238153,SiO2+K2O+CuO+PbO+BaO+SrO+Fe2O3,0.6666666666666666,0,
铅钡,Ward,4,286,0.7120347731594675,SiO2+K2O+CuO+PbO+BaO+SrO+Fe2O3,0.6666666666666666,0,
铅钡,Ward,5,286,0.3419753086419753,SiO2+K2O+CuO+PbO+BaO+SrO+Fe2O3,0.6666666666666666,0,
铅钡,Ward,6,286,0.26330291923366866,SiO2+K2O+CuO+PbO+BaO+SrO+Fe2O3,0.6666666666666666,0,
铅钡,Ward,2,287,0.18797728607793224,SiO2+MgO+SrO+Fe2O3+CuO+K2O+PbO+BaO,0.6,0,
铅钡,Ward,3,287,0.22714496592724406,SiO2+MgO+SrO+Fe2O3+CuO+K2O+PbO+BaO,0.6,0,
铅钡,Ward,4,287,0.38144090613684895,SiO2+MgO+SrO+Fe2O3+CuO+K2O+PbO+BaO,0.6,0,
铅钡,Ward,5,287,0.235418473547268,SiO2+MgO+SrO+Fe2O3+CuO+K2O+PbO+BaO,0.6,0,
铅钡,Ward,6,287,0.26482164312052037,SiO2+MgO+SrO+Fe2O3+CuO+K2O+PbO+BaO,0.6,0,
铅钡,Ward,2,288,0.6308638810561394,SiO2+CuO+K2O+Al2O3+SrO+BaO+Fe2O3,0.875,0,
铅钡,Ward,3,288,0.4121314687806181,SiO2+CuO+K2O+Al2O3+SrO+BaO+Fe2O3,0.875,0,
铅钡,Ward,4,288,0.3993139016592378,SiO2+CuO+K2O+Al2O3+SrO+BaO+Fe2O3,0.875,0,
铅钡,Ward,5,288,0.24428681901815952,SiO2+CuO+K2O+Al2O3+SrO+BaO+Fe2O3,0.875,0,
铅钡,Ward,6,288,0.2789766119653702,SiO2+CuO+K2O+Al2O3+SrO+BaO+Fe2O3,0.875,0,
铅钡,Ward,2,289,0.175054704595186,SiO2+K2O+CaO+PbO+Al2O3+BaO+Fe2O3,0.6666666666666666,0,
铅钡,Ward,3,289,0.03604587657018023,SiO2+K2O+CaO+PbO+Al2O3+BaO+Fe2O3,0.6666666666666666,0,
铅钡,Ward,4,289,0.19747141763587425,SiO2+K2O+CaO+PbO+Al2O3+BaO+Fe2O3,0.6666666666666666,0,
铅钡,Ward,5,289,0.3758306347453344,SiO2+K2O+CaO+PbO+Al2O3+BaO+Fe2O3,0.6666666666666666,0,
铅钡,Ward,6,289,0.5077035603897789,SiO2+K2O+CaO+PbO+Al2O3+BaO+Fe2O3,0.6666666666666666,0,
铅钡,Ward,2,290,0.8051474213588403,PbO+Fe2O3+SrO+CuO+K2O+SiO2+BaO,0.6666666666666666,0,
铅钡,Ward,3,290,0.5723947947289435,PbO+Fe2O3+SrO+CuO+K2O+SiO2+BaO,0.6666666666666666,0,
铅钡,Ward,4,290,0.3690414283237996,PbO+Fe2O3+SrO+CuO+K2O+SiO2+BaO,0.6666666666666666,0,
铅钡,Ward,5,290,0.3028791347092138,PbO+Fe2O3+SrO+CuO+K2O+SiO2+BaO,0.6666666666666666,0,
铅钡,Ward,6,290,0.23376785380153434,PbO+Fe2O3+SrO+CuO+K2O+SiO2+BaO,0.6666666666666666,0,
铅钡,Ward,2,291,1.0,SiO2+CaO+SrO+CuO+BaO+Al2O3+Fe2O3+K2O,1.0,0,
铅钡,Ward,3,291,0.7231267022997686,SiO2+CaO+SrO+CuO+BaO+Al2O3+Fe2O3+K2O,1.0,0,
铅钡,Ward,4,291,0.810532452390206,SiO2+CaO+SrO+CuO+BaO+Al2O3+Fe2O3+K2O,1.0,0,
铅钡,Ward,5,291,0.5031425174112452,SiO2+CaO+SrO+CuO+BaO+Al2O3+Fe2O3+K2O,1.0,0,
铅钡,Ward,6,291,0.5265997947495613,SiO2+CaO+SrO+CuO+BaO+Al2O3+Fe2O3+K2O,1.0,0,
铅钡,Ward,2,292,-0.020780456852791878,SiO2+MgO+BaO+PbO+SrO+Fe2O3+K2O,0.5,0,
铅钡,Ward,3,292,0.164270601638366,SiO2+MgO+BaO+PbO+SrO+Fe2O3+K2O,0.5,0,
铅钡,Ward,4,292,0.10355789216285609,SiO2+MgO+BaO+PbO+SrO+Fe2O3+K2O,0.5,0,
铅钡,Ward,5,292,0.19084098462231736,SiO2+MgO+BaO+PbO+SrO+Fe2O3+K2O,0.5,0,
铅钡,Ward,6,292,0.18483968616791252,SiO2+MgO+BaO+PbO+SrO+Fe2O3+K2O,0.5,0,
铅钡,Ward,2,293,0.8993288590604027,K2O+CuO+SiO2+CaO+Al2O3+Fe2O3+SrO,0.875,0,
铅钡,Ward,3,293,0.743584686088483,K2O+CuO+SiO2+CaO+Al2O3+Fe2O3+SrO,0.875,0,
铅钡,Ward,4,293,0.6247383993649419,K2O+CuO+SiO2+CaO+Al2O3+Fe2O3+SrO,0.875,0,
铅钡,Ward,5,293,0.7076356148051808,K2O+CuO+SiO2+CaO+Al2O3+Fe2O3+SrO,0.875,0,
铅钡,Ward,6,293,0.6831999060463113,K2O+CuO+SiO2+CaO+Al2O3+Fe2O3+SrO,0.875,0,
铅钡,Ward,2,294,0.6310966597694354,SiO2+BaO+MgO+Fe2O3+CuO+Al2O3+SrO+K2O,0.7777777777777778,0,
铅钡,Ward,3,294,0.599927112226924,SiO2+BaO+MgO+Fe2O3+CuO+Al2O3+SrO+K2O,0.7777777777777778,0,
铅钡,Ward,4,294,0.2907009215302988,SiO2+BaO+MgO+Fe2O3+CuO+Al2O3+SrO+K2O,0.7777777777777778,0,
铅钡,Ward,5,294,0.2309670781893004,SiO2+BaO+MgO+Fe2O3+CuO+Al2O3+SrO+K2O,0.7777777777777778,0,
铅钡,Ward,6,294,0.30124428420682375,SiO2+BaO+MgO+Fe2O3+CuO+Al2O3+SrO+K2O,0.7777777777777778,0,
铅钡,Ward,2,295,0.17472636815920398,SiO2+MgO+CaO+Al2O3+SrO+Fe2O3+BaO+K2O,0.7777777777777778,0,
铅钡,Ward,3,295,0.1956890529887237,SiO2+MgO+CaO+Al2O3+SrO+Fe2O3+BaO+K2O,0.7777777777777778,0,
铅钡,Ward,4,295,0.3537830616598662,SiO2+MgO+CaO+Al2O3+SrO+Fe2O3+BaO+K2O,0.7777777777777778,0,
铅钡,Ward,5,295,0.34320127463201605,SiO2+MgO+CaO+Al2O3+SrO+Fe2O3+BaO+K2O,0.7777777777777778,0,
铅钡,Ward,6,295,0.384790223134398,SiO2+MgO+CaO+Al2O3+SrO+Fe2O3+BaO+K2O,0.7777777777777778,0,
铅钡,Ward,2,296,-0.02247191011235955,PbO+SiO2+CuO+Fe2O3+CaO+P2O5+SrO+Na2O,0.45454545454545453,0,
铅钡,Ward,3,296,0.10313439598006507,PbO+SiO2+CuO+Fe2O3+CaO+P2O5+SrO+Na2O,0.45454545454545453,0,
铅钡,Ward,4,296,0.23180230996508192,PbO+SiO2+CuO+Fe2O3+CaO+P2O5+SrO+Na2O,0.45454545454545453,0,
铅钡,Ward,5,296,0.23706408158126652,PbO+SiO2+CuO+Fe2O3+CaO+P2O5+SrO+Na2O,0.45454545454545453,0,
铅钡,Ward,6,296,0.27993483573174044,PbO+SiO2+CuO+Fe2O3+CaO+P2O5+SrO+Na2O,0.45454545454545453,0,
铅钡,Ward,2,297,0.06644570707070707,SiO2+K2O+PbO+Al2O3+Fe2O3+SrO,0.5555555555555556,0,
铅钡,Ward,3,297,0.08670322138450993,SiO2+K2O+PbO+Al2O3+Fe2O3+SrO,0.5555555555555556,0,
铅钡,Ward,4,297,0.06046352099563918,SiO2+K2O+PbO+Al2O3+Fe2O3+SrO,0.5555555555555556,0,
铅钡,Ward,5,297,0.19324596979640085,SiO2+K2O+PbO+Al2O3+Fe2O3+SrO,0.5555555555555556,0,
铅钡,Ward,6,297,0.19071959483223522,SiO2+K2O+PbO+Al2O3+Fe2O3+SrO,0.5555555555555556,0,
铅钡,Ward,2,298,0.10756894191277137,PbO+Al2O3+Fe2O3+SiO2+CaO+K2O,0.5555555555555556,0,
铅钡,Ward,3,298,0.06627991870399969,PbO+Al2O3+Fe2O3+SiO2+CaO+K2O,0.5555555555555556,0,
铅钡,Ward,4,298,0.06492627303306607,PbO+Al2O3+Fe2O3+SiO2+CaO+K2O,0.5555555555555556,0,
铅钡,Ward,5,298,0.12289505966320954,PbO+Al2O3+Fe2O3+SiO2+CaO+K2O,0.5555555555555556,0,
铅钡,Ward,6,298,0.19188747959311817,PbO+Al2O3+Fe2O3+SiO2+CaO+K2O,0.5555555555555556,0,
铅钡,Ward,2,299,0.4778156996587031,PbO+Fe2O3+SrO+SiO2+Na2O+K2O,0.4,0,
铅钡,Ward,3,299,0.38654012079378774,PbO+Fe2O3+SrO+SiO2+Na2O+K2O,0.4,0,
铅钡,Ward,4,299,0.2658630062721653,PbO+Fe2O3+SrO+SiO2+Na2O+K2O,0.4,0,
铅钡,Ward,5,299,0.16540035067212155,PbO+Fe2O3+SrO+SiO2+Na2O+K2O,0.4,0,
铅钡,Ward,6,299,0.24843686178401986,PbO+Fe2O3+SrO+SiO2+Na2O+K2O,0.4,0,
铅钡,Ward,2,300,0.18176078292095812,K2O+PbO+Al2O3+BaO+SiO2+MgO+SrO,0.5,0,
铅钡,Ward,3,300,0.16627519862747903,K2O+PbO+Al2O3+BaO+SiO2+MgO+SrO,0.5,0,
铅钡,Ward,4,300,0.11992840095465394,K2O+PbO+Al2O3+BaO+SiO2+MgO+SrO,0.5,0,
铅钡,Ward,5,300,0.27923010629129563,K2O+PbO+Al2O3+BaO+SiO2+MgO+SrO,0.5,0,
铅钡,Ward,6,300,0.28208822117033683,K2O+PbO+Al2O3+BaO+SiO2+MgO+SrO,0.5,0,
铅钡,Ward,2,301,0.8956145768993206,Al2O3+PbO+Fe2O3+K2O+CuO+SiO2+CaO,0.6666666666666666,0,
铅钡,Ward,3,301,0.4490376659109715,Al2O3+PbO+Fe2O3+K2O+CuO+SiO2+CaO,0.6666666666666666,0,
铅钡,Ward,4,301,0.522787787917173,Al2O3+PbO+Fe2O3+K2O+CuO+SiO2+CaO,0.6666666666666666,0,
铅钡,Ward,5,301,0.40096141994330087,Al2O3+PbO+Fe2O3+K2O+CuO+SiO2+CaO,0.6666666666666666,0,
铅钡,Ward,6,301,0.3740034884591925,Al2O3+PbO+Fe2O3+K2O+CuO+SiO2+CaO,0.6666666666666666,0,
铅钡,Ward,2,302,0.18848577355093735,SiO2+CaO+SO2+Al2O3+BaO+Fe2O3+K2O,0.6666666666666666,0,
铅钡,Ward,3,302,0.15269760804276983,SiO2+CaO+SO2+Al2O3+BaO+Fe2O3+K2O,0.6666666666666666,0,
铅钡,Ward,4,302,0.12506672236533686,SiO2+CaO+SO2+Al2O3+BaO+Fe2O3+K2O,0.6666666666666666,0,
铅钡,Ward,5,302,0.3913068005528446,SiO2+CaO+SO2+Al2O3+BaO+Fe2O3+K2O,0.6666666666666666,0,
铅钡,Ward,6,302,0.6063733272850986,SiO2+CaO+SO2+Al2O3+BaO+Fe2O3+K2O,0.6666666666666666,0,
铅钡,Ward,2,303,0.7152161042036708,PbO+Fe2O3+CuO+BaO+SiO2+SrO+K2O,0.6666666666666666,0,
铅钡,Ward,3,303,0.5050030219595729,PbO+Fe2O3+CuO+BaO+SiO2+SrO+K2O,0.6666666666666666,0,
铅钡,Ward,4,303,0.31669521881326895,PbO+Fe2O3+CuO+BaO+SiO2+SrO+K2O,0.6666666666666666,0,
铅钡,Ward,5,303,0.1914866650974996,PbO+Fe2O3+CuO+BaO+SiO2+SrO+K2O,0.6666666666666666,0,
铅钡,Ward,6,303,0.16149806796789853,PbO+Fe2O3+CuO+BaO+SiO2+SrO+K2O,0.6666666666666666,0,
铅钡,Ward,2,304,0.13513513513513514,Al2O3+K2O+Fe2O3+PbO+CaO+SiO2+MgO,0.5,0,
铅钡,Ward,3,304,0.17029709678512145,Al2O3+K2O+Fe2O3+PbO+CaO+SiO2+MgO,0.5,0,
铅钡,Ward,4,304,0.36260262884014954,Al2O3+K2O+Fe2O3+PbO+CaO+SiO2+MgO,0.5,0,
铅钡,Ward,5,304,0.3749251586636331,Al2O3+K2O+Fe2O3+PbO+CaO+SiO2+MgO,0.5,0,
铅钡,Ward,6,304,0.32137382441894186,Al2O3+K2O+Fe2O3+PbO+CaO+SiO2+MgO,0.5,0,
铅钡,Ward,2,305,1.0,K2O+SiO2+CuO+Al2O3+PbO,0.4444444444444444,0,
铅钡,Ward,3,305,0.6230297088491359,K2O+SiO2+CuO+Al2O3+PbO,0.4444444444444444,0,
铅钡,Ward,4,305,0.4646624696023522,K2O+SiO2+CuO+Al2O3+PbO,0.4444444444444444,0,
铅钡,Ward,5,305,0.26467647478931583,K2O+SiO2+CuO+Al2O3+PbO,0.4444444444444444,0,
铅钡,Ward,6,305,0.2612520025390684,K2O+SiO2+CuO+Al2O3+PbO,0.4444444444444444,0,
铅钡,Ward,2,306,0.06734730078640834,CuO+BaO+SiO2+MgO+PbO+SrO+K2O,0.5,0,
铅钡,Ward,3,306,0.22188744868865387,CuO+BaO+SiO2+MgO+PbO+SrO+K2O,0.5,0,
铅钡,Ward,4,306,0.09979049509317454,CuO+BaO+SiO2+MgO+PbO+SrO+K2O,0.5,0,
铅钡,Ward,5,306,0.18259649122807017,CuO+BaO+SiO2+MgO+PbO+SrO+K2O,0.5,0,
铅钡,Ward,6,306,0.210412147505423,CuO+BaO+SiO2+MgO+PbO+SrO+K2O,0.5,0,
铅钡,Ward,2,307,0.899996055071206,SiO2+MgO+Al2O3+CuO+Fe2O3+K2O,0.5555555555555556,0,
铅钡,Ward,3,307,0.5896315182419717,SiO2+MgO+Al2O3+CuO+Fe2O3+K2O,0.5555555555555556,0,
铅钡,Ward,4,307,0.42761483248102367,SiO2+MgO+Al2O3+CuO+Fe2O3+K2O,0.5555555555555556,0,
铅钡,Ward,5,307,0.4070373588184188,SiO2+MgO+Al2O3+CuO+Fe2O3+K2O,0.5555555555555556,0,
铅钡,Ward,6,307,0.4310445438630617,SiO2+MgO+Al2O3+CuO+Fe2O3+K2O,0.5555555555555556,0,
铅钡,Ward,2,308,1.0,PbO+SrO+Al2O3+SiO2+CuO+K2O,0.5555555555555556,0,
铅钡,Ward,3,308,0.7493335859166745,PbO+SrO+Al2O3+SiO2+CuO+K2O,0.5555555555555556,0,
铅钡,Ward,4,308,0.4070053256861942,PbO+SrO+Al2O3+SiO2+CuO+K2O,0.5555555555555556,0,
铅钡,Ward,5,308,0.5075468373759323,PbO+SrO+Al2O3+SiO2+CuO+K2O,0.5555555555555556,0,
铅钡,Ward,6,308,0.5056630003679928,PbO+SrO+Al2O3+SiO2+CuO+K2O,0.5555555555555556,0,
铅钡,Ward,2,309,0.4080425783560024,PbO+SrO+BaO+SiO2+Fe2O3+K2O,0.5555555555555556,0,
铅钡,Ward,3,309,0.2644806623552937,PbO+SrO+BaO+SiO2+Fe2O3+K2O,0.5555555555555556,0,
铅钡,Ward,4,309,0.3476316191390483,PbO+SrO+BaO+SiO2+Fe2O3+K2O,0.5555555555555556,0,
铅钡,Ward,5,309,0.17706070116144954,PbO+SrO+BaO+SiO2+Fe2O3+K2O,0.5555555555555556,0,
铅钡,Ward,6,309,0.19974139869574994,PbO+SrO+BaO+SiO2+Fe2O3+K2O,0.5555555555555556,0,
铅钡,Ward,2,310,1.0,Al2O3+SrO+PbO+CuO+K2O+SiO2+Fe2O3+BaO,0.7777777777777778,0,
铅钡,Ward,3,310,0.5679874323616687,Al2O3+SrO+PbO+CuO+K2O+SiO2+Fe2O3+BaO,0.7777777777777778,0,
铅钡,Ward,4,310,0.3487829195340807,Al2O3+SrO+PbO+CuO+K2O+SiO2+Fe2O3+BaO,0.7777777777777778,0,
铅钡,Ward,5,310,0.28957904988637595,Al2O3+SrO+PbO+CuO+K2O+SiO2+Fe2O3+BaO,0.7777777777777778,0,
铅钡,Ward,6,310,0.37761819269898267,Al2O3+SrO+PbO+CuO+K2O+SiO2+Fe2O3+BaO,0.7777777777777778,0,
铅钡,Ward,2,311,0.899996055071206,P2O5+SO2+Al2O3+SrO+Fe2O3+CuO+CaO+BaO+K2O,0.7,0,
铅钡,Ward,3,311,0.6561992420140769,P2O5+SO2+Al2O3+SrO+Fe2O3+CuO+CaO+BaO+K2O,0.7,0,
铅钡,Ward,4,311,0.6914218566392479,P2O5+SO2+Al2O3+SrO+Fe2O3+CuO+CaO+BaO+K2O,0.7,0,
铅钡,Ward,5,311,0.39557868881221125,P2O5+SO2+Al2O3+SrO+Fe2O3+CuO+CaO+BaO+K2O,0.7,0,
铅钡,Ward,6,311,0.5954262535841667,P2O5+SO2+Al2O3+SrO+Fe2O3+CuO+CaO+BaO+K2O,0.7,0,
铅钡,Ward,2,312,1.0,Al2O3+K2O+SrO+Fe2O3+CuO+SiO2+CaO+BaO,1.0,0,
铅钡,Ward,3,312,0.6700706991358995,Al2O3+K2O+SrO+Fe2O3+CuO+SiO2+CaO+BaO,1.0,0,
铅钡,Ward,4,312,0.510234086053617,Al2O3+K2O+SrO+Fe2O3+CuO+SiO2+CaO+BaO,1.0,0,
铅钡,Ward,5,312,0.7165941578620261,Al2O3+K2O+SrO+Fe2O3+CuO+SiO2+CaO+BaO,1.0,0,
铅钡,Ward,6,312,0.7726806627448864,Al2O3+K2O+SrO+Fe2O3+CuO+SiO2+CaO+BaO,1.0,0,
铅钡,Ward,2,313,0.06734730078640834,P2O5+SiO2+MgO+SrO+Al2O3+BaO+K2O+PbO,0.45454545454545453,0,
铅钡,Ward,3,313,0.022851056132805435,P2O5+SiO2+MgO+SrO+Al2O3+BaO+K2O+PbO,0.45454545454545453,0,
铅钡,Ward,4,313,0.18210526315789474,P2O5+SiO2+MgO+SrO+Al2O3+BaO+K2O+PbO,0.45454545454545453,0,
铅钡,Ward,5,313,0.29349152415100715,P2O5+SiO2+MgO+SrO+Al2O3+BaO+K2O+PbO,0.45454545454545453,0,
铅钡,Ward,6,313,0.3431870959643507,P2O5+SiO2+MgO+SrO+Al2O3+BaO+K2O+PbO,0.45454545454545453,0,
铅钡,Ward,2,314,-0.005379959650302623,PbO+SrO+CaO+Na2O+Al2O3+P2O5+SO2+Fe2O3,0.3333333333333333,0,
铅钡,Ward,3,314,0.37160904871562705,PbO+SrO+CaO+Na2O+Al2O3+P2O5+SO2+Fe2O3,0.3333333333333333,0,
铅钡,Ward,4,314,0.3915498690000763,PbO+SrO+CaO+Na2O+Al2O3+P2O5+SO2+Fe2O3,0.3333333333333333,0,
铅钡,Ward,5,314,0.4553296364756624,PbO+SrO+CaO+Na2O+Al2O3+P2O5+SO2+Fe2O3,0.3333333333333333,0,
铅钡,Ward,6,314,0.3434932890425102,PbO+SrO+CaO+Na2O+Al2O3+P2O5+SO2+Fe2O3,0.3333333333333333,0,
铅钡,Ward,2,315,,,,1,活动成分SnO2在训练集中全缺失
铅钡,Ward,3,315,,,,1,活动成分SnO2在训练集中全缺失
铅钡,Ward,4,315,,,,1,活动成分SnO2在训练集中全缺失
铅钡,Ward,5,315,,,,1,活动成分SnO2在训练集中全缺失
铅钡,Ward,6,315,,,,1,活动成分SnO2在训练集中全缺失
铅钡,Ward,2,316,0.2857142857142857,SiO2+K2O+Al2O3+SrO+PbO,0.4444444444444444,0,
铅钡,Ward,3,316,0.22444755585316856,SiO2+K2O+Al2O3+SrO+PbO,0.4444444444444444,0,
铅钡,Ward,4,316,0.15022618004405183,SiO2+K2O+Al2O3+SrO+PbO,0.4444444444444444,0,
铅钡,Ward,5,316,0.1859185918591859,SiO2+K2O+Al2O3+SrO+PbO,0.4444444444444444,0,
铅钡,Ward,6,316,0.23727128082736676,SiO2+K2O+Al2O3+SrO+PbO,0.4444444444444444,0,
铅钡,Ward,2,317,0.1386654046379555,Al2O3+SrO+PbO+CaO+MgO+K2O,0.4,0,
铅钡,Ward,3,317,0.09208484221417486,Al2O3+SrO+PbO+CaO+MgO+K2O,0.4,0,
铅钡,Ward,4,317,0.34815212768338816,Al2O3+SrO+PbO+CaO+MgO+K2O,0.4,0,
铅钡,Ward,5,317,0.46615629251979473,Al2O3+SrO+PbO+CaO+MgO+K2O,0.4,0,
铅钡,Ward,6,317,0.5481422293248103,Al2O3+SrO+PbO+CaO+MgO+K2O,0.4,0,
铅钡,Ward,2,318,0.2185151788397956,K2O+SiO2+PbO+SrO+CaO+Al2O3,0.5555555555555556,0,
铅钡,Ward,3,318,0.040033565259955946,K2O+SiO2+PbO+SrO+CaO+Al2O3,0.5555555555555556,0,
铅钡,Ward,4,318,0.28739495798319326,K2O+SiO2+PbO+SrO+CaO+Al2O3,0.5555555555555556,0,
铅钡,Ward,5,318,0.3606619029710417,K2O+SiO2+PbO+SrO+CaO+Al2O3,0.5555555555555556,0,
铅钡,Ward,6,318,0.48022493190081483,K2O+SiO2+PbO+SrO+CaO+Al2O3,0.5555555555555556,0,
铅钡,Ward,2,319,1.0,K2O+Fe2O3+SiO2+CaO+SrO+Al2O3+PbO+CuO+BaO+MgO,0.8,0,
铅钡,Ward,3,319,0.6826453617399023,K2O+Fe2O3+SiO2+CaO+SrO+Al2O3+PbO+CuO+BaO+MgO,0.8,0,
铅钡,Ward,4,319,0.39064904320378774,K2O+Fe2O3+SiO2+CaO+SrO+Al2O3+PbO+CuO+BaO+MgO,0.8,0,
铅钡,Ward,5,319,0.4488704262220452,K2O+Fe2O3+SiO2+CaO+SrO+Al2O3+PbO+CuO+BaO+MgO,0.8,0,
铅钡,Ward,6,319,0.5538881309686221,K2O+Fe2O3+SiO2+CaO+SrO+Al2O3+PbO+CuO+BaO+MgO,0.8,0,
铅钡,Ward,2,320,1.0,Al2O3+Fe2O3+CuO+BaO+CaO+SiO2+K2O,0.875,0,
铅钡,Ward,3,320,1.0,Al2O3+Fe2O3+CuO+BaO+CaO+SiO2+K2O,0.875,0,
铅钡,Ward,4,320,0.511686143572621,Al2O3+Fe2O3+CuO+BaO+CaO+SiO2+K2O,0.875,0,
铅钡,Ward,5,320,0.5528062764031382,Al2O3+Fe2O3+CuO+BaO+CaO+SiO2+K2O,0.875,0,
铅钡,Ward,6,320,0.7986712753063698,Al2O3+Fe2O3+CuO+BaO+CaO+SiO2+K2O,0.875,0,
铅钡,Ward,2,321,0.5406824146981627,SiO2+MgO+K2O+Fe2O3+PbO+Al2O3+SrO,0.5,0,
铅钡,Ward,3,321,0.17148084948911413,SiO2+MgO+K2O+Fe2O3+PbO+Al2O3+SrO,0.5,0,
铅钡,Ward,4,321,0.2928188581637823,SiO2+MgO+K2O+Fe2O3+PbO+Al2O3+SrO,0.5,0,
铅钡,Ward,5,321,0.29419401795989025,SiO2+MgO+K2O+Fe2O3+PbO+Al2O3+SrO,0.5,0,
铅钡,Ward,6,321,0.2544702786876443,SiO2+MgO+K2O+Fe2O3+PbO+Al2O3+SrO,0.5,0,
铅钡,Ward,2,322,0.06865060620374744,SiO2+PbO+SrO+Al2O3+K2O+Fe2O3,0.5555555555555556,0,
铅钡,Ward,3,322,0.14171602456121285,SiO2+PbO+SrO+Al2O3+K2O+Fe2O3,0.5555555555555556,0,
铅钡,Ward,4,322,0.09946450951350119,SiO2+PbO+SrO+Al2O3+K2O+Fe2O3,0.5555555555555556,0,
铅钡,Ward,5,322,0.17084282460136674,SiO2+PbO+SrO+Al2O3+K2O+Fe2O3,0.5555555555555556,0,
铅钡,Ward,6,322,0.2317195325542571,SiO2+PbO+SrO+Al2O3+K2O+Fe2O3,0.5555555555555556,0,
铅钡,Ward,2,323,-0.10703006199555504,SiO2+Na2O+PbO+Al2O3+BaO+Fe2O3+SrO,0.5,0,
铅钡,Ward,3,323,0.3152935073917178,SiO2+Na2O+PbO+Al2O3+BaO+Fe2O3+SrO,0.5,0,
铅钡,Ward,4,323,0.247764875141301,SiO2+Na2O+PbO+Al2O3+BaO+Fe2O3+SrO,0.5,0,
铅钡,Ward,5,323,0.2222476329872387,SiO2+Na2O+PbO+Al2O3+BaO+Fe2O3+SrO,0.5,0,
铅钡,Ward,6,323,0.1335848452401205,SiO2+Na2O+PbO+Al2O3+BaO+Fe2O3+SrO,0.5,0,
铅钡,Ward,2,324,0.899996055071206,Fe2O3+BaO+SiO2+CuO+PbO+SrO+K2O,0.6666666666666666,0,
铅钡,Ward,3,324,0.5869391804476501,Fe2O3+BaO+SiO2+CuO+PbO+SrO+K2O,0.6666666666666666,0,
铅钡,Ward,4,324,0.41158253329204086,Fe2O3+BaO+SiO2+CuO+PbO+SrO+K2O,0.6666666666666666,0,
铅钡,Ward,5,324,0.35039856498302324,Fe2O3+BaO+SiO2+CuO+PbO+SrO+K2O,0.6666666666666666,0,
铅钡,Ward,6,324,0.33506328046689837,Fe2O3+BaO+SiO2+CuO+PbO+SrO+K2O,0.6666666666666666,0,
铅钡,Ward,2,325,0.09968035989108559,CaO+SiO2+Al2O3+PbO+K2O+Fe2O3,0.5555555555555556,0,
铅钡,Ward,3,325,0.0527345783107447,CaO+SiO2+Al2O3+PbO+K2O+Fe2O3,0.5555555555555556,0,
铅钡,Ward,4,325,0.07452061086232632,CaO+SiO2+Al2O3+PbO+K2O+Fe2O3,0.5555555555555556,0,
铅钡,Ward,5,325,0.11770207080828324,CaO+SiO2+Al2O3+PbO+K2O+Fe2O3,0.5555555555555556,0,
铅钡,Ward,6,325,0.2266068759342302,CaO+SiO2+Al2O3+PbO+K2O+Fe2O3,0.5555555555555556,0,
铅钡,Ward,2,326,-0.015391291198495716,PbO+SrO+SiO2+CaO+Na2O+K2O+BaO+Fe2O3,0.6,0,
铅钡,Ward,3,326,0.10409502531814012,PbO+SrO+SiO2+CaO+Na2O+K2O+BaO+Fe2O3,0.6,0,
铅钡,Ward,4,326,0.24404795004806126,PbO+SrO+SiO2+CaO+Na2O+K2O+BaO+Fe2O3,0.6,0,
铅钡,Ward,5,326,0.4392465774527827,PbO+SrO+SiO2+CaO+Na2O+K2O+BaO+Fe2O3,0.6,0,
铅钡,Ward,6,326,0.37082777036048065,PbO+SrO+SiO2+CaO+Na2O+K2O+BaO+Fe2O3,0.6,0,
铅钡,Ward,2,327,0.2845683476888684,SiO2+MgO+PbO+SrO+BaO+Fe2O3+K2O,0.5,0,
铅钡,Ward,3,327,0.1734892518396819,SiO2+MgO+PbO+SrO+BaO+Fe2O3+K2O,0.5,0,
铅钡,Ward,4,327,0.24630541871921183,SiO2+MgO+PbO+SrO+BaO+Fe2O3+K2O,0.5,0,
铅钡,Ward,5,327,0.081374321880651,SiO2+MgO+PbO+SrO+BaO+Fe2O3+K2O,0.5,0,
铅钡,Ward,6,327,0.15139237249983922,SiO2+MgO+PbO+SrO+BaO+Fe2O3+K2O,0.5,0,
铅钡,Ward,2,328,-0.005141388174807198,Al2O3+SiO2+Na2O+Fe2O3+PbO+K2O,0.4,0,
铅钡,Ward,3,328,0.01493202585246267,Al2O3+SiO2+Na2O+Fe2O3+PbO+K2O,0.4,0,
铅钡,Ward,4,328,0.035547785547785545,Al2O3+SiO2+Na2O+Fe2O3+PbO+K2O,0.4,0,
铅钡,Ward,5,328,0.03562882212177612,Al2O3+SiO2+Na2O+Fe2O3+PbO+K2O,0.4,0,
铅钡,Ward,6,328,0.11794334926717497,Al2O3+SiO2+Na2O+Fe2O3+PbO+K2O,0.4,0,
铅钡,Ward,2,329,0.3451010488616014,SiO2+SrO+K2O+Fe2O3+CuO+Al2O3+PbO,0.6666666666666666,0,
铅钡,Ward,3,329,0.22868658487516452,SiO2+SrO+K2O+Fe2O3+CuO+Al2O3+PbO,0.6666666666666666,0,
铅钡,Ward,4,329,0.12881389188658884,SiO2+SrO+K2O+Fe2O3+CuO+Al2O3+PbO,0.6666666666666666,0,
铅钡,Ward,5,329,0.3142365004889339,SiO2+SrO+K2O+Fe2O3+CuO+Al2O3+PbO,0.6666666666666666,0,
铅钡,Ward,6,329,0.5784023668639053,SiO2+SrO+K2O+Fe2O3+CuO+Al2O3+PbO,0.6666666666666666,0,
铅钡,Ward,2,330,0.3389611679412057,SrO+SiO2+MgO+Al2O3+Fe2O3+BaO+PbO+K2O,0.6,0,
铅钡,Ward,3,330,0.3640525278176897,SrO+SiO2+MgO+Al2O3+Fe2O3+BaO+PbO+K2O,0.6,0,
铅钡,Ward,4,330,0.17133761842385842,SrO+SiO2+MgO+Al2O3+Fe2O3+BaO+PbO+K2O,0.6,0,
铅钡,Ward,5,330,0.13490419471776283,SrO+SiO2+MgO+Al2O3+Fe2O3+BaO+PbO+K2O,0.6,0,
铅钡,Ward,6,330,0.3019741495723748,SrO+SiO2+MgO+Al2O3+Fe2O3+BaO+PbO+K2O,0.6,0,
铅钡,Ward,2,331,-0.006973334918182178,Al2O3+SiO2+MgO+PbO+SrO+K2O+Fe2O3,0.5,0,
铅钡,Ward,3,331,0.14421065583856282,Al2O3+SiO2+MgO+PbO+SrO+K2O+Fe2O3,0.5,0,
铅钡,Ward,4,331,0.06974102680599728,Al2O3+SiO2+MgO+PbO+SrO+K2O+Fe2O3,0.5,0,
铅钡,Ward,5,331,0.2305750350631136,Al2O3+SiO2+MgO+PbO+SrO+K2O+Fe2O3,0.5,0,
铅钡,Ward,6,331,0.3279825874030744,Al2O3+SiO2+MgO+PbO+SrO+K2O+Fe2O3,0.5,0,
铅钡,Ward,2,332,-0.11386304304170293,SiO2+Al2O3+CuO+Fe2O3+PbO+SrO+K2O,0.6666666666666666,0,
铅钡,Ward,3,332,0.2933194367809045,SiO2+Al2O3+CuO+Fe2O3+PbO+SrO+K2O,0.6666666666666666,0,
铅钡,Ward,4,332,0.3413508973094051,SiO2+Al2O3+CuO+Fe2O3+PbO+SrO+K2O,0.6666666666666666,0,
铅钡,Ward,5,332,0.28402734617775016,SiO2+Al2O3+CuO+Fe2O3+PbO+SrO+K2O,0.6666666666666666,0,
铅钡,Ward,6,332,0.27834317842146467,SiO2+Al2O3+CuO+Fe2O3+PbO+SrO+K2O,0.6666666666666666,0,
铅钡,Ward,2,333,,,,1,活动成分SnO2在训练集中全缺失
铅钡,Ward,3,333,,,,1,活动成分SnO2在训练集中全缺失
铅钡,Ward,4,333,,,,1,活动成分SnO2在训练集中全缺失
铅钡,Ward,5,333,,,,1,活动成分SnO2在训练集中全缺失
铅钡,Ward,6,333,,,,1,活动成分SnO2在训练集中全缺失
铅钡,Ward,2,334,0.5519713261648745,SiO2+K2O+Al2O3+CuO+CaO+BaO+Fe2O3,0.875,0,
铅钡,Ward,3,334,0.3874569621815887,SiO2+K2O+Al2O3+CuO+CaO+BaO+Fe2O3,0.875,0,
铅钡,Ward,4,334,0.6302616609783845,SiO2+K2O+Al2O3+CuO+CaO+BaO+Fe2O3,0.875,0,
铅钡,Ward,5,334,0.6331631281913465,SiO2+K2O+Al2O3+CuO+CaO+BaO+Fe2O3,0.875,0,
铅钡,Ward,6,334,0.9400625720401778,SiO2+K2O+Al2O3+CuO+CaO+BaO+Fe2O3,0.875,0,
铅钡,Ward,2,335,0.4672238182293027,SiO2+MgO+Al2O3+BaO+Fe2O3+SrO+PbO+K2O,0.6,0,
铅钡,Ward,3,335,0.3278985385293742,SiO2+MgO+Al2O3+BaO+Fe2O3+SrO+PbO+K2O,0.6,0,
铅钡,Ward,4,335,0.38694992412746587,SiO2+MgO+Al2O3+BaO+Fe2O3+SrO+PbO+K2O,0.6,0,
铅钡,Ward,5,335,0.4805491337728687,SiO2+MgO+Al2O3+BaO+Fe2O3+SrO+PbO+K2O,0.6,0,
铅钡,Ward,6,335,0.5948262427925822,SiO2+MgO+Al2O3+BaO+Fe2O3+SrO+PbO+K2O,0.6,0,
铅钡,Ward,2,336,-0.017657445556209534,BaO+K2O+Na2O+SO2+P2O5+PbO+Al2O3,0.25,0,
铅钡,Ward,3,336,0.1494537295279636,BaO+K2O+Na2O+SO2+P2O5+PbO+Al2O3,0.25,0,
铅钡,Ward,4,336,0.16703424260011607,BaO+K2O+Na2O+SO2+P2O5+PbO+Al2O3,0.25,0,
铅钡,Ward,5,336,0.2869280071545685,BaO+K2O+Na2O+SO2+P2O5+PbO+Al2O3,0.25,0,
铅钡,Ward,6,336,0.4111937884179877,BaO+K2O+Na2O+SO2+P2O5+PbO+Al2O3,0.25,0,
铅钡,Ward,2,337,0.805174317715728,SiO2+MgO+BaO+PbO+SrO+Fe2O3+CuO+K2O,0.6,0,
铅钡,Ward,3,337,0.6880998080614203,SiO2+MgO+BaO+PbO+SrO+Fe2O3+CuO+K2O,0.6,0,
铅钡,Ward,4,337,0.4591963179323774,SiO2+MgO+BaO+PbO+SrO+Fe2O3+CuO+K2O,0.6,0,
铅钡,Ward,5,337,0.2906610703043022,SiO2+MgO+BaO+PbO+SrO+Fe2O3+CuO+K2O,0.6,0,
铅钡,Ward,6,337,0.24307986000636334,SiO2+MgO+BaO+PbO+SrO+Fe2O3+CuO+K2O,0.6,0,
铅钡,Ward,2,338,1.0,SiO2+CuO+Al2O3+SrO+K2O+Fe2O3,0.75,0,
铅钡,Ward,3,338,0.7562840294905632,SiO2+CuO+Al2O3+SrO+K2O+Fe2O3,0.75,0,
铅钡,Ward,4,338,0.46709249676584735,SiO2+CuO+Al2O3+SrO+K2O+Fe2O3,0.75,0,
铅钡,Ward,5,338,0.44014204223489856,SiO2+CuO+Al2O3+SrO+K2O+Fe2O3,0.75,0,
铅钡,Ward,6,338,0.45773524720893144,SiO2+CuO+Al2O3+SrO+K2O+Fe2O3,0.75,0,
铅钡,Ward,2,339,0.0,PbO+Al2O3+Fe2O3+CaO+SiO2+MgO+CuO+BaO+K2O,0.7,0,
铅钡,Ward,3,339,0.37280314853769425,PbO+Al2O3+Fe2O3+CaO+SiO2+MgO+CuO+BaO+K2O,0.7,0,
铅钡,Ward,4,339,0.3917277035760448,PbO+Al2O3+Fe2O3+CaO+SiO2+MgO+CuO+BaO+K2O,0.7,0,
铅钡,Ward,5,339,0.3875676529846324,PbO+Al2O3+Fe2O3+CaO+SiO2+MgO+CuO+BaO+K2O,0.7,0,
铅钡,Ward,6,339,0.3872549019607843,PbO+Al2O3+Fe2O3+CaO+SiO2+MgO+CuO+BaO+K2O,0.7,0,
铅钡,Ward,2,340,0.06865060620374744,PbO+Al2O3+SiO2+CaO+K2O,0.4444444444444444,0,
铅钡,Ward,3,340,0.07674148761653263,PbO+Al2O3+SiO2+CaO+K2O,0.4444444444444444,0,
铅钡,Ward,4,340,0.43565021345997024,PbO+Al2O3+SiO2+CaO+K2O,0.4444444444444444,0,
铅钡,Ward,5,340,0.402538663554129,PbO+Al2O3+SiO2+CaO+K2O,0.4444444444444444,0,
铅钡,Ward,6,340,0.4551933859165637,PbO+Al2O3+SiO2+CaO+K2O,0.4444444444444444,0,
铅钡,Ward,2,341,0.8051166735704283,PbO+Fe2O3+BaO+CuO+K2O+SiO2+SrO,0.6666666666666666,0,
铅钡,Ward,3,341,0.5513073491147217,PbO+Fe2O3+BaO+CuO+K2O+SiO2+SrO,0.6666666666666666,0,
铅钡,Ward,4,341,0.3444231471339905,PbO+Fe2O3+BaO+CuO+K2O+SiO2+SrO,0.6666666666666666,0,
铅钡,Ward,5,341,0.33047210300429186,PbO+Fe2O3+BaO+CuO+K2O+SiO2+SrO,0.6666666666666666,0,
铅钡,Ward,6,341,0.30808282990028385,PbO+Fe2O3+BaO+CuO+K2O+SiO2+SrO,0.6666666666666666,0,
铅钡,Ward,2,342,0.09194029850746269,PbO+SrO+CaO+P2O5+K2O+SiO2+BaO,0.5,0,
铅钡,Ward,3,342,0.2078626665047168,PbO+SrO+CaO+P2O5+K2O+SiO2+BaO,0.5,0,
铅钡,Ward,4,342,0.2856122543294317,PbO+SrO+CaO+P2O5+K2O+SiO2+BaO,0.5,0,
铅钡,Ward,5,342,0.3827025305114779,PbO+SrO+CaO+P2O5+K2O+SiO2+BaO,0.5,0,
铅钡,Ward,6,342,0.4180354267310789,PbO+SrO+CaO+P2O5+K2O+SiO2+BaO,0.5,0,
铅钡,Ward,2,343,0.5512643496784883,SiO2+K2O+Al2O3+BaO+PbO+SrO,0.5555555555555556,0,
铅钡,Ward,3,343,0.5932387236735063,SiO2+K2O+Al2O3+BaO+PbO+SrO,0.5555555555555556,0,
铅钡,Ward,4,343,0.35195992607722987,SiO2+K2O+Al2O3+BaO+PbO+SrO,0.5555555555555556,0,
铅钡,Ward,5,343,0.31354990118577075,SiO2+K2O+Al2O3+BaO+PbO+SrO,0.5555555555555556,0,
铅钡,Ward,6,343,0.3726198292843073,SiO2+K2O+Al2O3+BaO+PbO+SrO,0.5555555555555556,0,
铅钡,Ward,2,344,0.8049281314168378,K2O+PbO+SiO2+SrO+Al2O3+CuO+BaO+Fe2O3,0.7777777777777778,0,
铅钡,Ward,3,344,0.4358517859129854,K2O+PbO+SiO2+SrO+Al2O3+CuO+BaO+Fe2O3,0.7777777777777778,0,
铅钡,Ward,4,344,0.5453643533905451,K2O+PbO+SiO2+SrO+Al2O3+CuO+BaO+Fe2O3,0.7777777777777778,0,
铅钡,Ward,5,344,0.4074882231784163,K2O+PbO+SiO2+SrO+Al2O3+CuO+BaO+Fe2O3,0.7777777777777778,0,
铅钡,Ward,6,344,0.42926196521025733,K2O+PbO+SiO2+SrO+Al2O3+CuO+BaO+Fe2O3,0.7777777777777778,0,
铅钡,Ward,2,345,-0.01599040575654607,K2O+Fe2O3+Al2O3+CuO+PbO+CaO+SiO2+MgO+SrO,0.7,0,
铅钡,Ward,3,345,0.05619861753036934,K2O+Fe2O3+Al2O3+CuO+PbO+CaO+SiO2+MgO+SrO,0.7,0,
铅钡,Ward,4,345,0.4883778133070963,K2O+Fe2O3+Al2O3+CuO+PbO+CaO+SiO2+MgO+SrO,0.7,0,
铅钡,Ward,5,345,0.6099587456365577,K2O+Fe2O3+Al2O3+CuO+PbO+CaO+SiO2+MgO+SrO,0.7,0,
铅钡,Ward,6,345,0.5658114467891301,K2O+Fe2O3+Al2O3+CuO+PbO+CaO+SiO2+MgO+SrO,0.7,0,
铅钡,Ward,2,346,0.7149460708782742,SiO2+BaO+K2O+Fe2O3+CuO+Al2O3+SrO,0.875,0,
铅钡,Ward,3,346,0.5133614817013126,SiO2+BaO+K2O+Fe2O3+CuO+Al2O3+SrO,0.875,0,
铅钡,Ward,4,346,0.5767441860465117,SiO2+BaO+K2O+Fe2O3+CuO+Al2O3+SrO,0.875,0,
铅钡,Ward,5,346,0.45829254210909454,SiO2+BaO+K2O+Fe2O3+CuO+Al2O3+SrO,0.875,0,
铅钡,Ward,6,346,0.38435798548094374,SiO2+BaO+K2O+Fe2O3+CuO+Al2O3+SrO,0.875,0,
铅钡,Ward,2,347,0.2845683476888684,Al2O3+SrO+PbO+SiO2+CaO+Fe2O3,0.5555555555555556,0,
铅钡,Ward,3,347,0.23073046770954064,Al2O3+SrO+PbO+SiO2+CaO+Fe2O3,0.5555555555555556,0,
铅钡,Ward,4,347,0.22072506450519952,Al2O3+SrO+PbO+SiO2+CaO+Fe2O3,0.5555555555555556,0,
铅钡,Ward,5,347,0.24594998388782016,Al2O3+SrO+PbO+SiO2+CaO+Fe2O3,0.5555555555555556,0,
铅钡,Ward,6,347,0.40843591389067146,Al2O3+SrO+PbO+SiO2+CaO+Fe2O3,0.5555555555555556,0,
铅钡,Ward,2,348,-0.02195504443282802,CaO+SiO2+CuO+PbO+Fe2O3+SrO,0.5555555555555556,0,
铅钡,Ward,3,348,0.7160706114015504,CaO+SiO2+CuO+PbO+Fe2O3+SrO,0.5555555555555556,0,
铅钡,Ward,4,348,1.0,CaO+SiO2+CuO+PbO+Fe2O3+SrO,0.5555555555555556,0,
铅钡,Ward,5,348,0.5978835978835979,CaO+SiO2+CuO+PbO+Fe2O3+SrO,0.5555555555555556,0,
铅钡,Ward,6,348,0.6087908079518511,CaO+SiO2+CuO+PbO+Fe2O3+SrO,0.5555555555555556,0,
铅钡,Ward,2,349,0.3436544719455675,SiO2+CuO+K2O+BaO+Al2O3+Na2O+SrO+Fe2O3,0.7777777777777778,0,
铅钡,Ward,3,349,0.2653944547233707,SiO2+CuO+K2O+BaO+Al2O3+Na2O+SrO+Fe2O3,0.7777777777777778,0,
铅钡,Ward,4,349,0.14731448092617194,SiO2+CuO+K2O+BaO+Al2O3+Na2O+SrO+Fe2O3,0.7777777777777778,0,
铅钡,Ward,5,349,0.2041586405256353,SiO2+CuO+K2O+BaO+Al2O3+Na2O+SrO+Fe2O3,0.7777777777777778,0,
铅钡,Ward,6,349,0.22962962962962963,SiO2+CuO+K2O+BaO+Al2O3+Na2O+SrO+Fe2O3,0.7777777777777778,0,
铅钡,Ward,2,350,-0.03287317509186612,PbO+Fe2O3+MgO+CaO+CuO+SiO2+Na2O,0.36363636363636365,0,
铅钡,Ward,3,350,0.02176280718430068,PbO+Fe2O3+MgO+CaO+CuO+SiO2+Na2O,0.36363636363636365,0,
铅钡,Ward,4,350,0.3574635241301908,PbO+Fe2O3+MgO+CaO+CuO+SiO2+Na2O,0.36363636363636365,0,
铅钡,Ward,5,350,0.5845144794619532,PbO+Fe2O3+MgO+CaO+CuO+SiO2+Na2O,0.36363636363636365,0,
铅钡,Ward,6,350,0.6183645057805217,PbO+Fe2O3+MgO+CaO+CuO+SiO2+Na2O,0.36363636363636365,0,
铅钡,Ward,2,351,1.0,CaO+CuO+BaO+Al2O3+SrO+PbO+SO2+SiO2+K2O,0.7,0,
铅钡,Ward,3,351,0.5696364269950053,CaO+CuO+BaO+Al2O3+SrO+PbO+SO2+SiO2+K2O,0.7,0,
铅钡,Ward,4,351,0.3329615170105968,CaO+CuO+BaO+Al2O3+SrO+PbO+SO2+SiO2+K2O,0.7,0,
铅钡,Ward,5,351,0.6322051824431518,CaO+CuO+BaO+Al2O3+SrO+PbO+SO2+SiO2+K2O,0.7,0,
铅钡,Ward,6,351,0.669527277972091,CaO+CuO+BaO+Al2O3+SrO+PbO+SO2+SiO2+K2O,0.7,0,
铅钡,Ward,2,352,-0.008892064626255409,PbO+SrO+SiO2+CuO+BaO+K2O,0.5555555555555556,0,
铅钡,Ward,3,352,0.545183264390525,PbO+SrO+SiO2+CuO+BaO+K2O,0.5555555555555556,0,
铅钡,Ward,4,352,0.4473919379121012,PbO+SrO+SiO2+CuO+BaO+K2O,0.5555555555555556,0,
铅钡,Ward,5,352,0.3379258584179913,PbO+SrO+SiO2+CuO+BaO+K2O,0.5555555555555556,0,
铅钡,Ward,6,352,0.2608413858119255,PbO+SrO+SiO2+CuO+BaO+K2O,0.5555555555555556,0,
铅钡,Ward,2,353,0.0018066847335140017,Al2O3+SiO2+P2O5+BaO+K2O+Fe2O3,0.5555555555555556,0,
铅钡,Ward,3,353,0.03709765411893071,Al2O3+SiO2+P2O5+BaO+K2O+Fe2O3,0.5555555555555556,0,
铅钡,Ward,4,353,0.13319425499478457,Al2O3+SiO2+P2O5+BaO+K2O+Fe2O3,0.5555555555555556,0,
铅钡,Ward,5,353,0.26834299184755916,Al2O3+SiO2+P2O5+BaO+K2O+Fe2O3,0.5555555555555556,0,
铅钡,Ward,6,353,0.3675859216855669,Al2O3+SiO2+P2O5+BaO+K2O+Fe2O3,0.5555555555555556,0,
铅钡,Ward,2,354,0.3451010488616014,Al2O3+SrO+SiO2+MgO+K2O+CuO+Fe2O3+BaO,0.7777777777777778,0,
铅钡,Ward,3,354,0.2357617723067211,Al2O3+SrO+SiO2+MgO+K2O+CuO+Fe2O3+BaO,0.7777777777777778,0,
铅钡,Ward,4,354,0.06329352017304618,Al2O3+SrO+SiO2+MgO+K2O+CuO+Fe2O3+BaO,0.7777777777777778,0,
铅钡,Ward,5,354,0.21340297399891542,Al2O3+SrO+SiO2+MgO+K2O+CuO+Fe2O3+BaO,0.7777777777777778,0,
铅钡,Ward,6,354,0.25350742871332205,Al2O3+SrO+SiO2+MgO+K2O+CuO+Fe2O3+BaO,0.7777777777777778,0,
铅钡,Ward,2,355,0.8051474213588403,Al2O3+BaO+SrO+SiO2+CuO+K2O+Fe2O3,0.875,0,
铅钡,Ward,3,355,0.8167649960735356,Al2O3+BaO+SrO+SiO2+CuO+K2O+Fe2O3,0.875,0,
铅钡,Ward,4,355,0.6295344654411249,Al2O3+BaO+SrO+SiO2+CuO+K2O+Fe2O3,0.875,0,
铅钡,Ward,5,355,0.4045858341046364,Al2O3+BaO+SrO+SiO2+CuO+K2O+Fe2O3,0.875,0,
铅钡,Ward,6,355,0.4890742541323371,Al2O3+BaO+SrO+SiO2+CuO+K2O+Fe2O3,0.875,0,
铅钡,Ward,2,356,1.0,SiO2+CaO+Na2O+CuO+Al2O3+Fe2O3+SrO+K2O,0.7777777777777778,0,
铅钡,Ward,3,356,0.4094703755027546,SiO2+CaO+Na2O+CuO+Al2O3+Fe2O3+SrO+K2O,0.7777777777777778,0,
铅钡,Ward,4,356,0.5897512961154107,SiO2+CaO+Na2O+CuO+Al2O3+Fe2O3+SrO+K2O,0.7777777777777778,0,
铅钡,Ward,5,356,0.55390537056538,SiO2+CaO+Na2O+CuO+Al2O3+Fe2O3+SrO+K2O,0.7777777777777778,0,
铅钡,Ward,6,356,0.5182257022311756,SiO2+CaO+Na2O+CuO+Al2O3+Fe2O3+SrO+K2O,0.7777777777777778,0,
铅钡,Ward,2,357,0.8997429305912596,MgO+CuO+K2O+SiO2+Na2O+PbO+Al2O3+Fe2O3,0.45454545454545453,0,
铅钡,Ward,3,357,0.6539927276637788,MgO+CuO+K2O+SiO2+Na2O+PbO+Al2O3+Fe2O3,0.45454545454545453,0,
铅钡,Ward,4,357,0.3879999094674422,MgO+CuO+K2O+SiO2+Na2O+PbO+Al2O3+Fe2O3,0.45454545454545453,0,
铅钡,Ward,5,357,0.2774883099532398,MgO+CuO+K2O+SiO2+Na2O+PbO+Al2O3+Fe2O3,0.45454545454545453,0,
铅钡,Ward,6,357,0.26362466027749965,MgO+CuO+K2O+SiO2+Na2O+PbO+Al2O3+Fe2O3,0.45454545454545453,0,
铅钡,Ward,2,358,,,,1,活动成分SO2在训练集中全缺失
铅钡,Ward,3,358,,,,1,活动成分SO2在训练集中全缺失
铅钡,Ward,4,358,,,,1,活动成分SO2在训练集中全缺失
铅钡,Ward,5,358,,,,1,活动成分SO2在训练集中全缺失
铅钡,Ward,6,358,,,,1,活动成分SO2在训练集中全缺失
铅钡,Ward,2,359,0.02664820903270462,K2O+CuO+Fe2O3+PbO+SrO+SiO2+BaO,0.6666666666666666,0,
铅钡,Ward,3,359,0.17734747294160016,K2O+CuO+Fe2O3+PbO+SrO+SiO2+BaO,0.6666666666666666,0,
铅钡,Ward,4,359,0.27185914652342585,K2O+CuO+Fe2O3+PbO+SrO+SiO2+BaO,0.6666666666666666,0,
铅钡,Ward,5,359,0.23071233079369777,K2O+CuO+Fe2O3+PbO+SrO+SiO2+BaO,0.6666666666666666,0,
铅钡,Ward,6,359,0.2618110236220472,K2O+CuO+Fe2O3+PbO+SrO+SiO2+BaO,0.6666666666666666,0,
铅钡,Ward,2,360,0.09395973154362416,CuO+SiO2+CaO+PbO+SrO+K2O+Fe2O3,0.6666666666666666,0,
铅钡,Ward,3,360,0.2195201103381133,CuO+SiO2+CaO+PbO+SrO+K2O+Fe2O3,0.6666666666666666,0,
铅钡,Ward,4,360,0.3294525828835775,CuO+SiO2+CaO+PbO+SrO+K2O+Fe2O3,0.6666666666666666,0,
铅钡,Ward,5,360,0.36371011357490535,CuO+SiO2+CaO+PbO+SrO+K2O+Fe2O3,0.6666666666666666,0,
铅钡,Ward,6,360,0.28679483742484013,CuO+SiO2+CaO+PbO+SrO+K2O+Fe2O3,0.6666666666666666,0,
铅钡,Ward,2,361,0.23155737704918034,PbO+SiO2+SnO2+MgO+Al2O3+BaO+Fe2O3,0.36363636363636365,0,
铅钡,Ward,3,361,0.29803275847127136,PbO+SiO2+SnO2+MgO+Al2O3+BaO+Fe2O3,0.36363636363636365,0,
铅钡,Ward,4,361,0.2023365897874912,PbO+SiO2+SnO2+MgO+Al2O3+BaO+Fe2O3,0.36363636363636365,0,
铅钡,Ward,5,361,0.3221224594254516,PbO+SiO2+SnO2+MgO+Al2O3+BaO+Fe2O3,0.36363636363636365,0,
铅钡,Ward,6,361,0.361791658874135,PbO+SiO2+SnO2+MgO+Al2O3+BaO+Fe2O3,0.36363636363636365,0,
铅钡,Ward,2,362,1.0,CuO+SiO2+Al2O3+Fe2O3+K2O,0.625,0,
铅钡,Ward,3,362,0.5904221802142408,CuO+SiO2+Al2O3+Fe2O3+K2O,0.625,0,
铅钡,Ward,4,362,0.3740114940728793,CuO+SiO2+Al2O3+Fe2O3+K2O,0.625,0,
铅钡,Ward,5,362,0.2604666803669176,CuO+SiO2+Al2O3+Fe2O3+K2O,0.625,0,
铅钡,Ward,6,362,0.24716448960812945,CuO+SiO2+Al2O3+Fe2O3+K2O,0.625,0,
铅钡,Ward,2,363,1.0,SiO2+CuO+Al2O3+SrO+Fe2O3+BaO,0.75,0,
铅钡,Ward,3,363,0.6344768101276139,SiO2+CuO+Al2O3+SrO+Fe2O3+BaO,0.75,0,
铅钡,Ward,4,363,0.4333279232071228,SiO2+CuO+Al2O3+SrO+Fe2O3+BaO,0.75,0,
铅钡,Ward,5,363,0.3899100508408291,SiO2+CuO+Al2O3+SrO+Fe2O3+BaO,0.75,0,
铅钡,Ward,6,363,0.4748672508714207,SiO2+CuO+Al2O3+SrO+Fe2O3+BaO,0.75,0,
铅钡,Ward,2,364,0.13854649442855735,SiO2+MgO+Fe2O3+Al2O3+PbO+BaO+SrO,0.5,0,
铅钡,Ward,3,364,0.15919817024716865,SiO2+MgO+Fe2O3+Al2O3+PbO+BaO+SrO,0.5,0,
铅钡,Ward,4,364,0.08780910379587337,SiO2+MgO+Fe2O3+Al2O3+PbO+BaO+SrO,0.5,0,
铅钡,Ward,5,364,0.17216431148227135,SiO2+MgO+Fe2O3+Al2O3+PbO+BaO+SrO,0.5,0,
铅钡,Ward,6,364,0.24918425059821622,SiO2+MgO+Fe2O3+Al2O3+PbO+BaO+SrO,0.5,0,
铅钡,Ward,2,365,-0.002872812744841995,Al2O3+CuO+SiO2+SrO+K2O+PbO+Fe2O3+BaO,0.7777777777777778,0,
铅钡,Ward,3,365,0.17995623804924205,Al2O3+CuO+SiO2+SrO+K2O+PbO+Fe2O3+BaO,0.7777777777777778,0,
铅钡,Ward,4,365,0.4331253289226374,Al2O3+CuO+SiO2+SrO+K2O+PbO+Fe2O3+BaO,0.7777777777777778,0,
铅钡,Ward,5,365,0.3067244396300308,Al2O3+CuO+SiO2+SrO+K2O+PbO+Fe2O3+BaO,0.7777777777777778,0,
铅钡,Ward,6,365,0.25321315629140356,Al2O3+CuO+SiO2+SrO+K2O+PbO+Fe2O3+BaO,0.7777777777777778,0,
铅钡,Ward,2,366,-0.018948523504399115,SiO2+P2O5+Al2O3+K2O+PbO+BaO+SrO+Fe2O3,0.6,0,
铅钡,Ward,3,366,0.1546224151945915,SiO2+P2O5+Al2O3+K2O+PbO+BaO+SrO+Fe2O3,0.6,0,
铅钡,Ward,4,366,0.29695478599944297,SiO2+P2O5+Al2O3+K2O+PbO+BaO+SrO+Fe2O3,0.6,0,
铅钡,Ward,5,366,0.38850420533642693,SiO2+P2O5+Al2O3+K2O+PbO+BaO+SrO+Fe2O3,0.6,0,
铅钡,Ward,6,366,0.6607776246526444,SiO2+P2O5+Al2O3+K2O+PbO+BaO+SrO+Fe2O3,0.6,0,
铅钡,Ward,2,367,,,,1,活动成分SnO2在训练集中全缺失
铅钡,Ward,3,367,,,,1,活动成分SnO2在训练集中全缺失
铅钡,Ward,4,367,,,,1,活动成分SnO2在训练集中全缺失
铅钡,Ward,5,367,,,,1,活动成分SnO2在训练集中全缺失
铅钡,Ward,6,367,,,,1,活动成分SnO2在训练集中全缺失
铅钡,Ward,2,368,0.9000039446175693,CaO+SiO2+K2O+CuO+Al2O3+BaO+Fe2O3,0.875,0,
铅钡,Ward,3,368,0.5345811027656792,CaO+SiO2+K2O+CuO+Al2O3+BaO+Fe2O3,0.875,0,
铅钡,Ward,4,368,0.5526635050181978,CaO+SiO2+K2O+CuO+Al2O3+BaO+Fe2O3,0.875,0,
铅钡,Ward,5,368,0.5094200431279083,CaO+SiO2+K2O+CuO+Al2O3+BaO+Fe2O3,0.875,0,
铅钡,Ward,6,368,0.6579762239882203,CaO+SiO2+K2O+CuO+Al2O3+BaO+Fe2O3,0.875,0,
铅钡,Ward,2,369,-0.04219409282700422,Fe2O3+PbO+Al2O3+SiO2+BaO+SrO+K2O,0.6666666666666666,0,
铅钡,Ward,3,369,0.2824437057015618,Fe2O3+PbO+Al2O3+SiO2+BaO+SrO+K2O,0.6666666666666666,0,
铅钡,Ward,4,369,0.18768726471868677,Fe2O3+PbO+Al2O3+SiO2+BaO+SrO+K2O,0.6666666666666666,0,
铅钡,Ward,5,369,0.37933743616603377,Fe2O3+PbO+Al2O3+SiO2+BaO+SrO+K2O,0.6666666666666666,0,
铅钡,Ward,6,369,0.3760985107614587,Fe2O3+PbO+Al2O3+SiO2+BaO+SrO+K2O,0.6666666666666666,0,
铅钡,Ward,2,370,0.3436544719455675,Al2O3+PbO+SrO+SiO2+CaO+K2O+Fe2O3,0.6666666666666666,0,
铅钡,Ward,3,370,0.22770638698133625,Al2O3+PbO+SrO+SiO2+CaO+K2O+Fe2O3,0.6666666666666666,0,
铅钡,Ward,4,370,0.27845749173483914,Al2O3+PbO+SrO+SiO2+CaO+K2O+Fe2O3,0.6666666666666666,0,
铅钡,Ward,5,370,0.24754290953895527,Al2O3+PbO+SrO+SiO2+CaO+K2O+Fe2O3,0.6666666666666666,0,
铅钡,Ward,6,370,0.3783842794759825,Al2O3+PbO+SrO+SiO2+CaO+K2O+Fe2O3,0.6666666666666666,0,
铅钡,Ward,2,371,,,,1,活动成分SO2在训练集中全缺失
铅钡,Ward,3,371,,,,1,活动成分SO2在训练集中全缺失
铅钡,Ward,4,371,,,,1,活动成分SO2在训练集中全缺失
铅钡,Ward,5,371,,,,1,活动成分SO2在训练集中全缺失
铅钡,Ward,6,371,,,,1,活动成分SO2在训练集中全缺失
铅钡,Ward,2,372,0.7155529272619752,SiO2+Fe2O3+K2O+CuO+BaO+PbO+SrO,0.6666666666666666,0,
铅钡,Ward,3,372,0.41902037897747585,SiO2+Fe2O3+K2O+CuO+BaO+PbO+SrO,0.6666666666666666,0,
铅钡,Ward,4,372,0.3659482894034118,SiO2+Fe2O3+K2O+CuO+BaO+PbO+SrO,0.6666666666666666,0,
铅钡,Ward,5,372,0.2923867351704811,SiO2+Fe2O3+K2O+CuO+BaO+PbO+SrO,0.6666666666666666,0,
铅钡,Ward,6,372,0.17553243790682582,SiO2+Fe2O3+K2O+CuO+BaO+PbO+SrO,0.6666666666666666,0,
铅钡,Ward,2,373,0.630747381501864,PbO+SrO+K2O+MgO+SiO2+Na2O+CuO+Fe2O3,0.45454545454545453,0,
铅钡,Ward,3,373,0.45753235967346606,PbO+SrO+K2O+MgO+SiO2+Na2O+CuO+Fe2O3,0.45454545454545453,0,
铅钡,Ward,4,373,0.3037186685146468,PbO+SrO+K2O+MgO+SiO2+Na2O+CuO+Fe2O3,0.45454545454545453,0,
铅钡,Ward,5,373,0.18799044694643466,PbO+SrO+K2O+MgO+SiO2+Na2O+CuO+Fe2O3,0.45454545454545453,0,
铅钡,Ward,6,373,0.1617624481858656,PbO+SrO+K2O+MgO+SiO2+Na2O+CuO+Fe2O3,0.45454545454545453,0,
铅钡,Ward,2,374,0.17994858611825193,Fe2O3+PbO+SiO2+Al2O3+SrO+K2O,0.5555555555555556,0,
铅钡,Ward,3,374,0.30900458002437076,Fe2O3+PbO+SiO2+Al2O3+SrO+K2O,0.5555555555555556,0,
铅钡,Ward,4,374,0.3626062322946176,Fe2O3+PbO+SiO2+Al2O3+SrO+K2O,0.5555555555555556,0,
铅钡,Ward,5,374,0.38215172246776047,Fe2O3+PbO+SiO2+Al2O3+SrO+K2O,0.5555555555555556,0,
铅钡,Ward,6,374,0.3880532409912347,Fe2O3+PbO+SiO2+Al2O3+SrO+K2O,0.5555555555555556,0,
铅钡,Ward,2,375,,,,1,活动成分SO2在训练集中全缺失
铅钡,Ward,3,375,,,,1,活动成分SO2在训练集中全缺失
铅钡,Ward,4,375,,,,1,活动成分SO2在训练集中全缺失
铅钡,Ward,5,375,,,,1,活动成分SO2在训练集中全缺失
铅钡,Ward,6,375,,,,1,活动成分SO2在训练集中全缺失
铅钡,Ward,2,376,0.031055900621118012,Al2O3+SrO+BaO+MgO+CaO+SiO2+Fe2O3+K2O,0.7777777777777778,0,
铅钡,Ward,3,376,0.29589947610982,Al2O3+SrO+BaO+MgO+CaO+SiO2+Fe2O3+K2O,0.7777777777777778,0,
铅钡,Ward,4,376,0.3784956717491703,Al2O3+SrO+BaO+MgO+CaO+SiO2+Fe2O3+K2O,0.7777777777777778,0,
铅钡,Ward,5,376,0.7818552293816236,Al2O3+SrO+BaO+MgO+CaO+SiO2+Fe2O3+K2O,0.7777777777777778,0,
铅钡,Ward,6,376,0.6557089416360447,Al2O3+SrO+BaO+MgO+CaO+SiO2+Fe2O3+K2O,0.7777777777777778,0,
铅钡,Ward,2,377,0.4079025198154501,CaO+SiO2+MgO+K2O+Al2O3+CuO+BaO+Fe2O3,0.7777777777777778,0,
铅钡,Ward,3,377,0.22217030802167378,CaO+SiO2+MgO+K2O+Al2O3+CuO+BaO+Fe2O3,0.7777777777777778,0,
铅钡,Ward,4,377,0.346244167722399,CaO+SiO2+MgO+K2O+Al2O3+CuO+BaO+Fe2O3,0.7777777777777778,0,
铅钡,Ward,5,377,0.7553617300914033,CaO+SiO2+MgO+K2O+Al2O3+CuO+BaO+Fe2O3,0.7777777777777778,0,
铅钡,Ward,6,377,0.5592978606692266,CaO+SiO2+MgO+K2O+Al2O3+CuO+BaO+Fe2O3,0.7777777777777778,0,
铅钡,Ward,2,378,0.016102646983463743,PbO+Fe2O3+BaO+Al2O3+CaO+SiO2+K2O,0.6666666666666666,0,
铅钡,Ward,3,378,0.1807983302895904,PbO+Fe2O3+BaO+Al2O3+CaO+SiO2+K2O,0.6666666666666666,0,
铅钡,Ward,4,378,0.4103459447784297,PbO+Fe2O3+BaO+Al2O3+CaO+SiO2+K2O,0.6666666666666666,0,
铅钡,Ward,5,378,0.2930976992330777,PbO+Fe2O3+BaO+Al2O3+CaO+SiO2+K2O,0.6666666666666666,0,
铅钡,Ward,6,378,0.28355858811179635,PbO+Fe2O3+BaO+Al2O3+CaO+SiO2+K2O,0.6666666666666666,0,
铅钡,Ward,2,379,0.1093109506148741,PbO+CuO+SiO2+CaO+SrO+Fe2O3+K2O,0.6666666666666666,0,
铅钡,Ward,3,379,0.37316044325688014,PbO+CuO+SiO2+CaO+SrO+Fe2O3+K2O,0.6666666666666666,0,
铅钡,Ward,4,379,0.4349781602733209,PbO+CuO+SiO2+CaO+SrO+Fe2O3+K2O,0.6666666666666666,0,
铅钡,Ward,5,379,0.3934848624275329,PbO+CuO+SiO2+CaO+SrO+Fe2O3+K2O,0.6666666666666666,0,
铅钡,Ward,6,379,0.374713696747595,PbO+CuO+SiO2+CaO+SrO+Fe2O3+K2O,0.6666666666666666,0,
铅钡,Ward,2,380,1.0,Al2O3+Fe2O3+SrO+SiO2+CuO+BaO+K2O,0.875,0,
铅钡,Ward,3,380,1.0,Al2O3+Fe2O3+SrO+SiO2+CuO+BaO+K2O,0.875,0,
铅钡,Ward,4,380,0.5541699142634451,Al2O3+Fe2O3+SrO+SiO2+CuO+BaO+K2O,0.875,0,
铅钡,Ward,5,380,0.3933029984832575,Al2O3+Fe2O3+SrO+SiO2+CuO+BaO+K2O,0.875,0,
铅钡,Ward,6,380,0.42276422764227645,Al2O3+Fe2O3+SrO+SiO2+CuO+BaO+K2O,0.875,0,
铅钡,Ward,2,381,0.029850746268656716,SiO2+CaO+PbO+SrO+CuO+K2O+Fe2O3,0.6666666666666666,0,
铅钡,Ward,3,381,0.3857468619676644,SiO2+CaO+PbO+SrO+CuO+K2O+Fe2O3,0.6666666666666666,0,
铅钡,Ward,4,381,0.45348608516078276,SiO2+CaO+PbO+SrO+CuO+K2O+Fe2O3,0.6666666666666666,0,
铅钡,Ward,5,381,0.6231540565177758,SiO2+CaO+PbO+SrO+CuO+K2O+Fe2O3,0.6666666666666666,0,
铅钡,Ward,6,381,0.5945468811298549,SiO2+CaO+PbO+SrO+CuO+K2O+Fe2O3,0.6666666666666666,0,
铅钡,Ward,2,382,0.34633590635004813,Al2O3+CuO+BaO+Fe2O3+CaO+SiO2+K2O,0.875,0,
铅钡,Ward,3,382,0.3118070707001621,Al2O3+CuO+BaO+Fe2O3+CaO+SiO2+K2O,0.875,0,
铅钡,Ward,4,382,0.5120461738968535,Al2O3+CuO+BaO+Fe2O3+CaO+SiO2+K2O,0.875,0,
铅钡,Ward,5,382,0.6205842671879732,Al2O3+CuO+BaO+Fe2O3+CaO+SiO2+K2O,0.875,0,
铅钡,Ward,6,382,0.7493975903614458,Al2O3+CuO+BaO+Fe2O3+CaO+SiO2+K2O,0.875,0,
铅钡,Ward,2,383,0.09968035989108559,SiO2+MgO+Al2O3+Fe2O3+K2O+PbO+SrO,0.5,0,
铅钡,Ward,3,383,0.10685375067458176,SiO2+MgO+Al2O3+Fe2O3+K2O+PbO+SrO,0.5,0,
铅钡,Ward,4,383,0.09267630044265406,SiO2+MgO+Al2O3+Fe2O3+K2O+PbO+SrO,0.5,0,
铅钡,Ward,5,383,0.17589948600799543,SiO2+MgO+Al2O3+Fe2O3+K2O+PbO+SrO,0.5,0,
铅钡,Ward,6,383,0.20557056744959468,SiO2+MgO+Al2O3+Fe2O3+K2O+PbO+SrO,0.5,0,
铅钡,Ward,2,384,0.8999407933688574,PbO+Al2O3+BaO+CuO+CaO+SiO2+Fe2O3+K2O,0.7777777777777778,0,
铅钡,Ward,3,384,0.6052256144784576,PbO+Al2O3+BaO+CuO+CaO+SiO2+Fe2O3+K2O,0.7777777777777778,0,
铅钡,Ward,4,384,0.3419555095706156,PbO+Al2O3+BaO+CuO+CaO+SiO2+Fe2O3+K2O,0.7777777777777778,0,
铅钡,Ward,5,384,0.327350634651144,PbO+Al2O3+BaO+CuO+CaO+SiO2+Fe2O3+K2O,0.7777777777777778,0,
铅钡,Ward,6,384,0.39855493255399965,PbO+Al2O3+BaO+CuO+CaO+SiO2+Fe2O3+K2O,0.7777777777777778,0,
铅钡,Ward,2,385,0.5519713261648745,SiO2+MgO+Al2O3+CuO+BaO+K2O,0.5555555555555556,0,
铅钡,Ward,3,385,0.3233963938312398,SiO2+MgO+Al2O3+CuO+BaO+K2O,0.5555555555555556,0,
铅钡,Ward,4,385,0.15595351495522958,SiO2+MgO+Al2O3+CuO+BaO+K2O,0.5555555555555556,0,
铅钡,Ward,5,385,0.13878354375690077,SiO2+MgO+Al2O3+CuO+BaO+K2O,0.5555555555555556,0,
铅钡,Ward,6,385,0.15877295619880957,SiO2+MgO+Al2O3+CuO+BaO+K2O,0.5555555555555556,0,
铅钡,Ward,2,386,-0.0031576869942766925,PbO+SrO+SiO2+BaO+P2O5+CaO+K2O+Fe2O3,0.6,0,
铅钡,Ward,3,386,0.18790420012792267,PbO+SrO+SiO2+BaO+P2O5+CaO+K2O+Fe2O3,0.6,0,
铅钡,Ward,4,386,0.434551223006857,PbO+SrO+SiO2+BaO+P2O5+CaO+K2O+Fe2O3,0.6,0,
铅钡,Ward,5,386,0.547687269750307,PbO+SrO+SiO2+BaO+P2O5+CaO+K2O+Fe2O3,0.6,0,
铅钡,Ward,6,386,0.4922558922558923,PbO+SrO+SiO2+BaO+P2O5+CaO+K2O+Fe2O3,0.6,0,
铅钡,Ward,2,387,1.0,Al2O3+Fe2O3+CuO+SrO+SiO2+CaO+BaO+K2O+MgO,0.8888888888888888,0,
铅钡,Ward,3,387,0.6640986341503112,Al2O3+Fe2O3+CuO+SrO+SiO2+CaO+BaO+K2O+MgO,0.8888888888888888,0,
铅钡,Ward,4,387,0.28290678458171425,Al2O3+Fe2O3+CuO+SrO+SiO2+CaO+BaO+K2O+MgO,0.8888888888888888,0,
铅钡,Ward,5,387,0.7811689027383947,Al2O3+Fe2O3+CuO+SrO+SiO2+CaO+BaO+K2O+MgO,0.8888888888888888,0,
铅钡,Ward,6,387,0.7615660454999706,Al2O3+Fe2O3+CuO+SrO+SiO2+CaO+BaO+K2O+MgO,0.8888888888888888,0,
铅钡,Ward,2,388,-0.020780456852791878,K2O+Fe2O3+PbO+SrO+Al2O3+SiO2+CaO,0.6666666666666666,0,
铅钡,Ward,3,388,0.0893717584960129,K2O+Fe2O3+PbO+SrO+Al2O3+SiO2+CaO,0.6666666666666666,0,
铅钡,Ward,4,388,0.2547272070336023,K2O+Fe2O3+PbO+SrO+Al2O3+SiO2+CaO,0.6666666666666666,0,
铅钡,Ward,5,388,0.2817879963168615,K2O+Fe2O3+PbO+SrO+Al2O3+SiO2+CaO,0.6666666666666666,0,
铅钡,Ward,6,388,0.2590489709013485,K2O+Fe2O3+PbO+SrO+Al2O3+SiO2+CaO,0.6666666666666666,0,
铅钡,Ward,2,389,0.8049281314168378,K2O+Fe2O3+SrO+Al2O3+CaO+SiO2+CuO,0.875,0,
铅钡,Ward,3,389,0.47895081252044935,K2O+Fe2O3+SrO+Al2O3+CaO+SiO2+CuO,0.875,0,
铅钡,Ward,4,389,0.5381476295259052,K2O+Fe2O3+SrO+Al2O3+CaO+SiO2+CuO,0.875,0,
铅钡,Ward,5,389,0.4391873086557195,K2O+Fe2O3+SrO+Al2O3+CaO+SiO2+CuO,0.875,0,
铅钡,Ward,6,389,0.5945094414921549,K2O+Fe2O3+SrO+Al2O3+CaO+SiO2+CuO,0.875,0,
铅钡,Ward,2,390,,,,1,活动成分SO2在训练集中全缺失
铅钡,Ward,3,390,,,,1,活动成分SO2在训练集中全缺失
铅钡,Ward,4,390,,,,1,活动成分SO2在训练集中全缺失
铅钡,Ward,5,390,,,,1,活动成分SO2在训练集中全缺失
铅钡,Ward,6,390,,,,1,活动成分SO2在训练集中全缺失
铅钡,Ward,2,391,0.10003550155812393,SiO2+MgO+K2O+PbO+Al2O3+Fe2O3,0.4,0,
铅钡,Ward,3,391,0.06190289051807082,SiO2+MgO+K2O+PbO+Al2O3+Fe2O3,0.4,0,
铅钡,Ward,4,391,0.051759663727025465,SiO2+MgO+K2O+PbO+Al2O3+Fe2O3,0.4,0,
铅钡,Ward,5,391,0.05496239903444434,SiO2+MgO+K2O+PbO+Al2O3+Fe2O3,0.4,0,
铅钡,Ward,6,391,0.09256571022639529,SiO2+MgO+K2O+PbO+Al2O3+Fe2O3,0.4,0,
铅钡,Ward,2,392,0.23529411764705882,PbO+Fe2O3+K2O+CuO+BaO+SiO2+MgO,0.5,0,
铅钡,Ward,3,392,0.47338900660600775,PbO+Fe2O3+K2O+CuO+BaO+SiO2+MgO,0.5,0,
铅钡,Ward,4,392,0.5382198237584535,PbO+Fe2O3+K2O+CuO+BaO+SiO2+MgO,0.5,0,
铅钡,Ward,5,392,0.34024024024024024,PbO+Fe2O3+K2O+CuO+BaO+SiO2+MgO,0.5,0,
铅钡,Ward,6,392,0.41328175370728565,PbO+Fe2O3+K2O+CuO+BaO+SiO2+MgO,0.5,0,
铅钡,Ward,2,393,0.14150943396226415,CuO+BaO+SiO2+SrO+PbO+K2O,0.5555555555555556,0,
铅钡,Ward,3,393,0.20438371762026758,CuO+BaO+SiO2+SrO+PbO+K2O,0.5555555555555556,0,
铅钡,Ward,4,393,0.2569200084321134,CuO+BaO+SiO2+SrO+PbO+K2O,0.5555555555555556,0,
铅钡,Ward,5,393,0.24026469839653855,CuO+BaO+SiO2+SrO+PbO+K2O,0.5555555555555556,0,
铅钡,Ward,6,393,0.31255409427708936,CuO+BaO+SiO2+SrO+PbO+K2O,0.5555555555555556,0,
铅钡,Ward,2,394,0.4774590163934426,Al2O3+SrO+CaO+SiO2+Fe2O3+PbO+K2O,0.6666666666666666,0,
铅钡,Ward,3,394,0.2686344106108724,Al2O3+SrO+CaO+SiO2+Fe2O3+PbO+K2O,0.6666666666666666,0,
铅钡,Ward,4,394,0.4437385751641488,Al2O3+SrO+CaO+SiO2+Fe2O3+PbO+K2O,0.6666666666666666,0,
铅钡,Ward,5,394,0.4198921070549416,Al2O3+SrO+CaO+SiO2+Fe2O3+PbO+K2O,0.6666666666666666,0,
铅钡,Ward,6,394,0.5607266104294478,Al2O3+SrO+CaO+SiO2+Fe2O3+PbO+K2O,0.6666666666666666,0,
铅钡,Ward,2,395,-0.02247191011235955,PbO+K2O+P2O5+CaO+Na2O+SO2+MgO+Al2O3+BaO+Fe2O3,0.38461538461538464,0,
铅钡,Ward,3,395,0.08200146244646402,PbO+K2O+P2O5+CaO+Na2O+SO2+MgO+Al2O3+BaO+Fe2O3,0.38461538461538464,0,
铅钡,Ward,4,395,0.2013064133016627,PbO+K2O+P2O5+CaO+Na2O+SO2+MgO+Al2O3+BaO+Fe2O3,0.38461538461538464,0,
铅钡,Ward,5,395,0.36181552962298025,PbO+K2O+P2O5+CaO+Na2O+SO2+MgO+Al2O3+BaO+Fe2O3,0.38461538461538464,0,
铅钡,Ward,6,395,0.3384191103527638,PbO+K2O+P2O5+CaO+Na2O+SO2+MgO+Al2O3+BaO+Fe2O3,0.38461538461538464,0,
铅钡,Ward,2,396,0.10476751030017657,Fe2O3+PbO+Al2O3+SiO2+K2O+SrO,0.5555555555555556,0,
铅钡,Ward,3,396,0.04532247150760903,Fe2O3+PbO+Al2O3+SiO2+K2O+SrO,0.5555555555555556,0,
铅钡,Ward,4,396,0.17128874388254486,Fe2O3+PbO+Al2O3+SiO2+K2O+SrO,0.5555555555555556,0,
铅钡,Ward,5,396,0.23633879781420766,Fe2O3+PbO+Al2O3+SiO2+K2O+SrO,0.5555555555555556,0,
铅钡,Ward,6,396,0.26484796817277634,Fe2O3+PbO+Al2O3+SiO2+K2O+SrO,0.5555555555555556,0,
铅钡,Ward,2,397,0.7152161042036708,Al2O3+CaO+CuO+BaO+SiO2+MgO+K2O+Fe2O3,0.7777777777777778,0,
铅钡,Ward,3,397,0.7007755367239449,Al2O3+CaO+CuO+BaO+SiO2+MgO+K2O+Fe2O3,0.7777777777777778,0,
铅钡,Ward,4,397,0.5480713874496258,Al2O3+CaO+CuO+BaO+SiO2+MgO+K2O+Fe2O3,0.7777777777777778,0,
铅钡,Ward,5,397,0.48402061855670103,Al2O3+CaO+CuO+BaO+SiO2+MgO+K2O+Fe2O3,0.7777777777777778,0,
铅钡,Ward,6,397,0.5116120218579235,Al2O3+CaO+CuO+BaO+SiO2+MgO+K2O+Fe2O3,0.7777777777777778,0,
铅钡,Ward,2,398,0.8999407933688574,CaO+SiO2+Al2O3+CuO+BaO+PbO+SrO+Fe2O3,0.7777777777777778,0,
铅钡,Ward,3,398,0.6050764464874587,CaO+SiO2+Al2O3+CuO+BaO+PbO+SrO+Fe2O3,0.7777777777777778,0,
铅钡,Ward,4,398,0.4347533516227548,CaO+SiO2+Al2O3+CuO+BaO+PbO+SrO+Fe2O3,0.7777777777777778,0,
铅钡,Ward,5,398,0.8010984699882306,CaO+SiO2+Al2O3+CuO+BaO+PbO+SrO+Fe2O3,0.7777777777777778,0,
铅钡,Ward,6,398,0.7391304347826086,CaO+SiO2+Al2O3+CuO+BaO+PbO+SrO+Fe2O3,0.7777777777777778,0,
铅钡,Ward,2,399,0.10979749502516681,SiO2+Al2O3+SrO+K2O+Fe2O3+PbO,0.5555555555555556,0,
铅钡,Ward,3,399,0.18321077616584444,SiO2+Al2O3+SrO+K2O+Fe2O3+PbO,0.5555555555555556,0,
铅钡,Ward,4,399,0.1774793840764796,SiO2+Al2O3+SrO+K2O+Fe2O3+PbO,0.5555555555555556,0,
铅钡,Ward,5,399,0.35575221238938054,SiO2+Al2O3+SrO+K2O+Fe2O3+PbO,0.5555555555555556,0,
铅钡,Ward,6,399,0.5449482895783612,SiO2+Al2O3+SrO+K2O+Fe2O3+PbO,0.5555555555555556,0,
铅钡,Ward,2,400,0.10015381985985301,BaO+K2O+SiO2+PbO+Fe2O3,0.4444444444444444,0,
铅钡,Ward,3,400,0.1385531779408058,BaO+K2O+SiO2+PbO+Fe2O3,0.4444444444444444,0,
铅钡,Ward,4,400,0.12834839769926049,BaO+K2O+SiO2+PbO+Fe2O3,0.4444444444444444,0,
铅钡,Ward,5,400,0.09805045871559633,BaO+K2O+SiO2+PbO+Fe2O3,0.4444444444444444,0,
铅钡,Ward,6,400,0.22269103454706513,BaO+K2O+SiO2+PbO+Fe2O3,0.4444444444444444,0,
铅钡,Ward,2,401,0.057971014492753624,SiO2+CuO+K2O+PbO+SrO+Fe2O3+BaO,0.6666666666666666,0,
铅钡,Ward,3,401,0.5912845733386304,SiO2+CuO+K2O+PbO+SrO+Fe2O3+BaO,0.6666666666666666,0,
铅钡,Ward,4,401,0.42376359532115737,SiO2+CuO+K2O+PbO+SrO+Fe2O3+BaO,0.6666666666666666,0,
铅钡,Ward,5,401,0.3640500568828214,SiO2+CuO+K2O+PbO+SrO+Fe2O3+BaO,0.6666666666666666,0,
铅钡,Ward,6,401,0.358974358974359,SiO2+CuO+K2O+PbO+SrO+Fe2O3+BaO,0.6666666666666666,0,
铅钡,Ward,2,402,0.3434343434343434,SiO2+Na2O+MgO+PbO+BaO+Fe2O3+K2O,0.36363636363636365,0,
铅钡,Ward,3,402,0.21081376297105406,SiO2+Na2O+MgO+PbO+BaO+Fe2O3+K2O,0.36363636363636365,0,
铅钡,Ward,4,402,0.32880027659329264,SiO2+Na2O+MgO+PbO+BaO+Fe2O3+K2O,0.36363636363636365,0,
铅钡,Ward,5,402,0.17935518829585478,SiO2+Na2O+MgO+PbO+BaO+Fe2O3+K2O,0.36363636363636365,0,
铅钡,Ward,6,402,0.1927604473219541,SiO2+Na2O+MgO+PbO+BaO+Fe2O3+K2O,0.36363636363636365,0,
铅钡,Ward,2,403,0.07536588701955957,P2O5+SiO2+BaO+Fe2O3+Al2O3+K2O,0.5555555555555556,0,
铅钡,Ward,3,403,0.1704234339941127,P2O5+SiO2+BaO+Fe2O3+Al2O3+K2O,0.5555555555555556,0,
铅钡,Ward,4,403,0.25526110678098207,P2O5+SiO2+BaO+Fe2O3+Al2O3+K2O,0.5555555555555556,0,
铅钡,Ward,5,403,0.33789149473059227,P2O5+SiO2+BaO+Fe2O3+Al2O3+K2O,0.5555555555555556,0,
铅钡,Ward,6,403,0.41223832528180354,P2O5+SiO2+BaO+Fe2O3+Al2O3+K2O,0.5555555555555556,0,
铅钡,Ward,2,404,0.4778156996587031,CuO+Al2O3+SiO2+SnO2+BaO+MgO+K2O,0.5,0,
铅钡,Ward,3,404,0.38772195755738414,CuO+Al2O3+SiO2+SnO2+BaO+MgO+K2O,0.5,0,
铅钡,Ward,4,404,0.171846757483578,CuO+Al2O3+SiO2+SnO2+BaO+MgO+K2O,0.5,0,
铅钡,Ward,5,404,0.14796061884669479,CuO+Al2O3+SiO2+SnO2+BaO+MgO+K2O,0.5,0,
铅钡,Ward,6,404,0.1606547438617763,CuO+Al2O3+SiO2+SnO2+BaO+MgO+K2O,0.5,0,
铅钡,Ward,2,405,0.7155529272619752,K2O+BaO+Al2O3+SrO+CuO+SiO2+CaO+Fe2O3,1.0,0,
铅钡,Ward,3,405,0.47805855627084676,K2O+BaO+Al2O3+SrO+CuO+SiO2+CaO+Fe2O3,1.0,0,
铅钡,Ward,4,405,0.2462347827481675,K2O+BaO+Al2O3+SrO+CuO+SiO2+CaO+Fe2O3,1.0,0,
铅钡,Ward,5,405,0.47348627303497554,K2O+BaO+Al2O3+SrO+CuO+SiO2+CaO+Fe2O3,1.0,0,
铅钡,Ward,6,405,0.4619273301737757,K2O+BaO+Al2O3+SrO+CuO+SiO2+CaO+Fe2O3,1.0,0,
铅钡,Ward,2,406,,,,1,活动成分SO2在训练集中全缺失
铅钡,Ward,3,406,,,,1,活动成分SO2在训练集中全缺失
铅钡,Ward,4,406,,,,1,活动成分SO2在训练集中全缺失
铅钡,Ward,5,406,,,,1,活动成分SO2在训练集中全缺失
铅钡,Ward,6,406,,,,1,活动成分SO2在训练集中全缺失
铅钡,Ward,2,407,-0.026045777426992895,Al2O3+PbO+CaO+SiO2+K2O+Fe2O3,0.5555555555555556,0,
铅钡,Ward,3,407,0.0642903926367679,Al2O3+PbO+CaO+SiO2+K2O+Fe2O3,0.5555555555555556,0,
铅钡,Ward,4,407,0.09286485456623904,Al2O3+PbO+CaO+SiO2+K2O+Fe2O3,0.5555555555555556,0,
铅钡,Ward,5,407,0.3446632917854256,Al2O3+PbO+CaO+SiO2+K2O+Fe2O3,0.5555555555555556,0,
铅钡,Ward,6,407,0.4305301192892145,Al2O3+PbO+CaO+SiO2+K2O+Fe2O3,0.5555555555555556,0,
铅钡,Ward,2,408,0.7138607971445569,CaO+BaO+SiO2+MgO+Fe2O3+K2O+Al2O3+SrO+CuO,0.8888888888888888,0,
铅钡,Ward,3,408,0.40040953460169776,CaO+BaO+SiO2+MgO+Fe2O3+K2O+Al2O3+SrO+CuO,0.8888888888888888,0,
铅钡,Ward,4,408,0.6582507256695328,CaO+BaO+SiO2+MgO+Fe2O3+K2O+Al2O3+SrO+CuO,0.8888888888888888,0,
铅钡,Ward,5,408,0.6480081496970672,CaO+BaO+SiO2+MgO+Fe2O3+K2O+Al2O3+SrO+CuO,0.8888888888888888,0,
铅钡,Ward,6,408,0.4770884283691595,CaO+BaO+SiO2+MgO+Fe2O3+K2O+Al2O3+SrO+CuO,0.8888888888888888,0,
铅钡,Ward,2,409,1.0,SiO2+MgO+PbO+CuO+Al2O3+K2O+SrO,0.5,0,
铅钡,Ward,3,409,0.7574777687954729,SiO2+MgO+PbO+CuO+Al2O3+K2O+SrO,0.5,0,
铅钡,Ward,4,409,0.4773410764284974,SiO2+MgO+PbO+CuO+Al2O3+K2O+SrO,0.5,0,
铅钡,Ward,5,409,0.40109555690809495,SiO2+MgO+PbO+CuO+Al2O3+K2O+SrO,0.5,0,
铅钡,Ward,6,409,0.3501740605195037,SiO2+MgO+PbO+CuO+Al2O3+K2O+SrO,0.5,0,
铅钡,Ward,2,410,0.03598971722365039,BaO+Fe2O3+SrO+PbO+CaO+SiO2+K2O,0.6666666666666666,0,
铅钡,Ward,3,410,0.0930899225531403,BaO+Fe2O3+SrO+PbO+CaO+SiO2+K2O,0.6666666666666666,0,
铅钡,Ward,4,410,0.4032367613649671,BaO+Fe2O3+SrO+PbO+CaO+SiO2+K2O,0.6666666666666666,0,
铅钡,Ward,5,410,0.3736836562763269,BaO+Fe2O3+SrO+PbO+CaO+SiO2+K2O,0.6666666666666666,0,
铅钡,Ward,6,410,0.34944868532654794,BaO+Fe2O3+SrO+PbO+CaO+SiO2+K2O,0.6666666666666666,0,
铅钡,Ward,2,411,0.8985959438377535,CuO+BaO+Al2O3+Fe2O3+SrO+SiO2+MgO+K2O,0.7777777777777778,0,
铅钡,Ward,3,411,0.9072698091897997,CuO+BaO+Al2O3+Fe2O3+SrO+SiO2+MgO+K2O,0.7777777777777778,0,
铅钡,Ward,4,411,0.4132617192992323,CuO+BaO+Al2O3+Fe2O3+SrO+SiO2+MgO+K2O,0.7777777777777778,0,
铅钡,Ward,5,411,0.3456160552722487,CuO+BaO+Al2O3+Fe2O3+SrO+SiO2+MgO+K2O,0.7777777777777778,0,
铅钡,Ward,6,411,0.38074099368277275,CuO+BaO+Al2O3+Fe2O3+SrO+SiO2+MgO+K2O,0.7777777777777778,0,
铅钡,Ward,2,412,0.8051166735704283,CaO+SiO2+K2O+CuO+Al2O3+SrO+Fe2O3+BaO,1.0,0,
铅钡,Ward,3,412,0.4659019260886367,CaO+SiO2+K2O+CuO+Al2O3+SrO+Fe2O3+BaO,1.0,0,
铅钡,Ward,4,412,0.34583446159400666,CaO+SiO2+K2O+CuO+Al2O3+SrO+Fe2O3+BaO,1.0,0,
铅钡,Ward,5,412,0.6665552891230001,CaO+SiO2+K2O+CuO+Al2O3+SrO+Fe2O3+BaO,1.0,0,
铅钡,Ward,6,412,0.6936824132043256,CaO+SiO2+K2O+CuO+Al2O3+SrO+Fe2O3+BaO,1.0,0,
铅钡,Ward,2,413,0.8999407933688574,K2O+CuO+SiO2+SrO+PbO+BaO,0.5555555555555556,0,
铅钡,Ward,3,413,0.5689621345889739,K2O+CuO+SiO2+SrO+PbO+BaO,0.5555555555555556,0,
铅钡,Ward,4,413,0.39821283259891604,K2O+CuO+SiO2+SrO+PbO+BaO,0.5555555555555556,0,
铅钡,Ward,5,413,0.32806842630004723,K2O+CuO+SiO2+SrO+PbO+BaO,0.5555555555555556,0,
铅钡,Ward,6,413,0.3560671133253164,K2O+CuO+SiO2+SrO+PbO+BaO,0.5555555555555556,0,
铅钡,Ward,2,414,0.3436544719455675,PbO+K2O+Fe2O3+Al2O3+SiO2+SO2+MgO,0.36363636363636365,0,
铅钡,Ward,3,414,0.3687955631518365,PbO+K2O+Fe2O3+Al2O3+SiO2+SO2+MgO,0.36363636363636365,0,
铅钡,Ward,4,414,0.17662559811377454,PbO+K2O+Fe2O3+Al2O3+SiO2+SO2+MgO,0.36363636363636365,0,
铅钡,Ward,5,414,0.19019933554817275,PbO+K2O+Fe2O3+Al2O3+SiO2+SO2+MgO,0.36363636363636365,0,
铅钡,Ward,6,414,0.25155004428697963,PbO+K2O+Fe2O3+Al2O3+SiO2+SO2+MgO,0.36363636363636365,0,
铅钡,Ward,2,415,1.0,SiO2+CaO+PbO+Al2O3+Fe2O3+CuO+BaO+K2O,0.7777777777777778,0,
铅钡,Ward,3,415,0.829223144443781,SiO2+CaO+PbO+Al2O3+Fe2O3+CuO+BaO+K2O,0.7777777777777778,0,
铅钡,Ward,4,415,0.7691633613135319,SiO2+CaO+PbO+Al2O3+Fe2O3+CuO+BaO+K2O,0.7777777777777778,0,
铅钡,Ward,5,415,0.5126612517916865,SiO2+CaO+PbO+Al2O3+Fe2O3+CuO+BaO+K2O,0.7777777777777778,0,
铅钡,Ward,6,415,0.41336198476264896,SiO2+CaO+PbO+Al2O3+Fe2O3+CuO+BaO+K2O,0.7777777777777778,0,
铅钡,Ward,2,416,0.13825757575757575,SiO2+Al2O3+K2O+Fe2O3+SrO+PbO,0.5555555555555556,0,
铅钡,Ward,3,416,0.04888358985475829,SiO2+Al2O3+K2O+Fe2O3+SrO+PbO,0.5555555555555556,0,
铅钡,Ward,4,416,0.06360108826546541,SiO2+Al2O3+K2O+Fe2O3+SrO+PbO,0.5555555555555556,0,
铅钡,Ward,5,416,0.14062716995805905,SiO2+Al2O3+K2O+Fe2O3+SrO+PbO,0.5555555555555556,0,
铅钡,Ward,6,416,0.27345309381237526,SiO2+Al2O3+K2O+Fe2O3+SrO+PbO,0.5555555555555556,0,
铅钡,Ward,2,417,-0.08168826576248622,K2O+Fe2O3+SiO2+MgO+PbO+CuO+Al2O3,0.5,0,
铅钡,Ward,3,417,0.31158489596712047,K2O+Fe2O3+SiO2+MgO+PbO+CuO+Al2O3,0.5,0,
铅钡,Ward,4,417,0.19006502059333905,K2O+Fe2O3+SiO2+MgO+PbO+CuO+Al2O3,0.5,0,
铅钡,Ward,5,417,0.3220904406148768,K2O+Fe2O3+SiO2+MgO+PbO+CuO+Al2O3,0.5,0,
铅钡,Ward,6,417,0.45718151942779817,K2O+Fe2O3+SiO2+MgO+PbO+CuO+Al2O3,0.5,0,
铅钡,Ward,2,418,,,,1,活动成分SO2在训练集中全缺失
铅钡,Ward,3,418,,,,1,活动成分SO2在训练集中全缺失
铅钡,Ward,4,418,,,,1,活动成分SO2在训练集中全缺失
铅钡,Ward,5,418,,,,1,活动成分SO2在训练集中全缺失
铅钡,Ward,6,418,,,,1,活动成分SO2在训练集中全缺失
铅钡,Ward,2,419,0.8974141070778195,Al2O3+Fe2O3+SiO2+MgO+K2O+CuO+PbO,0.5,0,
铅钡,Ward,3,419,0.541179537569936,Al2O3+Fe2O3+SiO2+MgO+K2O+CuO+PbO,0.5,0,
铅钡,Ward,4,419,0.30516118256221814,Al2O3+Fe2O3+SiO2+MgO+K2O+CuO+PbO,0.5,0,
铅钡,Ward,5,419,0.34760229904778245,Al2O3+Fe2O3+SiO2+MgO+K2O+CuO+PbO,0.5,0,
铅钡,Ward,6,419,0.3582704186684969,Al2O3+Fe2O3+SiO2+MgO+K2O+CuO+PbO,0.5,0,
铅钡,Ward,2,420,0.10138248847926268,Al2O3+Fe2O3+SiO2+P2O5+K2O+CuO+BaO,0.6666666666666666,0,
铅钡,Ward,3,420,0.41285558847883064,Al2O3+Fe2O3+SiO2+P2O5+K2O+CuO+BaO,0.6666666666666666,0,
铅钡,Ward,4,420,0.28399139652788447,Al2O3+Fe2O3+SiO2+P2O5+K2O+CuO+BaO,0.6666666666666666,0,
铅钡,Ward,5,420,0.3304269662921348,Al2O3+Fe2O3+SiO2+P2O5+K2O+CuO+BaO,0.6666666666666666,0,
铅钡,Ward,6,420,0.3475809180106011,Al2O3+Fe2O3+SiO2+P2O5+K2O+CuO+BaO,0.6666666666666666,0,
铅钡,Ward,2,421,-0.017657445556209534,SiO2+CaO+P2O5+SO2+K2O+MgO+Al2O3+SrO+PbO+Fe2O3,0.5,0,
铅钡,Ward,3,421,0.20328536348181367,SiO2+CaO+P2O5+SO2+K2O+MgO+Al2O3+SrO+PbO+Fe2O3,0.5,0,
铅钡,Ward,4,421,0.3050774700932233,SiO2+CaO+P2O5+SO2+K2O+MgO+Al2O3+SrO+PbO+Fe2O3,0.5,0,
铅钡,Ward,5,421,0.30077255466806335,SiO2+CaO+P2O5+SO2+K2O+MgO+Al2O3+SrO+PbO+Fe2O3,0.5,0,
铅钡,Ward,6,421,0.4468279645519764,SiO2+CaO+P2O5+SO2+K2O+MgO+Al2O3+SrO+PbO+Fe2O3,0.5,0,
铅钡,Ward,2,422,0.10707995773159563,SiO2+BaO+Al2O3+K2O+SrO,0.625,0,
铅钡,Ward,3,422,0.4488226070219596,SiO2+BaO+Al2O3+K2O+SrO,0.625,0,
铅钡,Ward,4,422,0.1974749936178607,SiO2+BaO+Al2O3+K2O+SrO,0.625,0,
铅钡,Ward,5,422,0.26452049318943516,SiO2+BaO+Al2O3+K2O+SrO,0.625,0,
铅钡,Ward,6,422,0.32652118438998634,SiO2+BaO+Al2O3+K2O+SrO,0.625,0,
铅钡,Ward,2,423,0.2848692771796995,BaO+SiO2+SrO+Al2O3+K2O,0.625,0,
铅钡,Ward,3,423,0.2745604162314074,BaO+SiO2+SrO+Al2O3+K2O,0.625,0,
铅钡,Ward,4,423,0.32935659042290605,BaO+SiO2+SrO+Al2O3+K2O,0.625,0,
铅钡,Ward,5,423,0.3289217517846257,BaO+SiO2+SrO+Al2O3+K2O,0.625,0,
铅钡,Ward,6,423,0.28521852293677474,BaO+SiO2+SrO+Al2O3+K2O,0.625,0,
铅钡,Ward,2,424,0.715395842373082,CuO+BaO+SrO+SiO2+MgO+Fe2O3+PbO,0.5,0,
铅钡,Ward,3,424,0.44347593808432567,CuO+BaO+SrO+SiO2+MgO+Fe2O3+PbO,0.5,0,
铅钡,Ward,4,424,0.2664261788198918,CuO+BaO+SrO+SiO2+MgO+Fe2O3+PbO,0.5,0,
铅钡,Ward,5,424,0.23622526636225266,CuO+BaO+SrO+SiO2+MgO+Fe2O3+PbO,0.5,0,
铅钡,Ward,6,424,0.257347275729224,CuO+BaO+SrO+SiO2+MgO+Fe2O3+PbO,0.5,0,
铅钡,Ward,2,425,0.1366223908918406,CuO+Fe2O3+SiO2+Al2O3+BaO+PbO,0.5555555555555556,0,
铅钡,Ward,3,425,0.25287356321839083,CuO+Fe2O3+SiO2+Al2O3+BaO+PbO,0.5555555555555556,0,
铅钡,Ward,4,425,0.2677211944302,CuO+Fe2O3+SiO2+Al2O3+BaO+PbO,0.5555555555555556,0,
铅钡,Ward,5,425,0.2654293381037567,CuO+Fe2O3+SiO2+Al2O3+BaO+PbO,0.5555555555555556,0,
铅钡,Ward,6,425,0.4108377168195453,CuO+Fe2O3+SiO2+Al2O3+BaO+PbO,0.5555555555555556,0,
铅钡,Ward,2,426,0.23058712121212122,BaO+K2O+CaO+SiO2+Al2O3+Fe2O3,0.75,0,
铅钡,Ward,3,426,0.09052640019243877,BaO+K2O+CaO+SiO2+Al2O3+Fe2O3,0.75,0,
铅钡,Ward,4,426,0.2078557513704526,BaO+K2O+CaO+SiO2+Al2O3+Fe2O3,0.75,0,
铅钡,Ward,5,426,0.23182441700960219,BaO+K2O+CaO+SiO2+Al2O3+Fe2O3,0.75,0,
铅钡,Ward,6,426,0.258298755186722,BaO+K2O+CaO+SiO2+Al2O3+Fe2O3,0.75,0,
铅钡,Ward,2,427,0.4781273983115886,BaO+SiO2+MgO+Al2O3+Fe2O3+PbO+SrO+K2O,0.6,0,
铅钡,Ward,3,427,0.4840179222957997,BaO+SiO2+MgO+Al2O3+Fe2O3+PbO+SrO+K2O,0.6,0,
铅钡,Ward,4,427,0.3081928351999226,BaO+SiO2+MgO+Al2O3+Fe2O3+PbO+SrO+K2O,0.6,0,
铅钡,Ward,5,427,0.26376280503039895,BaO+SiO2+MgO+Al2O3+Fe2O3+PbO+SrO+K2O,0.6,0,
铅钡,Ward,6,427,0.34630252364939185,BaO+SiO2+MgO+Al2O3+Fe2O3+PbO+SrO+K2O,0.6,0,
铅钡,Ward,2,428,0.899996055071206,K2O+PbO+SiO2+Al2O3+BaO+CuO+SrO+Fe2O3,0.7777777777777778,0,
铅钡,Ward,3,428,0.9052995811327627,K2O+PbO+SiO2+Al2O3+BaO+CuO+SrO+Fe2O3,0.7777777777777778,0,
铅钡,Ward,4,428,0.490336137573602,K2O+PbO+SiO2+Al2O3+BaO+CuO+SrO+Fe2O3,0.7777777777777778,0,
铅钡,Ward,5,428,0.3486823052418187,K2O+PbO+SiO2+Al2O3+BaO+CuO+SrO+Fe2O3,0.7777777777777778,0,
铅钡,Ward,6,428,0.36975049407114624,K2O+PbO+SiO2+Al2O3+BaO+CuO+SrO+Fe2O3,0.7777777777777778,0,
铅钡,Ward,2,429,-0.014644145298303013,Al2O3+P2O5+Na2O+SrO+Fe2O3+CuO+CaO+MgO+K2O,0.5454545454545454,0,
铅钡,Ward,3,429,0.36162009699478503,Al2O3+P2O5+Na2O+SrO+Fe2O3+CuO+CaO+MgO+K2O,0.5454545454545454,0,
铅钡,Ward,4,429,0.2100637302063817,Al2O3+P2O5+Na2O+SrO+Fe2O3+CuO+CaO+MgO+K2O,0.5454545454545454,0,
铅钡,Ward,5,429,0.22806635251818158,Al2O3+P2O5+Na2O+SrO+Fe2O3+CuO+CaO+MgO+K2O,0.5454545454545454,0,
铅钡,Ward,6,429,0.20834022836339566,Al2O3+P2O5+Na2O+SrO+Fe2O3+CuO+CaO+MgO+K2O,0.5454545454545454,0,
铅钡,Ward,2,430,0.3440684313223092,SiO2+CaO+Al2O3+PbO+SrO+K2O+Fe2O3,0.6666666666666666,0,
铅钡,Ward,3,430,0.1899492200934674,SiO2+CaO+Al2O3+PbO+SrO+K2O+Fe2O3,0.6666666666666666,0,
铅钡,Ward,4,430,0.2892013278656512,SiO2+CaO+Al2O3+PbO+SrO+K2O+Fe2O3,0.6666666666666666,0,
铅钡,Ward,5,430,0.5487695006875623,SiO2+CaO+Al2O3+PbO+SrO+K2O+Fe2O3,0.6666666666666666,0,
铅钡,Ward,6,430,0.6331560079848664,SiO2+CaO+Al2O3+PbO+SrO+K2O+Fe2O3,0.6666666666666666,0,
铅钡,Ward,2,431,0.40771567196560293,PbO+K2O+Al2O3+Fe2O3+MgO+CaO+SnO2+SO2,0.3333333333333333,0,
铅钡,Ward,3,431,0.26024588734928417,PbO+K2O+Al2O3+Fe2O3+MgO+CaO+SnO2+SO2,0.3333333333333333,0,
铅钡,Ward,4,431,0.31169357723771135,PbO+K2O+Al2O3+Fe2O3+MgO+CaO+SnO2+SO2,0.3333333333333333,0,
铅钡,Ward,5,431,0.33329858758534425,PbO+K2O+Al2O3+Fe2O3+MgO+CaO+SnO2+SO2,0.3333333333333333,0,
铅钡,Ward,6,431,0.42998204667863554,PbO+K2O+Al2O3+Fe2O3+MgO+CaO+SnO2+SO2,0.3333333333333333,0,
铅钡,Ward,2,432,0.015617605300520587,CaO+MgO+PbO+SiO2+BaO+K2O,0.4,0,
铅钡,Ward,3,432,0.1467649051490515,CaO+MgO+PbO+SiO2+BaO+K2O,0.4,0,
铅钡,Ward,4,432,0.28035538005923,CaO+MgO+PbO+SiO2+BaO+K2O,0.4,0,
铅钡,Ward,5,432,0.36706783369803064,CaO+MgO+PbO+SiO2+BaO+K2O,0.4,0,
铅钡,Ward,6,432,0.47297297297297297,CaO+MgO+PbO+SiO2+BaO+K2O,0.4,0,
铅钡,Ward,2,433,0.2857142857142857,Al2O3+Fe2O3+CuO+SiO2+SrO+K2O,0.75,0,
铅钡,Ward,3,433,0.20201338162175433,Al2O3+Fe2O3+CuO+SiO2+SrO+K2O,0.75,0,
铅钡,Ward,4,433,0.21609916010624297,Al2O3+Fe2O3+CuO+SiO2+SrO+K2O,0.75,0,
铅钡,Ward,5,433,0.2789082022132521,Al2O3+Fe2O3+CuO+SiO2+SrO+K2O,0.75,0,
铅钡,Ward,6,433,0.3035063113604488,Al2O3+Fe2O3+CuO+SiO2+SrO+K2O,0.75,0,
铅钡,Ward,2,434,0.03880279190819827,Al2O3+PbO+SrO+MgO+P2O5+SiO2+K2O,0.36363636363636365,0,
铅钡,Ward,3,434,0.16621104428649536,Al2O3+PbO+SrO+MgO+P2O5+SiO2+K2O,0.36363636363636365,0,
铅钡,Ward,4,434,0.24362940050081014,Al2O3+PbO+SrO+MgO+P2O5+SiO2+K2O,0.36363636363636365,0,
铅钡,Ward,5,434,0.3491773308957952,Al2O3+PbO+SrO+MgO+P2O5+SiO2+K2O,0.36363636363636365,0,
铅钡,Ward,6,434,0.3199050825009657,Al2O3+PbO+SrO+MgO+P2O5+SiO2+K2O,0.36363636363636365,0,
铅钡,Ward,2,435,0.3442622950819672,Na2O+K2O+BaO+CuO+SiO2+Al2O3+SrO+Fe2O3,0.7777777777777778,0,
铅钡,Ward,3,435,0.25336867682792136,Na2O+K2O+BaO+CuO+SiO2+Al2O3+SrO+Fe2O3,0.7777777777777778,0,
铅钡,Ward,4,435,0.1954754601226994,Na2O+K2O+BaO+CuO+SiO2+Al2O3+SrO+Fe2O3,0.7777777777777778,0,
铅钡,Ward,5,435,0.12834839769926049,Na2O+K2O+BaO+CuO+SiO2+Al2O3+SrO+Fe2O3,0.7777777777777778,0,
铅钡,Ward,6,435,0.21361549211419445,Na2O+K2O+BaO+CuO+SiO2+Al2O3+SrO+Fe2O3,0.7777777777777778,0,
铅钡,Ward,2,436,0.18253498915828897,CaO+SiO2+Al2O3+BaO+PbO+K2O+Fe2O3,0.6666666666666666,0,
铅钡,Ward,3,436,0.206936174657892,CaO+SiO2+Al2O3+BaO+PbO+K2O+Fe2O3,0.6666666666666666,0,
铅钡,Ward,4,436,0.3823201007293374,CaO+SiO2+Al2O3+BaO+PbO+K2O+Fe2O3,0.6666666666666666,0,
铅钡,Ward,5,436,0.3442889684347543,CaO+SiO2+Al2O3+BaO+PbO+K2O+Fe2O3,0.6666666666666666,0,
铅钡,Ward,6,436,0.4315231731710431,CaO+SiO2+Al2O3+BaO+PbO+K2O+Fe2O3,0.6666666666666666,0,
铅钡,Ward,2,437,0.017651573292402148,SiO2+CaO+BaO+Al2O3+Fe2O3+PbO+SrO+CuO+K2O,0.8888888888888888,0,
铅钡,Ward,3,437,-0.0007468259895444362,SiO2+CaO+BaO+Al2O3+Fe2O3+PbO+SrO+CuO+K2O,0.8888888888888888,0,
铅钡,Ward,4,437,0.2924062522578936,SiO2+CaO+BaO+Al2O3+Fe2O3+PbO+SrO+CuO+K2O,0.8888888888888888,0,
铅钡,Ward,5,437,0.4213333818817361,SiO2+CaO+BaO+Al2O3+Fe2O3+PbO+SrO+CuO+K2O,0.8888888888888888,0,
铅钡,Ward,6,437,0.4333788174776915,SiO2+CaO+BaO+Al2O3+Fe2O3+PbO+SrO+CuO+K2O,0.8888888888888888,0,
铅钡,Ward,2,438,0.7152835326151297,SiO2+K2O+Al2O3+CuO+SrO,0.625,0,
铅钡,Ward,3,438,0.4825947487228229,SiO2+K2O+Al2O3+CuO+SrO,0.625,0,
铅钡,Ward,4,438,0.4862260885833216,SiO2+K2O+Al2O3+CuO+SrO,0.625,0,
铅钡,Ward,5,438,0.4751954513148543,SiO2+K2O+Al2O3+CuO+SrO,0.625,0,
铅钡,Ward,6,438,0.4473935498444447,SiO2+K2O+Al2O3+CuO+SrO,0.625,0,
铅钡,Ward,2,439,0.47704685281590153,Na2O+MgO+P2O5+BaO+Al2O3+PbO+Fe2O3,0.25,0,
铅钡,Ward,3,439,0.4078763616050647,Na2O+MgO+P2O5+BaO+Al2O3+PbO+Fe2O3,0.25,0,
铅钡,Ward,4,439,0.37247572223802367,Na2O+MgO+P2O5+BaO+Al2O3+PbO+Fe2O3,0.25,0,
铅钡,Ward,5,439,0.2569417285881893,Na2O+MgO+P2O5+BaO+Al2O3+PbO+Fe2O3,0.25,0,
铅钡,Ward,6,439,0.2918425711562032,Na2O+MgO+P2O5+BaO+Al2O3+PbO+Fe2O3,0.25,0,
铅钡,Ward,2,440,-0.002872812744841995,SrO+PbO+BaO+CuO+SiO2+K2O,0.5555555555555556,0,
铅钡,Ward,3,440,0.4999643849277014,SrO+PbO+BaO+CuO+SiO2+K2O,0.5555555555555556,0,
铅钡,Ward,4,440,0.385897881208753,SrO+PbO+BaO+CuO+SiO2+K2O,0.5555555555555556,0,
铅钡,Ward,5,440,0.3224706889737847,SrO+PbO+BaO+CuO+SiO2+K2O,0.5555555555555556,0,
铅钡,Ward,6,440,0.31952662721893493,SrO+PbO+BaO+CuO+SiO2+K2O,0.5555555555555556,0,
铅钡,Ward,2,441,-0.014484185634052616,Al2O3+BaO+Fe2O3+P2O5+SiO2+CaO+SrO+K2O,0.7777777777777778,0,
铅钡,Ward,3,441,0.012022674889428767,Al2O3+BaO+Fe2O3+P2O5+SiO2+CaO+SrO+K2O,0.7777777777777778,0,
铅钡,Ward,4,441,0.19209096319886218,Al2O3+BaO+Fe2O3+P2O5+SiO2+CaO+SrO+K2O,0.7777777777777778,0,
铅钡,Ward,5,441,0.2903335147044394,Al2O3+BaO+Fe2O3+P2O5+SiO2+CaO+SrO+K2O,0.7777777777777778,0,
铅钡,Ward,6,441,0.31664130585143174,Al2O3+BaO+Fe2O3+P2O5+SiO2+CaO+SrO+K2O,0.7777777777777778,0,
铅钡,Ward,2,442,0.6293436293436293,SiO2+MgO+PbO+Al2O3+BaO+SrO+K2O,0.5,0,
铅钡,Ward,3,442,0.5489741254976505,SiO2+MgO+PbO+Al2O3+BaO+SrO+K2O,0.5,0,
铅钡,Ward,4,442,0.4246492379125871,SiO2+MgO+PbO+Al2O3+BaO+SrO+K2O,0.5,0,
铅钡,Ward,5,442,0.3381086679811316,SiO2+MgO+PbO+Al2O3+BaO+SrO+K2O,0.5,0,
铅钡,Ward,6,442,0.3553419696336537,SiO2+MgO+PbO+Al2O3+BaO+SrO+K2O,0.5,0,
铅钡,Ward,2,443,0.2868939483307774,CuO+K2O+SiO2+CaO+Fe2O3+Al2O3+SrO+BaO,1.0,0,
铅钡,Ward,3,443,0.1745253363510625,CuO+K2O+SiO2+CaO+Fe2O3+Al2O3+SrO+BaO,1.0,0,
铅钡,Ward,4,443,0.3107287449392713,CuO+K2O+SiO2+CaO+Fe2O3+Al2O3+SrO+BaO,1.0,0,
铅钡,Ward,5,443,0.3886688317783326,CuO+K2O+SiO2+CaO+Fe2O3+Al2O3+SrO+BaO,1.0,0,
铅钡,Ward,6,443,0.38989803497872916,CuO+K2O+SiO2+CaO+Fe2O3+Al2O3+SrO+BaO,1.0,0,
铅钡,Ward,2,444,0.23058712121212122,Al2O3+SrO+K2O+PbO+SiO2+Na2O+Fe2O3,0.5,0,
铅钡,Ward,3,444,0.14421065583856282,Al2O3+SrO+K2O+PbO+SiO2+Na2O+Fe2O3,0.5,0,
铅钡,Ward,4,444,0.23408642712774227,Al2O3+SrO+K2O+PbO+SiO2+Na2O+Fe2O3,0.5,0,
铅钡,Ward,5,444,0.3048327137546468,Al2O3+SrO+K2O+PbO+SiO2+Na2O+Fe2O3,0.5,0,
铅钡,Ward,6,444,0.2544234289200732,Al2O3+SrO+K2O+PbO+SiO2+Na2O+Fe2O3,0.5,0,
铅钡,Ward,2,445,0.037892243931320305,CaO+SiO2+Na2O+MgO+Al2O3+PbO+SrO+K2O,0.45454545454545453,0,
铅钡,Ward,3,445,0.19390748871179175,CaO+SiO2+Na2O+MgO+Al2O3+PbO+SrO+K2O,0.45454545454545453,0,
铅钡,Ward,4,445,0.3593668334204435,CaO+SiO2+Na2O+MgO+Al2O3+PbO+SrO+K2O,0.45454545454545453,0,
铅钡,Ward,5,445,0.3510682004930156,CaO+SiO2+Na2O+MgO+Al2O3+PbO+SrO+K2O,0.45454545454545453,0,
铅钡,Ward,6,445,0.3618022864828514,CaO+SiO2+Na2O+MgO+Al2O3+PbO+SrO+K2O,0.45454545454545453,0,
铅钡,Ward,2,446,0.8985959438377535,SiO2+MgO+CuO+PbO+SrO+K2O,0.4,0,
铅钡,Ward,3,446,0.4455710492756047,SiO2+MgO+CuO+PbO+SrO+K2O,0.4,0,
铅钡,Ward,4,446,0.6344923939359755,SiO2+MgO+CuO+PbO+SrO+K2O,0.4,0,
铅钡,Ward,5,446,0.4640109172207543,SiO2+MgO+CuO+PbO+SrO+K2O,0.4,0,
铅钡,Ward,6,446,0.3901866966882447,SiO2+MgO+CuO+PbO+SrO+K2O,0.4,0,
铅钡,Ward,2,447,,,,1,活动成分SO2在训练集中全缺失
铅钡,Ward,3,447,,,,1,活动成分SO2在训练集中全缺失
铅钡,Ward,4,447,,,,1,活动成分SO2在训练集中全缺失
铅钡,Ward,5,447,,,,1,活动成分SO2在训练集中全缺失
铅钡,Ward,6,447,,,,1,活动成分SO2在训练集中全缺失
铅钡,Ward,2,448,0.3434343434343434,Al2O3+Fe2O3+SiO2+Na2O+BaO+MgO+K2O,0.5,0,
铅钡,Ward,3,448,0.32856885472344005,Al2O3+Fe2O3+SiO2+Na2O+BaO+MgO+K2O,0.5,0,
铅钡,Ward,4,448,0.1952163207879001,Al2O3+Fe2O3+SiO2+Na2O+BaO+MgO+K2O,0.5,0,
铅钡,Ward,5,448,0.1818778334526366,Al2O3+Fe2O3+SiO2+Na2O+BaO+MgO+K2O,0.5,0,
铅钡,Ward,6,448,0.17951042611060744,Al2O3+Fe2O3+SiO2+Na2O+BaO+MgO+K2O,0.5,0,
铅钡,Ward,2,449,0.18330773169482847,Al2O3+BaO+Fe2O3+PbO+K2O+MgO+CaO+Na2O+SO2,0.4166666666666667,0,
铅钡,Ward,3,449,0.12575841147269717,Al2O3+BaO+Fe2O3+PbO+K2O+MgO+CaO+Na2O+SO2,0.4166666666666667,0,
铅钡,Ward,4,449,0.24604840946004833,Al2O3+BaO+Fe2O3+PbO+K2O+MgO+CaO+Na2O+SO2,0.4166666666666667,0,
铅钡,Ward,5,449,0.3449593058968059,Al2O3+BaO+Fe2O3+PbO+K2O+MgO+CaO+Na2O+SO2,0.4166666666666667,0,
铅钡,Ward,6,449,0.45043242545501483,Al2O3+BaO+Fe2O3+PbO+K2O+MgO+CaO+Na2O+SO2,0.4166666666666667,0,
铅钡,Ward,2,450,0.23240434577231933,PbO+BaO+CuO+SiO2+Na2O+K2O+Fe2O3,0.5,0,
铅钡,Ward,3,450,0.3730586888997875,PbO+BaO+CuO+SiO2+Na2O+K2O+Fe2O3,0.5,0,
铅钡,Ward,4,450,0.3288538369740051,PbO+BaO+CuO+SiO2+Na2O+K2O+Fe2O3,0.5,0,
铅钡,Ward,5,450,0.2509982886480319,PbO+BaO+CuO+SiO2+Na2O+K2O+Fe2O3,0.5,0,
铅钡,Ward,6,450,0.24424739255712025,PbO+BaO+CuO+SiO2+Na2O+K2O+Fe2O3,0.5,0,
铅钡,Ward,2,451,-0.05947955390334572,Fe2O3+PbO+Al2O3+CuO+K2O+SrO+SiO2+BaO,0.7777777777777778,0,
铅钡,Ward,3,451,0.2673559062514073,Fe2O3+PbO+Al2O3+CuO+K2O+SrO+SiO2+BaO,0.7777777777777778,0,
铅钡,Ward,4,451,0.2248176149706638,Fe2O3+PbO+Al2O3+CuO+K2O+SrO+SiO2+BaO,0.7777777777777778,0,
铅钡,Ward,5,451,0.22927785970401754,Fe2O3+PbO+Al2O3+CuO+K2O+SrO+SiO2+BaO,0.7777777777777778,0,
铅钡,Ward,6,451,0.18361244019138756,Fe2O3+PbO+Al2O3+CuO+K2O+SrO+SiO2+BaO,0.7777777777777778,0,
铅钡,Ward,2,452,-0.021505376344086023,Al2O3+Fe2O3+BaO+PbO+SiO2+P2O5+SrO,0.5,0,
铅钡,Ward,3,452,0.15169185608314492,Al2O3+Fe2O3+BaO+PbO+SiO2+P2O5+SrO,0.5,0,
铅钡,Ward,4,452,0.2056842641238688,Al2O3+Fe2O3+BaO+PbO+SiO2+P2O5+SrO,0.5,0,
铅钡,Ward,5,452,0.2922811987889898,Al2O3+Fe2O3+BaO+PbO+SiO2+P2O5+SrO,0.5,0,
铅钡,Ward,6,452,0.32714161742220754,Al2O3+Fe2O3+BaO+PbO+SiO2+P2O5+SrO,0.5,0,
铅钡,Ward,2,453,0.8999407933688574,Al2O3+SrO+PbO+SiO2+CuO+K2O+Fe2O3,0.6666666666666666,0,
铅钡,Ward,3,453,0.5940671350507416,Al2O3+SrO+PbO+SiO2+CuO+K2O+Fe2O3,0.6666666666666666,0,
铅钡,Ward,4,453,0.48428725056757077,Al2O3+SrO+PbO+SiO2+CuO+K2O+Fe2O3,0.6666666666666666,0,
铅钡,Ward,5,453,0.4976548342394201,Al2O3+SrO+PbO+SiO2+CuO+K2O+Fe2O3,0.6666666666666666,0,
铅钡,Ward,6,453,0.4379176311307158,Al2O3+SrO+PbO+SiO2+CuO+K2O+Fe2O3,0.6666666666666666,0,
铅钡,Ward,2,454,0.14649158801805498,CaO+Al2O3+SiO2+K2O+Fe2O3+SrO+PbO,0.6666666666666666,0,
铅钡,Ward,3,454,0.08618609613735102,CaO+Al2O3+SiO2+K2O+Fe2O3+SrO+PbO,0.6666666666666666,0,
铅钡,Ward,4,454,0.18054837040869115,CaO+Al2O3+SiO2+K2O+Fe2O3+SrO+PbO,0.6666666666666666,0,
铅钡,Ward,5,454,0.3475654525683802,CaO+Al2O3+SiO2+K2O+Fe2O3+SrO+PbO,0.6666666666666666,0,
铅钡,Ward,6,454,0.5629683290697938,CaO+Al2O3+SiO2+K2O+Fe2O3+SrO+PbO,0.6666666666666666,0,
铅钡,Ward,2,455,0.06334125098970704,CaO+SiO2+Al2O3+CuO+Fe2O3+PbO+K2O,0.6666666666666666,0,
铅钡,Ward,3,455,0.3936781406129645,CaO+SiO2+Al2O3+CuO+Fe2O3+PbO+K2O,0.6666666666666666,0,
铅钡,Ward,4,455,0.4512700685912414,CaO+SiO2+Al2O3+CuO+Fe2O3+PbO+K2O,0.6666666666666666,0,
铅钡,Ward,5,455,0.3788140472078296,CaO+SiO2+Al2O3+CuO+Fe2O3+PbO+K2O,0.6666666666666666,0,
铅钡,Ward,6,455,0.49833666001330673,CaO+SiO2+Al2O3+CuO+Fe2O3+PbO+K2O,0.6666666666666666,0,
铅钡,Ward,2,456,1.0,Fe2O3+BaO+SiO2+PbO+CuO+K2O+CaO+SrO,0.7777777777777778,0,
铅钡,Ward,3,456,0.5645377400625279,Fe2O3+BaO+SiO2+PbO+CuO+K2O+CaO+SrO,0.7777777777777778,0,
铅钡,Ward,4,456,0.3828856964397252,Fe2O3+BaO+SiO2+PbO+CuO+K2O+CaO+SrO,0.7777777777777778,0,
铅钡,Ward,5,456,0.39529509362408155,Fe2O3+BaO+SiO2+PbO+CuO+K2O+CaO+SrO,0.7777777777777778,0,
铅钡,Ward,6,456,0.38301693175987683,Fe2O3+BaO+SiO2+PbO+CuO+K2O+CaO+SrO,0.7777777777777778,0,
铅钡,Ward,2,457,0.1821910784481285,BaO+SiO2+Na2O+Al2O3+PbO+SrO+Fe2O3+K2O,0.6,0,
铅钡,Ward,3,457,0.10532747991015041,BaO+SiO2+Na2O+Al2O3+PbO+SrO+Fe2O3+K2O,0.6,0,
铅钡,Ward,4,457,0.22767995057151683,BaO+SiO2+Na2O+Al2O3+PbO+SrO+Fe2O3+K2O,0.6,0,
铅钡,Ward,5,457,0.2846975088967972,BaO+SiO2+Na2O+Al2O3+PbO+SrO+Fe2O3+K2O,0.6,0,
铅钡,Ward,6,457,0.36985221674876845,BaO+SiO2+Na2O+Al2O3+PbO+SrO+Fe2O3+K2O,0.6,0,
铅钡,Ward,2,458,0.23155737704918034,SiO2+K2O+Al2O3+BaO+Fe2O3+PbO+SrO,0.6666666666666666,0,
铅钡,Ward,3,458,0.2975644899837899,SiO2+K2O+Al2O3+BaO+Fe2O3+PbO+SrO,0.6666666666666666,0,
铅钡,Ward,4,458,0.30631147540983605,SiO2+K2O+Al2O3+BaO+Fe2O3+PbO+SrO,0.6666666666666666,0,
铅钡,Ward,5,458,0.39664276582735813,SiO2+K2O+Al2O3+BaO+Fe2O3+PbO+SrO,0.6666666666666666,0,
铅钡,Ward,6,458,0.3325526932084309,SiO2+K2O+Al2O3+BaO+Fe2O3+PbO+SrO,0.6666666666666666,0,
铅钡,Ward,2,459,-0.024731500640457187,K2O+PbO+Al2O3+Fe2O3+MgO+CaO+SiO2+SrO,0.6,0,
铅钡,Ward,3,459,-0.004280196262657897,K2O+PbO+Al2O3+Fe2O3+MgO+CaO+SiO2+SrO,0.6,0,
铅钡,Ward,4,459,0.08557306147667594,K2O+PbO+Al2O3+Fe2O3+MgO+CaO+SiO2+SrO,0.6,0,
铅钡,Ward,5,459,0.20449530758141862,K2O+PbO+Al2O3+Fe2O3+MgO+CaO+SiO2+SrO,0.6,0,
铅钡,Ward,6,459,0.34464467100560553,K2O+PbO+Al2O3+Fe2O3+MgO+CaO+SiO2+SrO,0.6,0,
铅钡,Ward,2,460,1.0,PbO+Fe2O3+CuO+BaO+SiO2+K2O+SrO,0.6666666666666666,0,
铅钡,Ward,3,460,0.596634644071842,PbO+Fe2O3+CuO+BaO+SiO2+K2O+SrO,0.6666666666666666,0,
铅钡,Ward,4,460,0.6238153801634956,PbO+Fe2O3+CuO+BaO+SiO2+K2O+SrO,0.6666666666666666,0,
铅钡,Ward,5,460,0.371721997967982,PbO+Fe2O3+CuO+BaO+SiO2+K2O+SrO,0.6666666666666666,0,
铅钡,Ward,6,460,0.35992881506747737,PbO+Fe2O3+CuO+BaO+SiO2+K2O+SrO,0.6666666666666666,0,
铅钡,Ward,2,461,0.3436544719455675,SiO2+MgO+Al2O3+PbO+BaO+SrO+K2O,0.5,0,
铅钡,Ward,3,461,0.2192680638098217,SiO2+MgO+Al2O3+PbO+BaO+SrO+K2O,0.5,0,
铅钡,Ward,4,461,0.29526123936816523,SiO2+MgO+Al2O3+PbO+BaO+SrO+K2O,0.5,0,
铅钡,Ward,5,461,0.16753436068304872,SiO2+MgO+Al2O3+PbO+BaO+SrO+K2O,0.5,0,
铅钡,Ward,6,461,0.13412408759124086,SiO2+MgO+Al2O3+PbO+BaO+SrO+K2O,0.5,0,
铅钡,Ward,2,462,0.05186385737439222,SiO2+PbO+SrO+Al2O3+BaO+Fe2O3+K2O,0.6666666666666666,0,
铅钡,Ward,3,462,-0.00041562219942072655,SiO2+PbO+SrO+Al2O3+BaO+Fe2O3+K2O,0.6666666666666666,0,
铅钡,Ward,4,462,0.20709232609763012,SiO2+PbO+SrO+Al2O3+BaO+Fe2O3+K2O,0.6666666666666666,0,
铅钡,Ward,5,462,0.17845414497396878,SiO2+PbO+SrO+Al2O3+BaO+Fe2O3+K2O,0.6666666666666666,0,
铅钡,Ward,6,462,0.28116951976973187,SiO2+PbO+SrO+Al2O3+BaO+Fe2O3+K2O,0.6666666666666666,0,
铅钡,Ward,2,463,1.0,SiO2+MgO+CuO+Al2O3+Fe2O3+BaO,0.5555555555555556,0,
铅钡,Ward,3,463,0.7267897799139894,SiO2+MgO+CuO+Al2O3+Fe2O3+BaO,0.5555555555555556,0,
铅钡,Ward,4,463,0.36800752956582233,SiO2+MgO+CuO+Al2O3+Fe2O3+BaO,0.5555555555555556,0,
铅钡,Ward,5,463,0.32651039947177285,SiO2+MgO+CuO+Al2O3+Fe2O3+BaO,0.5555555555555556,0,
铅钡,Ward,6,463,0.3254422362961345,SiO2+MgO+CuO+Al2O3+Fe2O3+BaO,0.5555555555555556,0,
铅钡,Ward,2,464,0.10392364793213149,CaO+SiO2+P2O5+Al2O3+BaO+SrO+Fe2O3+K2O,0.7777777777777778,0,
铅钡,Ward,3,464,0.33710590137429264,CaO+SiO2+P2O5+Al2O3+BaO+SrO+Fe2O3+K2O,0.7777777777777778,0,
铅钡,Ward,4,464,0.42886431866442115,CaO+SiO2+P2O5+Al2O3+BaO+SrO+Fe2O3+K2O,0.7777777777777778,0,
铅钡,Ward,5,464,0.3878331845427879,CaO+SiO2+P2O5+Al2O3+BaO+SrO+Fe2O3+K2O,0.7777777777777778,0,
铅钡,Ward,6,464,0.542707675656174,CaO+SiO2+P2O5+Al2O3+BaO+SrO+Fe2O3+K2O,0.7777777777777778,0,
铅钡,Ward,2,465,0.47704685281590153,SiO2+SrO+Al2O3+BaO+Fe2O3+K2O+PbO,0.6666666666666666,0,
铅钡,Ward,3,465,0.5115447548633416,SiO2+SrO+Al2O3+BaO+Fe2O3+K2O+PbO,0.6666666666666666,0,
铅钡,Ward,4,465,0.2921264189613316,SiO2+SrO+Al2O3+BaO+Fe2O3+K2O+PbO,0.6666666666666666,0,
铅钡,Ward,5,465,0.42860404715015554,SiO2+SrO+Al2O3+BaO+Fe2O3+K2O+PbO,0.6666666666666666,0,
铅钡,Ward,6,465,0.3614374568071873,SiO2+SrO+Al2O3+BaO+Fe2O3+K2O+PbO,0.6666666666666666,0,
铅钡,Ward,2,466,0.5519713261648745,SiO2+CaO+K2O+Fe2O3+Al2O3+SrO+CuO+BaO+MgO,0.8888888888888888,0,
铅钡,Ward,3,466,0.40038157536113383,SiO2+CaO+K2O+Fe2O3+Al2O3+SrO+CuO+BaO+MgO,0.8888888888888888,0,
铅钡,Ward,4,466,0.6105764694782526,SiO2+CaO+K2O+Fe2O3+Al2O3+SrO+CuO+BaO+MgO,0.8888888888888888,0,
铅钡,Ward,5,466,0.5845223148042461,SiO2+CaO+K2O+Fe2O3+Al2O3+SrO+CuO+BaO+MgO,0.8888888888888888,0,
铅钡,Ward,6,466,0.6564151850072081,SiO2+CaO+K2O+Fe2O3+Al2O3+SrO+CuO+BaO+MgO,0.8888888888888888,0,
铅钡,Ward,2,467,0.454691259021652,BaO+MgO+Al2O3+SiO2+SnO2+PbO+Fe2O3+K2O,0.45454545454545453,0,
铅钡,Ward,3,467,0.1532950441115519,BaO+MgO+Al2O3+SiO2+SnO2+PbO+Fe2O3+K2O,0.45454545454545453,0,
铅钡,Ward,4,467,0.11210782682358636,BaO+MgO+Al2O3+SiO2+SnO2+PbO+Fe2O3+K2O,0.45454545454545453,0,
铅钡,Ward,5,467,0.10436881789538037,BaO+MgO+Al2O3+SiO2+SnO2+PbO+Fe2O3+K2O,0.45454545454545453,0,
铅钡,Ward,6,467,0.21793820071096529,BaO+MgO+Al2O3+SiO2+SnO2+PbO+Fe2O3+K2O,0.45454545454545453,0,
铅钡,Ward,2,468,0.805174317715728,MgO+CuO+BaO+Fe2O3+SiO2+Al2O3+SrO,0.6666666666666666,0,
铅钡,Ward,3,468,0.6254123445014109,MgO+CuO+BaO+Fe2O3+SiO2+Al2O3+SrO,0.6666666666666666,0,
铅钡,Ward,4,468,0.34508316222549595,MgO+CuO+BaO+Fe2O3+SiO2+Al2O3+SrO,0.6666666666666666,0,
铅钡,Ward,5,468,0.2503503035964503,MgO+CuO+BaO+Fe2O3+SiO2+Al2O3+SrO,0.6666666666666666,0,
铅钡,Ward,6,468,0.2813170790976469,MgO+CuO+BaO+Fe2O3+SiO2+Al2O3+SrO,0.6666666666666666,0,
铅钡,Ward,2,469,0.8051474213588403,SiO2+PbO+Fe2O3+CuO+BaO+K2O,0.5555555555555556,0,
铅钡,Ward,3,469,0.5156685542274387,SiO2+PbO+Fe2O3+CuO+BaO+K2O,0.5555555555555556,0,
铅钡,Ward,4,469,0.568909819795275,SiO2+PbO+Fe2O3+CuO+BaO+K2O,0.5555555555555556,0,
铅钡,Ward,5,469,0.3495395486051954,SiO2+PbO+Fe2O3+CuO+BaO+K2O,0.5555555555555556,0,
铅钡,Ward,6,469,0.20709506768321145,SiO2+PbO+Fe2O3+CuO+BaO+K2O,0.5555555555555556,0,
铅钡,Ward,2,470,0.14029286726499765,CaO+P2O5+K2O+SiO2+PbO+Al2O3+BaO+SrO,0.6,0,
铅钡,Ward,3,470,0.253997873151548,CaO+P2O5+K2O+SiO2+PbO+Al2O3+BaO+SrO,0.6,0,
铅钡,Ward,4,470,0.5321308724832214,CaO+P2O5+K2O+SiO2+PbO+Al2O3+BaO+SrO,0.6,0,
铅钡,Ward,5,470,0.4842105263157895,CaO+P2O5+K2O+SiO2+PbO+Al2O3+BaO+SrO,0.6,0,
铅钡,Ward,6,470,0.4901522958891561,CaO+P2O5+K2O+SiO2+PbO+Al2O3+BaO+SrO,0.6,0,
铅钡,Ward,2,471,0.8997429305912596,Al2O3+SrO+PbO+SiO2+CuO+K2O+Fe2O3,0.6666666666666666,0,
铅钡,Ward,3,471,0.5250049055761177,Al2O3+SrO+PbO+SiO2+CuO+K2O+Fe2O3,0.6666666666666666,0,
铅钡,Ward,4,471,0.31331280505781767,Al2O3+SrO+PbO+SiO2+CuO+K2O+Fe2O3,0.6666666666666666,0,
铅钡,Ward,5,471,0.3498183850237497,Al2O3+SrO+PbO+SiO2+CuO+K2O+Fe2O3,0.6666666666666666,0,
铅钡,Ward,6,471,0.3777500297300511,Al2O3+SrO+PbO+SiO2+CuO+K2O+Fe2O3,0.6666666666666666,0,
铅钡,Ward,2,472,0.03423273505289433,SiO2+CuO+K2O+Al2O3+Fe2O3+SrO+BaO,0.875,0,
铅钡,Ward,3,472,0.14722445695897024,SiO2+CuO+K2O+Al2O3+Fe2O3+SrO+BaO,0.875,0,
铅钡,Ward,4,472,0.21298669595996583,SiO2+CuO+K2O+Al2O3+Fe2O3+SrO+BaO,0.875,0,
铅钡,Ward,5,472,0.23214285714285715,SiO2+CuO+K2O+Al2O3+Fe2O3+SrO+BaO,0.875,0,
铅钡,Ward,6,472,0.27773439846237014,SiO2+CuO+K2O+Al2O3+Fe2O3+SrO+BaO,0.875,0,
铅钡,Ward,2,473,0.8033126293995859,PbO+Na2O+SrO+SiO2+BaO+CuO+Fe2O3+K2O,0.6,0,
铅钡,Ward,3,473,0.44054537776258373,PbO+Na2O+SrO+SiO2+BaO+CuO+Fe2O3+K2O,0.6,0,
铅钡,Ward,4,473,0.46570433300754327,PbO+Na2O+SrO+SiO2+BaO+CuO+Fe2O3+K2O,0.6,0,
铅钡,Ward,5,473,0.304977581450902,PbO+Na2O+SrO+SiO2+BaO+CuO+Fe2O3+K2O,0.6,0,
铅钡,Ward,6,473,0.2944992566563049,PbO+Na2O+SrO+SiO2+BaO+CuO+Fe2O3+K2O,0.6,0,
铅钡,Ward,2,474,0.14408324025630476,CaO+BaO+SiO2+CuO+Al2O3+Fe2O3+SrO+K2O,1.0,0,
铅钡,Ward,3,474,0.1812912413004673,CaO+BaO+SiO2+CuO+Al2O3+Fe2O3+SrO+K2O,1.0,0,
铅钡,Ward,4,474,0.3590196431789512,CaO+BaO+SiO2+CuO+Al2O3+Fe2O3+SrO+K2O,1.0,0,
铅钡,Ward,5,474,0.9320393049034319,CaO+BaO+SiO2+CuO+Al2O3+Fe2O3+SrO+K2O,1.0,0,
铅钡,Ward,6,474,0.9261169289059622,CaO+BaO+SiO2+CuO+Al2O3+Fe2O3+SrO+K2O,1.0,0,
铅钡,Ward,2,475,0.0994671403197158,SiO2+Al2O3+Fe2O3+PbO+K2O+SrO,0.5555555555555556,0,
铅钡,Ward,3,475,0.0032595994177822426,SiO2+Al2O3+Fe2O3+PbO+K2O+SrO,0.5555555555555556,0,
铅钡,Ward,4,475,0.12830391105042427,SiO2+Al2O3+Fe2O3+PbO+K2O+SrO,0.5555555555555556,0,
铅钡,Ward,5,475,0.10875424821282081,SiO2+Al2O3+Fe2O3+PbO+K2O+SrO,0.5555555555555556,0,
铅钡,Ward,6,475,0.10970464135021098,SiO2+Al2O3+Fe2O3+PbO+K2O+SrO,0.5555555555555556,0,
铅钡,Ward,2,476,0.22962962962962963,SiO2+Fe2O3+K2O+Al2O3+SrO+CuO+BaO,0.875,0,
铅钡,Ward,3,476,0.21657250470809794,SiO2+Fe2O3+K2O+Al2O3+SrO+CuO+BaO,0.875,0,
铅钡,Ward,4,476,0.1154510651576616,SiO2+Fe2O3+K2O+Al2O3+SrO+CuO+BaO,0.875,0,
铅钡,Ward,5,476,0.12781387472620515,SiO2+Fe2O3+K2O+Al2O3+SrO+CuO+BaO,0.875,0,
铅钡,Ward,6,476,0.17866847826086957,SiO2+Fe2O3+K2O+Al2O3+SrO+CuO+BaO,0.875,0,
铅钡,Ward,2,477,-0.0022082889703852675,PbO+K2O+Fe2O3+Al2O3+BaO+CaO+SiO2+MgO,0.6,0,
铅钡,Ward,3,477,0.17922772980996382,PbO+K2O+Fe2O3+Al2O3+BaO+CaO+SiO2+MgO,0.6,0,
铅钡,Ward,4,477,0.1823168501889399,PbO+K2O+Fe2O3+Al2O3+BaO+CaO+SiO2+MgO,0.6,0,
铅钡,Ward,5,477,0.3224499815883147,PbO+K2O+Fe2O3+Al2O3+BaO+CaO+SiO2+MgO,0.6,0,
铅钡,Ward,6,477,0.35526603897525727,PbO+K2O+Fe2O3+Al2O3+BaO+CaO+SiO2+MgO,0.6,0,
铅钡,Ward,2,478,0.015151515151515152,K2O+Fe2O3+Al2O3+BaO+PbO+SiO2+CaO+SrO,0.7777777777777778,0,
铅钡,Ward,3,478,0.02308666037091362,K2O+Fe2O3+Al2O3+BaO+PbO+SiO2+CaO+SrO,0.7777777777777778,0,
铅钡,Ward,4,478,0.29720976581963127,K2O+Fe2O3+Al2O3+BaO+PbO+SiO2+CaO+SrO,0.7777777777777778,0,
铅钡,Ward,5,478,0.43384487764413104,K2O+Fe2O3+Al2O3+BaO+PbO+SiO2+CaO+SrO,0.7777777777777778,0,
铅钡,Ward,6,478,0.41378382016422127,K2O+Fe2O3+Al2O3+BaO+PbO+SiO2+CaO+SrO,0.7777777777777778,0,
铅钡,Ward,2,479,0.06644570707070707,SiO2+CaO+MgO+PbO+Fe2O3+Al2O3+K2O,0.5,0,
铅钡,Ward,3,479,0.026256443298969073,SiO2+CaO+MgO+PbO+Fe2O3+Al2O3+K2O,0.5,0,
铅钡,Ward,4,479,0.14921201770048909,SiO2+CaO+MgO+PbO+Fe2O3+Al2O3+K2O,0.5,0,
铅钡,Ward,5,479,0.23773173391494,SiO2+CaO+MgO+PbO+Fe2O3+Al2O3+K2O,0.5,0,
铅钡,Ward,6,479,0.39906936876262783,SiO2+CaO+MgO+PbO+Fe2O3+Al2O3+K2O,0.5,0,
铅钡,Ward,2,480,-0.035691523263224986,CuO+K2O+BaO+Al2O3+SiO2+MgO,0.5555555555555556,0,
铅钡,Ward,3,480,0.7394350038467249,CuO+K2O+BaO+Al2O3+SiO2+MgO,0.5555555555555556,0,
铅钡,Ward,4,480,0.4522732682694596,CuO+K2O+BaO+Al2O3+SiO2+MgO,0.5555555555555556,0,
铅钡,Ward,5,480,0.30290836581816877,CuO+K2O+BaO+Al2O3+SiO2+MgO,0.5555555555555556,0,
铅钡,Ward,6,480,0.38549102836195254,CuO+K2O+BaO+Al2O3+SiO2+MgO,0.5555555555555556,0,
铅钡,Ward,2,481,0.17149958574979288,PbO+SrO+Al2O3+BaO+SiO2+Na2O+K2O,0.5,0,
铅钡,Ward,3,481,0.24257238062932737,PbO+SrO+Al2O3+BaO+SiO2+Na2O+K2O,0.5,0,
铅钡,Ward,4,481,0.23237902598412946,PbO+SrO+Al2O3+BaO+SiO2+Na2O+K2O,0.5,0,
铅钡,Ward,5,481,0.25942455108684237,PbO+SrO+Al2O3+BaO+SiO2+Na2O+K2O,0.5,0,
铅钡,Ward,6,481,0.3033188248095756,PbO+SrO+Al2O3+BaO+SiO2+Na2O+K2O,0.5,0,
铅钡,Ward,2,482,-0.01395135081902636,Al2O3+SiO2+CaO+SO2+SrO+K2O+PbO+Fe2O3,0.6,0,
铅钡,Ward,3,482,0.2596974562663737,Al2O3+SiO2+CaO+SO2+SrO+K2O+PbO+Fe2O3,0.6,0,
铅钡,Ward,4,482,0.27413325857396503,Al2O3+SiO2+CaO+SO2+SrO+K2O+PbO+Fe2O3,0.6,0,
铅钡,Ward,5,482,0.34319162045594576,Al2O3+SiO2+CaO+SO2+SrO+K2O+PbO+Fe2O3,0.6,0,
铅钡,Ward,6,482,0.44556910199253935,Al2O3+SiO2+CaO+SO2+SrO+K2O+PbO+Fe2O3,0.6,0,
铅钡,Ward,2,483,0.06734730078640834,Al2O3+PbO+Fe2O3+CuO+SiO2+BaO+SrO+K2O,0.7777777777777778,0,
铅钡,Ward,3,483,0.29616953806291935,Al2O3+PbO+Fe2O3+CuO+SiO2+BaO+SrO+K2O,0.7777777777777778,0,
铅钡,Ward,4,483,0.3410280818657782,Al2O3+PbO+Fe2O3+CuO+SiO2+BaO+SrO+K2O,0.7777777777777778,0,
铅钡,Ward,5,483,0.39730639730639733,Al2O3+PbO+Fe2O3+CuO+SiO2+BaO+SrO+K2O,0.7777777777777778,0,
铅钡,Ward,6,483,0.39699957591178964,Al2O3+PbO+Fe2O3+CuO+SiO2+BaO+SrO+K2O,0.7777777777777778,0,
铅钡,Ward,2,484,,,,1,活动成分SO2在训练集中全缺失
铅钡,Ward,3,484,,,,1,活动成分SO2在训练集中全缺失
铅钡,Ward,4,484,,,,1,活动成分SO2在训练集中全缺失
铅钡,Ward,5,484,,,,1,活动成分SO2在训练集中全缺失
铅钡,Ward,6,484,,,,1,活动成分SO2在训练集中全缺失
铅钡,Ward,2,485,0.2309512541410317,Al2O3+SrO+MgO+SiO2+BaO+Fe2O3,0.5555555555555556,0,
铅钡,Ward,3,485,0.21890854107395102,Al2O3+SrO+MgO+SiO2+BaO+Fe2O3,0.5555555555555556,0,
铅钡,Ward,4,485,-0.0013831258644536654,Al2O3+SrO+MgO+SiO2+BaO+Fe2O3,0.5555555555555556,0,
铅钡,Ward,5,485,0.21379897785349233,Al2O3+SrO+MgO+SiO2+BaO+Fe2O3,0.5555555555555556,0,
铅钡,Ward,6,485,0.3410540449815374,Al2O3+SrO+MgO+SiO2+BaO+Fe2O3,0.5555555555555556,0,
铅钡,Ward,2,486,0.03423273505289433,Al2O3+Fe2O3+PbO+BaO+SrO+CaO+SiO2+K2O,0.7777777777777778,0,
铅钡,Ward,3,486,0.09863507597218646,Al2O3+Fe2O3+PbO+BaO+SrO+CaO+SiO2+K2O,0.7777777777777778,0,
铅钡,Ward,4,486,0.23125659978880675,Al2O3+Fe2O3+PbO+BaO+SrO+CaO+SiO2+K2O,0.7777777777777778,0,
铅钡,Ward,5,486,0.2765665497789297,Al2O3+Fe2O3+PbO+BaO+SrO+CaO+SiO2+K2O,0.7777777777777778,0,
铅钡,Ward,6,486,0.4116306329773379,Al2O3+Fe2O3+PbO+BaO+SrO+CaO+SiO2+K2O,0.7777777777777778,0,
铅钡,Ward,2,487,0.8049281314168378,Al2O3+SrO+K2O+SiO2+SO2+MgO+CuO+BaO,0.6,0,
铅钡,Ward,3,487,0.820218016161397,Al2O3+SrO+K2O+SiO2+SO2+MgO+CuO+BaO,0.6,0,
铅钡,Ward,4,487,0.4348657594703935,Al2O3+SrO+K2O+SiO2+SO2+MgO+CuO+BaO,0.6,0,
铅钡,Ward,5,487,0.37536847069921,Al2O3+SrO+K2O+SiO2+SO2+MgO+CuO+BaO,0.6,0,
铅钡,Ward,6,487,0.4440514469453376,Al2O3+SrO+K2O+SiO2+SO2+MgO+CuO+BaO,0.6,0,
铅钡,Ward,2,488,-0.028489336732629194,SiO2+K2O+CuO+Fe2O3+BaO+PbO+SrO,0.6666666666666666,0,
铅钡,Ward,3,488,0.5356190753395207,SiO2+K2O+CuO+Fe2O3+BaO+PbO+SrO,0.6666666666666666,0,
铅钡,Ward,4,488,0.5067193675889328,SiO2+K2O+CuO+Fe2O3+BaO+PbO+SrO,0.6666666666666666,0,
铅钡,Ward,5,488,0.35373689550219817,SiO2+K2O+CuO+Fe2O3+BaO+PbO+SrO,0.6666666666666666,0,
铅钡,Ward,6,488,0.2495427526291724,SiO2+K2O+CuO+Fe2O3+BaO+PbO+SrO,0.6666666666666666,0,
铅钡,Ward,2,489,0.7154856264048267,CuO+BaO+Al2O3+CaO+SiO2+K2O,0.75,0,
铅钡,Ward,3,489,0.4663550300506737,CuO+BaO+Al2O3+CaO+SiO2+K2O,0.75,0,
铅钡,Ward,4,489,0.6599638677244521,CuO+BaO+Al2O3+CaO+SiO2+K2O,0.75,0,
铅钡,Ward,5,489,0.49321556700157254,CuO+BaO+Al2O3+CaO+SiO2+K2O,0.75,0,
铅钡,Ward,6,489,0.4869760809752375,CuO+BaO+Al2O3+CaO+SiO2+K2O,0.75,0,
铅钡,Ward,2,490,0.5514413028904925,P2O5+CaO+SiO2+Al2O3+K2O+BaO,0.5555555555555556,0,
铅钡,Ward,3,490,0.5185565308509951,P2O5+CaO+SiO2+Al2O3+K2O+BaO,0.5555555555555556,0,
铅钡,Ward,4,490,0.600123039064903,P2O5+CaO+SiO2+Al2O3+K2O+BaO,0.5555555555555556,0,
铅钡,Ward,5,490,0.6505048610459846,P2O5+CaO+SiO2+Al2O3+K2O+BaO,0.5555555555555556,0,
铅钡,Ward,6,490,0.535287039003327,P2O5+CaO+SiO2+Al2O3+K2O+BaO,0.5555555555555556,0,
铅钡,Ward,2,491,1.0,SiO2+MgO+PbO+Al2O3+CuO+Fe2O3,0.4,0,
铅钡,Ward,3,491,0.6205263843112533,SiO2+MgO+PbO+Al2O3+CuO+Fe2O3,0.4,0,
铅钡,Ward,4,491,0.5009058320163435,SiO2+MgO+PbO+Al2O3+CuO+Fe2O3,0.4,0,
铅钡,Ward,5,491,0.41118188251946214,SiO2+MgO+PbO+Al2O3+CuO+Fe2O3,0.4,0,
铅钡,Ward,6,491,0.487260034904014,SiO2+MgO+PbO+Al2O3+CuO+Fe2O3,0.4,0,
铅钡,Ward,2,492,0.03200826019617966,Fe2O3+PbO+Al2O3+SiO2+CaO+K2O,0.5555555555555556,0,
铅钡,Ward,3,492,0.12739635470771554,Fe2O3+PbO+Al2O3+SiO2+CaO+K2O,0.5555555555555556,0,
铅钡,Ward,4,492,0.2893118372098909,Fe2O3+PbO+Al2O3+SiO2+CaO+K2O,0.5555555555555556,0,
铅钡,Ward,5,492,0.275043291949165,Fe2O3+PbO+Al2O3+SiO2+CaO+K2O,0.5555555555555556,0,
铅钡,Ward,6,492,0.29740279237351747,Fe2O3+PbO+Al2O3+SiO2+CaO+K2O,0.5555555555555556,0,
铅钡,Ward,2,493,0.8050513022888713,CaO+SiO2+SnO2+Al2O3+Fe2O3+CuO+BaO+K2O,0.7777777777777778,0,
铅钡,Ward,3,493,0.49454584728372397,CaO+SiO2+SnO2+Al2O3+Fe2O3+CuO+BaO+K2O,0.7777777777777778,0,
铅钡,Ward,4,493,0.44866207413655745,CaO+SiO2+SnO2+Al2O3+Fe2O3+CuO+BaO+K2O,0.7777777777777778,0,
铅钡,Ward,5,493,0.5643480709659251,CaO+SiO2+SnO2+Al2O3+Fe2O3+CuO+BaO+K2O,0.7777777777777778,0,
铅钡,Ward,6,493,0.6271854052933453,CaO+SiO2+SnO2+Al2O3+Fe2O3+CuO+BaO+K2O,0.7777777777777778,0,
铅钡,Ward,2,494,0.8993288590604027,Al2O3+SrO+Fe2O3+SiO2+SO2+MgO+CuO+BaO,0.6,0,
铅钡,Ward,3,494,0.7854368085234859,Al2O3+SrO+Fe2O3+SiO2+SO2+MgO+CuO+BaO,0.6,0,
铅钡,Ward,4,494,0.47032617699075424,Al2O3+SrO+Fe2O3+SiO2+SO2+MgO+CuO+BaO,0.6,0,
铅钡,Ward,5,494,0.4796449341903887,Al2O3+SrO+Fe2O3+SiO2+SO2+MgO+CuO+BaO,0.6,0,
铅钡,Ward,6,494,0.37069962856968885,Al2O3+SrO+Fe2O3+SiO2+SO2+MgO+CuO+BaO,0.6,0,
铅钡,Ward,2,495,0.4769196378674416,CaO+SiO2+CuO+K2O+Al2O3+SrO+PbO+Fe2O3,0.7777777777777778,0,
铅钡,Ward,3,495,0.3621835766500539,CaO+SiO2+CuO+K2O+Al2O3+SrO+PbO+Fe2O3,0.7777777777777778,0,
铅钡,Ward,4,495,0.3254054054054054,CaO+SiO2+CuO+K2O+Al2O3+SrO+PbO+Fe2O3,0.7777777777777778,0,
铅钡,Ward,5,495,0.42599854756717503,CaO+SiO2+CuO+K2O+Al2O3+SrO+PbO+Fe2O3,0.7777777777777778,0,
铅钡,Ward,6,495,0.5707831325301205,CaO+SiO2+CuO+K2O+Al2O3+SrO+PbO+Fe2O3,0.7777777777777778,0,
铅钡,Ward,2,496,-0.002872812744841995,SiO2+PbO+SrO+CuO+BaO+K2O+Fe2O3,0.6666666666666666,0,
铅钡,Ward,3,496,0.39218994572398513,SiO2+PbO+SrO+CuO+BaO+K2O+Fe2O3,0.6666666666666666,0,
铅钡,Ward,4,496,0.28966134658722564,SiO2+PbO+SrO+CuO+BaO+K2O+Fe2O3,0.6666666666666666,0,
铅钡,Ward,5,496,0.29991532599491955,SiO2+PbO+SrO+CuO+BaO+K2O+Fe2O3,0.6666666666666666,0,
铅钡,Ward,6,496,0.32193052723565396,SiO2+PbO+SrO+CuO+BaO+K2O+Fe2O3,0.6666666666666666,0,
铅钡,Ward,2,497,0.0249609984399376,PbO+SrO+Fe2O3+CaO+Na2O+SiO2+CuO,0.5,0,
铅钡,Ward,3,497,0.3231731252625562,PbO+SrO+Fe2O3+CaO+Na2O+SiO2+CuO,0.5,0,
铅钡,Ward,4,497,0.2737827920477573,PbO+SrO+Fe2O3+CaO+Na2O+SiO2+CuO,0.5,0,
铅钡,Ward,5,497,0.28929682014244157,PbO+SrO+Fe2O3+CaO+Na2O+SiO2+CuO,0.5,0,
铅钡,Ward,6,497,0.26775761887821653,PbO+SrO+Fe2O3+CaO+Na2O+SiO2+CuO,0.5,0,
铅钡,Ward,2,498,0.8985959438377535,K2O+Fe2O3+SiO2+CuO+Al2O3+SrO+PbO,0.6666666666666666,0,
铅钡,Ward,3,498,0.910265346588256,K2O+Fe2O3+SiO2+CuO+Al2O3+SrO+PbO,0.6666666666666666,0,
铅钡,Ward,4,498,0.4588667084415003,K2O+Fe2O3+SiO2+CuO+Al2O3+SrO+PbO,0.6666666666666666,0,
铅钡,Ward,5,498,0.4509372830363342,K2O+Fe2O3+SiO2+CuO+Al2O3+SrO+PbO,0.6666666666666666,0,
铅钡,Ward,6,498,0.424936561278376,K2O+Fe2O3+SiO2+CuO+Al2O3+SrO+PbO,0.6666666666666666,0,
铅钡,Ward,2,499,0.899996055071206,Al2O3+SrO+BaO+Fe2O3+SiO2+MgO+CuO+K2O,0.7777777777777778,0,
铅钡,Ward,3,499,0.9065670048051254,Al2O3+SrO+BaO+Fe2O3+SiO2+MgO+CuO+K2O,0.7777777777777778,0,
铅钡,Ward,4,499,0.4327074161079046,Al2O3+SrO+BaO+Fe2O3+SiO2+MgO+CuO+K2O,0.7777777777777778,0,
铅钡,Ward,5,499,0.42422777802188144,Al2O3+SrO+BaO+Fe2O3+SiO2+MgO+CuO+K2O,0.7777777777777778,0,
铅钡,Ward,6,499,0.4716413096070104,Al2O3+SrO+BaO+Fe2O3+SiO2+MgO+CuO+K2O,0.7777777777777778,0,
铅钡,Ward,2,500,0.09395973154362416,K2O+BaO+PbO+Al2O3+Fe2O3+MgO+CuO+SiO2+Na2O,0.5454545454545454,0,
铅钡,Ward,3,500,0.28775546402317653,K2O+BaO+PbO+Al2O3+Fe2O3+MgO+CuO+SiO2+Na2O,0.5454545454545454,0,
铅钡,Ward,4,500,0.24804041930305035,K2O+BaO+PbO+Al2O3+Fe2O3+MgO+CuO+SiO2+Na2O,0.5454545454545454,0,
铅钡,Ward,5,500,0.32247557003257327,K2O+BaO+PbO+Al2O3+Fe2O3+MgO+CuO+SiO2+Na2O,0.5454545454545454,0,
铅钡,Ward,6,500,0.36893203883495146,K2O+BaO+PbO+Al2O3+Fe2O3+MgO+CuO+SiO2+Na2O,0.5454545454545454,0,
铅钡,Ward,2,501,0.7149460708782742,Al2O3+SrO+CuO+BaO+CaO+SiO2+MgO+K2O,0.7777777777777778,0,
铅钡,Ward,3,501,0.7394350038467249,Al2O3+SrO+CuO+BaO+CaO+SiO2+MgO+K2O,0.7777777777777778,0,
铅钡,Ward,4,501,0.44622852567013116,Al2O3+SrO+CuO+BaO+CaO+SiO2+MgO+K2O,0.7777777777777778,0,
铅钡,Ward,5,501,0.27338913093327216,Al2O3+SrO+CuO+BaO+CaO+SiO2+MgO+K2O,0.7777777777777778,0,
铅钡,Ward,6,501,0.3123995715050884,Al2O3+SrO+CuO+BaO+CaO+SiO2+MgO+K2O,0.7777777777777778,0,
铅钡,Ward,2,502,0.8051166735704283,CuO+SiO2+SrO+PbO+Fe2O3+BaO+K2O,0.6666666666666666,0,
铅钡,Ward,3,502,0.46282101609470877,CuO+SiO2+SrO+PbO+Fe2O3+BaO+K2O,0.6666666666666666,0,
铅钡,Ward,4,502,0.3738948348068869,CuO+SiO2+SrO+PbO+Fe2O3+BaO+K2O,0.6666666666666666,0,
铅钡,Ward,5,502,0.23864728495915424,CuO+SiO2+SrO+PbO+Fe2O3+BaO+K2O,0.6666666666666666,0,
铅钡,Ward,6,502,0.3138277075459403,CuO+SiO2+SrO+PbO+Fe2O3+BaO+K2O,0.6666666666666666,0,
铅钡,Ward,2,503,,,,1,活动成分SO2在训练集中全缺失
铅钡,Ward,3,503,,,,1,活动成分SO2在训练集中全缺失
铅钡,Ward,4,503,,,,1,活动成分SO2在训练集中全缺失
铅钡,Ward,5,503,,,,1,活动成分SO2在训练集中全缺失
铅钡,Ward,6,503,,,,1,活动成分SO2在训练集中全缺失
铅钡,Ward,2,504,-0.0010240655401945725,CaO+SiO2+Al2O3+PbO+MgO+Fe2O3+K2O,0.5,0,
铅钡,Ward,3,504,0.3080360402459148,CaO+SiO2+Al2O3+PbO+MgO+Fe2O3+K2O,0.5,0,
铅钡,Ward,4,504,0.406726617280038,CaO+SiO2+Al2O3+PbO+MgO+Fe2O3+K2O,0.5,0,
铅钡,Ward,5,504,0.29523904085786623,CaO+SiO2+Al2O3+PbO+MgO+Fe2O3+K2O,0.5,0,
铅钡,Ward,6,504,0.3895492526774156,CaO+SiO2+Al2O3+PbO+MgO+Fe2O3+K2O,0.5,0,
铅钡,Ward,2,505,0.3451010488616014,Al2O3+SrO+SiO2+Na2O+K2O+CuO+BaO+Fe2O3,0.7777777777777778,0,
铅钡,Ward,3,505,0.30786498996761824,Al2O3+SrO+SiO2+Na2O+K2O+CuO+BaO+Fe2O3,0.7777777777777778,0,
铅钡,Ward,4,505,0.22308914554035145,Al2O3+SrO+SiO2+Na2O+K2O+CuO+BaO+Fe2O3,0.7777777777777778,0,
铅钡,Ward,5,505,0.19718559388524715,Al2O3+SrO+SiO2+Na2O+K2O+CuO+BaO+Fe2O3,0.7777777777777778,0,
铅钡,Ward,6,505,0.32501199288892235,Al2O3+SrO+SiO2+Na2O+K2O+CuO+BaO+Fe2O3,0.7777777777777778,0,
铅钡,Ward,2,506,0.3438485804416404,PbO+SrO+Al2O3+MgO+BaO+SiO2+SnO2+Fe2O3+K2O,0.5454545454545454,0,
铅钡,Ward,3,506,0.17981072555205047,PbO+SrO+Al2O3+MgO+BaO+SiO2+SnO2+Fe2O3+K2O,0.5454545454545454,0,
铅钡,Ward,4,506,0.22413404801585515,PbO+SrO+Al2O3+MgO+BaO+SiO2+SnO2+Fe2O3+K2O,0.5454545454545454,0,
铅钡,Ward,5,506,0.23390965873087716,PbO+SrO+Al2O3+MgO+BaO+SiO2+SnO2+Fe2O3+K2O,0.5454545454545454,0,
铅钡,Ward,6,506,0.32542274475651356,PbO+SrO+Al2O3+MgO+BaO+SiO2+SnO2+Fe2O3+K2O,0.5454545454545454,0,
铅钡,Ward,2,507,-0.03287317509186612,K2O+PbO+CaO+SiO2+SO2+Al2O3+SrO,0.5,0,
铅钡,Ward,3,507,0.04566194612498733,K2O+PbO+CaO+SiO2+SO2+Al2O3+SrO,0.5,0,
铅钡,Ward,4,507,0.32880104663115595,K2O+PbO+CaO+SiO2+SO2+Al2O3+SrO,0.5,0,
铅钡,Ward,5,507,0.3610967408173823,K2O+PbO+CaO+SiO2+SO2+Al2O3+SrO,0.5,0,
铅钡,Ward,6,507,0.39745075318655854,K2O+PbO+CaO+SiO2+SO2+Al2O3+SrO,0.5,0,
铅钡,Ward,2,508,0.40860215053763443,Al2O3+BaO+PbO+SrO+SiO2+CaO+Fe2O3+K2O,0.7777777777777778,0,
铅钡,Ward,3,508,0.2427550752477163,Al2O3+BaO+PbO+SrO+SiO2+CaO+Fe2O3+K2O,0.7777777777777778,0,
铅钡,Ward,4,508,0.4343317136848212,Al2O3+BaO+PbO+SrO+SiO2+CaO+Fe2O3+K2O,0.7777777777777778,0,
铅钡,Ward,5,508,0.5310391363022942,Al2O3+BaO+PbO+SrO+SiO2+CaO+Fe2O3+K2O,0.7777777777777778,0,
铅钡,Ward,6,508,0.4500890017800356,Al2O3+BaO+PbO+SrO+SiO2+CaO+Fe2O3+K2O,0.7777777777777778,0,
铅钡,Ward,2,509,-0.02564102564102564,PbO+Fe2O3+BaO+SiO2+CuO+K2O,0.5555555555555556,0,
铅钡,Ward,3,509,0.33217907494434823,PbO+Fe2O3+BaO+SiO2+CuO+K2O,0.5555555555555556,0,
铅钡,Ward,4,509,0.3335419274092616,PbO+Fe2O3+BaO+SiO2+CuO+K2O,0.5555555555555556,0,
铅钡,Ward,5,509,0.297414626430216,PbO+Fe2O3+BaO+SiO2+CuO+K2O,0.5555555555555556,0,
铅钡,Ward,6,509,0.2605736509479825,PbO+Fe2O3+BaO+SiO2+CuO+K2O,0.5555555555555556,0,
铅钡,Ward,2,510,0.5519713261648745,CaO+SiO2+Al2O3+CuO+BaO+K2O+Fe2O3,0.875,0,
铅钡,Ward,3,510,0.3541182776487404,CaO+SiO2+Al2O3+CuO+BaO+K2O+Fe2O3,0.875,0,
铅钡,Ward,4,510,0.5720121755847485,CaO+SiO2+Al2O3+CuO+BaO+K2O+Fe2O3,0.875,0,
铅钡,Ward,5,510,0.5468971379994333,CaO+SiO2+Al2O3+CuO+BaO+K2O+Fe2O3,0.875,0,
铅钡,Ward,6,510,0.5733650416171224,CaO+SiO2+Al2O3+CuO+BaO+K2O+Fe2O3,0.875,0,
铅钡,Ward,2,511,0.4672238182293027,SiO2+MgO+K2O+Al2O3+PbO+SrO+Fe2O3,0.5,0,
铅钡,Ward,3,511,0.21029873937467922,SiO2+MgO+K2O+Al2O3+PbO+SrO+Fe2O3,0.5,0,
铅钡,Ward,4,511,0.2470664928292047,SiO2+MgO+K2O+Al2O3+PbO+SrO+Fe2O3,0.5,0,
铅钡,Ward,5,511,0.26912114941631204,SiO2+MgO+K2O+Al2O3+PbO+SrO+Fe2O3,0.5,0,
铅钡,Ward,6,511,0.3980661854827727,SiO2+MgO+K2O+Al2O3+PbO+SrO+Fe2O3,0.5,0,
铅钡,Ward,2,512,0.03423273505289433,SiO2+Na2O+MgO+Al2O3+BaO+K2O+Fe2O3,0.5,0,
铅钡,Ward,3,512,0.22212101669447973,SiO2+Na2O+MgO+Al2O3+BaO+K2O+Fe2O3,0.5,0,
铅钡,Ward,4,512,0.18433056077273946,SiO2+Na2O+MgO+Al2O3+BaO+K2O+Fe2O3,0.5,0,
铅钡,Ward,5,512,0.2954021784666946,SiO2+Na2O+MgO+Al2O3+BaO+K2O+Fe2O3,0.5,0,
铅钡,Ward,6,512,0.414218958611482,SiO2+Na2O+MgO+Al2O3+BaO+K2O+Fe2O3,0.5,0,
铅钡,Ward,2,513,,,,1,活动成分SO2在训练集中全缺失
铅钡,Ward,3,513,,,,1,活动成分SO2在训练集中全缺失
铅钡,Ward,4,513,,,,1,活动成分SO2在训练集中全缺失
铅钡,Ward,5,513,,,,1,活动成分SO2在训练集中全缺失
铅钡,Ward,6,513,,,,1,活动成分SO2在训练集中全缺失
铅钡,Ward,2,514,0.03598971722365039,Al2O3+Fe2O3+BaO+CaO+SiO2+K2O,0.75,0,
铅钡,Ward,3,514,0.19599042894028904,Al2O3+Fe2O3+BaO+CaO+SiO2+K2O,0.75,0,
铅钡,Ward,4,514,0.4679093621323076,Al2O3+Fe2O3+BaO+CaO+SiO2+K2O,0.75,0,
铅钡,Ward,5,514,0.5304077889092705,Al2O3+Fe2O3+BaO+CaO+SiO2+K2O,0.75,0,
铅钡,Ward,6,514,0.4828185023417355,Al2O3+Fe2O3+BaO+CaO+SiO2+K2O,0.75,0,
铅钡,Ward,2,515,0.4781273983115886,SiO2+Al2O3+Fe2O3+BaO+K2O,0.625,0,
铅钡,Ward,3,515,0.43013887874178913,SiO2+Al2O3+Fe2O3+BaO+K2O,0.625,0,
铅钡,Ward,4,515,0.10147222459984594,SiO2+Al2O3+Fe2O3+BaO+K2O,0.625,0,
铅钡,Ward,5,515,0.21352313167259787,SiO2+Al2O3+Fe2O3+BaO+K2O,0.625,0,
铅钡,Ward,6,515,0.2733247509993902,SiO2+Al2O3+Fe2O3+BaO+K2O,0.625,0,
铅钡,Ward,2,516,0.1821910784481285,PbO+Fe2O3+BaO+MgO+SiO2+K2O,0.4,0,
铅钡,Ward,3,516,0.056542655106344854,PbO+Fe2O3+BaO+MgO+SiO2+K2O,0.4,0,
铅钡,Ward,4,516,0.2615825348216932,PbO+Fe2O3+BaO+MgO+SiO2+K2O,0.4,0,
铅钡,Ward,5,516,0.18714963346269944,PbO+Fe2O3+BaO+MgO+SiO2+K2O,0.4,0,
铅钡,Ward,6,516,0.29012345679012347,PbO+Fe2O3+BaO+MgO+SiO2+K2O,0.4,0,
铅钡,Ward,2,517,0.1821910784481285,PbO+Fe2O3+SiO2+CaO+BaO+K2O,0.5555555555555556,0,
铅钡,Ward,3,517,0.18596171986325655,PbO+Fe2O3+SiO2+CaO+BaO+K2O,0.5555555555555556,0,
铅钡,Ward,4,517,0.38419214897894405,PbO+Fe2O3+SiO2+CaO+BaO+K2O,0.5555555555555556,0,
铅钡,Ward,5,517,0.5179105927227456,PbO+Fe2O3+SiO2+CaO+BaO+K2O,0.5555555555555556,0,
铅钡,Ward,6,517,0.4338875692794933,PbO+Fe2O3+SiO2+CaO+BaO+K2O,0.5555555555555556,0,
铅钡,Ward,2,518,,,,1,活动成分SO2在训练集中全缺失
铅钡,Ward,3,518,,,,1,活动成分SO2在训练集中全缺失
铅钡,Ward,4,518,,,,1,活动成分SO2在训练集中全缺失
铅钡,Ward,5,518,,,,1,活动成分SO2在训练集中全缺失
铅钡,Ward,6,518,,,,1,活动成分SO2在训练集中全缺失
铅钡,Ward,2,519,0.06734730078640834,SiO2+SrO+CuO+Al2O3+PbO+Fe2O3+BaO+K2O,0.7777777777777778,0,
铅钡,Ward,3,519,0.30431592330902213,SiO2+SrO+CuO+Al2O3+PbO+Fe2O3+BaO+K2O,0.7777777777777778,0,
铅钡,Ward,4,519,0.37247572223802367,SiO2+SrO+CuO+Al2O3+PbO+Fe2O3+BaO+K2O,0.7777777777777778,0,
铅钡,Ward,5,519,0.33665008291873966,SiO2+SrO+CuO+Al2O3+PbO+Fe2O3+BaO+K2O,0.7777777777777778,0,
铅钡,Ward,6,519,0.3649042628634465,SiO2+SrO+CuO+Al2O3+PbO+Fe2O3+BaO+K2O,0.7777777777777778,0,
铅钡,Ward,2,520,,,,1,活动成分SO2在训练集中全缺失
铅钡,Ward,3,520,,,,1,活动成分SO2在训练集中全缺失
铅钡,Ward,4,520,,,,1,活动成分SO2在训练集中全缺失
铅钡,Ward,5,520,,,,1,活动成分SO2在训练集中全缺失
铅钡,Ward,6,520,,,,1,活动成分SO2在训练集中全缺失
铅钡,Ward,2,521,0.07157432114267775,PbO+SrO+SiO2+CaO+BaO+Al2O3+Fe2O3+K2O,0.7777777777777778,0,
铅钡,Ward,3,521,0.07467001199956365,PbO+SrO+SiO2+CaO+BaO+Al2O3+Fe2O3+K2O,0.7777777777777778,0,
铅钡,Ward,4,521,0.0911854103343465,PbO+SrO+SiO2+CaO+BaO+Al2O3+Fe2O3+K2O,0.7777777777777778,0,
铅钡,Ward,5,521,0.3067244396300308,PbO+SrO+SiO2+CaO+BaO+Al2O3+Fe2O3+K2O,0.7777777777777778,0,
铅钡,Ward,6,521,0.40774487471526194,PbO+SrO+SiO2+CaO+BaO+Al2O3+Fe2O3+K2O,0.7777777777777778,0,
铅钡,Ward,2,522,0.5501285347043702,PbO+Al2O3+BaO+SiO2+K2O+Fe2O3,0.5555555555555556,0,
铅钡,Ward,3,522,0.5372624429760857,PbO+Al2O3+BaO+SiO2+K2O+Fe2O3,0.5555555555555556,0,
铅钡,Ward,4,522,0.411135170113741,PbO+Al2O3+BaO+SiO2+K2O+Fe2O3,0.5555555555555556,0,
铅钡,Ward,5,522,0.3099787685774947,PbO+Al2O3+BaO+SiO2+K2O+Fe2O3,0.5555555555555556,0,
铅钡,Ward,6,522,0.33374008541793776,PbO+Al2O3+BaO+SiO2+K2O+Fe2O3,0.5555555555555556,0,
铅钡,Ward,2,523,0.021176470588235293,Al2O3+BaO+Fe2O3+CaO+P2O5+K2O+SrO,0.6666666666666666,0,
铅钡,Ward,3,523,0.051915507919430184,Al2O3+BaO+Fe2O3+CaO+P2O5+K2O+SrO,0.6666666666666666,0,
铅钡,Ward,4,523,0.07695468866531711,Al2O3+BaO+Fe2O3+CaO+P2O5+K2O+SrO,0.6666666666666666,0,
铅钡,Ward,5,523,0.3213501059630976,Al2O3+BaO+Fe2O3+CaO+P2O5+K2O+SrO,0.6666666666666666,0,
铅钡,Ward,6,523,0.4867598928890211,Al2O3+BaO+Fe2O3+CaO+P2O5+K2O+SrO,0.6666666666666666,0,
铅钡,Ward,2,524,0.7155529272619752,SiO2+CaO+BaO+Al2O3+Fe2O3+K2O,0.75,0,
铅钡,Ward,3,524,0.45550027639579876,SiO2+CaO+BaO+Al2O3+Fe2O3+K2O,0.75,0,
铅钡,Ward,4,524,0.4253285543608124,SiO2+CaO+BaO+Al2O3+Fe2O3+K2O,0.75,0,
铅钡,Ward,5,524,0.4811943726672409,SiO2+CaO+BaO+Al2O3+Fe2O3+K2O,0.75,0,
铅钡,Ward,6,524,0.5533363303577162,SiO2+CaO+BaO+Al2O3+Fe2O3+K2O,0.75,0,
铅钡,Ward,2,525,0.5512643496784883,SrO+SiO2+CuO+BaO+Al2O3+Fe2O3,0.75,0,
铅钡,Ward,3,525,0.3693042861592911,SrO+SiO2+CuO+BaO+Al2O3+Fe2O3,0.75,0,
铅钡,Ward,4,525,0.2388769704318627,SrO+SiO2+CuO+BaO+Al2O3+Fe2O3,0.75,0,
铅钡,Ward,5,525,0.23484214155543515,SrO+SiO2+CuO+BaO+Al2O3+Fe2O3,0.75,0,
铅钡,Ward,6,525,0.18891402714932126,SrO+SiO2+CuO+BaO+Al2O3+Fe2O3,0.75,0,
铅钡,Ward,2,526,0.448338984461132,SiO2+MgO+SO2+Al2O3+PbO+SrO+K2O,0.36363636363636365,0,
铅钡,Ward,3,526,0.2901437067451163,SiO2+MgO+SO2+Al2O3+PbO+SrO+K2O,0.36363636363636365,0,
铅钡,Ward,4,526,0.27901618261708283,SiO2+MgO+SO2+Al2O3+PbO+SrO+K2O,0.36363636363636365,0,
铅钡,Ward,5,526,0.28629524196827977,SiO2+MgO+SO2+Al2O3+PbO+SrO+K2O,0.36363636363636365,0,
铅钡,Ward,6,526,0.3117140966247518,SiO2+MgO+SO2+Al2O3+PbO+SrO+K2O,0.36363636363636365,0,
铅钡,Ward,2,527,-0.026246719160104987,BaO+P2O5+SiO2+Fe2O3+SrO+CuO+K2O,0.6666666666666666,0,
铅钡,Ward,3,527,0.16621850413305447,BaO+P2O5+SiO2+Fe2O3+SrO+CuO+K2O,0.6666666666666666,0,
铅钡,Ward,4,527,0.40003436791673147,BaO+P2O5+SiO2+Fe2O3+SrO+CuO+K2O,0.6666666666666666,0,
铅钡,Ward,5,527,0.3060162664526174,BaO+P2O5+SiO2+Fe2O3+SrO+CuO+K2O,0.6666666666666666,0,
铅钡,Ward,6,527,0.3684469452387541,BaO+P2O5+SiO2+Fe2O3+SrO+CuO+K2O,0.6666666666666666,0,
铅钡,Ward,2,528,1.0,Al2O3+SiO2+K2O+Fe2O3+CuO+BaO,0.75,0,
铅钡,Ward,3,528,0.5748849944524828,Al2O3+SiO2+K2O+Fe2O3+CuO+BaO,0.75,0,
铅钡,Ward,4,528,0.34091211379124187,Al2O3+SiO2+K2O+Fe2O3+CuO+BaO,0.75,0,
铅钡,Ward,5,528,0.24011908989101635,Al2O3+SiO2+K2O+Fe2O3+CuO+BaO,0.75,0,
铅钡,Ward,6,528,0.26596785464709993,Al2O3+SiO2+K2O+Fe2O3+CuO+BaO,0.75,0,
铅钡,Ward,2,529,1.0,K2O+SrO+PbO+Fe2O3+CuO+SiO2+CaO,0.6666666666666666,0,
铅钡,Ward,3,529,0.50108771497763,K2O+SrO+PbO+Fe2O3+CuO+SiO2+CaO,0.6666666666666666,0,
铅钡,Ward,4,529,0.5724746285273841,K2O+SrO+PbO+Fe2O3+CuO+SiO2+CaO,0.6666666666666666,0,
铅钡,Ward,5,529,0.41333462732919257,K2O+SrO+PbO+Fe2O3+CuO+SiO2+CaO,0.6666666666666666,0,
铅钡,Ward,6,529,0.5017383655175303,K2O+SrO+PbO+Fe2O3+CuO+SiO2+CaO,0.6666666666666666,0,
铅钡,Ward,2,530,0.06008541066640183,PbO+Fe2O3+SiO2+MgO+CuO+BaO,0.4,0,
铅钡,Ward,3,530,0.5088264310153019,PbO+Fe2O3+SiO2+MgO+CuO+BaO,0.4,0,
铅钡,Ward,4,530,0.5771947282832941,PbO+Fe2O3+SiO2+MgO+CuO+BaO,0.4,0,
铅钡,Ward,5,530,0.35992977166248413,PbO+Fe2O3+SiO2+MgO+CuO+BaO,0.4,0,
铅钡,Ward,6,530,0.36982083783695263,PbO+Fe2O3+SiO2+MgO+CuO+BaO,0.4,0,
铅钡,Ward,2,531,0.2826061157482495,K2O+PbO+Al2O3+BaO+Fe2O3+SiO2+SrO,0.6666666666666666,0,
铅钡,Ward,3,531,0.22904826462397404,K2O+PbO+Al2O3+BaO+Fe2O3+SiO2+SrO,0.6666666666666666,0,
铅钡,Ward,4,531,0.265438325505154,K2O+PbO+Al2O3+BaO+Fe2O3+SiO2+SrO,0.6666666666666666,0,
铅钡,Ward,5,531,0.29047245857590687,K2O+PbO+Al2O3+BaO+Fe2O3+SiO2+SrO,0.6666666666666666,0,
铅钡,Ward,6,531,0.39792515746572804,K2O+PbO+Al2O3+BaO+Fe2O3+SiO2+SrO,0.6666666666666666,0,
铅钡,Ward,2,532,0.005867396831605711,CaO+SiO2+SrO+CuO+PbO+BaO+K2O+Fe2O3,0.7777777777777778,0,
铅钡,Ward,3,532,0.33908931370316286,CaO+SiO2+SrO+CuO+PbO+BaO+K2O+Fe2O3,0.7777777777777778,0,
铅钡,Ward,4,532,0.3055295220243674,CaO+SiO2+SrO+CuO+PbO+BaO+K2O+Fe2O3,0.7777777777777778,0,
铅钡,Ward,5,532,0.422270366358359,CaO+SiO2+SrO+CuO+PbO+BaO+K2O+Fe2O3,0.7777777777777778,0,
铅钡,Ward,6,532,0.3792995131144966,CaO+SiO2+SrO+CuO+PbO+BaO+K2O+Fe2O3,0.7777777777777778,0,
铅钡,Ward,2,533,0.23481400094176738,SiO2+Na2O+BaO+SrO+Al2O3+PbO+Fe2O3+K2O,0.6,0,
铅钡,Ward,3,533,0.17407322746769574,SiO2+Na2O+BaO+SrO+Al2O3+PbO+Fe2O3+K2O,0.6,0,
铅钡,Ward,4,533,0.2351378958120531,SiO2+Na2O+BaO+SrO+Al2O3+PbO+Fe2O3+K2O,0.6,0,
铅钡,Ward,5,533,0.40822320117474303,SiO2+Na2O+BaO+SrO+Al2O3+PbO+Fe2O3+K2O,0.6,0,
铅钡,Ward,6,533,0.4861156484808886,SiO2+Na2O+BaO+SrO+Al2O3+PbO+Fe2O3+K2O,0.6,0,
铅钡,Ward,2,534,0.10392364793213149,K2O+Fe2O3+SiO2+CaO+MgO+BaO+Al2O3,0.6666666666666666,0,
铅钡,Ward,3,534,0.21239170385928066,K2O+Fe2O3+SiO2+CaO+MgO+BaO+Al2O3,0.6666666666666666,0,
铅钡,Ward,4,534,0.2505419634561784,K2O+Fe2O3+SiO2+CaO+MgO+BaO+Al2O3,0.6666666666666666,0,
铅钡,Ward,5,534,0.46060578119957585,K2O+Fe2O3+SiO2+CaO+MgO+BaO+Al2O3,0.6666666666666666,0,
铅钡,Ward,6,534,0.5749642580917337,K2O+Fe2O3+SiO2+CaO+MgO+BaO+Al2O3,0.6666666666666666,0,
铅钡,Ward,2,535,-0.04785894206549118,PbO+SrO+BaO+SiO2+Fe2O3+K2O,0.5555555555555556,0,
铅钡,Ward,3,535,0.43056071923479905,PbO+SrO+BaO+SiO2+Fe2O3+K2O,0.5555555555555556,0,
铅钡,Ward,4,535,0.25513443794027185,PbO+SrO+BaO+SiO2+Fe2O3+K2O,0.5555555555555556,0,
铅钡,Ward,5,535,0.22274749721913237,PbO+SrO+BaO+SiO2+Fe2O3+K2O,0.5555555555555556,0,
铅钡,Ward,6,535,0.3398185347357017,PbO+SrO+BaO+SiO2+Fe2O3+K2O,0.5555555555555556,0,
铅钡,Ward,2,536,-0.059322033898305086,Al2O3+BaO+Fe2O3+SiO2+PbO+SrO+K2O,0.6666666666666666,0,
铅钡,Ward,3,536,0.19757333580322056,Al2O3+BaO+Fe2O3+SiO2+PbO+SrO+K2O,0.6666666666666666,0,
铅钡,Ward,4,536,0.16589784450222259,Al2O3+BaO+Fe2O3+SiO2+PbO+SrO+K2O,0.6666666666666666,0,
铅钡,Ward,5,536,0.2859520639147803,Al2O3+BaO+Fe2O3+SiO2+PbO+SrO+K2O,0.6666666666666666,0,
铅钡,Ward,6,536,0.2669744069183125,Al2O3+BaO+Fe2O3+SiO2+PbO+SrO+K2O,0.6666666666666666,0,
铅钡,Ward,2,537,0.3442622950819672,SiO2+CaO+Al2O3+PbO+SrO+K2O+Fe2O3,0.6666666666666666,0,
铅钡,Ward,3,537,0.18502202643171806,SiO2+CaO+Al2O3+PbO+SrO+K2O+Fe2O3,0.6666666666666666,0,
铅钡,Ward,4,537,0.3278048780487805,SiO2+CaO+Al2O3+PbO+SrO+K2O+Fe2O3,0.6666666666666666,0,
铅钡,Ward,5,537,0.2864113198341059,SiO2+CaO+Al2O3+PbO+SrO+K2O+Fe2O3,0.6666666666666666,0,
铅钡,Ward,6,537,0.36928195176046574,SiO2+CaO+Al2O3+PbO+SrO+K2O+Fe2O3,0.6666666666666666,0,
铅钡,Ward,2,538,0.23096641886695718,PbO+Al2O3+SiO2+K2O+SrO,0.4444444444444444,0,
铅钡,Ward,3,538,0.16603417438307252,PbO+Al2O3+SiO2+K2O+SrO,0.4444444444444444,0,
铅钡,Ward,4,538,0.14737458520398203,PbO+Al2O3+SiO2+K2O+SrO,0.4444444444444444,0,
铅钡,Ward,5,538,0.2864864864864865,PbO+Al2O3+SiO2+K2O+SrO,0.4444444444444444,0,
铅钡,Ward,6,538,0.3181818181818182,PbO+Al2O3+SiO2+K2O+SrO,0.4444444444444444,0,
铅钡,Ward,2,539,,,,1,活动成分SO2在训练集中全缺失
铅钡,Ward,3,539,,,,1,活动成分SO2在训练集中全缺失
铅钡,Ward,4,539,,,,1,活动成分SO2在训练集中全缺失
铅钡,Ward,5,539,,,,1,活动成分SO2在训练集中全缺失
铅钡,Ward,6,539,,,,1,活动成分SO2在训练集中全缺失
铅钡,Ward,2,540,-0.02465331278890601,SrO+Al2O3+PbO+BaO+SiO2+CaO+Fe2O3+MgO+K2O,0.7,0,
铅钡,Ward,3,540,0.1251551143414288,SrO+Al2O3+PbO+BaO+SiO2+CaO+Fe2O3+MgO+K2O,0.7,0,
铅钡,Ward,4,540,0.3333281296345442,SrO+Al2O3+PbO+BaO+SiO2+CaO+Fe2O3+MgO+K2O,0.7,0,
铅钡,Ward,5,540,0.34829231676585704,SrO+Al2O3+PbO+BaO+SiO2+CaO+Fe2O3+MgO+K2O,0.7,0,
铅钡,Ward,6,540,0.39612425192362494,SrO+Al2O3+PbO+BaO+SiO2+CaO+Fe2O3+MgO+K2O,0.7,0,
铅钡,Ward,2,541,0.3451010488616014,Al2O3+SiO2+SrO+Fe2O3+PbO+K2O,0.5555555555555556,0,
铅钡,Ward,3,541,0.28093398357506283,Al2O3+SiO2+SrO+Fe2O3+PbO+K2O,0.5555555555555556,0,
铅钡,Ward,4,541,0.3067396798652064,Al2O3+SiO2+SrO+Fe2O3+PbO+K2O,0.5555555555555556,0,
铅钡,Ward,5,541,0.2809276903206484,Al2O3+SiO2+SrO+Fe2O3+PbO+K2O,0.5555555555555556,0,
铅钡,Ward,6,541,0.27030220802240845,Al2O3+SiO2+SrO+Fe2O3+PbO+K2O,0.5555555555555556,0,
铅钡,Ward,2,542,0.4732346807031483,Al2O3+CaO+P2O5+SiO2+MgO+K2O+Fe2O3,0.5,0,
铅钡,Ward,3,542,0.44459137794234327,Al2O3+CaO+P2O5+SiO2+MgO+K2O+Fe2O3,0.5,0,
铅钡,Ward,4,542,0.3200559590008928,Al2O3+CaO+P2O5+SiO2+MgO+K2O+Fe2O3,0.5,0,
铅钡,Ward,5,542,0.24646736518312026,Al2O3+CaO+P2O5+SiO2+MgO+K2O+Fe2O3,0.5,0,
铅钡,Ward,6,542,0.3562011885516519,Al2O3+CaO+P2O5+SiO2+MgO+K2O+Fe2O3,0.5,0,
铅钡,Ward,2,543,0.6291208791208791,BaO+SiO2+CaO+Al2O3+Fe2O3+SrO+K2O,0.875,0,
铅钡,Ward,3,543,0.36025964151448164,BaO+SiO2+CaO+Al2O3+Fe2O3+SrO+K2O,0.875,0,
铅钡,Ward,4,543,0.587396789538158,BaO+SiO2+CaO+Al2O3+Fe2O3+SrO+K2O,0.875,0,
铅钡,Ward,5,543,0.5264311147630786,BaO+SiO2+CaO+Al2O3+Fe2O3+SrO+K2O,0.875,0,
铅钡,Ward,6,543,0.5701851886739134,BaO+SiO2+CaO+Al2O3+Fe2O3+SrO+K2O,0.875,0,
铅钡,Ward,2,544,0.3331329526099589,SiO2+K2O+Al2O3+BaO+PbO+SrO+Fe2O3,0.6666666666666666,0,
铅钡,Ward,3,544,0.2967284645303955,SiO2+K2O+Al2O3+BaO+PbO+SrO+Fe2O3,0.6666666666666666,0,
铅钡,Ward,4,544,0.29368669485691806,SiO2+K2O+Al2O3+BaO+PbO+SrO+Fe2O3,0.6666666666666666,0,
铅钡,Ward,5,544,0.3732636051642425,SiO2+K2O+Al2O3+BaO+PbO+SrO+Fe2O3,0.6666666666666666,0,
铅钡,Ward,6,544,0.34279832899436946,SiO2+K2O+Al2O3+BaO+PbO+SrO+Fe2O3,0.6666666666666666,0,
铅钡,Ward,2,545,0.47738693467336685,Al2O3+SrO+Fe2O3+SiO2+MgO+K2O+CuO+BaO,0.7777777777777778,0,
铅钡,Ward,3,545,0.24026818773141198,Al2O3+SrO+Fe2O3+SiO2+MgO+K2O+CuO+BaO,0.7777777777777778,0,
铅钡,Ward,4,545,0.20299922813981697,Al2O3+SrO+Fe2O3+SiO2+MgO+K2O+CuO+BaO,0.7777777777777778,0,
铅钡,Ward,5,545,0.3761417859577369,Al2O3+SrO+Fe2O3+SiO2+MgO+K2O+CuO+BaO,0.7777777777777778,0,
铅钡,Ward,6,545,0.26849997557759,Al2O3+SrO+Fe2O3+SiO2+MgO+K2O+CuO+BaO,0.7777777777777778,0,
铅钡,Ward,2,546,1.0,SiO2+K2O+CuO+Al2O3+Fe2O3+PbO+SrO,0.6666666666666666,0,
铅钡,Ward,3,546,0.4979180496047312,SiO2+K2O+CuO+Al2O3+Fe2O3+PbO+SrO,0.6666666666666666,0,
铅钡,Ward,4,546,0.5862068965517241,SiO2+K2O+CuO+Al2O3+Fe2O3+PbO+SrO,0.6666666666666666,0,
铅钡,Ward,5,546,0.39892114050860517,SiO2+K2O+CuO+Al2O3+Fe2O3+PbO+SrO,0.6666666666666666,0,
铅钡,Ward,6,546,0.3987084012101466,SiO2+K2O+CuO+Al2O3+Fe2O3+PbO+SrO,0.6666666666666666,0,
铅钡,Ward,2,547,0.05723905723905724,SiO2+K2O+CuO+PbO+Fe2O3+SrO,0.5555555555555556,0,
铅钡,Ward,3,547,0.4700821694449808,SiO2+K2O+CuO+PbO+Fe2O3+SrO,0.5555555555555556,0,
铅钡,Ward,4,547,0.5698368792492826,SiO2+K2O+CuO+PbO+Fe2O3+SrO,0.5555555555555556,0,
铅钡,Ward,5,547,0.36880283132001523,SiO2+K2O+CuO+PbO+Fe2O3+SrO,0.5555555555555556,0,
铅钡,Ward,6,547,0.3904154553127638,SiO2+K2O+CuO+PbO+Fe2O3+SrO,0.5555555555555556,0,
铅钡,Ward,2,548,0.10053222945002957,CuO+MgO+SiO2+CaO+Al2O3+SrO+BaO+K2O,0.7777777777777778,0,
铅钡,Ward,3,548,0.23100622342719823,CuO+MgO+SiO2+CaO+Al2O3+SrO+BaO+K2O,0.7777777777777778,0,
铅钡,Ward,4,548,0.08428113152522601,CuO+MgO+SiO2+CaO+Al2O3+SrO+BaO+K2O,0.7777777777777778,0,
铅钡,Ward,5,548,0.338976537017511,CuO+MgO+SiO2+CaO+Al2O3+SrO+BaO+K2O,0.7777777777777778,0,
铅钡,Ward,6,548,0.454779622209502,CuO+MgO+SiO2+CaO+Al2O3+SrO+BaO+K2O,0.7777777777777778,0,
铅钡,Ward,2,549,-0.024731500640457187,BaO+Al2O3+P2O5+SiO2+MgO+PbO+SrO+Fe2O3+K2O,0.5454545454545454,0,
铅钡,Ward,3,549,0.023402055329295828,BaO+Al2O3+P2O5+SiO2+MgO+PbO+SrO+Fe2O3+K2O,0.5454545454545454,0,
铅钡,Ward,4,549,0.10561737540585694,BaO+Al2O3+P2O5+SiO2+MgO+PbO+SrO+Fe2O3+K2O,0.5454545454545454,0,
铅钡,Ward,5,549,0.23696319018404907,BaO+Al2O3+P2O5+SiO2+MgO+PbO+SrO+Fe2O3+K2O,0.5454545454545454,0,
铅钡,Ward,6,549,0.31341127612512976,BaO+Al2O3+P2O5+SiO2+MgO+PbO+SrO+Fe2O3+K2O,0.5454545454545454,0,
铅钡,Ward,2,550,,,,1,活动成分SO2在训练集中全缺失
铅钡,Ward,3,550,,,,1,活动成分SO2在训练集中全缺失
铅钡,Ward,4,550,,,,1,活动成分SO2在训练集中全缺失
铅钡,Ward,5,550,,,,1,活动成分SO2在训练集中全缺失
铅钡,Ward,6,550,,,,1,活动成分SO2在训练集中全缺失
铅钡,Ward,2,551,0.4050873647925829,Fe2O3+PbO+Al2O3+CaO+SiO2+MgO+K2O+SrO,0.6,0,
铅钡,Ward,3,551,0.15635375792333234,Fe2O3+PbO+Al2O3+CaO+SiO2+MgO+K2O+SrO,0.6,0,
铅钡,Ward,4,551,0.292008117758882,Fe2O3+PbO+Al2O3+CaO+SiO2+MgO+K2O+SrO,0.6,0,
铅钡,Ward,5,551,0.30667787187277784,Fe2O3+PbO+Al2O3+CaO+SiO2+MgO+K2O+SrO,0.6,0,
铅钡,Ward,6,551,0.3880512493806187,Fe2O3+PbO+Al2O3+CaO+SiO2+MgO+K2O+SrO,0.6,0,
铅钡,Ward,2,552,0.03423273505289433,Al2O3+BaO+P2O5+SiO2+CaO+PbO+SrO+Fe2O3+K2O,0.7,0,
铅钡,Ward,3,552,0.07675715274103619,Al2O3+BaO+P2O5+SiO2+CaO+PbO+SrO+Fe2O3+K2O,0.7,0,
铅钡,Ward,4,552,0.3100737100737101,Al2O3+BaO+P2O5+SiO2+CaO+PbO+SrO+Fe2O3+K2O,0.7,0,
铅钡,Ward,5,552,0.43998811645870467,Al2O3+BaO+P2O5+SiO2+CaO+PbO+SrO+Fe2O3+K2O,0.7,0,
铅钡,Ward,6,552,0.32588153952523624,Al2O3+BaO+P2O5+SiO2+CaO+PbO+SrO+Fe2O3+K2O,0.7,0,
铅钡,Ward,2,553,0.5514413028904925,SiO2+BaO+SrO+Al2O3+PbO+K2O,0.5555555555555556,0,
铅钡,Ward,3,553,0.49949826954188936,SiO2+BaO+SrO+Al2O3+PbO+K2O,0.5555555555555556,0,
铅钡,Ward,4,553,0.21918627842042282,SiO2+BaO+SrO+Al2O3+PbO+K2O,0.5555555555555556,0,
铅钡,Ward,5,553,0.37025495750708215,SiO2+BaO+SrO+Al2O3+PbO+K2O,0.5555555555555556,0,
铅钡,Ward,6,553,0.4258926277934755,SiO2+BaO+SrO+Al2O3+PbO+K2O,0.5555555555555556,0,
铅钡,Ward,2,554,1.0,SiO2+CuO+PbO+Al2O3+K2O+Fe2O3,0.5555555555555556,0,
铅钡,Ward,3,554,0.6862829218589748,SiO2+CuO+PbO+Al2O3+K2O+Fe2O3,0.5555555555555556,0,
铅钡,Ward,4,554,0.41511977600331845,SiO2+CuO+PbO+Al2O3+K2O+Fe2O3,0.5555555555555556,0,
铅钡,Ward,5,554,0.32684708254980516,SiO2+CuO+PbO+Al2O3+K2O+Fe2O3,0.5555555555555556,0,
铅钡,Ward,6,554,0.26238244514106585,SiO2+CuO+PbO+Al2O3+K2O+Fe2O3,0.5555555555555556,0,
铅钡,Ward,2,555,0.8999407933688574,K2O+PbO+Al2O3+CuO+SiO2+SrO,0.5555555555555556,0,
铅钡,Ward,3,555,0.6661166382446959,K2O+PbO+Al2O3+CuO+SiO2+SrO,0.5555555555555556,0,
铅钡,Ward,4,555,0.3598763415586382,K2O+PbO+Al2O3+CuO+SiO2+SrO,0.5555555555555556,0,
铅钡,Ward,5,555,0.40872911746698154,K2O+PbO+Al2O3+CuO+SiO2+SrO,0.5555555555555556,0,
铅钡,Ward,6,555,0.5435752723454521,K2O+PbO+Al2O3+CuO+SiO2+SrO,0.5555555555555556,0,
铅钡,Ward,2,556,0.2857142857142857,SiO2+MgO+CuO+Al2O3+SrO+K2O+Fe2O3,0.6666666666666666,0,
铅钡,Ward,3,556,0.21989777970906532,SiO2+MgO+CuO+Al2O3+SrO+K2O+Fe2O3,0.6666666666666666,0,
铅钡,Ward,4,556,0.17478454063819918,SiO2+MgO+CuO+Al2O3+SrO+K2O+Fe2O3,0.6666666666666666,0,
铅钡,Ward,5,556,0.24642093860702052,SiO2+MgO+CuO+Al2O3+SrO+K2O+Fe2O3,0.6666666666666666,0,
铅钡,Ward,6,556,0.34611100265276357,SiO2+MgO+CuO+Al2O3+SrO+K2O+Fe2O3,0.6666666666666666,0,
铅钡,Ward,2,557,0.22962962962962963,SiO2+SrO+Al2O3+PbO+CuO+Fe2O3+K2O,0.6666666666666666,0,
铅钡,Ward,3,557,0.4521356175063742,SiO2+SrO+Al2O3+PbO+CuO+Fe2O3+K2O,0.6666666666666666,0,
铅钡,Ward,4,557,0.47805224373883026,SiO2+SrO+Al2O3+PbO+CuO+Fe2O3+K2O,0.6666666666666666,0,
铅钡,Ward,5,557,0.29905067829179455,SiO2+SrO+Al2O3+PbO+CuO+Fe2O3+K2O,0.6666666666666666,0,
铅钡,Ward,6,557,0.25725756639901176,SiO2+SrO+Al2O3+PbO+CuO+Fe2O3+K2O,0.6666666666666666,0,
铅钡,Ward,2,558,,,,1,活动成分SO2在训练集中全缺失
铅钡,Ward,3,558,,,,1,活动成分SO2在训练集中全缺失
铅钡,Ward,4,558,,,,1,活动成分SO2在训练集中全缺失
铅钡,Ward,5,558,,,,1,活动成分SO2在训练集中全缺失
铅钡,Ward,6,558,,,,1,活动成分SO2在训练集中全缺失
铅钡,Ward,2,559,0.18201901455678726,K2O+PbO+Al2O3+SrO+CaO+SiO2+Fe2O3,0.6666666666666666,0,
铅钡,Ward,3,559,0.015766264623562815,K2O+PbO+Al2O3+SrO+CaO+SiO2+Fe2O3,0.6666666666666666,0,
铅钡,Ward,4,559,0.1006940493799067,K2O+PbO+Al2O3+SrO+CaO+SiO2+Fe2O3,0.6666666666666666,0,
铅钡,Ward,5,559,0.26654583723105707,K2O+PbO+Al2O3+SrO+CaO+SiO2+Fe2O3,0.6666666666666666,0,
铅钡,Ward,6,559,0.3900343642611684,K2O+PbO+Al2O3+SrO+CaO+SiO2+Fe2O3,0.6666666666666666,0,
铅钡,Ward,2,560,0.1384105568376827,SiO2+CaO+BaO+PbO+CuO+SrO+K2O,0.6666666666666666,0,
铅钡,Ward,3,560,0.3653628624159076,SiO2+CaO+BaO+PbO+CuO+SrO+K2O,0.6666666666666666,0,
铅钡,Ward,4,560,0.3797901711761458,SiO2+CaO+BaO+PbO+CuO+SrO+K2O,0.6666666666666666,0,
铅钡,Ward,5,560,0.5006904372159376,SiO2+CaO+BaO+PbO+CuO+SrO+K2O,0.6666666666666666,0,
铅钡,Ward,6,560,0.47930039334901253,SiO2+CaO+BaO+PbO+CuO+SrO+K2O,0.6666666666666666,0,
铅钡,Ward,2,561,0.39976014391365183,Al2O3+K2O+BaO+CaO+SiO2+Fe2O3,0.75,0,
铅钡,Ward,3,561,0.18598173676973523,Al2O3+K2O+BaO+CaO+SiO2+Fe2O3,0.75,0,
铅钡,Ward,4,561,0.5221340044872379,Al2O3+K2O+BaO+CaO+SiO2+Fe2O3,0.75,0,
铅钡,Ward,5,561,0.6297526937864907,Al2O3+K2O+BaO+CaO+SiO2+Fe2O3,0.75,0,
铅钡,Ward,6,561,0.7434078643022359,Al2O3+K2O+BaO+CaO+SiO2+Fe2O3,0.75,0,
铅钡,Ward,2,562,1.0,Al2O3+PbO+Fe2O3+CuO+SiO2+K2O+BaO,0.6666666666666666,0,
铅钡,Ward,3,562,0.612426211913422,Al2O3+PbO+Fe2O3+CuO+SiO2+K2O+BaO,0.6666666666666666,0,
铅钡,Ward,4,562,0.39731928386125615,Al2O3+PbO+Fe2O3+CuO+SiO2+K2O+BaO,0.6666666666666666,0,
铅钡,Ward,5,562,0.42023315859478916,Al2O3+PbO+Fe2O3+CuO+SiO2+K2O+BaO,0.6666666666666666,0,
铅钡,Ward,6,562,0.3347445435488512,Al2O3+PbO+Fe2O3+CuO+SiO2+K2O+BaO,0.6666666666666666,0,
铅钡,Ward,2,563,-0.022176386352588777,SiO2+K2O+Al2O3+BaO+PbO+Fe2O3,0.5555555555555556,0,
铅钡,Ward,3,563,0.10453456147162385,SiO2+K2O+Al2O3+BaO+PbO+Fe2O3,0.5555555555555556,0,
铅钡,Ward,4,563,0.12356223664730669,SiO2+K2O+Al2O3+BaO+PbO+Fe2O3,0.5555555555555556,0,
铅钡,Ward,5,563,0.1709563029055136,SiO2+K2O+Al2O3+BaO+PbO+Fe2O3,0.5555555555555556,0,
铅钡,Ward,6,563,0.2462015503875969,SiO2+K2O+Al2O3+BaO+PbO+Fe2O3,0.5555555555555556,0,
铅钡,Ward,2,564,0.22508345255126372,K2O+Fe2O3+SiO2+Al2O3+PbO+SrO,0.5555555555555556,0,
铅钡,Ward,3,564,0.1499785298824999,K2O+Fe2O3+SiO2+Al2O3+PbO+SrO,0.5555555555555556,0,
铅钡,Ward,4,564,0.09241824714604084,K2O+Fe2O3+SiO2+Al2O3+PbO+SrO,0.5555555555555556,0,
铅钡,Ward,5,564,0.13120784794604537,K2O+Fe2O3+SiO2+Al2O3+PbO+SrO,0.5555555555555556,0,
铅钡,Ward,6,564,0.26910828025477707,K2O+Fe2O3+SiO2+Al2O3+PbO+SrO,0.5555555555555556,0,
铅钡,Ward,2,565,1.0,CuO+MgO+PbO+SrO+CaO+SiO2+K2O+Fe2O3,0.6,0,
铅钡,Ward,3,565,0.6157661940391055,CuO+MgO+PbO+SrO+CaO+SiO2+K2O+Fe2O3,0.6,0,
铅钡,Ward,4,565,0.6636033857315599,CuO+MgO+PbO+SrO+CaO+SiO2+K2O+Fe2O3,0.6,0,
铅钡,Ward,5,565,0.5932748538011696,CuO+MgO+PbO+SrO+CaO+SiO2+K2O+Fe2O3,0.6,0,
铅钡,Ward,6,565,0.7214410070978974,CuO+MgO+PbO+SrO+CaO+SiO2+K2O+Fe2O3,0.6,0,
铅钡,Ward,2,566,0.6299810246679317,Al2O3+CuO+Fe2O3+K2O+BaO+SiO2+MgO+SrO,0.7777777777777778,0,
铅钡,Ward,3,566,0.4438696326952923,Al2O3+CuO+Fe2O3+K2O+BaO+SiO2+MgO+SrO,0.7777777777777778,0,
铅钡,Ward,4,566,0.33073013241421434,Al2O3+CuO+Fe2O3+K2O+BaO+SiO2+MgO+SrO,0.7777777777777778,0,
铅钡,Ward,5,566,0.5952135872362326,Al2O3+CuO+Fe2O3+K2O+BaO+SiO2+MgO+SrO,0.7777777777777778,0,
铅钡,Ward,6,566,0.5980373156679998,Al2O3+CuO+Fe2O3+K2O+BaO+SiO2+MgO+SrO,0.7777777777777778,0,
铅钡,Ward,2,567,0.06734730078640834,K2O+CuO+BaO+PbO+SrO+SO2+SiO2+MgO,0.45454545454545453,0,
铅钡,Ward,3,567,0.304003106034289,K2O+CuO+BaO+PbO+SrO+SO2+SiO2+MgO,0.45454545454545453,0,
铅钡,Ward,4,567,0.24427253793513834,K2O+CuO+BaO+PbO+SrO+SO2+SiO2+MgO,0.45454545454545453,0,
铅钡,Ward,5,567,0.23262135922330096,K2O+CuO+BaO+PbO+SrO+SO2+SiO2+MgO,0.45454545454545453,0,
铅钡,Ward,6,567,0.27764007299866533,K2O+CuO+BaO+PbO+SrO+SO2+SiO2+MgO,0.45454545454545453,0,
铅钡,Ward,2,568,0.6199524940617577,K2O+Fe2O3+SiO2+PbO+Al2O3+CuO,0.5555555555555556,0,
铅钡,Ward,3,568,0.32367149758454106,K2O+Fe2O3+SiO2+PbO+Al2O3+CuO,0.5555555555555556,0,
铅钡,Ward,4,568,0.12500835766342017,K2O+Fe2O3+SiO2+PbO+Al2O3+CuO,0.5555555555555556,0,
铅钡,Ward,5,568,0.10857891950487811,K2O+Fe2O3+SiO2+PbO+Al2O3+CuO,0.5555555555555556,0,
铅钡,Ward,6,568,0.1328964660557726,K2O+Fe2O3+SiO2+PbO+Al2O3+CuO,0.5555555555555556,0,
铅钡,Ward,2,569,,,,1,活动成分SO2在训练集中全缺失
铅钡,Ward,3,569,,,,1,活动成分SO2在训练集中全缺失
铅钡,Ward,4,569,,,,1,活动成分SO2在训练集中全缺失
铅钡,Ward,5,569,,,,1,活动成分SO2在训练集中全缺失
铅钡,Ward,6,569,,,,1,活动成分SO2在训练集中全缺失
铅钡,Ward,2,570,-0.04785894206549118,MgO+SiO2+PbO+SrO+BaO+CuO,0.4,0,
铅钡,Ward,3,570,1.0,MgO+SiO2+PbO+SrO+BaO+CuO,0.4,0,
铅钡,Ward,4,570,0.7162162162162162,MgO+SiO2+PbO+SrO+BaO+CuO,0.4,0,
铅钡,Ward,5,570,0.4795118179810029,MgO+SiO2+PbO+SrO+BaO+CuO,0.4,0,
铅钡,Ward,6,570,0.4065040650406504,MgO+SiO2+PbO+SrO+BaO+CuO,0.4,0,
铅钡,Ward,2,571,0.23035936297436505,CuO+BaO+SiO2+MgO+Al2O3+K2O+SrO,0.6666666666666666,0,
铅钡,Ward,3,571,0.14478830301450088,CuO+BaO+SiO2+MgO+Al2O3+K2O+SrO,0.6666666666666666,0,
铅钡,Ward,4,571,0.09284745105640628,CuO+BaO+SiO2+MgO+Al2O3+K2O+SrO,0.6666666666666666,0,
铅钡,Ward,5,571,0.0831918505942275,CuO+BaO+SiO2+MgO+Al2O3+K2O+SrO,0.6666666666666666,0,
铅钡,Ward,6,571,0.16216750996410098,CuO+BaO+SiO2+MgO+Al2O3+K2O+SrO,0.6666666666666666,0,
铅钡,Ward,2,572,0.5519713261648745,Al2O3+SrO+K2O+CuO+SiO2+MgO+Fe2O3+BaO,0.7777777777777778,0,
铅钡,Ward,3,572,0.43247735449806085,Al2O3+SrO+K2O+CuO+SiO2+MgO+Fe2O3+BaO,0.7777777777777778,0,
铅钡,Ward,4,572,0.3401779920274404,Al2O3+SrO+K2O+CuO+SiO2+MgO+Fe2O3+BaO,0.7777777777777778,0,
铅钡,Ward,5,572,0.12956521739130436,Al2O3+SrO+K2O+CuO+SiO2+MgO+Fe2O3+BaO,0.7777777777777778,0,
铅钡,Ward,6,572,0.19753086419753085,Al2O3+SrO+K2O+CuO+SiO2+MgO+Fe2O3+BaO,0.7777777777777778,0,
铅钡,Ward,2,573,0.1346153846153846,PbO+SrO+BaO+Al2O3+CaO+SiO2+SO2+K2O,0.6,0,
铅钡,Ward,3,573,0.11535254462456011,PbO+SrO+BaO+Al2O3+CaO+SiO2+SO2+K2O,0.6,0,
铅钡,Ward,4,573,0.2898749863016008,PbO+SrO+BaO+Al2O3+CaO+SiO2+SO2+K2O,0.6,0,
铅钡,Ward,5,573,0.36069431594191237,PbO+SrO+BaO+Al2O3+CaO+SiO2+SO2+K2O,0.6,0,
铅钡,Ward,6,573,0.3502123489055864,PbO+SrO+BaO+Al2O3+CaO+SiO2+SO2+K2O,0.6,0,
铅钡,Ward,2,574,0.5086180828545509,Fe2O3+PbO+Al2O3+SiO2+K2O+SrO,0.5555555555555556,0,
铅钡,Ward,3,574,0.4257557459944332,Fe2O3+PbO+Al2O3+SiO2+K2O+SrO,0.5555555555555556,0,
铅钡,Ward,4,574,0.16043786773061286,Fe2O3+PbO+Al2O3+SiO2+K2O+SrO,0.5555555555555556,0,
铅钡,Ward,5,574,0.23111822351271982,Fe2O3+PbO+Al2O3+SiO2+K2O+SrO,0.5555555555555556,0,
铅钡,Ward,6,574,0.2470089257453947,Fe2O3+PbO+Al2O3+SiO2+K2O+SrO,0.5555555555555556,0,
铅钡,Ward,2,575,0.8999407933688574,K2O+BaO+Fe2O3+CuO+SiO2+PbO+SrO,0.6666666666666666,0,
铅钡,Ward,3,575,0.5528649250467216,K2O+BaO+Fe2O3+CuO+SiO2+PbO+SrO,0.6666666666666666,0,
铅钡,Ward,4,575,0.45373161596784506,K2O+BaO+Fe2O3+CuO+SiO2+PbO+SrO,0.6666666666666666,0,
铅钡,Ward,5,575,0.3880753138075314,K2O+BaO+Fe2O3+CuO+SiO2+PbO+SrO,0.6666666666666666,0,
铅钡,Ward,6,575,0.3840751372592737,K2O+BaO+Fe2O3+CuO+SiO2+PbO+SrO,0.6666666666666666,0,
铅钡,Ward,2,576,-0.11123256525731276,SiO2+BaO+PbO+MgO+CuO+SrO+Al2O3,0.5,0,
铅钡,Ward,3,576,0.2023207159997059,SiO2+BaO+PbO+MgO+CuO+SrO+Al2O3,0.5,0,
铅钡,Ward,4,576,0.6488068437640703,SiO2+BaO+PbO+MgO+CuO+SrO+Al2O3,0.5,0,
铅钡,Ward,5,576,0.6747496307185616,SiO2+BaO+PbO+MgO+CuO+SrO+Al2O3,0.5,0,
铅钡,Ward,6,576,0.717974052753673,SiO2+BaO+PbO+MgO+CuO+SrO+Al2O3,0.5,0,
铅钡,Ward,2,577,,,,1,活动成分SO2在训练集中全缺失
铅钡,Ward,3,577,,,,1,活动成分SO2在训练集中全缺失
铅钡,Ward,4,577,,,,1,活动成分SO2在训练集中全缺失
铅钡,Ward,5,577,,,,1,活动成分SO2在训练集中全缺失
铅钡,Ward,6,577,,,,1,活动成分SO2在训练集中全缺失
铅钡,Ward,2,578,0.7152835326151297,SiO2+MgO+K2O+SrO+CuO+BaO+PbO+Fe2O3,0.6,0,
铅钡,Ward,3,578,0.5405133263465055,SiO2+MgO+K2O+SrO+CuO+BaO+PbO+Fe2O3,0.6,0,
铅钡,Ward,4,578,0.36397471399853065,SiO2+MgO+K2O+SrO+CuO+BaO+PbO+Fe2O3,0.6,0,
铅钡,Ward,5,578,0.266176140193215,SiO2+MgO+K2O+SrO+CuO+BaO+PbO+Fe2O3,0.6,0,
铅钡,Ward,6,578,0.26120413812057086,SiO2+MgO+K2O+SrO+CuO+BaO+PbO+Fe2O3,0.6,0,
铅钡,Ward,2,579,0.805174317715728,CuO+BaO+MgO+SiO2+Al2O3+Fe2O3+K2O,0.6666666666666666,0,
铅钡,Ward,3,579,0.5828384488758309,CuO+BaO+MgO+SiO2+Al2O3+Fe2O3+K2O,0.6666666666666666,0,
铅钡,Ward,4,579,0.5606786565747749,CuO+BaO+MgO+SiO2+Al2O3+Fe2O3+K2O,0.6666666666666666,0,
铅钡,Ward,5,579,0.32007152436298614,CuO+BaO+MgO+SiO2+Al2O3+Fe2O3+K2O,0.6666666666666666,0,
铅钡,Ward,6,579,0.27491521268336533,CuO+BaO+MgO+SiO2+Al2O3+Fe2O3+K2O,0.6666666666666666,0,
铅钡,Ward,2,580,0.0699685534591195,Al2O3+PbO+SrO+CaO+SiO2+K2O,0.5555555555555556,0,
铅钡,Ward,3,580,0.09589095691682277,Al2O3+PbO+SrO+CaO+SiO2+K2O,0.5555555555555556,0,
铅钡,Ward,4,580,0.35791371348134243,Al2O3+PbO+SrO+CaO+SiO2+K2O,0.5555555555555556,0,
铅钡,Ward,5,580,0.4345956254378454,Al2O3+PbO+SrO+CaO+SiO2+K2O,0.5555555555555556,0,
铅钡,Ward,6,580,0.4236245954692557,Al2O3+PbO+SrO+CaO+SiO2+K2O,0.5555555555555556,0,
铅钡,Ward,2,581,0.5514413028904925,PbO+SrO+Al2O3+CuO+BaO+CaO+SiO2+K2O+Fe2O3,0.8888888888888888,0,
铅钡,Ward,3,581,0.3415796505174442,PbO+SrO+Al2O3+CuO+BaO+CaO+SiO2+K2O+Fe2O3,0.8888888888888888,0,
铅钡,Ward,4,581,0.347068145800317,PbO+SrO+Al2O3+CuO+BaO+CaO+SiO2+K2O+Fe2O3,0.8888888888888888,0,
铅钡,Ward,5,581,0.34048569527611444,PbO+SrO+Al2O3+CuO+BaO+CaO+SiO2+K2O+Fe2O3,0.8888888888888888,0,
铅钡,Ward,6,581,0.37710018668326073,PbO+SrO+Al2O3+CuO+BaO+CaO+SiO2+K2O+Fe2O3,0.8888888888888888,0,
铅钡,Ward,2,582,0.5514413028904925,Al2O3+SrO+Fe2O3+CuO+CaO+SiO2+K2O+BaO,1.0,0,
铅钡,Ward,3,582,0.35703629018523186,Al2O3+SrO+Fe2O3+CuO+CaO+SiO2+K2O+BaO,1.0,0,
铅钡,Ward,4,582,0.43726750084545146,Al2O3+SrO+Fe2O3+CuO+CaO+SiO2+K2O+BaO,1.0,0,
铅钡,Ward,5,582,0.40963696369636965,Al2O3+SrO+Fe2O3+CuO+CaO+SiO2+K2O+BaO,1.0,0,
铅钡,Ward,6,582,0.4789732708572776,Al2O3+SrO+Fe2O3+CuO+CaO+SiO2+K2O+BaO,1.0,0,
铅钡,Ward,2,583,0.8049281314168378,Al2O3+CuO+PbO+SiO2+BaO+SrO+Fe2O3+K2O,0.7777777777777778,0,
铅钡,Ward,3,583,0.6168425065802497,Al2O3+CuO+PbO+SiO2+BaO+SrO+Fe2O3+K2O,0.7777777777777778,0,
铅钡,Ward,4,583,0.6149384148298077,Al2O3+CuO+PbO+SiO2+BaO+SrO+Fe2O3+K2O,0.7777777777777778,0,
铅钡,Ward,5,583,0.4341772151898734,Al2O3+CuO+PbO+SiO2+BaO+SrO+Fe2O3+K2O,0.7777777777777778,0,
铅钡,Ward,6,583,0.4403936907444411,Al2O3+CuO+PbO+SiO2+BaO+SrO+Fe2O3+K2O,0.7777777777777778,0,
铅钡,Ward,2,584,0.2299794661190965,Fe2O3+CuO+BaO+K2O+PbO+CaO+SiO2+SrO,0.7777777777777778,0,
铅钡,Ward,3,584,0.3981401066231979,Fe2O3+CuO+BaO+K2O+PbO+CaO+SiO2+SrO,0.7777777777777778,0,
铅钡,Ward,4,584,0.4833822479574839,Fe2O3+CuO+BaO+K2O+PbO+CaO+SiO2+SrO,0.7777777777777778,0,
铅钡,Ward,5,584,0.5478776814240073,Fe2O3+CuO+BaO+K2O+PbO+CaO+SiO2+SrO,0.7777777777777778,0,
铅钡,Ward,6,584,0.35108832147341984,Fe2O3+CuO+BaO+K2O+PbO+CaO+SiO2+SrO,0.7777777777777778,0,
铅钡,Ward,2,585,0.6309148264984227,SiO2+P2O5+MgO+CuO+BaO+Al2O3+Fe2O3+K2O,0.6,0,
铅钡,Ward,3,585,0.553111034719835,SiO2+P2O5+MgO+CuO+BaO+Al2O3+Fe2O3+K2O,0.6,0,
铅钡,Ward,4,585,0.33573106841148787,SiO2+P2O5+MgO+CuO+BaO+Al2O3+Fe2O3+K2O,0.6,0,
铅钡,Ward,5,585,0.3493968767891339,SiO2+P2O5+MgO+CuO+BaO+Al2O3+Fe2O3+K2O,0.6,0,
铅钡,Ward,6,585,0.46027138324444744,SiO2+P2O5+MgO+CuO+BaO+Al2O3+Fe2O3+K2O,0.6,0,
铅钡,Ward,2,586,-0.02929532858273951,Al2O3+BaO+CuO+SiO2+P2O5+K2O+Fe2O3,0.6666666666666666,0,
铅钡,Ward,3,586,0.493061749393292,Al2O3+BaO+CuO+SiO2+P2O5+K2O+Fe2O3,0.6666666666666666,0,
铅钡,Ward,4,586,0.5292074910083095,Al2O3+BaO+CuO+SiO2+P2O5+K2O+Fe2O3,0.6666666666666666,0,
铅钡,Ward,5,586,0.40961709706144256,Al2O3+BaO+CuO+SiO2+P2O5+K2O+Fe2O3,0.6666666666666666,0,
铅钡,Ward,6,586,0.5360240160106737,Al2O3+BaO+CuO+SiO2+P2O5+K2O+Fe2O3,0.6666666666666666,0,
铅钡,Ward,2,587,0.392375864999393,Fe2O3+SrO+PbO+K2O+Al2O3+SiO2+MgO,0.5,0,
铅钡,Ward,3,587,0.14952569702333993,Fe2O3+SrO+PbO+K2O+Al2O3+SiO2+MgO,0.5,0,
铅钡,Ward,4,587,0.16958470917998153,Fe2O3+SrO+PbO+K2O+Al2O3+SiO2+MgO,0.5,0,
铅钡,Ward,5,587,0.27184466019417475,Fe2O3+SrO+PbO+K2O+Al2O3+SiO2+MgO,0.5,0,
铅钡,Ward,6,587,0.29129088706420786,Fe2O3+SrO+PbO+K2O+Al2O3+SiO2+MgO,0.5,0,
铅钡,Ward,2,588,1.0,CuO+Al2O3+PbO+K2O+SiO2+Fe2O3,0.5555555555555556,0,
铅钡,Ward,3,588,0.7774819322936478,CuO+Al2O3+PbO+K2O+SiO2+Fe2O3,0.5555555555555556,0,
铅钡,Ward,4,588,0.5945735225323562,CuO+Al2O3+PbO+K2O+SiO2+Fe2O3,0.5555555555555556,0,
铅钡,Ward,5,588,0.533832929248402,CuO+Al2O3+PbO+K2O+SiO2+Fe2O3,0.5555555555555556,0,
铅钡,Ward,6,588,0.518467707893626,CuO+Al2O3+PbO+K2O+SiO2+Fe2O3,0.5555555555555556,0,
铅钡,Ward,2,589,0.8015147558109167,Al2O3+Fe2O3+CuO+SiO2+CaO+BaO+K2O,0.875,0,
铅钡,Ward,3,589,0.8238611079747348,Al2O3+Fe2O3+CuO+SiO2+CaO+BaO+K2O,0.875,0,
铅钡,Ward,4,589,0.6891424016738487,Al2O3+Fe2O3+CuO+SiO2+CaO+BaO+K2O,0.875,0,
铅钡,Ward,5,589,0.4681818181818182,Al2O3+Fe2O3+CuO+SiO2+CaO+BaO+K2O,0.875,0,
铅钡,Ward,6,589,0.5429177363545038,Al2O3+Fe2O3+CuO+SiO2+CaO+BaO+K2O,0.875,0,
铅钡,Ward,2,590,1.0,CuO+BaO+Al2O3+SrO+Fe2O3+SiO2+MgO+K2O,0.7777777777777778,0,
铅钡,Ward,3,590,0.6342346442683658,CuO+BaO+Al2O3+SrO+Fe2O3+SiO2+MgO+K2O,0.7777777777777778,0,
铅钡,Ward,4,590,0.6483856166533846,CuO+BaO+Al2O3+SrO+Fe2O3+SiO2+MgO+K2O,0.7777777777777778,0,
铅钡,Ward,5,590,0.421183320489768,CuO+BaO+Al2O3+SrO+Fe2O3+SiO2+MgO+K2O,0.7777777777777778,0,
铅钡,Ward,6,590,0.4171499831746472,CuO+BaO+Al2O3+SrO+Fe2O3+SiO2+MgO+K2O,0.7777777777777778,0,
铅钡,Ward,2,591,0.06703470031545741,CaO+P2O5+SrO+CuO+SiO2+BaO+K2O,0.6666666666666666,0,
铅钡,Ward,3,591,0.08458156952132856,CaO+P2O5+SrO+CuO+SiO2+BaO+K2O,0.6666666666666666,0,
铅钡,Ward,4,591,0.24840157801659637,CaO+P2O5+SrO+CuO+SiO2+BaO+K2O,0.6666666666666666,0,
铅钡,Ward,5,591,0.23742138364779874,CaO+P2O5+SrO+CuO+SiO2+BaO+K2O,0.6666666666666666,0,
铅钡,Ward,6,591,0.34245366284201234,CaO+P2O5+SrO+CuO+SiO2+BaO+K2O,0.6666666666666666,0,
铅钡,Ward,2,592,0.2841918294849023,Al2O3+Fe2O3+PbO+K2O+MgO+CaO+Na2O,0.36363636363636365,0,
铅钡,Ward,3,592,0.2251033596917272,Al2O3+Fe2O3+PbO+K2O+MgO+CaO+Na2O,0.36363636363636365,0,
铅钡,Ward,4,592,0.16497535517541317,Al2O3+Fe2O3+PbO+K2O+MgO+CaO+Na2O,0.36363636363636365,0,
铅钡,Ward,5,592,0.30019507617848235,Al2O3+Fe2O3+PbO+K2O+MgO+CaO+Na2O,0.36363636363636365,0,
铅钡,Ward,6,592,0.2350429689638185,Al2O3+Fe2O3+PbO+K2O+MgO+CaO+Na2O,0.36363636363636365,0,
铅钡,Ward,2,593,0.28793927099011846,Al2O3+Fe2O3+CuO+SiO2+SrO+BaO+K2O,0.875,0,
铅钡,Ward,3,593,0.4676881713055049,Al2O3+Fe2O3+CuO+SiO2+SrO+BaO+K2O,0.875,0,
铅钡,Ward,4,593,0.20322779118746745,Al2O3+Fe2O3+CuO+SiO2+SrO+BaO+K2O,0.875,0,
铅钡,Ward,5,593,0.23600959008245131,Al2O3+Fe2O3+CuO+SiO2+SrO+BaO+K2O,0.875,0,
铅钡,Ward,6,593,0.31032977109235993,Al2O3+Fe2O3+CuO+SiO2+SrO+BaO+K2O,0.875,0,
铅钡,Ward,2,594,0.8049281314168378,PbO+Fe2O3+CuO+SiO2+BaO+SrO+K2O,0.6666666666666666,0,
铅钡,Ward,3,594,0.44533891482853005,PbO+Fe2O3+CuO+SiO2+BaO+SrO+K2O,0.6666666666666666,0,
铅钡,Ward,4,594,0.5188936501753019,PbO+Fe2O3+CuO+SiO2+BaO+SrO+K2O,0.6666666666666666,0,
铅钡,Ward,5,594,0.376042873127736,PbO+Fe2O3+CuO+SiO2+BaO+SrO+K2O,0.6666666666666666,0,
铅钡,Ward,6,594,0.3660428605232564,PbO+Fe2O3+CuO+SiO2+BaO+SrO+K2O,0.6666666666666666,0,
铅钡,Ward,2,595,0.38661710037174724,K2O+Fe2O3+PbO+SiO2+Al2O3+SrO,0.5555555555555556,0,
铅钡,Ward,3,595,0.1761487555926669,K2O+Fe2O3+PbO+SiO2+Al2O3+SrO,0.5555555555555556,0,
铅钡,Ward,4,595,0.2839156436890148,K2O+Fe2O3+PbO+SiO2+Al2O3+SrO,0.5555555555555556,0,
铅钡,Ward,5,595,0.3509399817416525,K2O+Fe2O3+PbO+SiO2+Al2O3+SrO,0.5555555555555556,0,
铅钡,Ward,6,595,0.30291034677761397,K2O+Fe2O3+PbO+SiO2+Al2O3+SrO,0.5555555555555556,0,
铅钡,Ward,2,596,1.0,Al2O3+CuO+CaO+SiO2+K2O+Fe2O3,0.75,0,
铅钡,Ward,3,596,1.0,Al2O3+CuO+CaO+SiO2+K2O+Fe2O3,0.75,0,
铅钡,Ward,4,596,0.5821640162145307,Al2O3+CuO+CaO+SiO2+K2O+Fe2O3,0.75,0,
铅钡,Ward,5,596,0.6324799748704256,Al2O3+CuO+CaO+SiO2+K2O+Fe2O3,0.75,0,
铅钡,Ward,6,596,0.591304347826087,Al2O3+CuO+CaO+SiO2+K2O+Fe2O3,0.75,0,
铅钡,Ward,2,597,0.28503843879361324,Al2O3+Fe2O3+SiO2+CaO+PbO+K2O,0.5555555555555556,0,
铅钡,Ward,3,597,0.16804864566058597,Al2O3+Fe2O3+SiO2+CaO+PbO+K2O,0.5555555555555556,0,
铅钡,Ward,4,597,0.27001194743130225,Al2O3+Fe2O3+SiO2+CaO+PbO+K2O,0.5555555555555556,0,
铅钡,Ward,5,597,0.31018397037814516,Al2O3+Fe2O3+SiO2+CaO+PbO+K2O,0.5555555555555556,0,
铅钡,Ward,6,597,0.44876018341272317,Al2O3+Fe2O3+SiO2+CaO+PbO+K2O,0.5555555555555556,0,
铅钡,Ward,2,598,-0.026246719160104987,MgO+CaO+PbO+SiO2+CuO,0.3,0,
铅钡,Ward,3,598,0.6065286507941776,MgO+CaO+PbO+SiO2+CuO,0.3,0,
铅钡,Ward,4,598,0.40820841286447895,MgO+CaO+PbO+SiO2+CuO,0.3,0,
铅钡,Ward,5,598,0.38122169050848326,MgO+CaO+PbO+SiO2+CuO,0.3,0,
铅钡,Ward,6,598,0.5276528182058746,MgO+CaO+PbO+SiO2+CuO,0.3,0,
铅钡,Ward,2,599,0.1821910784481285,SiO2+PbO+Al2O3+BaO+Fe2O3,0.4444444444444444,0,
铅钡,Ward,3,599,0.07646692049509811,SiO2+PbO+Al2O3+BaO+Fe2O3,0.4444444444444444,0,
铅钡,Ward,4,599,0.09281742879836605,SiO2+PbO+Al2O3+BaO+Fe2O3,0.4444444444444444,0,
铅钡,Ward,5,599,0.1421554122033497,SiO2+PbO+Al2O3+BaO+Fe2O3,0.4444444444444444,0,
铅钡,Ward,6,599,0.19803859538120847,SiO2+PbO+Al2O3+BaO+Fe2O3,0.4444444444444444,0,
铅钡,Ward,2,600,0.40748194625310763,CaO+SiO2+BaO+Al2O3+Fe2O3+K2O,0.75,0,
铅钡,Ward,3,600,0.26238432226456176,CaO+SiO2+BaO+Al2O3+Fe2O3+K2O,0.75,0,
铅钡,Ward,4,600,0.24350312927425705,CaO+SiO2+BaO+Al2O3+Fe2O3+K2O,0.75,0,
铅钡,Ward,5,600,0.39103189686167755,CaO+SiO2+BaO+Al2O3+Fe2O3+K2O,0.75,0,
铅钡,Ward,6,600,0.39666110183639397,CaO+SiO2+BaO+Al2O3+Fe2O3+K2O,0.75,0,
铅钡,Ward,2,601,-0.014324276397454337,Al2O3+Fe2O3+CuO+SiO2+P2O5+BaO+K2O,0.6666666666666666,0,
铅钡,Ward,3,601,0.656268856060041,Al2O3+Fe2O3+CuO+SiO2+P2O5+BaO+K2O,0.6666666666666666,0,
铅钡,Ward,4,601,0.421462829736211,Al2O3+Fe2O3+CuO+SiO2+P2O5+BaO+K2O,0.6666666666666666,0,
铅钡,Ward,5,601,0.47358918807386774,Al2O3+Fe2O3+CuO+SiO2+P2O5+BaO+K2O,0.6666666666666666,0,
铅钡,Ward,6,601,0.36632920884889386,Al2O3+Fe2O3+CuO+SiO2+P2O5+BaO+K2O,0.6666666666666666,0,
铅钡,Ward,2,602,0.28793927099011846,Na2O+Fe2O3+PbO+SrO+Al2O3+SiO2+BaO+K2O,0.6,0,
铅钡,Ward,3,602,0.26848738950401746,Na2O+Fe2O3+PbO+SrO+Al2O3+SiO2+BaO+K2O,0.6,0,
铅钡,Ward,4,602,0.24485798237022527,Na2O+Fe2O3+PbO+SrO+Al2O3+SiO2+BaO+K2O,0.6,0,
铅钡,Ward,5,602,0.194675540765391,Na2O+Fe2O3+PbO+SrO+Al2O3+SiO2+BaO+K2O,0.6,0,
铅钡,Ward,6,602,0.1878515794028559,Na2O+Fe2O3+PbO+SrO+Al2O3+SiO2+BaO+K2O,0.6,0,
铅钡,Ward,2,603,-0.022713829409677037,PbO+SrO+K2O+Al2O3+CaO+SiO2+Fe2O3,0.6666666666666666,0,
铅钡,Ward,3,603,0.13284430293015195,PbO+SrO+K2O+Al2O3+CaO+SiO2+Fe2O3,0.6666666666666666,0,
铅钡,Ward,4,603,0.2884897881817751,PbO+SrO+K2O+Al2O3+CaO+SiO2+Fe2O3,0.6666666666666666,0,
铅钡,Ward,5,603,0.34023033378879564,PbO+SrO+K2O+Al2O3+CaO+SiO2+Fe2O3,0.6666666666666666,0,
铅钡,Ward,6,603,0.471847492056878,PbO+SrO+K2O+Al2O3+CaO+SiO2+Fe2O3,0.6666666666666666,0,
铅钡,Ward,2,604,1.0,CuO+SiO2+SrO+Al2O3+K2O+BaO,0.75,0,
铅钡,Ward,3,604,0.6040046300997096,CuO+SiO2+SrO+Al2O3+K2O+BaO,0.75,0,
铅钡,Ward,4,604,0.6555829778510207,CuO+SiO2+SrO+Al2O3+K2O+BaO,0.75,0,
铅钡,Ward,5,604,0.40520924250080387,CuO+SiO2+SrO+Al2O3+K2O+BaO,0.75,0,
铅钡,Ward,6,604,0.3334327023401401,CuO+SiO2+SrO+Al2O3+K2O+BaO,0.75,0,
铅钡,Ward,2,605,0.2826061157482495,SiO2+CaO+BaO+PbO+SrO+Al2O3+Fe2O3+K2O,0.7777777777777778,0,
铅钡,Ward,3,605,0.13577704070399227,SiO2+CaO+BaO+PbO+SrO+Al2O3+Fe2O3+K2O,0.7777777777777778,0,
铅钡,Ward,4,605,0.36383382412280324,SiO2+CaO+BaO+PbO+SrO+Al2O3+Fe2O3+K2O,0.7777777777777778,0,
铅钡,Ward,5,605,0.5906617482218192,SiO2+CaO+BaO+PbO+SrO+Al2O3+Fe2O3+K2O,0.7777777777777778,0,
铅钡,Ward,6,605,0.5708726169241817,SiO2+CaO+BaO+PbO+SrO+Al2O3+Fe2O3+K2O,0.7777777777777778,0,
铅钡,Ward,2,606,0.630747381501864,SiO2+CaO+MgO+CuO+Al2O3+SrO+K2O,0.6666666666666666,0,
铅钡,Ward,3,606,0.3523342951445831,SiO2+CaO+MgO+CuO+Al2O3+SrO+K2O,0.6666666666666666,0,
铅钡,Ward,4,606,0.3525518788558609,SiO2+CaO+MgO+CuO+Al2O3+SrO+K2O,0.6666666666666666,0,
铅钡,Ward,5,606,0.5664196123147093,SiO2+CaO+MgO+CuO+Al2O3+SrO+K2O,0.6666666666666666,0,
铅钡,Ward,6,606,0.4583504308576118,SiO2+CaO+MgO+CuO+Al2O3+SrO+K2O,0.6666666666666666,0,
铅钡,Ward,2,607,-0.07431340872374798,SiO2+MgO+SrO+Fe2O3+Al2O3+K2O+PbO,0.5,0,
铅钡,Ward,3,607,0.20914890675304668,SiO2+MgO+SrO+Fe2O3+Al2O3+K2O+PbO,0.5,0,
铅钡,Ward,4,607,0.2411806688417618,SiO2+MgO+SrO+Fe2O3+Al2O3+K2O+PbO,0.5,0,
铅钡,Ward,5,607,0.2675954706927176,SiO2+MgO+SrO+Fe2O3+Al2O3+K2O+PbO,0.5,0,
铅钡,Ward,6,607,0.32260130414531907,SiO2+MgO+SrO+Fe2O3+Al2O3+K2O+PbO,0.5,0,
铅钡,Ward,2,608,0.06762295081967214,PbO+SrO+MgO+SiO2+Al2O3+Fe2O3,0.4,0,
铅钡,Ward,3,608,0.06575164986436698,PbO+SrO+MgO+SiO2+Al2O3+Fe2O3,0.4,0,
铅钡,Ward,4,608,0.06328050748182039,PbO+SrO+MgO+SiO2+Al2O3+Fe2O3,0.4,0,
铅钡,Ward,5,608,0.23317683881064163,PbO+SrO+MgO+SiO2+Al2O3+Fe2O3,0.4,0,
铅钡,Ward,6,608,0.3123995715050884,PbO+SrO+MgO+SiO2+Al2O3+Fe2O3,0.4,0,
铅钡,Ward,2,609,0.7152835326151297,PbO+SrO+CuO+BaO+SiO2+CaO+K2O+Fe2O3,0.7777777777777778,0,
铅钡,Ward,3,609,0.5165878703314865,PbO+SrO+CuO+BaO+SiO2+CaO+K2O+Fe2O3,0.7777777777777778,0,
铅钡,Ward,4,609,0.4217537356654697,PbO+SrO+CuO+BaO+SiO2+CaO+K2O+Fe2O3,0.7777777777777778,0,
铅钡,Ward,5,609,0.4731352623893674,PbO+SrO+CuO+BaO+SiO2+CaO+K2O+Fe2O3,0.7777777777777778,0,
铅钡,Ward,6,609,0.361186431298766,PbO+SrO+CuO+BaO+SiO2+CaO+K2O+Fe2O3,0.7777777777777778,0,
铅钡,Ward,2,610,-0.01642710472279261,Al2O3+K2O+Fe2O3+SrO+PbO+SiO2+CaO,0.6666666666666666,0,
铅钡,Ward,3,610,-0.0007417356614477878,Al2O3+K2O+Fe2O3+SrO+PbO+SiO2+CaO,0.6666666666666666,0,
铅钡,Ward,4,610,0.2645882026700471,Al2O3+K2O+Fe2O3+SrO+PbO+SiO2+CaO,0.6666666666666666,0,
铅钡,Ward,5,610,0.43641618497109824,Al2O3+K2O+Fe2O3+SrO+PbO+SiO2+CaO,0.6666666666666666,0,
铅钡,Ward,6,610,0.3639206334923063,Al2O3+K2O+Fe2O3+SrO+PbO+SiO2+CaO,0.6666666666666666,0,
铅钡,Ward,2,611,-0.08717688798783578,PbO+K2O+Al2O3+BaO+SiO2+SO2+Fe2O3,0.5,0,
铅钡,Ward,3,611,0.49814126394052044,PbO+K2O+Al2O3+BaO+SiO2+SO2+Fe2O3,0.5,0,
铅钡,Ward,4,611,0.3614668518232783,PbO+K2O+Al2O3+BaO+SiO2+SO2+Fe2O3,0.5,0,
铅钡,Ward,5,611,0.30288461538461536,PbO+K2O+Al2O3+BaO+SiO2+SO2+Fe2O3,0.5,0,
铅钡,Ward,6,611,0.2899789673654929,PbO+K2O+Al2O3+BaO+SiO2+SO2+Fe2O3,0.5,0,
铅钡,Ward,2,612,0.2847376516834729,Fe2O3+SrO+Al2O3+PbO+K2O+SiO2+BaO+Na2O,0.6,0,
铅钡,Ward,3,612,0.2839468800589637,Fe2O3+SrO+Al2O3+PbO+K2O+SiO2+BaO+Na2O,0.6,0,
铅钡,Ward,4,612,0.17720885466794994,Fe2O3+SrO+Al2O3+PbO+K2O+SiO2+BaO+Na2O,0.6,0,
铅钡,Ward,5,612,0.20417264035604654,Fe2O3+SrO+Al2O3+PbO+K2O+SiO2+BaO+Na2O,0.6,0,
铅钡,Ward,6,612,0.25989656053961574,Fe2O3+SrO+Al2O3+PbO+K2O+SiO2+BaO+Na2O,0.6,0,
铅钡,Ward,2,613,,,,1,活动成分SnO2在训练集中全缺失
铅钡,Ward,3,613,,,,1,活动成分SnO2在训练集中全缺失
铅钡,Ward,4,613,,,,1,活动成分SnO2在训练集中全缺失
铅钡,Ward,5,613,,,,1,活动成分SnO2在训练集中全缺失
铅钡,Ward,6,613,,,,1,活动成分SnO2在训练集中全缺失
铅钡,Ward,2,614,0.23578860737170065,PbO+Al2O3+CaO+SiO2+K2O,0.4444444444444444,0,
铅钡,Ward,3,614,0.129136176476863,PbO+Al2O3+CaO+SiO2+K2O,0.4444444444444444,0,
铅钡,Ward,4,614,0.2573766126885,PbO+Al2O3+CaO+SiO2+K2O,0.4444444444444444,0,
铅钡,Ward,5,614,0.4525442654330834,PbO+Al2O3+CaO+SiO2+K2O,0.4444444444444444,0,
铅钡,Ward,6,614,0.4981129740765947,PbO+Al2O3+CaO+SiO2+K2O,0.4444444444444444,0,
铅钡,Ward,2,615,,,,1,活动成分SO2在训练集中全缺失
铅钡,Ward,3,615,,,,1,活动成分SO2在训练集中全缺失
铅钡,Ward,4,615,,,,1,活动成分SO2在训练集中全缺失
铅钡,Ward,5,615,,,,1,活动成分SO2在训练集中全缺失
铅钡,Ward,6,615,,,,1,活动成分SO2在训练集中全缺失
铅钡,Ward,2,616,0.5512643496784883,Al2O3+PbO+SrO+CuO+SiO2+K2O+Fe2O3,0.6666666666666666,0,
铅钡,Ward,3,616,0.3069942249518746,Al2O3+PbO+SrO+CuO+SiO2+K2O+Fe2O3,0.6666666666666666,0,
铅钡,Ward,4,616,0.3701995693672269,Al2O3+PbO+SrO+CuO+SiO2+K2O+Fe2O3,0.6666666666666666,0,
铅钡,Ward,5,616,0.3898182693464918,Al2O3+PbO+SrO+CuO+SiO2+K2O+Fe2O3,0.6666666666666666,0,
铅钡,Ward,6,616,0.4848380427291523,Al2O3+PbO+SrO+CuO+SiO2+K2O+Fe2O3,0.6666666666666666,0,
铅钡,Ward,2,617,0.27503497901259244,K2O+PbO+Al2O3+CaO+SrO+SiO2+Na2O+Fe2O3,0.6,0,
铅钡,Ward,3,617,0.07058494653714445,K2O+PbO+Al2O3+CaO+SrO+SiO2+Na2O+Fe2O3,0.6,0,
铅钡,Ward,4,617,0.28322724781857267,K2O+PbO+Al2O3+CaO+SrO+SiO2+Na2O+Fe2O3,0.6,0,
铅钡,Ward,5,617,0.3709740829225512,K2O+PbO+Al2O3+CaO+SrO+SiO2+Na2O+Fe2O3,0.6,0,
铅钡,Ward,6,617,0.43137848659197203,K2O+PbO+Al2O3+CaO+SrO+SiO2+Na2O+Fe2O3,0.6,0,
铅钡,Ward,2,618,1.0,SiO2+Al2O3+PbO+SrO+BaO+CuO,0.5555555555555556,0,
铅钡,Ward,3,618,1.0,SiO2+Al2O3+PbO+SrO+BaO+CuO,0.5555555555555556,0,
铅钡,Ward,4,618,0.627821618645623,SiO2+Al2O3+PbO+SrO+BaO+CuO,0.5555555555555556,0,
铅钡,Ward,5,618,0.5116696588868941,SiO2+Al2O3+PbO+SrO+BaO+CuO,0.5555555555555556,0,
铅钡,Ward,6,618,0.5262618961570895,SiO2+Al2O3+PbO+SrO+BaO+CuO,0.5555555555555556,0,
铅钡,Ward,2,619,0.017651573292402148,Al2O3+PbO+SiO2+CaO+K2O+MgO+Fe2O3,0.5,0,
铅钡,Ward,3,619,0.38116034222733675,Al2O3+PbO+SiO2+CaO+K2O+MgO+Fe2O3,0.5,0,
铅钡,Ward,4,619,0.4672131147540984,Al2O3+PbO+SiO2+CaO+K2O+MgO+Fe2O3,0.5,0,
铅钡,Ward,5,619,0.3958549821036832,Al2O3+PbO+SiO2+CaO+K2O+MgO+Fe2O3,0.5,0,
铅钡,Ward,6,619,0.540333044982699,Al2O3+PbO+SiO2+CaO+K2O+MgO+Fe2O3,0.5,0,
铅钡,Ward,2,620,-0.002392753375491369,CuO+PbO+SrO+SiO2+CaO+P2O5+MgO+Fe2O3+K2O,0.5454545454545454,0,
铅钡,Ward,3,620,0.21267282045704808,CuO+PbO+SrO+SiO2+CaO+P2O5+MgO+Fe2O3+K2O,0.5454545454545454,0,
铅钡,Ward,4,620,0.19180624818301764,CuO+PbO+SrO+SiO2+CaO+P2O5+MgO+Fe2O3+K2O,0.5454545454545454,0,
铅钡,Ward,5,620,0.4110006947171293,CuO+PbO+SrO+SiO2+CaO+P2O5+MgO+Fe2O3+K2O,0.5454545454545454,0,
铅钡,Ward,6,620,0.473398676263156,CuO+PbO+SrO+SiO2+CaO+P2O5+MgO+Fe2O3+K2O,0.5454545454545454,0,
铅钡,Ward,2,621,0.4073416222616933,SiO2+SrO+MgO+PbO+BaO+K2O,0.4,0,
铅钡,Ward,3,621,0.28368102151193525,SiO2+SrO+MgO+PbO+BaO+K2O,0.4,0,
铅钡,Ward,4,621,0.3564356435643564,SiO2+SrO+MgO+PbO+BaO+K2O,0.4,0,
铅钡,Ward,5,621,0.16732682832576562,SiO2+SrO+MgO+PbO+BaO+K2O,0.4,0,
铅钡,Ward,6,621,0.20350109409190373,SiO2+SrO+MgO+PbO+BaO+K2O,0.4,0,
铅钡,Ward,2,622,,,,1,活动成分SO2在训练集中全缺失
铅钡,Ward,3,622,,,,1,活动成分SO2在训练集中全缺失
铅钡,Ward,4,622,,,,1,活动成分SO2在训练集中全缺失
铅钡,Ward,5,622,,,,1,活动成分SO2在训练集中全缺失
铅钡,Ward,6,622,,,,1,活动成分SO2在训练集中全缺失
铅钡,Ward,2,623,0.8042582417582418,Al2O3+SrO+BaO+Na2O+SiO2+CuO+K2O,0.6666666666666666,0,
铅钡,Ward,3,623,0.8235282018936095,Al2O3+SrO+BaO+Na2O+SiO2+CuO+K2O,0.6666666666666666,0,
铅钡,Ward,4,623,0.4287539637400566,Al2O3+SrO+BaO+Na2O+SiO2+CuO+K2O,0.6666666666666666,0,
铅钡,Ward,5,623,0.38053369404820464,Al2O3+SrO+BaO+Na2O+SiO2+CuO+K2O,0.6666666666666666,0,
铅钡,Ward,6,623,0.3354125136647161,Al2O3+SrO+BaO+Na2O+SiO2+CuO+K2O,0.6666666666666666,0,
铅钡,Ward,2,624,0.029850746268656716,SrO+PbO+CaO+SiO2+CuO+BaO,0.5555555555555556,0,
铅钡,Ward,3,624,0.05362530413625304,SrO+PbO+CaO+SiO2+CuO+BaO,0.5555555555555556,0,
铅钡,Ward,4,624,0.2623322127649429,SrO+PbO+CaO+SiO2+CuO+BaO,0.5555555555555556,0,
铅钡,Ward,5,624,0.38738738738738737,SrO+PbO+CaO+SiO2+CuO+BaO,0.5555555555555556,0,
铅钡,Ward,6,624,0.44424514200298953,SrO+PbO+CaO+SiO2+CuO+BaO,0.5555555555555556,0,
铅钡,Ward,2,625,0.18714963346269944,SiO2+Na2O+K2O+Fe2O3+SrO+Al2O3+BaO+PbO,0.6,0,
铅钡,Ward,3,625,0.2870428963163244,SiO2+Na2O+K2O+Fe2O3+SrO+Al2O3+BaO+PbO,0.6,0,
铅钡,Ward,4,625,0.09214636323070058,SiO2+Na2O+K2O+Fe2O3+SrO+Al2O3+BaO+PbO,0.6,0,
铅钡,Ward,5,625,0.3479827810591651,SiO2+Na2O+K2O+Fe2O3+SrO+Al2O3+BaO+PbO,0.6,0,
铅钡,Ward,6,625,0.3115014564392268,SiO2+Na2O+K2O+Fe2O3+SrO+Al2O3+BaO+PbO,0.6,0,
铅钡,Ward,2,626,0.4079025198154501,K2O+PbO+SrO+SiO2+MgO+Al2O3+Fe2O3+BaO,0.6,0,
铅钡,Ward,3,626,0.4439041698973624,K2O+PbO+SrO+SiO2+MgO+Al2O3+Fe2O3+BaO,0.6,0,
铅钡,Ward,4,626,0.45141389353943534,K2O+PbO+SrO+SiO2+MgO+Al2O3+Fe2O3+BaO,0.6,0,
铅钡,Ward,5,626,0.3619572593164093,K2O+PbO+SrO+SiO2+MgO+Al2O3+Fe2O3+BaO,0.6,0,
铅钡,Ward,6,626,0.33359936153232245,K2O+PbO+SrO+SiO2+MgO+Al2O3+Fe2O3+BaO,0.6,0,
铅钡,Ward,2,627,-0.028489336732629194,CuO+Fe2O3+PbO+SrO+SiO2+K2O,0.5555555555555556,0,
铅钡,Ward,3,627,0.4203133550884732,CuO+Fe2O3+PbO+SrO+SiO2+K2O,0.5555555555555556,0,
铅钡,Ward,4,627,0.2891492737702917,CuO+Fe2O3+PbO+SrO+SiO2+K2O,0.5555555555555556,0,
铅钡,Ward,5,627,0.311295510446793,CuO+Fe2O3+PbO+SrO+SiO2+K2O,0.5555555555555556,0,
铅钡,Ward,6,627,0.32014821845794394,CuO+Fe2O3+PbO+SrO+SiO2+K2O,0.5555555555555556,0,
铅钡,Ward,2,628,0.8999407933688574,K2O+MgO+SiO2+SnO2+Al2O3+CuO+Fe2O3,0.5,0,
铅钡,Ward,3,628,0.5780186853659044,K2O+MgO+SiO2+SnO2+Al2O3+CuO+Fe2O3,0.5,0,
铅钡,Ward,4,628,0.35125614618752904,K2O+MgO+SiO2+SnO2+Al2O3+CuO+Fe2O3,0.5,0,
铅钡,Ward,5,628,0.2787586326465744,K2O+MgO+SiO2+SnO2+Al2O3+CuO+Fe2O3,0.5,0,
铅钡,Ward,6,628,0.26895397489539746,K2O+MgO+SiO2+SnO2+Al2O3+CuO+Fe2O3,0.5,0,
铅钡,Ward,2,629,0.4080425783560024,PbO+SrO+SiO2+MgO+Al2O3+BaO+Fe2O3,0.5,0,
铅钡,Ward,3,629,0.3228144345462781,PbO+SrO+SiO2+MgO+Al2O3+BaO+Fe2O3,0.5,0,
铅钡,Ward,4,629,0.33833017380083796,PbO+SrO+SiO2+MgO+Al2O3+BaO+Fe2O3,0.5,0,
铅钡,Ward,5,629,0.3048838223963313,PbO+SrO+SiO2+MgO+Al2O3+BaO+Fe2O3,0.5,0,
铅钡,Ward,6,629,0.3045317408478741,PbO+SrO+SiO2+MgO+Al2O3+BaO+Fe2O3,0.5,0,
铅钡,Ward,2,630,-0.026246719160104987,SiO2+BaO+PbO+Fe2O3+CuO+K2O,0.5555555555555556,0,
铅钡,Ward,3,630,0.04821905816660146,SiO2+BaO+PbO+Fe2O3+CuO+K2O,0.5555555555555556,0,
铅钡,Ward,4,630,0.16843702579666162,SiO2+BaO+PbO+Fe2O3+CuO+K2O,0.5555555555555556,0,
铅钡,Ward,5,630,0.190565390602327,SiO2+BaO+PbO+Fe2O3+CuO+K2O,0.5555555555555556,0,
铅钡,Ward,6,630,0.16265888010992785,SiO2+BaO+PbO+Fe2O3+CuO+K2O,0.5555555555555556,0,
铅钡,Ward,2,631,0.057971014492753624,PbO+Al2O3+CuO+BaO+CaO+SiO2+K2O,0.6666666666666666,0,
铅钡,Ward,3,631,0.39292151400950354,PbO+Al2O3+CuO+BaO+CaO+SiO2+K2O,0.6666666666666666,0,
铅钡,Ward,4,631,0.4443132956749009,PbO+Al2O3+CuO+BaO+CaO+SiO2+K2O,0.6666666666666666,0,
铅钡,Ward,5,631,0.45099879340394156,PbO+Al2O3+CuO+BaO+CaO+SiO2+K2O,0.6666666666666666,0,
铅钡,Ward,6,631,0.4586662145839073,PbO+Al2O3+CuO+BaO+CaO+SiO2+K2O,0.6666666666666666,0,
铅钡,Ward,2,632,0.09747221013489457,PbO+Fe2O3+SiO2+MgO+BaO+Al2O3+CuO+K2O,0.6,0,
铅钡,Ward,3,632,0.3996119726131395,PbO+Fe2O3+SiO2+MgO+BaO+Al2O3+CuO+K2O,0.6,0,
铅钡,Ward,4,632,0.3641697807120201,PbO+Fe2O3+SiO2+MgO+BaO+Al2O3+CuO+K2O,0.6,0,
铅钡,Ward,5,632,0.25097892970352415,PbO+Fe2O3+SiO2+MgO+BaO+Al2O3+CuO+K2O,0.6,0,
铅钡,Ward,6,632,0.31576155697906894,PbO+Fe2O3+SiO2+MgO+BaO+Al2O3+CuO+K2O,0.6,0,
铅钡,Ward,2,633,0.5519713261648745,PbO+SrO+Al2O3+CuO+SiO2+K2O+Fe2O3+CaO,0.7777777777777778,0,
铅钡,Ward,3,633,0.2912618675806028,PbO+SrO+Al2O3+CuO+SiO2+K2O+Fe2O3+CaO,0.7777777777777778,0,
铅钡,Ward,4,633,0.45260380995865357,PbO+SrO+Al2O3+CuO+SiO2+K2O+Fe2O3+CaO,0.7777777777777778,0,
铅钡,Ward,5,633,0.4437932247098816,PbO+SrO+Al2O3+CuO+SiO2+K2O+Fe2O3+CaO,0.7777777777777778,0,
铅钡,Ward,6,633,0.4496472097498396,PbO+SrO+Al2O3+CuO+SiO2+K2O+Fe2O3+CaO,0.7777777777777778,0,
铅钡,Ward,2,634,0.10707995773159563,CuO+BaO+Fe2O3+SiO2+Al2O3+K2O,0.75,0,
铅钡,Ward,3,634,0.2545800828244352,CuO+BaO+Fe2O3+SiO2+Al2O3+K2O,0.75,0,
铅钡,Ward,4,634,0.2186046511627907,CuO+BaO+Fe2O3+SiO2+Al2O3+K2O,0.75,0,
铅钡,Ward,5,634,0.21458333333333332,CuO+BaO+Fe2O3+SiO2+Al2O3+K2O,0.75,0,
铅钡,Ward,6,634,0.2624113475177305,CuO+BaO+Fe2O3+SiO2+Al2O3+K2O,0.75,0,
铅钡,Ward,2,635,0.18253498915828897,SiO2+MgO+Fe2O3+PbO+Al2O3+BaO+SrO+K2O,0.6,0,
铅钡,Ward,3,635,0.19207714360177222,SiO2+MgO+Fe2O3+PbO+Al2O3+BaO+SrO+K2O,0.6,0,
铅钡,Ward,4,635,0.2025518341307815,SiO2+MgO+Fe2O3+PbO+Al2O3+BaO+SrO+K2O,0.6,0,
铅钡,Ward,5,635,0.19032501889644746,SiO2+MgO+Fe2O3+PbO+Al2O3+BaO+SrO+K2O,0.6,0,
铅钡,Ward,6,635,0.20593368237347295,SiO2+MgO+Fe2O3+PbO+Al2O3+BaO+SrO+K2O,0.6,0,
铅钡,Ward,2,636,-0.014324276397454337,BaO+Fe2O3+PbO+SiO2+CaO+K2O,0.5555555555555556,0,
铅钡,Ward,3,636,0.03755279696811504,BaO+Fe2O3+PbO+SiO2+CaO+K2O,0.5555555555555556,0,
铅钡,Ward,4,636,0.10473627801974779,BaO+Fe2O3+PbO+SiO2+CaO+K2O,0.5555555555555556,0,
铅钡,Ward,5,636,0.20774647887323944,BaO+Fe2O3+PbO+SiO2+CaO+K2O,0.5555555555555556,0,
铅钡,Ward,6,636,0.22233671074474784,BaO+Fe2O3+PbO+SiO2+CaO+K2O,0.5555555555555556,0,
铅钡,Ward,2,637,0.03849946747662814,K2O+PbO+Fe2O3+Al2O3+SrO+CaO+SiO2+SnO2,0.6,0,
铅钡,Ward,3,637,0.05596571290251386,K2O+PbO+Fe2O3+Al2O3+SrO+CaO+SiO2+SnO2,0.6,0,
铅钡,Ward,4,637,0.27212713936430316,K2O+PbO+Fe2O3+Al2O3+SrO+CaO+SiO2+SnO2,0.6,0,
铅钡,Ward,5,637,0.3647818070067609,K2O+PbO+Fe2O3+Al2O3+SrO+CaO+SiO2+SnO2,0.6,0,
铅钡,Ward,6,637,0.4083912979132751,K2O+PbO+Fe2O3+Al2O3+SrO+CaO+SiO2+SnO2,0.6,0,
铅钡,Ward,2,638,0.14150943396226415,SiO2+MgO+K2O+Al2O3+CuO+PbO+SrO+Fe2O3,0.6,0,
铅钡,Ward,3,638,0.298197706171491,SiO2+MgO+K2O+Al2O3+CuO+PbO+SrO+Fe2O3,0.6,0,
铅钡,Ward,4,638,0.1050731965338602,SiO2+MgO+K2O+Al2O3+CuO+PbO+SrO+Fe2O3,0.6,0,
铅钡,Ward,5,638,0.328513789634178,SiO2+MgO+K2O+Al2O3+CuO+PbO+SrO+Fe2O3,0.6,0,
铅钡,Ward,6,638,0.35264627704316814,SiO2+MgO+K2O+Al2O3+CuO+PbO+SrO+Fe2O3,0.6,0,
铅钡,Ward,2,639,0.011876484560570071,K2O+PbO+CaO+SrO+P2O5+BaO+SiO2,0.5,0,
铅钡,Ward,3,639,0.16532332745693884,K2O+PbO+CaO+SrO+P2O5+BaO+SiO2,0.5,0,
铅钡,Ward,4,639,0.2723700395433119,K2O+PbO+CaO+SrO+P2O5+BaO+SiO2,0.5,0,
铅钡,Ward,5,639,0.5478260869565217,K2O+PbO+CaO+SrO+P2O5+BaO+SiO2,0.5,0,
铅钡,Ward,6,639,0.4504484634612557,K2O+PbO+CaO+SrO+P2O5+BaO+SiO2,0.5,0,
铅钡,Ward,2,640,,,,1,活动成分SnO2在训练集中全缺失
铅钡,Ward,3,640,,,,1,活动成分SnO2在训练集中全缺失
铅钡,Ward,4,640,,,,1,活动成分SnO2在训练集中全缺失
铅钡,Ward,5,640,,,,1,活动成分SnO2在训练集中全缺失
铅钡,Ward,6,640,,,,1,活动成分SnO2在训练集中全缺失
铅钡,Ward,2,641,0.8974141070778195,CuO+BaO+PbO+Fe2O3+CaO+SiO2+K2O,0.6666666666666666,0,
铅钡,Ward,3,641,0.5668986852281516,CuO+BaO+PbO+Fe2O3+CaO+SiO2+K2O,0.6666666666666666,0,
铅钡,Ward,4,641,0.3658585921453912,CuO+BaO+PbO+Fe2O3+CaO+SiO2+K2O,0.6666666666666666,0,
铅钡,Ward,5,641,0.32493847415914684,CuO+BaO+PbO+Fe2O3+CaO+SiO2+K2O,0.6666666666666666,0,
铅钡,Ward,6,641,0.5063291139240507,CuO+BaO+PbO+Fe2O3+CaO+SiO2+K2O,0.6666666666666666,0,
铅钡,Ward,2,642,0.23107255520504733,BaO+K2O+P2O5+SiO2+PbO+Fe2O3,0.4,0,
铅钡,Ward,3,642,0.13414099331213683,BaO+K2O+P2O5+SiO2+PbO+Fe2O3,0.4,0,
铅钡,Ward,4,642,0.043558475453359134,BaO+K2O+P2O5+SiO2+PbO+Fe2O3,0.4,0,
铅钡,Ward,5,642,0.16565231824720594,BaO+K2O+P2O5+SiO2+PbO+Fe2O3,0.4,0,
铅钡,Ward,6,642,0.139296378034532,BaO+K2O+P2O5+SiO2+PbO+Fe2O3,0.4,0,
铅钡,Ward,2,643,-0.029943211151264842,SiO2+CaO+Fe2O3+PbO+SrO+BaO+K2O,0.6666666666666666,0,
铅钡,Ward,3,643,0.17005796881153573,SiO2+CaO+Fe2O3+PbO+SrO+BaO+K2O,0.6666666666666666,0,
铅钡,Ward,4,643,0.30960068112655637,SiO2+CaO+Fe2O3+PbO+SrO+BaO+K2O,0.6666666666666666,0,
铅钡,Ward,5,643,0.336163643380934,SiO2+CaO+Fe2O3+PbO+SrO+BaO+K2O,0.6666666666666666,0,
铅钡,Ward,6,643,0.30231819625277867,SiO2+CaO+Fe2O3+PbO+SrO+BaO+K2O,0.6666666666666666,0,
铅钡,Ward,2,644,0.0994671403197158,PbO+SrO+Al2O3+Fe2O3+SiO2+MgO+K2O,0.5,0,
铅钡,Ward,3,644,0.06638530459750233,PbO+SrO+Al2O3+Fe2O3+SiO2+MgO+K2O,0.5,0,
铅钡,Ward,4,644,0.20069997871686335,PbO+SrO+Al2O3+Fe2O3+SiO2+MgO+K2O,0.5,0,
铅钡,Ward,5,644,0.20470289784369206,PbO+SrO+Al2O3+Fe2O3+SiO2+MgO+K2O,0.5,0,
铅钡,Ward,6,644,0.2580213903743315,PbO+SrO+Al2O3+Fe2O3+SiO2+MgO+K2O,0.5,0,
铅钡,Ward,2,645,0.28793927099011846,K2O+CuO+PbO+SrO+Fe2O3+BaO+P2O5+SiO2+MgO,0.5454545454545454,0,
铅钡,Ward,3,645,0.4573648803767836,K2O+CuO+PbO+SrO+Fe2O3+BaO+P2O5+SiO2+MgO,0.5454545454545454,0,
铅钡,Ward,4,645,0.40462167942717214,K2O+CuO+PbO+SrO+Fe2O3+BaO+P2O5+SiO2+MgO,0.5454545454545454,0,
铅钡,Ward,5,645,0.5284910965323336,K2O+CuO+PbO+SrO+Fe2O3+BaO+P2O5+SiO2+MgO,0.5454545454545454,0,
铅钡,Ward,6,645,0.4901847830903532,K2O+CuO+PbO+SrO+Fe2O3+BaO+P2O5+SiO2+MgO,0.5454545454545454,0,
铅钡,Ward,2,646,0.14150943396226415,SO2+SrO+K2O+SiO2+MgO+BaO+Al2O3+Fe2O3,0.6,0,
铅钡,Ward,3,646,0.12415784408084697,SO2+SrO+K2O+SiO2+MgO+BaO+Al2O3+Fe2O3,0.6,0,
铅钡,Ward,4,646,0.13186813186813187,SO2+SrO+K2O+SiO2+MgO+BaO+Al2O3+Fe2O3,0.6,0,
铅钡,Ward,5,646,0.3366159355416294,SO2+SrO+K2O+SiO2+MgO+BaO+Al2O3+Fe2O3,0.6,0,
铅钡,Ward,6,646,0.37099961157178324,SO2+SrO+K2O+SiO2+MgO+BaO+Al2O3+Fe2O3,0.6,0,
铅钡,Ward,2,647,0.40957886044591246,PbO+CaO+K2O+SO2+Al2O3+SiO2+Fe2O3,0.5,0,
铅钡,Ward,3,647,0.2616183540580563,PbO+CaO+K2O+SO2+Al2O3+SiO2+Fe2O3,0.5,0,
铅钡,Ward,4,647,0.24875904477317068,PbO+CaO+K2O+SO2+Al2O3+SiO2+Fe2O3,0.5,0,
铅钡,Ward,5,647,0.2664950865699579,PbO+CaO+K2O+SO2+Al2O3+SiO2+Fe2O3,0.5,0,
铅钡,Ward,6,647,0.3546353571569284,PbO+CaO+K2O+SO2+Al2O3+SiO2+Fe2O3,0.5,0,
铅钡,Ward,2,648,0.7118878698736806,PbO+Fe2O3+SiO2+CuO+BaO,0.4444444444444444,0,
铅钡,Ward,3,648,0.49165726459190323,PbO+Fe2O3+SiO2+CuO+BaO,0.4444444444444444,0,
铅钡,Ward,4,648,0.36286263866564783,PbO+Fe2O3+SiO2+CuO+BaO,0.4444444444444444,0,
铅钡,Ward,5,648,0.3038839704622414,PbO+Fe2O3+SiO2+CuO+BaO,0.4444444444444444,0,
铅钡,Ward,6,648,0.39628482972136225,PbO+Fe2O3+SiO2+CuO+BaO,0.4444444444444444,0,
铅钡,Ward,2,649,0.39976014391365183,SrO+Al2O3+SiO2+PbO+K2O,0.4444444444444444,0,
铅钡,Ward,3,649,0.28164983718711967,SrO+Al2O3+SiO2+PbO+K2O,0.4444444444444444,0,
铅钡,Ward,4,649,0.2859881232738454,SrO+Al2O3+SiO2+PbO+K2O,0.4444444444444444,0,
铅钡,Ward,5,649,0.3693586698337292,SrO+Al2O3+SiO2+PbO+K2O,0.4444444444444444,0,
铅钡,Ward,6,649,0.41839837810440955,SrO+Al2O3+SiO2+PbO+K2O,0.4444444444444444,0,
铅钡,Ward,2,650,0.6302222222222222,K2O+CuO+Al2O3+Fe2O3+CaO+SiO2+SnO2+BaO,0.7777777777777778,0,
铅钡,Ward,3,650,0.45833691576113916,K2O+CuO+Al2O3+Fe2O3+CaO+SiO2+SnO2+BaO,0.7777777777777778,0,
铅钡,Ward,4,650,0.2551950847258639,K2O+CuO+Al2O3+Fe2O3+CaO+SiO2+SnO2+BaO,0.7777777777777778,0,
铅钡,Ward,5,650,0.2684486507225988,K2O+CuO+Al2O3+Fe2O3+CaO+SiO2+SnO2+BaO,0.7777777777777778,0,
铅钡,Ward,6,650,0.28984947896565033,K2O+CuO+Al2O3+Fe2O3+CaO+SiO2+SnO2+BaO,0.7777777777777778,0,
铅钡,Ward,2,651,0.34633590635004813,CuO+BaO+K2O+PbO+Al2O3+SiO2+Na2O+Fe2O3,0.6,0,
铅钡,Ward,3,651,0.28064434591921084,CuO+BaO+K2O+PbO+Al2O3+SiO2+Na2O+Fe2O3,0.6,0,
铅钡,Ward,4,651,0.3082039911308204,CuO+BaO+K2O+PbO+Al2O3+SiO2+Na2O+Fe2O3,0.6,0,
铅钡,Ward,5,651,0.16749833666001332,CuO+BaO+K2O+PbO+Al2O3+SiO2+Na2O+Fe2O3,0.6,0,
铅钡,Ward,6,651,0.2229045534722676,CuO+BaO+K2O+PbO+Al2O3+SiO2+Na2O+Fe2O3,0.6,0,
铅钡,Ward,2,652,0.28503843879361324,Fe2O3+BaO+PbO+K2O+Al2O3+SiO2+Na2O,0.5,0,
铅钡,Ward,3,652,0.15179945661629884,Fe2O3+BaO+PbO+K2O+Al2O3+SiO2+Na2O,0.5,0,
铅钡,Ward,4,652,0.3350015501129368,Fe2O3+BaO+PbO+K2O+Al2O3+SiO2+Na2O,0.5,0,
铅钡,Ward,5,652,0.24332618990925206,Fe2O3+BaO+PbO+K2O+Al2O3+SiO2+Na2O,0.5,0,
铅钡,Ward,6,652,0.2632888630563704,Fe2O3+BaO+PbO+K2O+Al2O3+SiO2+Na2O,0.5,0,
铅钡,Ward,2,653,0.06334125098970704,Al2O3+SrO+PbO+BaO+SiO2+CuO+K2O+Fe2O3,0.7777777777777778,0,
铅钡,Ward,3,653,0.3451557629183096,Al2O3+SrO+PbO+BaO+SiO2+CuO+K2O+Fe2O3,0.7777777777777778,0,
铅钡,Ward,4,653,0.14998706399793024,Al2O3+SrO+PbO+BaO+SiO2+CuO+K2O+Fe2O3,0.7777777777777778,0,
铅钡,Ward,5,653,0.16619059984419632,Al2O3+SrO+PbO+BaO+SiO2+CuO+K2O+Fe2O3,0.7777777777777778,0,
铅钡,Ward,6,653,0.19329175152749492,Al2O3+SrO+PbO+BaO+SiO2+CuO+K2O+Fe2O3,0.7777777777777778,0,
铅钡,Ward,2,654,,,,1,活动成分SO2在训练集中全缺失
铅钡,Ward,3,654,,,,1,活动成分SO2在训练集中全缺失
铅钡,Ward,4,654,,,,1,活动成分SO2在训练集中全缺失
铅钡,Ward,5,654,,,,1,活动成分SO2在训练集中全缺失
铅钡,Ward,6,654,,,,1,活动成分SO2在训练集中全缺失
铅钡,Ward,2,655,1.0,Al2O3+Fe2O3+BaO+SiO2+MgO+CuO,0.5555555555555556,0,
铅钡,Ward,3,655,0.7310776975912809,Al2O3+Fe2O3+BaO+SiO2+MgO+CuO,0.5555555555555556,0,
铅钡,Ward,4,655,0.3565812814354647,Al2O3+Fe2O3+BaO+SiO2+MgO+CuO,0.5555555555555556,0,
铅钡,Ward,5,655,0.3422963414062866,Al2O3+Fe2O3+BaO+SiO2+MgO+CuO,0.5555555555555556,0,
铅钡,Ward,6,655,0.4434250764525994,Al2O3+Fe2O3+BaO+SiO2+MgO+CuO,0.5555555555555556,0,
铅钡,Ward,2,656,0.625,PbO+Fe2O3+SiO2+BaO+CuO,0.4444444444444444,0,
铅钡,Ward,3,656,0.2813053957889636,PbO+Fe2O3+SiO2+BaO+CuO,0.4444444444444444,0,
铅钡,Ward,4,656,0.2129162462159435,PbO+Fe2O3+SiO2+BaO+CuO,0.4444444444444444,0,
铅钡,Ward,5,656,0.22084761347488088,PbO+Fe2O3+SiO2+BaO+CuO,0.4444444444444444,0,
铅钡,Ward,6,656,0.19659486407675666,PbO+Fe2O3+SiO2+BaO+CuO,0.4444444444444444,0,
铅钡,Ward,2,657,-0.001971220185294697,Fe2O3+CuO+P2O5+SiO2+SrO+PbO+BaO+K2O,0.6,0,
铅钡,Ward,3,657,0.08508782363903096,Fe2O3+CuO+P2O5+SiO2+SrO+PbO+BaO+K2O,0.6,0,
铅钡,Ward,4,657,0.0012838197735560442,Fe2O3+CuO+P2O5+SiO2+SrO+PbO+BaO+K2O,0.6,0,
铅钡,Ward,5,657,0.06872923588039867,Fe2O3+CuO+P2O5+SiO2+SrO+PbO+BaO+K2O,0.6,0,
铅钡,Ward,6,657,0.1242406171965264,Fe2O3+CuO+P2O5+SiO2+SrO+PbO+BaO+K2O,0.6,0,
铅钡,Ward,2,658,0.5514413028904925,SiO2+MgO+K2O+PbO+SrO+Al2O3+BaO,0.5,0,
铅钡,Ward,3,658,0.45520454275596656,SiO2+MgO+K2O+PbO+SrO+Al2O3+BaO,0.5,0,
铅钡,Ward,4,658,0.4204245973645681,SiO2+MgO+K2O+PbO+SrO+Al2O3+BaO,0.5,0,
铅钡,Ward,5,658,0.32862281603288795,SiO2+MgO+K2O+PbO+SrO+Al2O3+BaO,0.5,0,
铅钡,Ward,6,658,0.24467153284671533,SiO2+MgO+K2O+PbO+SrO+Al2O3+BaO,0.5,0,
铅钡,Ward,2,659,0.5512525478335196,Al2O3+BaO+Fe2O3+SiO2+MgO+PbO+SrO+K2O,0.6,0,
铅钡,Ward,3,659,0.3685008813522266,Al2O3+BaO+Fe2O3+SiO2+MgO+PbO+SrO+K2O,0.6,0,
铅钡,Ward,4,659,0.29489507508171353,Al2O3+BaO+Fe2O3+SiO2+MgO+PbO+SrO+K2O,0.6,0,
铅钡,Ward,5,659,0.24905409698755163,Al2O3+BaO+Fe2O3+SiO2+MgO+PbO+SrO+K2O,0.6,0,
铅钡,Ward,6,659,0.4383561643835616,Al2O3+BaO+Fe2O3+SiO2+MgO+PbO+SrO+K2O,0.6,0,
铅钡,Ward,2,660,0.05723905723905724,SiO2+Na2O+K2O+CuO+BaO+Al2O3+Fe2O3+PbO+SrO,0.7,0,
铅钡,Ward,3,660,0.48157643085312013,SiO2+Na2O+K2O+CuO+BaO+Al2O3+Fe2O3+PbO+SrO,0.7,0,
铅钡,Ward,4,660,0.25517990763835724,SiO2+Na2O+K2O+CuO+BaO+Al2O3+Fe2O3+PbO+SrO,0.7,0,
铅钡,Ward,5,660,0.3116133887015412,SiO2+Na2O+K2O+CuO+BaO+Al2O3+Fe2O3+PbO+SrO,0.7,0,
铅钡,Ward,6,660,0.31142041609039817,SiO2+Na2O+K2O+CuO+BaO+Al2O3+Fe2O3+PbO+SrO,0.7,0,
铅钡,Ward,2,661,0.8051474213588403,SiO2+Na2O+SrO+CuO+MgO+Al2O3+K2O+Fe2O3+PbO,0.5454545454545454,0,
铅钡,Ward,3,661,0.6275046926714732,SiO2+Na2O+SrO+CuO+MgO+Al2O3+K2O+Fe2O3+PbO,0.5454545454545454,0,
铅钡,Ward,4,661,0.6619822943106544,SiO2+Na2O+SrO+CuO+MgO+Al2O3+K2O+Fe2O3+PbO,0.5454545454545454,0,
铅钡,Ward,5,661,0.3380539422388416,SiO2+Na2O+SrO+CuO+MgO+Al2O3+K2O+Fe2O3+PbO,0.5454545454545454,0,
铅钡,Ward,6,661,0.4578386605783866,SiO2+Na2O+SrO+CuO+MgO+Al2O3+K2O+Fe2O3+PbO,0.5454545454545454,0,
铅钡,Ward,2,662,0.10230179028132992,PbO+SrO+CaO+SiO2+Al2O3+Fe2O3+K2O,0.6666666666666666,0,
铅钡,Ward,3,662,0.08020147768857226,PbO+SrO+CaO+SiO2+Al2O3+Fe2O3+K2O,0.6666666666666666,0,
铅钡,Ward,4,662,0.17455107163545086,PbO+SrO+CaO+SiO2+Al2O3+Fe2O3+K2O,0.6666666666666666,0,
铅钡,Ward,5,662,0.3310406035056579,PbO+SrO+CaO+SiO2+Al2O3+Fe2O3+K2O,0.6666666666666666,0,
铅钡,Ward,6,662,0.34823029417624013,PbO+SrO+CaO+SiO2+Al2O3+Fe2O3+K2O,0.6666666666666666,0,
铅钡,Ward,2,663,0.2841918294849023,Al2O3+Fe2O3+BaO+PbO+SrO+SiO2+MgO+K2O,0.6,0,
铅钡,Ward,3,663,0.24161912156915702,Al2O3+Fe2O3+BaO+PbO+SrO+SiO2+MgO+K2O,0.6,0,
铅钡,Ward,4,663,0.12929901964506746,Al2O3+Fe2O3+BaO+PbO+SrO+SiO2+MgO+K2O,0.6,0,
铅钡,Ward,5,663,0.14830454254638514,Al2O3+Fe2O3+BaO+PbO+SrO+SiO2+MgO+K2O,0.6,0,
铅钡,Ward,6,663,0.2890925214306828,Al2O3+Fe2O3+BaO+PbO+SrO+SiO2+MgO+K2O,0.6,0,
铅钡,Ward,2,664,0.8051166735704283,SiO2+CuO+K2O+PbO+BaO+Fe2O3+SrO,0.6666666666666666,0,
铅钡,Ward,3,664,0.6098985736291436,SiO2+CuO+K2O+PbO+BaO+Fe2O3+SrO,0.6666666666666666,0,
铅钡,Ward,4,664,0.3535737386804657,SiO2+CuO+K2O+PbO+BaO+Fe2O3+SrO,0.6666666666666666,0,
铅钡,Ward,5,664,0.3091846298031865,SiO2+CuO+K2O+PbO+BaO+Fe2O3+SrO,0.6666666666666666,0,
铅钡,Ward,6,664,0.41339862105309383,SiO2+CuO+K2O+PbO+BaO+Fe2O3+SrO,0.6666666666666666,0,
铅钡,Ward,2,665,0.0249609984399376,CaO+PbO+SiO2+Al2O3+BaO+Fe2O3+K2O,0.6666666666666666,0,
铅钡,Ward,3,665,0.2021549512570549,CaO+PbO+SiO2+Al2O3+BaO+Fe2O3+K2O,0.6666666666666666,0,
铅钡,Ward,4,665,0.34991708126036486,CaO+PbO+SiO2+Al2O3+BaO+Fe2O3+K2O,0.6666666666666666,0,
铅钡,Ward,5,665,0.3512880802521742,CaO+PbO+SiO2+Al2O3+BaO+Fe2O3+K2O,0.6666666666666666,0,
铅钡,Ward,6,665,0.42893907796068687,CaO+PbO+SiO2+Al2O3+BaO+Fe2O3+K2O,0.6666666666666666,0,
铅钡,Ward,2,666,-0.020247998744310155,SiO2+Na2O+K2O+PbO+BaO+Al2O3+Fe2O3,0.5,0,
铅钡,Ward,3,666,-0.007376171170560399,SiO2+Na2O+K2O+PbO+BaO+Al2O3+Fe2O3,0.5,0,
铅钡,Ward,4,666,0.12316605655319517,SiO2+Na2O+K2O+PbO+BaO+Al2O3+Fe2O3,0.5,0,
铅钡,Ward,5,666,0.2496705613634367,SiO2+Na2O+K2O+PbO+BaO+Al2O3+Fe2O3,0.5,0,
铅钡,Ward,6,666,0.377497062279671,SiO2+Na2O+K2O+PbO+BaO+Al2O3+Fe2O3,0.5,0,
铅钡,Ward,2,667,0.10138248847926268,PbO+Fe2O3+SrO+CuO+BaO+P2O5+SiO2+K2O,0.6,0,
铅钡,Ward,3,667,0.09727565050995246,PbO+Fe2O3+SrO+CuO+BaO+P2O5+SiO2+K2O,0.6,0,
铅钡,Ward,4,667,0.17330971361086508,PbO+Fe2O3+SrO+CuO+BaO+P2O5+SiO2+K2O,0.6,0,
铅钡,Ward,5,667,0.2536095240775661,PbO+Fe2O3+SrO+CuO+BaO+P2O5+SiO2+K2O,0.6,0,
铅钡,Ward,6,667,0.28441084462982275,PbO+Fe2O3+SrO+CuO+BaO+P2O5+SiO2+K2O,0.6,0,
铅钡,Ward,2,668,-0.05166051660516605,SiO2+K2O+CuO+PbO+SrO,0.4444444444444444,0,
铅钡,Ward,3,668,0.4939244313720271,SiO2+K2O+CuO+PbO+SrO,0.4444444444444444,0,
铅钡,Ward,4,668,0.34653230586840544,SiO2+K2O+CuO+PbO+SrO,0.4444444444444444,0,
铅钡,Ward,5,668,0.27943805874840355,SiO2+K2O+CuO+PbO+SrO,0.4444444444444444,0,
铅钡,Ward,6,668,0.24488682847013907,SiO2+K2O+CuO+PbO+SrO,0.4444444444444444,0,
铅钡,Ward,2,669,0.2307237114622167,K2O+PbO+SrO+Al2O3+MgO+SiO2+Na2O+Fe2O3,0.45454545454545453,0,
铅钡,Ward,3,669,0.14654411915557106,K2O+PbO+SrO+Al2O3+MgO+SiO2+Na2O+Fe2O3,0.45454545454545453,0,
铅钡,Ward,4,669,0.06685656154628687,K2O+PbO+SrO+Al2O3+MgO+SiO2+Na2O+Fe2O3,0.45454545454545453,0,
铅钡,Ward,5,669,0.21010425020048115,K2O+PbO+SrO+Al2O3+MgO+SiO2+Na2O+Fe2O3,0.45454545454545453,0,
铅钡,Ward,6,669,0.22367966862271316,K2O+PbO+SrO+Al2O3+MgO+SiO2+Na2O+Fe2O3,0.45454545454545453,0,
铅钡,Ward,2,670,0.8050513022888713,CaO+SiO2+SrO+Al2O3+Fe2O3+CuO+K2O,0.875,0,
铅钡,Ward,3,670,0.6510812741609192,CaO+SiO2+SrO+Al2O3+Fe2O3+CuO+K2O,0.875,0,
铅钡,Ward,4,670,0.5246977342141833,CaO+SiO2+SrO+Al2O3+Fe2O3+CuO+K2O,0.875,0,
铅钡,Ward,5,670,0.5287228109313998,CaO+SiO2+SrO+Al2O3+Fe2O3+CuO+K2O,0.875,0,
铅钡,Ward,6,670,0.7303953337653921,CaO+SiO2+SrO+Al2O3+Fe2O3+CuO+K2O,0.875,0,
铅钡,Ward,2,671,0.057971014492753624,CuO+K2O+PbO+SrO+SiO2+Fe2O3,0.5555555555555556,0,
铅钡,Ward,3,671,0.39254411433177805,CuO+K2O+PbO+SrO+SiO2+Fe2O3,0.5555555555555556,0,
铅钡,Ward,4,671,0.42637839575630926,CuO+K2O+PbO+SrO+SiO2+Fe2O3,0.5555555555555556,0,
铅钡,Ward,5,671,0.22767989339650577,CuO+K2O+PbO+SrO+SiO2+Fe2O3,0.5555555555555556,0,
铅钡,Ward,6,671,0.19025753643441803,CuO+K2O+PbO+SrO+SiO2+Fe2O3,0.5555555555555556,0,
铅钡,Ward,2,672,1.0,SO2+SiO2+MgO+CuO+BaO+Fe2O3+Al2O3+K2O,0.6,0,
铅钡,Ward,3,672,0.6319773524524586,SO2+SiO2+MgO+CuO+BaO+Fe2O3+Al2O3+K2O,0.6,0,
铅钡,Ward,4,672,0.4245969016756244,SO2+SiO2+MgO+CuO+BaO+Fe2O3+Al2O3+K2O,0.6,0,
铅钡,Ward,5,672,0.5060995518090885,SO2+SiO2+MgO+CuO+BaO+Fe2O3+Al2O3+K2O,0.6,0,
铅钡,Ward,6,672,0.5032432085286751,SO2+SiO2+MgO+CuO+BaO+Fe2O3+Al2O3+K2O,0.6,0,
铅钡,Ward,2,673,,,,1,活动成分SO2在训练集中全缺失
铅钡,Ward,3,673,,,,1,活动成分SO2在训练集中全缺失
铅钡,Ward,4,673,,,,1,活动成分SO2在训练集中全缺失
铅钡,Ward,5,673,,,,1,活动成分SO2在训练集中全缺失
铅钡,Ward,6,673,,,,1,活动成分SO2在训练集中全缺失
铅钡,Ward,2,674,0.47704685281590153,SiO2+CuO+Fe2O3+BaO+Al2O3+Na2O+SrO+K2O,0.7777777777777778,0,
铅钡,Ward,3,674,0.5345072403125236,SiO2+CuO+Fe2O3+BaO+Al2O3+Na2O+SrO+K2O,0.7777777777777778,0,
铅钡,Ward,4,674,0.351812998296843,SiO2+CuO+Fe2O3+BaO+Al2O3+Na2O+SrO+K2O,0.7777777777777778,0,
铅钡,Ward,5,674,0.3222026947861746,SiO2+CuO+Fe2O3+BaO+Al2O3+Na2O+SrO+K2O,0.7777777777777778,0,
铅钡,Ward,6,674,0.321718674601898,SiO2+CuO+Fe2O3+BaO+Al2O3+Na2O+SrO+K2O,0.7777777777777778,0,
铅钡,Ward,2,675,0.4050873647925829,SiO2+Na2O+K2O+SrO+Al2O3+PbO+Fe2O3,0.5,0,
铅钡,Ward,3,675,0.2118071581420719,SiO2+Na2O+K2O+SrO+Al2O3+PbO+Fe2O3,0.5,0,
铅钡,Ward,4,675,0.18048780487804877,SiO2+Na2O+K2O+SrO+Al2O3+PbO+Fe2O3,0.5,0,
铅钡,Ward,5,675,0.14495320010118898,SiO2+Na2O+K2O+SrO+Al2O3+PbO+Fe2O3,0.5,0,
铅钡,Ward,6,675,0.235048231511254,SiO2+Na2O+K2O+SrO+Al2O3+PbO+Fe2O3,0.5,0,
铅钡,Ward,2,676,0.7138607971445569,Al2O3+Fe2O3+SiO2+MgO+CuO+K2O+BaO,0.6666666666666666,0,
铅钡,Ward,3,676,0.5095913916523128,Al2O3+Fe2O3+SiO2+MgO+CuO+K2O+BaO,0.6666666666666666,0,
铅钡,Ward,4,676,0.2513398313849625,Al2O3+Fe2O3+SiO2+MgO+CuO+K2O+BaO,0.6666666666666666,0,
铅钡,Ward,5,676,0.2690683356230601,Al2O3+Fe2O3+SiO2+MgO+CuO+K2O+BaO,0.6666666666666666,0,
铅钡,Ward,6,676,0.2822519007200611,Al2O3+Fe2O3+SiO2+MgO+CuO+K2O+BaO,0.6666666666666666,0,
铅钡,Ward,2,677,-0.019917582417582416,Al2O3+PbO+SrO+SiO2+P2O5+Fe2O3,0.4,0,
铅钡,Ward,3,677,0.13189229779017378,Al2O3+PbO+SrO+SiO2+P2O5+Fe2O3,0.4,0,
铅钡,Ward,4,677,0.12213740458015267,Al2O3+PbO+SrO+SiO2+P2O5+Fe2O3,0.4,0,
铅钡,Ward,5,677,0.1630901287553648,Al2O3+PbO+SrO+SiO2+P2O5+Fe2O3,0.4,0,
铅钡,Ward,6,677,0.18887896951919397,Al2O3+PbO+SrO+SiO2+P2O5+Fe2O3,0.4,0,
铅钡,Ward,2,678,0.805174317715728,Al2O3+CuO+BaO+SiO2+MgO+K2O,0.5555555555555556,0,
铅钡,Ward,3,678,0.6492272285379839,Al2O3+CuO+BaO+SiO2+MgO+K2O,0.5555555555555556,0,
铅钡,Ward,4,678,0.35830202854996246,Al2O3+CuO+BaO+SiO2+MgO+K2O,0.5555555555555556,0,
铅钡,Ward,5,678,0.2882578118045046,Al2O3+CuO+BaO+SiO2+MgO+K2O,0.5555555555555556,0,
铅钡,Ward,6,678,0.24972662103600501,Al2O3+CuO+BaO+SiO2+MgO+K2O,0.5555555555555556,0,
铅钡,Ward,2,679,0.2845871632017042,BaO+SiO2+PbO+Fe2O3+SrO+K2O,0.5555555555555556,0,
铅钡,Ward,3,679,0.2699173994138023,BaO+SiO2+PbO+Fe2O3+SrO+K2O,0.5555555555555556,0,
铅钡,Ward,4,679,0.24626152881831478,BaO+SiO2+PbO+Fe2O3+SrO+K2O,0.5555555555555556,0,
铅钡,Ward,5,679,0.19252004732483238,BaO+SiO2+PbO+Fe2O3+SrO+K2O,0.5555555555555556,0,
铅钡,Ward,6,679,0.2511013215859031,BaO+SiO2+PbO+Fe2O3+SrO+K2O,0.5555555555555556,0,
铅钡,Ward,2,680,0.5514413028904925,Na2O+Fe2O3+PbO+CaO+BaO+SrO+CuO+SiO2,0.6,0,
铅钡,Ward,3,680,0.36868738394988676,Na2O+Fe2O3+PbO+CaO+BaO+SrO+CuO+SiO2,0.6,0,
铅钡,Ward,4,680,0.5042307233941128,Na2O+Fe2O3+PbO+CaO+BaO+SrO+CuO+SiO2,0.6,0,
铅钡,Ward,5,680,0.5041459369817579,Na2O+Fe2O3+PbO+CaO+BaO+SrO+CuO+SiO2,0.6,0,
铅钡,Ward,6,680,0.5900828490169407,Na2O+Fe2O3+PbO+CaO+BaO+SrO+CuO+SiO2,0.6,0,
铅钡,Ward,2,681,0.7153733875103554,Al2O3+Fe2O3+SiO2+BaO+CuO+K2O,0.75,0,
铅钡,Ward,3,681,0.739672783151044,Al2O3+Fe2O3+SiO2+BaO+CuO+K2O,0.75,0,
铅钡,Ward,4,681,0.6308580700582228,Al2O3+Fe2O3+SiO2+BaO+CuO+K2O,0.75,0,
铅钡,Ward,5,681,0.4264705882352941,Al2O3+Fe2O3+SiO2+BaO+CuO+K2O,0.75,0,
铅钡,Ward,6,681,0.4123287671232877,Al2O3+Fe2O3+SiO2+BaO+CuO+K2O,0.75,0,
铅钡,Ward,2,682,0.2299794661190965,K2O+Fe2O3+PbO+SiO2+CaO+CuO+MgO,0.5,0,
铅钡,Ward,3,682,0.18559325404717394,K2O+Fe2O3+PbO+SiO2+CaO+CuO+MgO,0.5,0,
铅钡,Ward,4,682,0.3184992086397915,K2O+Fe2O3+PbO+SiO2+CaO+CuO+MgO,0.5,0,
铅钡,Ward,5,682,0.4204998189061934,K2O+Fe2O3+PbO+SiO2+CaO+CuO+MgO,0.5,0,
铅钡,Ward,6,682,0.47040282293236063,K2O+Fe2O3+PbO+SiO2+CaO+CuO+MgO,0.5,0,
铅钡,Ward,2,683,0.14150943396226415,K2O+Fe2O3+CaO+SiO2+Al2O3+CuO+PbO,0.6666666666666666,0,
铅钡,Ward,3,683,0.5041608876560333,K2O+Fe2O3+CaO+SiO2+Al2O3+CuO+PbO,0.6666666666666666,0,
铅钡,Ward,4,683,0.24936386768447838,K2O+Fe2O3+CaO+SiO2+Al2O3+CuO+PbO,0.6666666666666666,0,
铅钡,Ward,5,683,0.27927927927927926,K2O+Fe2O3+CaO+SiO2+Al2O3+CuO+PbO,0.6666666666666666,0,
铅钡,Ward,6,683,0.4050632911392405,K2O+Fe2O3+CaO+SiO2+Al2O3+CuO+PbO,0.6666666666666666,0,
铅钡,Ward,2,684,0.09768637532133675,PbO+SrO+CaO+SiO2+BaO+K2O,0.5555555555555556,0,
铅钡,Ward,3,684,0.14071756639818944,PbO+SrO+CaO+SiO2+BaO+K2O,0.5555555555555556,0,
铅钡,Ward,4,684,0.24153661464585835,PbO+SrO+CaO+SiO2+BaO+K2O,0.5555555555555556,0,
铅钡,Ward,5,684,0.43899136909798614,PbO+SrO+CaO+SiO2+BaO+K2O,0.5555555555555556,0,
铅钡,Ward,6,684,0.43549018073703155,PbO+SrO+CaO+SiO2+BaO+K2O,0.5555555555555556,0,
铅钡,Ward,2,685,0.40771567196560293,SiO2+K2O+MgO+CuO+BaO+Al2O3+Fe2O3+SrO,0.7777777777777778,0,
铅钡,Ward,3,685,0.30059935143298255,SiO2+K2O+MgO+CuO+BaO+Al2O3+Fe2O3+SrO,0.7777777777777778,0,
铅钡,Ward,4,685,0.21071314906847505,SiO2+K2O+MgO+CuO+BaO+Al2O3+Fe2O3+SrO,0.7777777777777778,0,
铅钡,Ward,5,685,0.1754037146598128,SiO2+K2O+MgO+CuO+BaO+Al2O3+Fe2O3+SrO,0.7777777777777778,0,
铅钡,Ward,6,685,0.33497000773993807,SiO2+K2O+MgO+CuO+BaO+Al2O3+Fe2O3+SrO,0.7777777777777778,0,
铅钡,Ward,2,686,0.2745709828393136,K2O+Fe2O3+SiO2+CaO+SrO+Al2O3+PbO,0.6666666666666666,0,
铅钡,Ward,3,686,0.08523818774417752,K2O+Fe2O3+SiO2+CaO+SrO+Al2O3+PbO,0.6666666666666666,0,
铅钡,Ward,4,686,0.14056245642124834,K2O+Fe2O3+SiO2+CaO+SrO+Al2O3+PbO,0.6666666666666666,0,
铅钡,Ward,5,686,0.2623847926267281,K2O+Fe2O3+SiO2+CaO+SrO+Al2O3+PbO,0.6666666666666666,0,
铅钡,Ward,6,686,0.40535547344522105,K2O+Fe2O3+SiO2+CaO+SrO+Al2O3+PbO,0.6666666666666666,0,
铅钡,Ward,2,687,-0.005141388174807198,PbO+Fe2O3+SiO2+CaO+SO2+Al2O3+SrO,0.5,0,
铅钡,Ward,3,687,0.021333261954790614,PbO+Fe2O3+SiO2+CaO+SO2+Al2O3+SrO,0.5,0,
铅钡,Ward,4,687,0.13354661416676922,PbO+Fe2O3+SiO2+CaO+SO2+Al2O3+SrO,0.5,0,
铅钡,Ward,5,687,0.4934172071144265,PbO+Fe2O3+SiO2+CaO+SO2+Al2O3+SrO,0.5,0,
铅钡,Ward,6,687,0.7360257205708162,PbO+Fe2O3+SiO2+CaO+SO2+Al2O3+SrO,0.5,0,
铅钡,Ward,2,688,1.0,SiO2+Al2O3+SrO+PbO+CuO+K2O,0.5555555555555556,0,
铅钡,Ward,3,688,1.0,SiO2+Al2O3+SrO+PbO+CuO+K2O,0.5555555555555556,0,
铅钡,Ward,4,688,0.5242478670857657,SiO2+Al2O3+SrO+PbO+CuO+K2O,0.5555555555555556,0,
铅钡,Ward,5,688,0.4977033234261011,SiO2+Al2O3+SrO+PbO+CuO+K2O,0.5555555555555556,0,
铅钡,Ward,6,688,0.3732899022801303,SiO2+Al2O3+SrO+PbO+CuO+K2O,0.5555555555555556,0,
铅钡,Ward,2,689,0.899996055071206,PbO+K2O+CuO+SiO2+MgO+BaO+SrO,0.5,0,
铅钡,Ward,3,689,0.6167282566991781,PbO+K2O+CuO+SiO2+MgO+BaO+SrO,0.5,0,
铅钡,Ward,4,689,0.3938537619215825,PbO+K2O+CuO+SiO2+MgO+BaO+SrO,0.5,0,
铅钡,Ward,5,689,0.2893802945890254,PbO+K2O+CuO+SiO2+MgO+BaO+SrO,0.5,0,
铅钡,Ward,6,689,0.28548914542374215,PbO+K2O+CuO+SiO2+MgO+BaO+SrO,0.5,0,
铅钡,Ward,2,690,,,,1,活动成分SnO2在训练集中全缺失
铅钡,Ward,3,690,,,,1,活动成分SnO2在训练集中全缺失
铅钡,Ward,4,690,,,,1,活动成分SnO2在训练集中全缺失
铅钡,Ward,5,690,,,,1,活动成分SnO2在训练集中全缺失
铅钡,Ward,6,690,,,,1,活动成分SnO2在训练集中全缺失
铅钡,Ward,2,691,0.4079025198154501,PbO+Fe2O3+SiO2+Al2O3+BaO+K2O,0.5555555555555556,0,
铅钡,Ward,3,691,0.17076204039877238,PbO+Fe2O3+SiO2+Al2O3+BaO+K2O,0.5555555555555556,0,
铅钡,Ward,4,691,0.2405617895479882,PbO+Fe2O3+SiO2+Al2O3+BaO+K2O,0.5555555555555556,0,
铅钡,Ward,5,691,0.3557669251059068,PbO+Fe2O3+SiO2+Al2O3+BaO+K2O,0.5555555555555556,0,
铅钡,Ward,6,691,0.34091084672435107,PbO+Fe2O3+SiO2+Al2O3+BaO+K2O,0.5555555555555556,0,
铅钡,Ward,2,692,-0.017552182163187855,BaO+MgO+P2O5+CaO+SiO2+SrO+Fe2O3+K2O,0.6,0,
铅钡,Ward,3,692,0.11764705882352941,BaO+MgO+P2O5+CaO+SiO2+SrO+Fe2O3+K2O,0.6,0,
铅钡,Ward,4,692,0.15949512335054503,BaO+MgO+P2O5+CaO+SiO2+SrO+Fe2O3+K2O,0.6,0,
铅钡,Ward,5,692,0.4836982780279458,BaO+MgO+P2O5+CaO+SiO2+SrO+Fe2O3+K2O,0.6,0,
铅钡,Ward,6,692,0.36578591268428173,BaO+MgO+P2O5+CaO+SiO2+SrO+Fe2O3+K2O,0.6,0,
铅钡,Ward,2,693,0.06865060620374744,CaO+Al2O3+SiO2+P2O5+K2O+Fe2O3,0.5555555555555556,0,
铅钡,Ward,3,693,0.22074320576816417,CaO+Al2O3+SiO2+P2O5+K2O+Fe2O3,0.5555555555555556,0,
铅钡,Ward,4,693,0.31227957678743185,CaO+Al2O3+SiO2+P2O5+K2O+Fe2O3,0.5555555555555556,0,
铅钡,Ward,5,693,0.48236196319018404,CaO+Al2O3+SiO2+P2O5+K2O+Fe2O3,0.5555555555555556,0,
铅钡,Ward,6,693,0.527256956028558,CaO+Al2O3+SiO2+P2O5+K2O+Fe2O3,0.5555555555555556,0,
铅钡,Ward,2,694,0.15715767634854771,Al2O3+Fe2O3+PbO+SrO+K2O+MgO+SiO2+Na2O,0.45454545454545453,0,
铅钡,Ward,3,694,-0.01853933327162371,Al2O3+Fe2O3+PbO+SrO+K2O+MgO+SiO2+Na2O,0.45454545454545453,0,
铅钡,Ward,4,694,0.0688479786270325,Al2O3+Fe2O3+PbO+SrO+K2O+MgO+SiO2+Na2O,0.45454545454545453,0,
铅钡,Ward,5,694,0.13699669430444913,Al2O3+Fe2O3+PbO+SrO+K2O+MgO+SiO2+Na2O,0.45454545454545453,0,
铅钡,Ward,6,694,0.18271910808299782,Al2O3+Fe2O3+PbO+SrO+K2O+MgO+SiO2+Na2O,0.45454545454545453,0,
铅钡,Ward,2,695,0.47638603696098564,SiO2+MgO+BaO+Fe2O3+Al2O3+SrO+K2O,0.6666666666666666,0,
铅钡,Ward,3,695,0.29625305169302624,SiO2+MgO+BaO+Fe2O3+Al2O3+SrO+K2O,0.6666666666666666,0,
铅钡,Ward,4,695,0.17672062169936886,SiO2+MgO+BaO+Fe2O3+Al2O3+SrO+K2O,0.6666666666666666,0,
铅钡,Ward,5,695,0.22919361793876672,SiO2+MgO+BaO+Fe2O3+Al2O3+SrO+K2O,0.6666666666666666,0,
铅钡,Ward,6,695,0.23953116675546085,SiO2+MgO+BaO+Fe2O3+Al2O3+SrO+K2O,0.6666666666666666,0,
铅钡,Ward,2,696,,,,1,活动成分SnO2在训练集中全缺失
铅钡,Ward,3,696,,,,1,活动成分SnO2在训练集中全缺失
铅钡,Ward,4,696,,,,1,活动成分SnO2在训练集中全缺失
铅钡,Ward,5,696,,,,1,活动成分SnO2在训练集中全缺失
铅钡,Ward,6,696,,,,1,活动成分SnO2在训练集中全缺失
铅钡,Ward,2,697,0.01015228426395939,K2O+PbO+CuO+Al2O3+SiO2+Fe2O3+SrO,0.6666666666666666,0,
铅钡,Ward,3,697,0.20183993366762742,K2O+PbO+CuO+Al2O3+SiO2+Fe2O3+SrO,0.6666666666666666,0,
铅钡,Ward,4,697,0.3187247925604336,K2O+PbO+CuO+Al2O3+SiO2+Fe2O3+SrO,0.6666666666666666,0,
铅钡,Ward,5,697,0.2669983416252073,K2O+PbO+CuO+Al2O3+SiO2+Fe2O3+SrO,0.6666666666666666,0,
铅钡,Ward,6,697,0.2815590459569517,K2O+PbO+CuO+Al2O3+SiO2+Fe2O3+SrO,0.6666666666666666,0,
铅钡,Ward,2,698,0.10053222945002957,MgO+SiO2+K2O+BaO+PbO,0.3,0,
铅钡,Ward,3,698,0.12038641041840749,MgO+SiO2+K2O+BaO+PbO,0.3,0,
铅钡,Ward,4,698,0.3679673207528256,MgO+SiO2+K2O+BaO+PbO,0.3,0,
铅钡,Ward,5,698,0.37141130250831067,MgO+SiO2+K2O+BaO+PbO,0.3,0,
铅钡,Ward,6,698,0.32872214961909924,MgO+SiO2+K2O+BaO+PbO,0.3,0,
铅钡,Ward,2,699,0.8997429305912596,BaO+SiO2+Al2O3+Fe2O3+CuO+K2O,0.75,0,
铅钡,Ward,3,699,0.7774060224365282,BaO+SiO2+Al2O3+Fe2O3+CuO+K2O,0.75,0,
铅钡,Ward,4,699,0.3058103975535168,BaO+SiO2+Al2O3+Fe2O3+CuO+K2O,0.75,0,
铅钡,Ward,5,699,0.28555647611157137,BaO+SiO2+Al2O3+Fe2O3+CuO+K2O,0.75,0,
铅钡,Ward,6,699,0.36144400059180354,BaO+SiO2+Al2O3+Fe2O3+CuO+K2O,0.75,0,
铅钡,Ward,2,700,0.09518143961927424,Al2O3+BaO+PbO+Na2O+CaO+CuO+SiO2+K2O,0.6,0,
铅钡,Ward,3,700,0.35388958470010534,Al2O3+BaO+PbO+Na2O+CaO+CuO+SiO2+K2O,0.6,0,
铅钡,Ward,4,700,0.34140163242330424,Al2O3+BaO+PbO+Na2O+CaO+CuO+SiO2+K2O,0.6,0,
铅钡,Ward,5,700,0.41033492822966505,Al2O3+BaO+PbO+Na2O+CaO+CuO+SiO2+K2O,0.6,0,
铅钡,Ward,6,700,0.42787669305896064,Al2O3+BaO+PbO+Na2O+CaO+CuO+SiO2+K2O,0.6,0,
铅钡,Ward,2,701,1.0,SiO2+CaO+PbO+Fe2O3+CuO+K2O,0.5555555555555556,0,
铅钡,Ward,3,701,0.6490608294562276,SiO2+CaO+PbO+Fe2O3+CuO+K2O,0.5555555555555556,0,
铅钡,Ward,4,701,0.5471139850628743,SiO2+CaO+PbO+Fe2O3+CuO+K2O,0.5555555555555556,0,
铅钡,Ward,5,701,0.4341999770931165,SiO2+CaO+PbO+Fe2O3+CuO+K2O,0.5555555555555556,0,
铅钡,Ward,6,701,0.44991789819376027,SiO2+CaO+PbO+Fe2O3+CuO+K2O,0.5555555555555556,0,
铅钡,Ward,2,702,-0.04785894206549118,PbO+SrO+BaO+SiO2+SO2+Al2O3+K2O+Fe2O3,0.6,0,
铅钡,Ward,3,702,0.3556567344821624,PbO+SrO+BaO+SiO2+SO2+Al2O3+K2O+Fe2O3,0.6,0,
铅钡,Ward,4,702,0.309384482883521,PbO+SrO+BaO+SiO2+SO2+Al2O3+K2O+Fe2O3,0.6,0,
铅钡,Ward,5,702,0.39231230851836646,PbO+SrO+BaO+SiO2+SO2+Al2O3+K2O+Fe2O3,0.6,0,
铅钡,Ward,6,702,0.48007361789481134,PbO+SrO+BaO+SiO2+SO2+Al2O3+K2O+Fe2O3,0.6,0,
铅钡,Ward,2,703,0.2253451186811004,Al2O3+PbO+Fe2O3+K2O+CuO+P2O5+SiO2+SnO2,0.45454545454545453,0,
铅钡,Ward,3,703,0.06146100503467274,Al2O3+PbO+Fe2O3+K2O+CuO+P2O5+SiO2+SnO2,0.45454545454545453,0,
铅钡,Ward,4,703,0.3422291254824438,Al2O3+PbO+Fe2O3+K2O+CuO+P2O5+SiO2+SnO2,0.45454545454545453,0,
铅钡,Ward,5,703,0.4352531085791582,Al2O3+PbO+Fe2O3+K2O+CuO+P2O5+SiO2+SnO2,0.45454545454545453,0,
铅钡,Ward,6,703,0.32277375904215516,Al2O3+PbO+Fe2O3+K2O+CuO+P2O5+SiO2+SnO2,0.45454545454545453,0,
铅钡,Ward,2,704,-0.008892064626255409,K2O+PbO+Al2O3+MgO+SrO+SO2+SiO2+SnO2+Fe2O3,0.4166666666666667,0,
铅钡,Ward,3,704,0.24761980010271403,K2O+PbO+Al2O3+MgO+SrO+SO2+SiO2+SnO2+Fe2O3,0.4166666666666667,0,
铅钡,Ward,4,704,0.28633615477629987,K2O+PbO+Al2O3+MgO+SrO+SO2+SiO2+SnO2+Fe2O3,0.4166666666666667,0,
铅钡,Ward,5,704,0.3312685160247778,K2O+PbO+Al2O3+MgO+SrO+SO2+SiO2+SnO2+Fe2O3,0.4166666666666667,0,
铅钡,Ward,6,704,0.4025707769920066,K2O+PbO+Al2O3+MgO+SrO+SO2+SiO2+SnO2+Fe2O3,0.4166666666666667,0,
铅钡,Ward,2,705,0.47671665351223363,PbO+BaO+SiO2+CuO+SrO+Fe2O3+K2O,0.6666666666666666,0,
铅钡,Ward,3,705,0.36456531359375627,PbO+BaO+SiO2+CuO+SrO+Fe2O3+K2O,0.6666666666666666,0,
铅钡,Ward,4,705,0.5007769145394007,PbO+BaO+SiO2+CuO+SrO+Fe2O3+K2O,0.6666666666666666,0,
铅钡,Ward,5,705,0.3345008756567426,PbO+BaO+SiO2+CuO+SrO+Fe2O3+K2O,0.6666666666666666,0,
铅钡,Ward,6,705,0.3922139830508475,PbO+BaO+SiO2+CuO+SrO+Fe2O3+K2O,0.6666666666666666,0,
铅钡,Ward,2,706,0.06762295081967214,Na2O+K2O+PbO+SiO2+MgO+BaO+Al2O3+Fe2O3,0.45454545454545453,0,
铅钡,Ward,3,706,0.02072871033230046,Na2O+K2O+PbO+SiO2+MgO+BaO+Al2O3+Fe2O3,0.45454545454545453,0,
铅钡,Ward,4,706,0.16561792096652403,Na2O+K2O+PbO+SiO2+MgO+BaO+Al2O3+Fe2O3,0.45454545454545453,0,
铅钡,Ward,5,706,0.20894578789315632,Na2O+K2O+PbO+SiO2+MgO+BaO+Al2O3+Fe2O3,0.45454545454545453,0,
铅钡,Ward,6,706,0.23472132842418425,Na2O+K2O+PbO+SiO2+MgO+BaO+Al2O3+Fe2O3,0.45454545454545453,0,
铅钡,Ward,2,707,0.805174317715728,CuO+SiO2+CaO+PbO+SrO+Fe2O3+K2O,0.6666666666666666,0,
铅钡,Ward,3,707,0.5069497219400981,CuO+SiO2+CaO+PbO+SrO+Fe2O3+K2O,0.6666666666666666,0,
铅钡,Ward,4,707,0.6451291056391427,CuO+SiO2+CaO+PbO+SrO+Fe2O3+K2O,0.6666666666666666,0,
铅钡,Ward,5,707,0.46644997796386073,CuO+SiO2+CaO+PbO+SrO+Fe2O3+K2O,0.6666666666666666,0,
铅钡,Ward,6,707,0.6261127596439169,CuO+SiO2+CaO+PbO+SrO+Fe2O3+K2O,0.6666666666666666,0,
铅钡,Ward,2,708,-0.016640665626625067,PbO+Fe2O3+Al2O3+BaO+P2O5+SiO2+K2O,0.5,0,
铅钡,Ward,3,708,0.06585906841835865,PbO+Fe2O3+Al2O3+BaO+P2O5+SiO2+K2O,0.5,0,
铅钡,Ward,4,708,0.21007304392204396,PbO+Fe2O3+Al2O3+BaO+P2O5+SiO2+K2O,0.5,0,
铅钡,Ward,5,708,0.2801377726750861,PbO+Fe2O3+Al2O3+BaO+P2O5+SiO2+K2O,0.5,0,
铅钡,Ward,6,708,0.3221904421403885,PbO+Fe2O3+Al2O3+BaO+P2O5+SiO2+K2O,0.5,0,
铅钡,Ward,2,709,,,,1,活动成分SO2在训练集中全缺失
铅钡,Ward,3,709,,,,1,活动成分SO2在训练集中全缺失
铅钡,Ward,4,709,,,,1,活动成分SO2在训练集中全缺失
铅钡,Ward,5,709,,,,1,活动成分SO2在训练集中全缺失
铅钡,Ward,6,709,,,,1,活动成分SO2在训练集中全缺失
铅钡,Ward,2,710,1.0,K2O+Fe2O3+Al2O3+CuO+BaO+SiO2+CaO+SrO,1.0,0,
铅钡,Ward,3,710,0.5645377400625279,K2O+Fe2O3+Al2O3+CuO+BaO+SiO2+CaO+SrO,1.0,0,
铅钡,Ward,4,710,0.573612823674476,K2O+Fe2O3+Al2O3+CuO+BaO+SiO2+CaO+SrO,1.0,0,
铅钡,Ward,5,710,0.405764751552795,K2O+Fe2O3+Al2O3+CuO+BaO+SiO2+CaO+SrO,1.0,0,
铅钡,Ward,6,710,0.49636737779270956,K2O+Fe2O3+Al2O3+CuO+BaO+SiO2+CaO+SrO,1.0,0,
铅钡,Ward,2,711,0.899996055071206,BaO+SiO2+PbO+Fe2O3+CuO+K2O,0.5555555555555556,0,
铅钡,Ward,3,711,0.6471450647858303,BaO+SiO2+PbO+Fe2O3+CuO+K2O,0.5555555555555556,0,
铅钡,Ward,4,711,0.39638101741208603,BaO+SiO2+PbO+Fe2O3+CuO+K2O,0.5555555555555556,0,
铅钡,Ward,5,711,0.2983887952822241,BaO+SiO2+PbO+Fe2O3+CuO+K2O,0.5555555555555556,0,
铅钡,Ward,6,711,0.37251218332651315,BaO+SiO2+PbO+Fe2O3+CuO+K2O,0.5555555555555556,0,
铅钡,Ward,2,712,0.02664820903270462,CuO+K2O+BaO+Fe2O3+Al2O3+PbO+SiO2+SO2,0.6,0,
铅钡,Ward,3,712,0.49955763866845865,CuO+K2O+BaO+Fe2O3+Al2O3+PbO+SiO2+SO2,0.6,0,
铅钡,Ward,4,712,0.490208893692969,CuO+K2O+BaO+Fe2O3+Al2O3+PbO+SiO2+SO2,0.6,0,
铅钡,Ward,5,712,0.3356109213121129,CuO+K2O+BaO+Fe2O3+Al2O3+PbO+SiO2+SO2,0.6,0,
铅钡,Ward,6,712,0.26130861806612254,CuO+K2O+BaO+Fe2O3+Al2O3+PbO+SiO2+SO2,0.6,0,
铅钡,Ward,2,713,0.8997429305912596,CaO+SiO2+CuO+Al2O3+K2O+Fe2O3,0.75,0,
铅钡,Ward,3,713,0.5589300122059706,CaO+SiO2+CuO+Al2O3+K2O+Fe2O3,0.75,0,
铅钡,Ward,4,713,0.9130095354932248,CaO+SiO2+CuO+Al2O3+K2O+Fe2O3,0.75,0,
铅钡,Ward,5,713,0.7597917074946107,CaO+SiO2+CuO+Al2O3+K2O+Fe2O3,0.75,0,
铅钡,Ward,6,713,0.6399500118215287,CaO+SiO2+CuO+Al2O3+K2O+Fe2O3,0.75,0,
铅钡,Ward,2,714,1.0,SiO2+PbO+Fe2O3+CuO+BaO+K2O,0.5555555555555556,0,
铅钡,Ward,3,714,0.8226312375015884,SiO2+PbO+Fe2O3+CuO+BaO+K2O,0.5555555555555556,0,
铅钡,Ward,4,714,0.4709849495141932,SiO2+PbO+Fe2O3+CuO+BaO+K2O,0.5555555555555556,0,
铅钡,Ward,5,714,0.4191898802314628,SiO2+PbO+Fe2O3+CuO+BaO+K2O,0.5555555555555556,0,
铅钡,Ward,6,714,0.43657673055792945,SiO2+PbO+Fe2O3+CuO+BaO+K2O,0.5555555555555556,0,
铅钡,Ward,2,715,0.03697996918335902,BaO+Fe2O3+Al2O3+SiO2+CaO+PbO+P2O5+K2O,0.6,0,
铅钡,Ward,3,715,-0.0015622659276221457,BaO+Fe2O3+Al2O3+SiO2+CaO+PbO+P2O5+K2O,0.6,0,
铅钡,Ward,4,715,0.11779569245578149,BaO+Fe2O3+Al2O3+SiO2+CaO+PbO+P2O5+K2O,0.6,0,
铅钡,Ward,5,715,0.1891404269942867,BaO+Fe2O3+Al2O3+SiO2+CaO+PbO+P2O5+K2O,0.6,0,
铅钡,Ward,6,715,0.16569780960796168,BaO+Fe2O3+Al2O3+SiO2+CaO+PbO+P2O5+K2O,0.6,0,
铅钡,Ward,2,716,0.454691259021652,Al2O3+SrO+Fe2O3+K2O+CuO+SiO2+BaO+Na2O,0.7777777777777778,0,
铅钡,Ward,3,716,0.370096317354851,Al2O3+SrO+Fe2O3+K2O+CuO+SiO2+BaO+Na2O,0.7777777777777778,0,
铅钡,Ward,4,716,0.20717107013486688,Al2O3+SrO+Fe2O3+K2O+CuO+SiO2+BaO+Na2O,0.7777777777777778,0,
铅钡,Ward,5,716,0.14404161924890263,Al2O3+SrO+Fe2O3+K2O+CuO+SiO2+BaO+Na2O,0.7777777777777778,0,
铅钡,Ward,6,716,0.14700084483244158,Al2O3+SrO+Fe2O3+K2O+CuO+SiO2+BaO+Na2O,0.7777777777777778,0,
铅钡,Ward,2,717,0.4080425783560024,K2O+Fe2O3+SiO2+MgO+CuO+BaO+Al2O3+SrO,0.7777777777777778,0,
铅钡,Ward,3,717,0.38711778809023323,K2O+Fe2O3+SiO2+MgO+CuO+BaO+Al2O3+SrO,0.7777777777777778,0,
铅钡,Ward,4,717,0.1888111888111888,K2O+Fe2O3+SiO2+MgO+CuO+BaO+Al2O3+SrO,0.7777777777777778,0,
铅钡,Ward,5,717,0.21168443496801706,K2O+Fe2O3+SiO2+MgO+CuO+BaO+Al2O3+SrO,0.7777777777777778,0,
铅钡,Ward,6,717,0.25810603622872935,K2O+Fe2O3+SiO2+MgO+CuO+BaO+Al2O3+SrO,0.7777777777777778,0,
铅钡,Ward,2,718,0.0018066847335140017,CaO+SiO2+P2O5+MgO+K2O+PbO+SrO+CuO+Fe2O3,0.5454545454545454,0,
铅钡,Ward,3,718,0.5529282487485246,CaO+SiO2+P2O5+MgO+K2O+PbO+SrO+CuO+Fe2O3,0.5454545454545454,0,
铅钡,Ward,4,718,0.3173045273646728,CaO+SiO2+P2O5+MgO+K2O+PbO+SrO+CuO+Fe2O3,0.5454545454545454,0,
铅钡,Ward,5,718,0.3525137700691433,CaO+SiO2+P2O5+MgO+K2O+PbO+SrO+CuO+Fe2O3,0.5454545454545454,0,
铅钡,Ward,6,718,0.4193979462652975,CaO+SiO2+P2O5+MgO+K2O+PbO+SrO+CuO+Fe2O3,0.5454545454545454,0,
铅钡,Ward,2,719,-0.02564102564102564,PbO+SrO+Al2O3+SiO2+CaO+K2O+Fe2O3,0.6666666666666666,0,
铅钡,Ward,3,719,0.0058256342308218535,PbO+SrO+Al2O3+SiO2+CaO+K2O+Fe2O3,0.6666666666666666,0,
铅钡,Ward,4,719,0.06582065591315649,PbO+SrO+Al2O3+SiO2+CaO+K2O+Fe2O3,0.6666666666666666,0,
铅钡,Ward,5,719,0.10623435910128427,PbO+SrO+Al2O3+SiO2+CaO+K2O+Fe2O3,0.6666666666666666,0,
铅钡,Ward,6,719,0.19737357898863192,PbO+SrO+Al2O3+SiO2+CaO+K2O+Fe2O3,0.6666666666666666,0,
铅钡,Ward,2,720,0.13513513513513514,Fe2O3+BaO+PbO+SiO2+SrO+CuO+K2O,0.6666666666666666,0,
铅钡,Ward,3,720,0.269090982108793,Fe2O3+BaO+PbO+SiO2+SrO+CuO+K2O,0.6666666666666666,0,
铅钡,Ward,4,720,0.40840519693280847,Fe2O3+BaO+PbO+SiO2+SrO+CuO+K2O,0.6666666666666666,0,
铅钡,Ward,5,720,0.1889819979380898,Fe2O3+BaO+PbO+SiO2+SrO+CuO+K2O,0.6666666666666666,0,
铅钡,Ward,6,720,0.16785714285714284,Fe2O3+BaO+PbO+SiO2+SrO+CuO+K2O,0.6666666666666666,0,
铅钡,Ward,2,721,0.23578860737170065,K2O+CuO+SiO2+SrO+Al2O3+CaO,0.75,0,
铅钡,Ward,3,721,0.2936199390650167,K2O+CuO+SiO2+SrO+Al2O3+CaO,0.75,0,
铅钡,Ward,4,721,0.13770544566578738,K2O+CuO+SiO2+SrO+Al2O3+CaO,0.75,0,
铅钡,Ward,5,721,0.49378624689312345,K2O+CuO+SiO2+SrO+Al2O3+CaO,0.75,0,
铅钡,Ward,6,721,0.5194391332058637,K2O+CuO+SiO2+SrO+Al2O3+CaO,0.75,0,
铅钡,Ward,2,722,,,,1,活动成分SO2在训练集中全缺失
铅钡,Ward,3,722,,,,1,活动成分SO2在训练集中全缺失
铅钡,Ward,4,722,,,,1,活动成分SO2在训练集中全缺失
铅钡,Ward,5,722,,,,1,活动成分SO2在训练集中全缺失
铅钡,Ward,6,722,,,,1,活动成分SO2在训练集中全缺失
铅钡,Ward,2,723,0.016412822887317005,K2O+PbO+Al2O3+Fe2O3+SiO2+SrO,0.5555555555555556,0,
铅钡,Ward,3,723,0.16209556676043857,K2O+PbO+Al2O3+Fe2O3+SiO2+SrO,0.5555555555555556,0,
铅钡,Ward,4,723,0.12127025592881342,K2O+PbO+Al2O3+Fe2O3+SiO2+SrO,0.5555555555555556,0,
铅钡,Ward,5,723,0.22357082403631606,K2O+PbO+Al2O3+Fe2O3+SiO2+SrO,0.5555555555555556,0,
铅钡,Ward,6,723,0.3211079483249398,K2O+PbO+Al2O3+Fe2O3+SiO2+SrO,0.5555555555555556,0,
铅钡,Ward,2,724,0.47716713434228597,Al2O3+BaO+SiO2+MgO+Fe2O3+K2O,0.5555555555555556,0,
铅钡,Ward,3,724,0.3258900654155044,Al2O3+BaO+SiO2+MgO+Fe2O3+K2O,0.5555555555555556,0,
铅钡,Ward,4,724,0.3396761290823657,Al2O3+BaO+SiO2+MgO+Fe2O3+K2O,0.5555555555555556,0,
铅钡,Ward,5,724,0.28628072957969863,Al2O3+BaO+SiO2+MgO+Fe2O3+K2O,0.5555555555555556,0,
铅钡,Ward,6,724,0.30886174248081,Al2O3+BaO+SiO2+MgO+Fe2O3+K2O,0.5555555555555556,0,
铅钡,Ward,2,725,0.09861325115562404,Al2O3+BaO+PbO+SiO2+Na2O+SrO+K2O,0.5,0,
铅钡,Ward,3,725,0.13296833035301264,Al2O3+BaO+PbO+SiO2+Na2O+SrO+K2O,0.5,0,
铅钡,Ward,4,725,0.28978147122191444,Al2O3+BaO+PbO+SiO2+Na2O+SrO+K2O,0.5,0,
铅钡,Ward,5,725,0.2869198312236287,Al2O3+BaO+PbO+SiO2+Na2O+SrO+K2O,0.5,0,
铅钡,Ward,6,725,0.3140929535232384,Al2O3+BaO+PbO+SiO2+Na2O+SrO+K2O,0.5,0,
铅钡,Ward,2,726,,,,1,活动成分SO2在训练集中全缺失
铅钡,Ward,3,726,,,,1,活动成分SO2在训练集中全缺失
铅钡,Ward,4,726,,,,1,活动成分SO2在训练集中全缺失
铅钡,Ward,5,726,,,,1,活动成分SO2在训练集中全缺失
铅钡,Ward,6,726,,,,1,活动成分SO2在训练集中全缺失
铅钡,Ward,2,727,0.06616936040889626,K2O+PbO+Al2O3+SiO2+CaO+SrO+Fe2O3,0.6666666666666666,0,
铅钡,Ward,3,727,-0.010411687690932895,K2O+PbO+Al2O3+SiO2+CaO+SrO+Fe2O3,0.6666666666666666,0,
铅钡,Ward,4,727,0.019709660668728694,K2O+PbO+Al2O3+SiO2+CaO+SrO+Fe2O3,0.6666666666666666,0,
铅钡,Ward,5,727,0.32675798745894297,K2O+PbO+Al2O3+SiO2+CaO+SrO+Fe2O3,0.6666666666666666,0,
铅钡,Ward,6,727,0.4934599204615986,K2O+PbO+Al2O3+SiO2+CaO+SrO+Fe2O3,0.6666666666666666,0,
铅钡,Ward,2,728,,,,1,活动成分SO2在训练集中全缺失
铅钡,Ward,3,728,,,,1,活动成分SO2在训练集中全缺失
铅钡,Ward,4,728,,,,1,活动成分SO2在训练集中全缺失
铅钡,Ward,5,728,,,,1,活动成分SO2在训练集中全缺失
铅钡,Ward,6,728,,,,1,活动成分SO2在训练集中全缺失
铅钡,Ward,2,729,0.34374507020034706,SiO2+Al2O3+PbO+SrO+K2O+BaO+Fe2O3,0.6666666666666666,0,
铅钡,Ward,3,729,0.22213448421396578,SiO2+Al2O3+PbO+SrO+K2O+BaO+Fe2O3,0.6666666666666666,0,
铅钡,Ward,4,729,0.15806496541264953,SiO2+Al2O3+PbO+SrO+K2O+BaO+Fe2O3,0.6666666666666666,0,
铅钡,Ward,5,729,0.16830327917633756,SiO2+Al2O3+PbO+SrO+K2O+BaO+Fe2O3,0.6666666666666666,0,
铅钡,Ward,6,729,0.2369739822887348,SiO2+Al2O3+PbO+SrO+K2O+BaO+Fe2O3,0.6666666666666666,0,
铅钡,Ward,2,730,0.3441718395901074,SiO2+MgO+BaO+PbO+Fe2O3+SrO+K2O,0.5,0,
铅钡,Ward,3,730,0.2129375672985108,SiO2+MgO+BaO+PbO+Fe2O3+SrO+K2O,0.5,0,
铅钡,Ward,4,730,0.1897849053735654,SiO2+MgO+BaO+PbO+Fe2O3+SrO+K2O,0.5,0,
铅钡,Ward,5,730,0.19202284718524615,SiO2+MgO+BaO+PbO+Fe2O3+SrO+K2O,0.5,0,
铅钡,Ward,6,730,0.2722842372155817,SiO2+MgO+BaO+PbO+Fe2O3+SrO+K2O,0.5,0,
铅钡,Ward,2,731,0.13886351538729455,SiO2+K2O+Al2O3+BaO+PbO+SrO+Fe2O3,0.6666666666666666,0,
铅钡,Ward,3,731,0.1209327155652512,SiO2+K2O+Al2O3+BaO+PbO+SrO+Fe2O3,0.6666666666666666,0,
铅钡,Ward,4,731,0.23856771354270853,SiO2+K2O+Al2O3+BaO+PbO+SrO+Fe2O3,0.6666666666666666,0,
铅钡,Ward,5,731,0.17328058886858116,SiO2+K2O+Al2O3+BaO+PbO+SrO+Fe2O3,0.6666666666666666,0,
铅钡,Ward,6,731,0.15566512910238056,SiO2+K2O+Al2O3+BaO+PbO+SrO+Fe2O3,0.6666666666666666,0,
铅钡,Ward,2,732,0.6308638810561394,Al2O3+CaO+CuO+SiO2+Na2O+Fe2O3,0.5555555555555556,0,
铅钡,Ward,3,732,0.41565608256800957,Al2O3+CaO+CuO+SiO2+Na2O+Fe2O3,0.5555555555555556,0,
铅钡,Ward,4,732,0.5320565063841347,Al2O3+CaO+CuO+SiO2+Na2O+Fe2O3,0.5555555555555556,0,
铅钡,Ward,5,732,0.6051976501045504,Al2O3+CaO+CuO+SiO2+Na2O+Fe2O3,0.5555555555555556,0,
铅钡,Ward,6,732,0.544373342314655,Al2O3+CaO+CuO+SiO2+Na2O+Fe2O3,0.5555555555555556,0,
铅钡,Ward,2,733,-0.02135014632804981,P2O5+SiO2+PbO+SrO+Al2O3+BaO+K2O,0.5,0,
铅钡,Ward,3,733,0.1344553356759756,P2O5+SiO2+PbO+SrO+Al2O3+BaO+K2O,0.5,0,
铅钡,Ward,4,733,0.2385067818989317,P2O5+SiO2+PbO+SrO+Al2O3+BaO+K2O,0.5,0,
铅钡,Ward,5,733,0.2825239680236693,P2O5+SiO2+PbO+SrO+Al2O3+BaO+K2O,0.5,0,
铅钡,Ward,6,733,0.3304361821986158,P2O5+SiO2+PbO+SrO+Al2O3+BaO+K2O,0.5,0,
铅钡,Ward,2,734,1.0,SiO2+CuO+Al2O3+Fe2O3,0.5,0,
铅钡,Ward,3,734,0.8123534010946052,SiO2+CuO+Al2O3+Fe2O3,0.5,0,
铅钡,Ward,4,734,0.5871611659294544,SiO2+CuO+Al2O3+Fe2O3,0.5,0,
铅钡,Ward,5,734,0.42217636320342883,SiO2+CuO+Al2O3+Fe2O3,0.5,0,
铅钡,Ward,6,734,0.40331932726526903,SiO2+CuO+Al2O3+Fe2O3,0.5,0,
铅钡,Ward,2,735,0.7154332592719194,SiO2+MgO+Fe2O3+K2O+PbO+Al2O3+CuO+BaO+SrO,0.7,0,
铅钡,Ward,3,735,0.7338721007245261,SiO2+MgO+Fe2O3+K2O+PbO+Al2O3+CuO+BaO+SrO,0.7,0,
铅钡,Ward,4,735,0.290289707380987,SiO2+MgO+Fe2O3+K2O+PbO+Al2O3+CuO+BaO+SrO,0.7,0,
铅钡,Ward,5,735,0.27878305826207994,SiO2+MgO+Fe2O3+K2O+PbO+Al2O3+CuO+BaO+SrO,0.7,0,
铅钡,Ward,6,735,0.28338462951904086,SiO2+MgO+Fe2O3+K2O+PbO+Al2O3+CuO+BaO+SrO,0.7,0,
铅钡,Ward,2,736,0.28793927099011846,SiO2+SO2+Al2O3+SrO+BaO+MgO+Fe2O3+K2O,0.6,0,
铅钡,Ward,3,736,0.23766477826092922,SiO2+SO2+Al2O3+SrO+BaO+MgO+Fe2O3+K2O,0.6,0,
铅钡,Ward,4,736,0.15059874162776538,SiO2+SO2+Al2O3+SrO+BaO+MgO+Fe2O3+K2O,0.6,0,
铅钡,Ward,5,736,0.20285213721907203,SiO2+SO2+Al2O3+SrO+BaO+MgO+Fe2O3+K2O,0.6,0,
铅钡,Ward,6,736,0.30742467805455553,SiO2+SO2+Al2O3+SrO+BaO+MgO+Fe2O3+K2O,0.6,0,
铅钡,Ward,2,737,-0.01599040575654607,CuO+BaO+PbO+SrO+CaO+Na2O+K2O+MgO,0.45454545454545453,0,
铅钡,Ward,3,737,0.2201590465102512,CuO+BaO+PbO+SrO+CaO+Na2O+K2O+MgO,0.45454545454545453,0,
铅钡,Ward,4,737,0.3448995752645598,CuO+BaO+PbO+SrO+CaO+Na2O+K2O+MgO,0.45454545454545453,0,
铅钡,Ward,5,737,0.34916951318088185,CuO+BaO+PbO+SrO+CaO+Na2O+K2O+MgO,0.45454545454545453,0,
铅钡,Ward,6,737,0.3700830270858854,CuO+BaO+PbO+SrO+CaO+Na2O+K2O+MgO,0.45454545454545453,0,
铅钡,Ward,2,738,0.038423606453903504,K2O+Fe2O3+CaO+SiO2+Al2O3+BaO,0.75,0,
铅钡,Ward,3,738,0.06387733565087839,K2O+Fe2O3+CaO+SiO2+Al2O3+BaO,0.75,0,
铅钡,Ward,4,738,0.18147344320160272,K2O+Fe2O3+CaO+SiO2+Al2O3+BaO,0.75,0,
铅钡,Ward,5,738,0.2338981705623239,K2O+Fe2O3+CaO+SiO2+Al2O3+BaO,0.75,0,
铅钡,Ward,6,738,0.34853273137697516,K2O+Fe2O3+CaO+SiO2+Al2O3+BaO,0.75,0,
铅钡,Ward,2,739,0.7154332592719194,CuO+Al2O3+Fe2O3+SiO2+MgO+K2O+SrO,0.6666666666666666,0,
铅钡,Ward,3,739,0.6875566020648434,CuO+Al2O3+Fe2O3+SiO2+MgO+K2O+SrO,0.6666666666666666,0,
铅钡,Ward,4,739,0.3922062368530148,CuO+Al2O3+Fe2O3+SiO2+MgO+K2O+SrO,0.6666666666666666,0,
铅钡,Ward,5,739,0.36205016357688113,CuO+Al2O3+Fe2O3+SiO2+MgO+K2O+SrO,0.6666666666666666,0,
铅钡,Ward,6,739,0.47792897444407567,CuO+Al2O3+Fe2O3+SiO2+MgO+K2O+SrO,0.6666666666666666,0,
铅钡,Ward,2,740,-0.08428446005267778,BaO+Al2O3+CuO+SrO+SiO2+MgO+PbO,0.5,0,
铅钡,Ward,3,740,0.7054883574327253,BaO+Al2O3+CuO+SrO+SiO2+MgO+PbO,0.5,0,
铅钡,Ward,4,740,0.5887130438603557,BaO+Al2O3+CuO+SrO+SiO2+MgO+PbO,0.5,0,
铅钡,Ward,5,740,0.4597669127547941,BaO+Al2O3+CuO+SrO+SiO2+MgO+PbO,0.5,0,
铅钡,Ward,6,740,0.4710839872130195,BaO+Al2O3+CuO+SrO+SiO2+MgO+PbO,0.5,0,
铅钡,Ward,2,741,0.18797728607793224,CuO+PbO+Fe2O3+SiO2+BaO+K2O+SrO,0.6666666666666666,0,
铅钡,Ward,3,741,0.46469067037994827,CuO+PbO+Fe2O3+SiO2+BaO+K2O+SrO,0.6666666666666666,0,
铅钡,Ward,4,741,0.3088195871682602,CuO+PbO+Fe2O3+SiO2+BaO+K2O+SrO,0.6666666666666666,0,
铅钡,Ward,5,741,0.2859300086828495,CuO+PbO+Fe2O3+SiO2+BaO+K2O+SrO,0.6666666666666666,0,
铅钡,Ward,6,741,0.26047093144405087,CuO+PbO+Fe2O3+SiO2+BaO+K2O+SrO,0.6666666666666666,0,
铅钡,Ward,2,742,0.8015147558109167,PbO+Fe2O3+CuO+SrO+BaO+SiO2+K2O,0.6666666666666666,0,
铅钡,Ward,3,742,0.4637819327976341,PbO+Fe2O3+CuO+SrO+BaO+SiO2+K2O,0.6666666666666666,0,
铅钡,Ward,4,742,0.4158122396667735,PbO+Fe2O3+CuO+SrO+BaO+SiO2+K2O,0.6666666666666666,0,
铅钡,Ward,5,742,0.28245659497279085,PbO+Fe2O3+CuO+SrO+BaO+SiO2+K2O,0.6666666666666666,0,
铅钡,Ward,6,742,0.2266033507629922,PbO+Fe2O3+CuO+SrO+BaO+SiO2+K2O,0.6666666666666666,0,
铅钡,Ward,2,743,0.625,K2O+Fe2O3+Al2O3+SiO2+BaO+CuO,0.75,0,
铅钡,Ward,3,743,0.33132316424263925,K2O+Fe2O3+Al2O3+SiO2+BaO+CuO,0.75,0,
铅钡,Ward,4,743,0.18923163208076277,K2O+Fe2O3+Al2O3+SiO2+BaO+CuO,0.75,0,
铅钡,Ward,5,743,0.17136714303781458,K2O+Fe2O3+Al2O3+SiO2+BaO+CuO,0.75,0,
铅钡,Ward,6,743,0.3217584673280876,K2O+Fe2O3+Al2O3+SiO2+BaO+CuO,0.75,0,
铅钡,Ward,2,744,-0.003861003861003861,K2O+Fe2O3+Al2O3+SiO2+PbO+SrO,0.5555555555555556,0,
铅钡,Ward,3,744,0.06167979002624672,K2O+Fe2O3+Al2O3+SiO2+PbO+SrO,0.5555555555555556,0,
铅钡,Ward,4,744,0.15933120236046225,K2O+Fe2O3+Al2O3+SiO2+PbO+SrO,0.5555555555555556,0,
铅钡,Ward,5,744,0.10573339180004385,K2O+Fe2O3+Al2O3+SiO2+PbO+SrO,0.5555555555555556,0,
铅钡,Ward,6,744,0.19698278459653282,K2O+Fe2O3+Al2O3+SiO2+PbO+SrO,0.5555555555555556,0,
铅钡,Ward,2,745,0.016102646983463743,BaO+CaO+PbO+SrO+SiO2+Fe2O3+K2O,0.6666666666666666,0,
铅钡,Ward,3,745,0.1750424761007963,BaO+CaO+PbO+SrO+SiO2+Fe2O3+K2O,0.6666666666666666,0,
铅钡,Ward,4,745,0.31738451440599325,BaO+CaO+PbO+SrO+SiO2+Fe2O3+K2O,0.6666666666666666,0,
铅钡,Ward,5,745,0.4442054315676257,BaO+CaO+PbO+SrO+SiO2+Fe2O3+K2O,0.6666666666666666,0,
铅钡,Ward,6,745,0.2588193372134458,BaO+CaO+PbO+SrO+SiO2+Fe2O3+K2O,0.6666666666666666,0,
铅钡,Ward,2,746,0.14150943396226415,MgO+SiO2+PbO+SrO+CuO+BaO+Fe2O3,0.5,0,
铅钡,Ward,3,746,0.2139199111495033,MgO+SiO2+PbO+SrO+CuO+BaO+Fe2O3,0.5,0,
铅钡,Ward,4,746,0.1683326669332267,MgO+SiO2+PbO+SrO+CuO+BaO+Fe2O3,0.5,0,
铅钡,Ward,5,746,0.17464721103315817,MgO+SiO2+PbO+SrO+CuO+BaO+Fe2O3,0.5,0,
铅钡,Ward,6,746,0.18045918420422982,MgO+SiO2+PbO+SrO+CuO+BaO+Fe2O3,0.5,0,
铅钡,Ward,2,747,0.2868939483307774,Al2O3+P2O5+SiO2+BaO+CuO+K2O,0.5555555555555556,0,
铅钡,Ward,3,747,0.3646834570304579,Al2O3+P2O5+SiO2+BaO+CuO+K2O,0.5555555555555556,0,
铅钡,Ward,4,747,0.5495235345076523,Al2O3+P2O5+SiO2+BaO+CuO+K2O,0.5555555555555556,0,
铅钡,Ward,5,747,0.4731352623893674,Al2O3+P2O5+SiO2+BaO+CuO+K2O,0.5555555555555556,0,
铅钡,Ward,6,747,0.43606428078477766,Al2O3+P2O5+SiO2+BaO+CuO+K2O,0.5555555555555556,0,
铅钡,Ward,2,748,0.2843613117082988,BaO+SrO+SiO2+Al2O3+MgO+Fe2O3+K2O+PbO,0.6,0,
铅钡,Ward,3,748,0.10621396024033228,BaO+SrO+SiO2+Al2O3+MgO+Fe2O3+K2O+PbO,0.6,0,
铅钡,Ward,4,748,0.12316715542521994,BaO+SrO+SiO2+Al2O3+MgO+Fe2O3+K2O+PbO,0.6,0,
铅钡,Ward,5,748,0.2705712219812003,BaO+SrO+SiO2+Al2O3+MgO+Fe2O3+K2O+PbO,0.6,0,
铅钡,Ward,6,748,0.38822478702940366,BaO+SrO+SiO2+Al2O3+MgO+Fe2O3+K2O+PbO,0.6,0,
铅钡,Ward,2,749,0.008441751911808522,PbO+Fe2O3+SO2+SiO2+BaO+P2O5+CaO+K2O,0.45454545454545453,0,
铅钡,Ward,3,749,0.03846567331054204,PbO+Fe2O3+SO2+SiO2+BaO+P2O5+CaO+K2O,0.45454545454545453,0,
铅钡,Ward,4,749,0.20975684826100338,PbO+Fe2O3+SO2+SiO2+BaO+P2O5+CaO+K2O,0.45454545454545453,0,
铅钡,Ward,5,749,0.25790754257907544,PbO+Fe2O3+SO2+SiO2+BaO+P2O5+CaO+K2O,0.45454545454545453,0,
铅钡,Ward,6,749,0.3005040185260864,PbO+Fe2O3+SO2+SiO2+BaO+P2O5+CaO+K2O,0.45454545454545453,0,
铅钡,Ward,2,750,0.630766803200547,CaO+SiO2+PbO+BaO+K2O,0.4444444444444444,0,
铅钡,Ward,3,750,0.38241444416623244,CaO+SiO2+PbO+BaO+K2O,0.4444444444444444,0,
铅钡,Ward,4,750,0.4978996624604897,CaO+SiO2+PbO+BaO+K2O,0.4444444444444444,0,
铅钡,Ward,5,750,0.6843352829516,CaO+SiO2+PbO+BaO+K2O,0.4444444444444444,0,
铅钡,Ward,6,750,0.49550081132910456,CaO+SiO2+PbO+BaO+K2O,0.4444444444444444,0,
铅钡,Ward,2,751,-0.1016949152542373,Al2O3+CuO+BaO+PbO+SrO+CaO+SiO2+K2O+Fe2O3,0.8888888888888888,0,
铅钡,Ward,3,751,0.15267879930109743,Al2O3+CuO+BaO+PbO+SrO+CaO+SiO2+K2O+Fe2O3,0.8888888888888888,0,
铅钡,Ward,4,751,0.3670128613936865,Al2O3+CuO+BaO+PbO+SrO+CaO+SiO2+K2O+Fe2O3,0.8888888888888888,0,
铅钡,Ward,5,751,0.5142540824799335,Al2O3+CuO+BaO+PbO+SrO+CaO+SiO2+K2O+Fe2O3,0.8888888888888888,0,
铅钡,Ward,6,751,0.502494613901803,Al2O3+CuO+BaO+PbO+SrO+CaO+SiO2+K2O+Fe2O3,0.8888888888888888,0,
铅钡,Ward,2,752,0.3441718395901074,SiO2+MgO+Fe2O3+Al2O3+PbO+SrO+K2O,0.5,0,
铅钡,Ward,3,752,0.18460520982228576,SiO2+MgO+Fe2O3+Al2O3+PbO+SrO+K2O,0.5,0,
铅钡,Ward,4,752,0.19612781110647717,SiO2+MgO+Fe2O3+Al2O3+PbO+SrO+K2O,0.5,0,
铅钡,Ward,5,752,0.23983113697301614,SiO2+MgO+Fe2O3+Al2O3+PbO+SrO+K2O,0.5,0,
铅钡,Ward,6,752,0.251631572466445,SiO2+MgO+Fe2O3+Al2O3+PbO+SrO+K2O,0.5,0,
铅钡,Ward,2,753,0.7155529272619752,Al2O3+SrO+Fe2O3+CuO+BaO+CaO+SiO2+K2O,1.0,0,
铅钡,Ward,3,753,0.5003237868438094,Al2O3+SrO+Fe2O3+CuO+BaO+CaO+SiO2+K2O,1.0,0,
铅钡,Ward,4,753,0.32596732588134136,Al2O3+SrO+Fe2O3+CuO+BaO+CaO+SiO2+K2O,1.0,0,
铅钡,Ward,5,753,0.4600597609561753,Al2O3+SrO+Fe2O3+CuO+BaO+CaO+SiO2+K2O,1.0,0,
铅钡,Ward,6,753,0.4606455266138165,Al2O3+SrO+Fe2O3+CuO+BaO+CaO+SiO2+K2O,1.0,0,
铅钡,Ward,2,754,1.0,PbO+CuO+SrO+CaO+SiO2+Fe2O3+K2O,0.6666666666666666,0,
铅钡,Ward,3,754,0.8727750932778763,PbO+CuO+SrO+CaO+SiO2+Fe2O3+K2O,0.6666666666666666,0,
铅钡,Ward,4,754,0.5042624448165627,PbO+CuO+SrO+CaO+SiO2+Fe2O3+K2O,0.6666666666666666,0,
铅钡,Ward,5,754,0.5716763005780346,PbO+CuO+SrO+CaO+SiO2+Fe2O3+K2O,0.6666666666666666,0,
铅钡,Ward,6,754,0.8472766108935564,PbO+CuO+SrO+CaO+SiO2+Fe2O3+K2O,0.6666666666666666,0,
铅钡,Ward,2,755,-0.04513064133016627,SiO2+SrO+K2O+Al2O3+BaO+Fe2O3+PbO,0.6666666666666666,0,
铅钡,Ward,3,755,0.10230387746134048,SiO2+SrO+K2O+Al2O3+BaO+Fe2O3+PbO,0.6666666666666666,0,
铅钡,Ward,4,755,0.17709637046307886,SiO2+SrO+K2O+Al2O3+BaO+Fe2O3+PbO,0.6666666666666666,0,
铅钡,Ward,5,755,0.2611683848797251,SiO2+SrO+K2O+Al2O3+BaO+Fe2O3+PbO,0.6666666666666666,0,
铅钡,Ward,6,755,0.23100958948389183,SiO2+SrO+K2O+Al2O3+BaO+Fe2O3+PbO,0.6666666666666666,0,
铅钡,Ward,2,756,0.409346603202077,SrO+Al2O3+BaO+MgO+CaO+SiO2,0.5555555555555556,0,
铅钡,Ward,3,756,0.2502230244185805,SrO+Al2O3+BaO+MgO+CaO+SiO2,0.5555555555555556,0,
铅钡,Ward,4,756,0.3986370611065981,SrO+Al2O3+BaO+MgO+CaO+SiO2,0.5555555555555556,0,
铅钡,Ward,5,756,0.5730392156862745,SrO+Al2O3+BaO+MgO+CaO+SiO2,0.5555555555555556,0,
铅钡,Ward,6,756,0.6386430678466076,SrO+Al2O3+BaO+MgO+CaO+SiO2,0.5555555555555556,0,
铅钡,Ward,2,757,0.9000039446175693,PbO+Fe2O3+BaO+SiO2+CuO+K2O,0.5555555555555556,0,
铅钡,Ward,3,757,0.5781766749173202,PbO+Fe2O3+BaO+SiO2+CuO+K2O,0.5555555555555556,0,
铅钡,Ward,4,757,0.295616518598067,PbO+Fe2O3+BaO+SiO2+CuO+K2O,0.5555555555555556,0,
铅钡,Ward,5,757,0.4058361654752139,PbO+Fe2O3+BaO+SiO2+CuO+K2O,0.5555555555555556,0,
铅钡,Ward,6,757,0.4690265486725664,PbO+Fe2O3+BaO+SiO2+CuO+K2O,0.5555555555555556,0,
铅钡,Ward,2,758,0.2868939483307774,CuO+K2O+Fe2O3+CaO+SiO2+SrO+PbO,0.6666666666666666,0,
铅钡,Ward,3,758,0.20030757400999616,CuO+K2O+Fe2O3+CaO+SiO2+SrO+PbO,0.6666666666666666,0,
铅钡,Ward,4,758,0.48573702443743955,CuO+K2O+Fe2O3+CaO+SiO2+SrO+PbO,0.6666666666666666,0,
铅钡,Ward,5,758,0.4426895306859206,CuO+K2O+Fe2O3+CaO+SiO2+SrO+PbO,0.6666666666666666,0,
铅钡,Ward,6,758,0.6060606060606061,CuO+K2O+Fe2O3+CaO+SiO2+SrO+PbO,0.6666666666666666,0,
铅钡,Ward,2,759,0.8015147558109167,CuO+BaO+SiO2+Na2O+Al2O3+PbO+K2O+Fe2O3,0.6,0,
铅钡,Ward,3,759,0.6454862856631294,CuO+BaO+SiO2+Na2O+Al2O3+PbO+K2O+Fe2O3,0.6,0,
铅钡,Ward,4,759,0.3834151035804198,CuO+BaO+SiO2+Na2O+Al2O3+PbO+K2O+Fe2O3,0.6,0,
铅钡,Ward,5,759,0.2528952485995414,CuO+BaO+SiO2+Na2O+Al2O3+PbO+K2O+Fe2O3,0.6,0,
铅钡,Ward,6,759,0.2981427778120565,CuO+BaO+SiO2+Na2O+Al2O3+PbO+K2O+Fe2O3,0.6,0,
铅钡,Ward,2,760,0.8033126293995859,K2O+Fe2O3+Al2O3+SrO+SiO2+CuO+BaO,0.875,0,
铅钡,Ward,3,760,0.8226039492695457,K2O+Fe2O3+Al2O3+SrO+SiO2+CuO+BaO,0.875,0,
铅钡,Ward,4,760,0.4748582506631192,K2O+Fe2O3+Al2O3+SrO+SiO2+CuO+BaO,0.875,0,
铅钡,Ward,5,760,0.3367592147584014,K2O+Fe2O3+Al2O3+SrO+SiO2+CuO+BaO,0.875,0,
铅钡,Ward,6,760,0.41022821006323895,K2O+Fe2O3+Al2O3+SrO+SiO2+CuO+BaO,0.875,0,
铅钡,Ward,2,761,1.0,Al2O3+Fe2O3+CuO+SiO2+BaO+K2O,0.75,0,
铅钡,Ward,3,761,1.0,Al2O3+Fe2O3+CuO+SiO2+BaO+K2O,0.75,0,
铅钡,Ward,4,761,0.771445315361512,Al2O3+Fe2O3+CuO+SiO2+BaO+K2O,0.75,0,
铅钡,Ward,5,761,0.5343283582089552,Al2O3+Fe2O3+CuO+SiO2+BaO+K2O,0.75,0,
铅钡,Ward,6,761,0.5126945126945127,Al2O3+Fe2O3+CuO+SiO2+BaO+K2O,0.75,0,
铅钡,Ward,2,762,0.7944792295051276,SiO2+MgO+SrO+Al2O3+CuO+BaO+K2O,0.6666666666666666,0,
铅钡,Ward,3,762,0.8257407005854639,SiO2+MgO+SrO+Al2O3+CuO+BaO+K2O,0.6666666666666666,0,
铅钡,Ward,4,762,0.3575660797579527,SiO2+MgO+SrO+Al2O3+CuO+BaO+K2O,0.6666666666666666,0,
铅钡,Ward,5,762,0.29021271995026626,SiO2+MgO+SrO+Al2O3+CuO+BaO+K2O,0.6666666666666666,0,
铅钡,Ward,6,762,0.2795040519564617,SiO2+MgO+SrO+Al2O3+CuO+BaO+K2O,0.6666666666666666,0,
铅钡,Ward,2,763,0.3441718395901074,P2O5+CaO+Al2O3+SiO2+BaO+K2O,0.5555555555555556,0,
铅钡,Ward,3,763,0.254515393147904,P2O5+CaO+Al2O3+SiO2+BaO+K2O,0.5555555555555556,0,
铅钡,Ward,4,763,0.17782131661442005,P2O5+CaO+Al2O3+SiO2+BaO+K2O,0.5555555555555556,0,
铅钡,Ward,5,763,0.4441145029100843,P2O5+CaO+Al2O3+SiO2+BaO+K2O,0.5555555555555556,0,
铅钡,Ward,6,763,0.5126945126945127,P2O5+CaO+Al2O3+SiO2+BaO+K2O,0.5555555555555556,0,
铅钡,Ward,2,764,0.47657894736842105,K2O+Fe2O3+Al2O3+PbO+SrO+BaO+SiO2+MgO,0.6,0,
铅钡,Ward,3,764,0.2716002598527501,K2O+Fe2O3+Al2O3+PbO+SrO+BaO+SiO2+MgO,0.6,0,
铅钡,Ward,4,764,0.28096216911707017,K2O+Fe2O3+Al2O3+PbO+SrO+BaO+SiO2+MgO,0.6,0,
铅钡,Ward,5,764,0.40504334121355395,K2O+Fe2O3+Al2O3+PbO+SrO+BaO+SiO2+MgO,0.6,0,
铅钡,Ward,6,764,0.40889414520444134,K2O+Fe2O3+Al2O3+PbO+SrO+BaO+SiO2+MgO,0.6,0,
铅钡,Ward,2,765,0.899996055071206,MgO+CuO+BaO+Fe2O3+SiO2+PbO+SrO+K2O,0.6,0,
铅钡,Ward,3,765,0.6143082036032884,MgO+CuO+BaO+Fe2O3+SiO2+PbO+SrO+K2O,0.6,0,
铅钡,Ward,4,765,0.5119222020185661,MgO+CuO+BaO+Fe2O3+SiO2+PbO+SrO+K2O,0.6,0,
铅钡,Ward,5,765,0.3993786675871591,MgO+CuO+BaO+Fe2O3+SiO2+PbO+SrO+K2O,0.6,0,
铅钡,Ward,6,765,0.37106982027668467,MgO+CuO+BaO+Fe2O3+SiO2+PbO+SrO+K2O,0.6,0,
铅钡,Ward,2,766,1.0,PbO+SrO+MgO+SiO2+CuO+BaO,0.4,0,
铅钡,Ward,3,766,0.7250090656351988,PbO+SrO+MgO+SiO2+CuO+BaO,0.4,0,
铅钡,Ward,4,766,0.6762728363479954,PbO+SrO+MgO+SiO2+CuO+BaO,0.4,0,
铅钡,Ward,5,766,0.5994324858339064,PbO+SrO+MgO+SiO2+CuO+BaO,0.4,0,
铅钡,Ward,6,766,0.5682035033395143,PbO+SrO+MgO+SiO2+CuO+BaO,0.4,0,
铅钡,Ward,2,767,-0.01512432709561651,Al2O3+Fe2O3+BaO+SrO+K2O+PbO+SiO2+P2O5,0.6,0,
铅钡,Ward,3,767,0.1420350510070625,Al2O3+Fe2O3+BaO+SrO+K2O+PbO+SiO2+P2O5,0.6,0,
铅钡,Ward,4,767,0.28108885481141294,Al2O3+Fe2O3+BaO+SrO+K2O+PbO+SiO2+P2O5,0.6,0,
铅钡,Ward,5,767,0.3770279039584685,Al2O3+Fe2O3+BaO+SrO+K2O+PbO+SiO2+P2O5,0.6,0,
铅钡,Ward,6,767,0.35499113998818665,Al2O3+Fe2O3+BaO+SrO+K2O+PbO+SiO2+P2O5,0.6,0,
铅钡,Ward,2,768,0.6305724942276952,PbO+SrO+Fe2O3+CuO+SiO2+MgO+BaO+K2O,0.6,0,
铅钡,Ward,3,768,0.5687165939669472,PbO+SrO+Fe2O3+CuO+SiO2+MgO+BaO+K2O,0.6,0,
铅钡,Ward,4,768,0.48821174377224197,PbO+SrO+Fe2O3+CuO+SiO2+MgO+BaO+K2O,0.6,0,
铅钡,Ward,5,768,0.2912918315940986,PbO+SrO+Fe2O3+CuO+SiO2+MgO+BaO+K2O,0.6,0,
铅钡,Ward,6,768,0.34479305740987987,PbO+SrO+Fe2O3+CuO+SiO2+MgO+BaO+K2O,0.6,0,
铅钡,Ward,2,769,1.0,K2O+Fe2O3+SiO2+MgO+CuO+Al2O3+SrO,0.6666666666666666,0,
铅钡,Ward,3,769,1.0,K2O+Fe2O3+SiO2+MgO+CuO+Al2O3+SrO,0.6666666666666666,0,
铅钡,Ward,4,769,0.6102194320234534,K2O+Fe2O3+SiO2+MgO+CuO+Al2O3+SrO,0.6666666666666666,0,
铅钡,Ward,5,769,0.5144338926001615,K2O+Fe2O3+SiO2+MgO+CuO+Al2O3+SrO,0.6666666666666666,0,
铅钡,Ward,6,769,0.4915418597133929,K2O+Fe2O3+SiO2+MgO+CuO+Al2O3+SrO,0.6666666666666666,0,
铅钡,Ward,2,770,0.8033126293995859,SiO2+CuO+BaO+PbO+Fe2O3+K2O,0.5555555555555556,0,
铅钡,Ward,3,770,0.46967565612314616,SiO2+CuO+BaO+PbO+Fe2O3+K2O,0.5555555555555556,0,
铅钡,Ward,4,770,0.4398609445002081,SiO2+CuO+BaO+PbO+Fe2O3+K2O,0.5555555555555556,0,
铅钡,Ward,5,770,0.2573974637267223,SiO2+CuO+BaO+PbO+Fe2O3+K2O,0.5555555555555556,0,
铅钡,Ward,6,770,0.2735959833178119,SiO2+CuO+BaO+PbO+Fe2O3+K2O,0.5555555555555556,0,
铅钡,Ward,2,771,0.8999407933688574,PbO+Al2O3+CuO+BaO+SrO+SiO2+Na2O+K2O,0.6,0,
铅钡,Ward,3,771,0.7925732521032782,PbO+Al2O3+CuO+BaO+SrO+SiO2+Na2O+K2O,0.6,0,
铅钡,Ward,4,771,0.46550522648083625,PbO+Al2O3+CuO+BaO+SrO+SiO2+Na2O+K2O,0.6,0,
铅钡,Ward,5,771,0.35860965419148366,PbO+Al2O3+CuO+BaO+SrO+SiO2+Na2O+K2O,0.6,0,
铅钡,Ward,6,771,0.41353931219995144,PbO+Al2O3+CuO+BaO+SrO+SiO2+Na2O+K2O,0.6,0,
铅钡,Ward,2,772,-0.06794317479925881,Al2O3+CuO+CaO+SiO2+K2O+PbO+Fe2O3,0.6666666666666666,0,
铅钡,Ward,3,772,0.708120584738057,Al2O3+CuO+CaO+SiO2+K2O+PbO+Fe2O3,0.6666666666666666,0,
铅钡,Ward,4,772,0.48527131782945737,Al2O3+CuO+CaO+SiO2+K2O+PbO+Fe2O3,0.6666666666666666,0,
铅钡,Ward,5,772,0.6743117897939097,Al2O3+CuO+CaO+SiO2+K2O+PbO+Fe2O3,0.6666666666666666,0,
铅钡,Ward,6,772,0.5523122335191866,Al2O3+CuO+CaO+SiO2+K2O+PbO+Fe2O3,0.6666666666666666,0,
铅钡,Ward,2,773,0.2309512541410317,Al2O3+Fe2O3+BaO+SiO2+MgO+PbO+K2O,0.5,0,
铅钡,Ward,3,773,0.18734762768019003,Al2O3+Fe2O3+BaO+SiO2+MgO+PbO+K2O,0.5,0,
铅钡,Ward,4,773,0.3199034182369094,Al2O3+Fe2O3+BaO+SiO2+MgO+PbO+K2O,0.5,0,
铅钡,Ward,5,773,0.2539506515109509,Al2O3+Fe2O3+BaO+SiO2+MgO+PbO+K2O,0.5,0,
铅钡,Ward,6,773,0.29589073354527257,Al2O3+Fe2O3+BaO+SiO2+MgO+PbO+K2O,0.5,0,
铅钡,Ward,2,774,0.34323998973812486,PbO+SiO2+MgO+BaO+CaO+K2O+Fe2O3,0.5,0,
铅钡,Ward,3,774,0.2546431228541981,PbO+SiO2+MgO+BaO+CaO+K2O+Fe2O3,0.5,0,
铅钡,Ward,4,774,0.31350663690261876,PbO+SiO2+MgO+BaO+CaO+K2O+Fe2O3,0.5,0,
铅钡,Ward,5,774,0.3354263328980635,PbO+SiO2+MgO+BaO+CaO+K2O+Fe2O3,0.5,0,
铅钡,Ward,6,774,0.5448577680525164,PbO+SiO2+MgO+BaO+CaO+K2O+Fe2O3,0.5,0,
铅钡,Ward,2,775,0.057971014492753624,BaO+Al2O3+Fe2O3+PbO+SiO2+CaO+MgO+SO2,0.45454545454545453,0,
铅钡,Ward,3,775,0.0983535715829048,BaO+Al2O3+Fe2O3+PbO+SiO2+CaO+MgO+SO2,0.45454545454545453,0,
铅钡,Ward,4,775,0.3034063589882504,BaO+Al2O3+Fe2O3+PbO+SiO2+CaO+MgO+SO2,0.45454545454545453,0,
铅钡,Ward,5,775,0.44855419881639075,BaO+Al2O3+Fe2O3+PbO+SiO2+CaO+MgO+SO2,0.45454545454545453,0,
铅钡,Ward,6,775,0.42044455607183223,BaO+Al2O3+Fe2O3+PbO+SiO2+CaO+MgO+SO2,0.45454545454545453,0,
铅钡,Ward,2,776,0.23155737704918034,K2O+PbO+Al2O3+CaO+SrO,0.4444444444444444,0,
铅钡,Ward,3,776,0.23171699452867225,K2O+PbO+Al2O3+CaO+SrO,0.4444444444444444,0,
铅钡,Ward,4,776,0.43710759904741286,K2O+PbO+Al2O3+CaO+SrO,0.4444444444444444,0,
铅钡,Ward,5,776,0.46617915904936014,K2O+PbO+Al2O3+CaO+SrO,0.4444444444444444,0,
铅钡,Ward,6,776,0.5783447899121409,K2O+PbO+Al2O3+CaO+SrO,0.4444444444444444,0,
铅钡,Ward,2,777,,,,1,活动成分SO2在训练集中全缺失
铅钡,Ward,3,777,,,,1,活动成分SO2在训练集中全缺失
铅钡,Ward,4,777,,,,1,活动成分SO2在训练集中全缺失
铅钡,Ward,5,777,,,,1,活动成分SO2在训练集中全缺失
铅钡,Ward,6,777,,,,1,活动成分SO2在训练集中全缺失
铅钡,Ward,2,778,0.06837556356190813,BaO+Na2O+SiO2+SrO+Al2O3+K2O+Fe2O3+PbO+MgO,0.5454545454545454,0,
铅钡,Ward,3,778,0.1748214758000529,BaO+Na2O+SiO2+SrO+Al2O3+K2O+Fe2O3+PbO+MgO,0.5454545454545454,0,
铅钡,Ward,4,778,0.19027093596059114,BaO+Na2O+SiO2+SrO+Al2O3+K2O+Fe2O3+PbO+MgO,0.5454545454545454,0,
铅钡,Ward,5,778,0.4086114974501623,BaO+Na2O+SiO2+SrO+Al2O3+K2O+Fe2O3+PbO+MgO,0.5454545454545454,0,
铅钡,Ward,6,778,0.3984484870480425,BaO+Na2O+SiO2+SrO+Al2O3+K2O+Fe2O3+PbO+MgO,0.5454545454545454,0,
铅钡,Ward,2,779,0.805174317715728,SiO2+Al2O3+BaO+CuO+K2O,0.625,0,
铅钡,Ward,3,779,0.8132382675321911,SiO2+Al2O3+BaO+CuO+K2O,0.625,0,
铅钡,Ward,4,779,0.37383904272322777,SiO2+Al2O3+BaO+CuO+K2O,0.625,0,
铅钡,Ward,5,779,0.35489737594180304,SiO2+Al2O3+BaO+CuO+K2O,0.625,0,
铅钡,Ward,6,779,0.3433053630062021,SiO2+Al2O3+BaO+CuO+K2O,0.625,0,
铅钡,Ward,2,780,0.18330773169482847,SiO2+SO2+MgO+Al2O3+SrO+K2O+PbO+Fe2O3,0.45454545454545453,0,
铅钡,Ward,3,780,0.06749701977226949,SiO2+SO2+MgO+Al2O3+SrO+K2O+PbO+Fe2O3,0.45454545454545453,0,
铅钡,Ward,4,780,0.14436568783451467,SiO2+SO2+MgO+Al2O3+SrO+K2O+PbO+Fe2O3,0.45454545454545453,0,
铅钡,Ward,5,780,0.14834205933682373,SiO2+SO2+MgO+Al2O3+SrO+K2O+PbO+Fe2O3,0.45454545454545453,0,
铅钡,Ward,6,780,0.24953665724789598,SiO2+SO2+MgO+Al2O3+SrO+K2O+PbO+Fe2O3,0.45454545454545453,0,
铅钡,Ward,2,781,1.0,SiO2+CuO+Al2O3+PbO+BaO+Fe2O3,0.5555555555555556,0,
铅钡,Ward,3,781,0.5944659387850183,SiO2+CuO+Al2O3+PbO+BaO+Fe2O3,0.5555555555555556,0,
铅钡,Ward,4,781,0.42082791906441436,SiO2+CuO+Al2O3+PbO+BaO+Fe2O3,0.5555555555555556,0,
铅钡,Ward,5,781,0.3214189858305028,SiO2+CuO+Al2O3+PbO+BaO+Fe2O3,0.5555555555555556,0,
铅钡,Ward,6,781,0.38699186991869916,SiO2+CuO+Al2O3+PbO+BaO+Fe2O3,0.5555555555555556,0,
铅钡,Ward,2,782,0.01015228426395939,PbO+SrO+K2O+Fe2O3+Al2O3+SO2+SiO2+MgO,0.45454545454545453,0,
铅钡,Ward,3,782,0.6166392404141607,PbO+SrO+K2O+Fe2O3+Al2O3+SO2+SiO2+MgO,0.45454545454545453,0,
铅钡,Ward,4,782,0.4055750264895264,PbO+SrO+K2O+Fe2O3+Al2O3+SO2+SiO2+MgO,0.45454545454545453,0,
铅钡,Ward,5,782,0.40772402695363574,PbO+SrO+K2O+Fe2O3+Al2O3+SO2+SiO2+MgO,0.45454545454545453,0,
铅钡,Ward,6,782,0.4835080252643017,PbO+SrO+K2O+Fe2O3+Al2O3+SO2+SiO2+MgO,0.45454545454545453,0,
铅钡,Ward,2,783,0.7154856264048267,PbO+Fe2O3+CuO+SiO2+BaO+K2O,0.5555555555555556,0,
铅钡,Ward,3,783,0.4907797999276847,PbO+Fe2O3+CuO+SiO2+BaO+K2O,0.5555555555555556,0,
铅钡,Ward,4,783,0.4350374350522169,PbO+Fe2O3+CuO+SiO2+BaO+K2O,0.5555555555555556,0,
铅钡,Ward,5,783,0.40589998730555527,PbO+Fe2O3+CuO+SiO2+BaO+K2O,0.5555555555555556,0,
铅钡,Ward,6,783,0.34382836444692116,PbO+Fe2O3+CuO+SiO2+BaO+K2O,0.5555555555555556,0,
铅钡,Ward,2,784,-0.09692773691042839,K2O+PbO+SrO+SiO2+Na2O+Al2O3+Fe2O3+BaO,0.6,0,
铅钡,Ward,3,784,0.4698855151816824,K2O+PbO+SrO+SiO2+Na2O+Al2O3+Fe2O3+BaO,0.6,0,
铅钡,Ward,4,784,0.4061762813639288,K2O+PbO+SrO+SiO2+Na2O+Al2O3+Fe2O3+BaO,0.6,0,
铅钡,Ward,5,784,0.2827508062407391,K2O+PbO+SrO+SiO2+Na2O+Al2O3+Fe2O3+BaO,0.6,0,
铅钡,Ward,6,784,0.23540655785913836,K2O+PbO+SrO+SiO2+Na2O+Al2O3+Fe2O3+BaO,0.6,0,
铅钡,Ward,2,785,0.09747221013489457,PbO+Fe2O3+BaO+SiO2+Na2O+CuO+K2O,0.5,0,
铅钡,Ward,3,785,0.14988998334327253,PbO+Fe2O3+BaO+SiO2+Na2O+CuO+K2O,0.5,0,
铅钡,Ward,4,785,0.18785620341955284,PbO+Fe2O3+BaO+SiO2+Na2O+CuO+K2O,0.5,0,
铅钡,Ward,5,785,0.15111451489378855,PbO+Fe2O3+BaO+SiO2+Na2O+CuO+K2O,0.5,0,
铅钡,Ward,6,785,0.19101421131609145,PbO+Fe2O3+BaO+SiO2+Na2O+CuO+K2O,0.5,0,
铅钡,Ward,2,786,0.7118878698736806,SiO2+MgO+CuO+BaO+Al2O3+PbO+Fe2O3+K2O,0.6,0,
铅钡,Ward,3,786,0.5325077183616863,SiO2+MgO+CuO+BaO+Al2O3+PbO+Fe2O3+K2O,0.6,0,
铅钡,Ward,4,786,0.2984020461318253,SiO2+MgO+CuO+BaO+Al2O3+PbO+Fe2O3+K2O,0.6,0,
铅钡,Ward,5,786,0.22854303086997194,SiO2+MgO+CuO+BaO+Al2O3+PbO+Fe2O3+K2O,0.6,0,
铅钡,Ward,6,786,0.2730622535393367,SiO2+MgO+CuO+BaO+Al2O3+PbO+Fe2O3+K2O,0.6,0,
铅钡,Ward,2,787,1.0,SiO2+Na2O+CuO+Al2O3+PbO+MgO+SrO,0.36363636363636365,0,
铅钡,Ward,3,787,0.6604266434479756,SiO2+Na2O+CuO+Al2O3+PbO+MgO+SrO,0.36363636363636365,0,
铅钡,Ward,4,787,0.46799580272822666,SiO2+Na2O+CuO+Al2O3+PbO+MgO+SrO,0.36363636363636365,0,
铅钡,Ward,5,787,0.3736577021761855,SiO2+Na2O+CuO+Al2O3+PbO+MgO+SrO,0.36363636363636365,0,
铅钡,Ward,6,787,0.41351654184112757,SiO2+Na2O+CuO+Al2O3+PbO+MgO+SrO,0.36363636363636365,0,
铅钡,Ward,2,788,0.8051166735704283,Al2O3+SrO+CaO+SiO2+CuO+BaO+K2O,0.875,0,
铅钡,Ward,3,788,0.545274838675092,Al2O3+SrO+CaO+SiO2+CuO+BaO+K2O,0.875,0,
铅钡,Ward,4,788,0.3109924478151187,Al2O3+SrO+CaO+SiO2+CuO+BaO+K2O,0.875,0,
铅钡,Ward,5,788,0.32719298245614037,Al2O3+SrO+CaO+SiO2+CuO+BaO+K2O,0.875,0,
铅钡,Ward,6,788,0.4382716049382716,Al2O3+SrO+CaO+SiO2+CuO+BaO+K2O,0.875,0,
铅钡,Ward,2,789,0.28661342984146965,Al2O3+PbO+SrO+SiO2+CaO+K2O+BaO,0.6666666666666666,0,
铅钡,Ward,3,789,0.2154283089003049,Al2O3+PbO+SrO+SiO2+CaO+K2O+BaO,0.6666666666666666,0,
铅钡,Ward,4,789,0.41286386057509233,Al2O3+PbO+SrO+SiO2+CaO+K2O+BaO,0.6666666666666666,0,
铅钡,Ward,5,789,0.46964396574660766,Al2O3+PbO+SrO+SiO2+CaO+K2O+BaO,0.6666666666666666,0,
铅钡,Ward,6,789,0.5487477832086163,Al2O3+PbO+SrO+SiO2+CaO+K2O+BaO,0.6666666666666666,0,
铅钡,Ward,2,790,0.5517241379310345,BaO+K2O+Al2O3+Na2O+SiO2+Fe2O3,0.5555555555555556,0,
铅钡,Ward,3,790,0.3693063853226558,BaO+K2O+Al2O3+Na2O+SiO2+Fe2O3,0.5555555555555556,0,
铅钡,Ward,4,790,0.3703038608761401,BaO+K2O+Al2O3+Na2O+SiO2+Fe2O3,0.5555555555555556,0,
铅钡,Ward,5,790,0.3307742665000298,BaO+K2O+Al2O3+Na2O+SiO2+Fe2O3,0.5555555555555556,0,
铅钡,Ward,6,790,0.36802850198115405,BaO+K2O+Al2O3+Na2O+SiO2+Fe2O3,0.5555555555555556,0,
铅钡,Ward,2,791,0.038423606453903504,Al2O3+SiO2+Fe2O3+PbO+SrO+K2O,0.5555555555555556,0,
铅钡,Ward,3,791,0.028586553732133403,Al2O3+SiO2+Fe2O3+PbO+SrO+K2O,0.5555555555555556,0,
铅钡,Ward,4,791,0.1277314307441122,Al2O3+SiO2+Fe2O3+PbO+SrO+K2O,0.5555555555555556,0,
铅钡,Ward,5,791,0.331331592689295,Al2O3+SiO2+Fe2O3+PbO+SrO+K2O,0.5555555555555556,0,
铅钡,Ward,6,791,0.4329379275717065,Al2O3+SiO2+Fe2O3+PbO+SrO+K2O,0.5555555555555556,0,
铅钡,Ward,2,792,0.47638603696098564,SiO2+PbO+Al2O3+SrO+K2O,0.4444444444444444,0,
铅钡,Ward,3,792,0.31933573090755235,SiO2+PbO+Al2O3+SrO+K2O,0.4444444444444444,0,
铅钡,Ward,4,792,0.5165407467175237,SiO2+PbO+Al2O3+SrO+K2O,0.4444444444444444,0,
铅钡,Ward,5,792,0.6368479862674289,SiO2+PbO+Al2O3+SrO+K2O,0.4444444444444444,0,
铅钡,Ward,6,792,0.7012978268554211,SiO2+PbO+Al2O3+SrO+K2O,0.4444444444444444,0,
铅钡,Ward,2,793,0.0249609984399376,CuO+Al2O3+Fe2O3+PbO+SiO2+SrO+K2O,0.6666666666666666,0,
铅钡,Ward,3,793,0.5715070499908441,CuO+Al2O3+Fe2O3+PbO+SiO2+SrO+K2O,0.6666666666666666,0,
铅钡,Ward,4,793,0.3454211727353904,CuO+Al2O3+Fe2O3+PbO+SiO2+SrO+K2O,0.6666666666666666,0,
铅钡,Ward,5,793,0.4129780354554577,CuO+Al2O3+Fe2O3+PbO+SiO2+SrO+K2O,0.6666666666666666,0,
铅钡,Ward,6,793,0.34426749571727683,CuO+Al2O3+Fe2O3+PbO+SiO2+SrO+K2O,0.6666666666666666,0,
铅钡,Ward,2,794,0.4646606018194542,SiO2+CaO+Fe2O3+K2O+Al2O3+CuO+BaO+SrO,1.0,0,
铅钡,Ward,3,794,0.3885044391812324,SiO2+CaO+Fe2O3+K2O+Al2O3+CuO+BaO+SrO,1.0,0,
铅钡,Ward,4,794,0.4564358649474547,SiO2+CaO+Fe2O3+K2O+Al2O3+CuO+BaO+SrO,1.0,0,
铅钡,Ward,5,794,0.5620661494487545,SiO2+CaO+Fe2O3+K2O+Al2O3+CuO+BaO+SrO,1.0,0,
铅钡,Ward,6,794,0.5638153705487615,SiO2+CaO+Fe2O3+K2O+Al2O3+CuO+BaO+SrO,1.0,0,
铅钡,Ward,2,795,1.0,CuO+K2O+SiO2+SrO+Al2O3+BaO+Fe2O3,0.875,0,
铅钡,Ward,3,795,0.6813596402382206,CuO+K2O+SiO2+SrO+Al2O3+BaO+Fe2O3,0.875,0,
铅钡,Ward,4,795,0.48569625578460246,CuO+K2O+SiO2+SrO+Al2O3+BaO+Fe2O3,0.875,0,
铅钡,Ward,5,795,0.4639330932744802,CuO+K2O+SiO2+SrO+Al2O3+BaO+Fe2O3,0.875,0,
铅钡,Ward,6,795,0.5594943307702333,CuO+K2O+SiO2+SrO+Al2O3+BaO+Fe2O3,0.875,0,
铅钡,Ward,2,796,0.715395842373082,PbO+SrO+SiO2+Fe2O3+CuO+Al2O3+BaO,0.6666666666666666,0,
铅钡,Ward,3,796,0.5974353375548366,PbO+SrO+SiO2+Fe2O3+CuO+Al2O3+BaO,0.6666666666666666,0,
铅钡,Ward,4,796,0.31490305439054916,PbO+SrO+SiO2+Fe2O3+CuO+Al2O3+BaO,0.6666666666666666,0,
铅钡,Ward,5,796,0.2790919331080496,PbO+SrO+SiO2+Fe2O3+CuO+Al2O3+BaO,0.6666666666666666,0,
铅钡,Ward,6,796,0.3377825063674759,PbO+SrO+SiO2+Fe2O3+CuO+Al2O3+BaO,0.6666666666666666,0,
铅钡,Ward,2,797,0.0249609984399376,PbO+SiO2+SrO+CuO+Al2O3+K2O,0.5555555555555556,0,
铅钡,Ward,3,797,0.5651537641377292,PbO+SiO2+SrO+CuO+Al2O3+K2O,0.5555555555555556,0,
铅钡,Ward,4,797,0.5751598387786054,PbO+SiO2+SrO+CuO+Al2O3+K2O,0.5555555555555556,0,
铅钡,Ward,5,797,0.42188915424524415,PbO+SiO2+SrO+CuO+Al2O3+K2O,0.5555555555555556,0,
铅钡,Ward,6,797,0.3583229290671003,PbO+SiO2+SrO+CuO+Al2O3+K2O,0.5555555555555556,0,
铅钡,Ward,2,798,0.5515474078454563,BaO+SiO2+Al2O3+SrO+Fe2O3+K2O+CuO,0.875,0,
铅钡,Ward,3,798,0.3378300403907758,BaO+SiO2+Al2O3+SrO+Fe2O3+K2O+CuO,0.875,0,
铅钡,Ward,4,798,0.2860054493574478,BaO+SiO2+Al2O3+SrO+Fe2O3+K2O+CuO,0.875,0,
铅钡,Ward,5,798,0.3427715200992043,BaO+SiO2+Al2O3+SrO+Fe2O3+K2O+CuO,0.875,0,
铅钡,Ward,6,798,0.36296528977540443,BaO+SiO2+Al2O3+SrO+Fe2O3+K2O+CuO,0.875,0,
铅钡,Ward,2,799,0.3434343434343434,CaO+SiO2+SO2+Al2O3+SrO+CuO+BaO+K2O+Fe2O3,0.8888888888888888,0,
铅钡,Ward,3,799,0.3403672680412371,CaO+SiO2+SO2+Al2O3+SrO+CuO+BaO+K2O+Fe2O3,0.8888888888888888,0,
铅钡,Ward,4,799,0.46357939285423616,CaO+SiO2+SO2+Al2O3+SrO+CuO+BaO+K2O+Fe2O3,0.8888888888888888,0,
铅钡,Ward,5,799,0.44640234948604995,CaO+SiO2+SO2+Al2O3+SrO+CuO+BaO+K2O+Fe2O3,0.8888888888888888,0,
铅钡,Ward,6,799,0.5745377188676157,CaO+SiO2+SO2+Al2O3+SrO+CuO+BaO+K2O+Fe2O3,0.8888888888888888,0,
铅钡,Ward,2,800,1.0,Al2O3+K2O+CuO+SrO+SiO2+Fe2O3+BaO+Na2O,0.7777777777777778,0,
铅钡,Ward,3,800,0.8787554073897687,Al2O3+K2O+CuO+SrO+SiO2+Fe2O3+BaO+Na2O,0.7777777777777778,0,
铅钡,Ward,4,800,0.36507936507936506,Al2O3+K2O+CuO+SrO+SiO2+Fe2O3+BaO+Na2O,0.7777777777777778,0,
铅钡,Ward,5,800,0.3522509280251127,Al2O3+K2O+CuO+SrO+SiO2+Fe2O3+BaO+Na2O,0.7777777777777778,0,
铅钡,Ward,6,800,0.359723350187315,Al2O3+K2O+CuO+SrO+SiO2+Fe2O3+BaO+Na2O,0.7777777777777778,0,
铅钡,Ward,2,801,0.8033126293995859,SiO2+CuO+SrO+Al2O3+Fe2O3+PbO+BaO+K2O,0.7777777777777778,0,
铅钡,Ward,3,801,0.6033752954757847,SiO2+CuO+SrO+Al2O3+Fe2O3+PbO+BaO+K2O,0.7777777777777778,0,
铅钡,Ward,4,801,0.46807526931434645,SiO2+CuO+SrO+Al2O3+Fe2O3+PbO+BaO+K2O,0.7777777777777778,0,
铅钡,Ward,5,801,0.3808248802842284,SiO2+CuO+SrO+Al2O3+Fe2O3+PbO+BaO+K2O,0.7777777777777778,0,
铅钡,Ward,6,801,0.3974906478630781,SiO2+CuO+SrO+Al2O3+Fe2O3+PbO+BaO+K2O,0.7777777777777778,0,
铅钡,Ward,2,802,1.0,CaO+SiO2+CuO+Fe2O3+Al2O3+SrO+K2O+BaO,1.0,0,
铅钡,Ward,3,802,0.6526011053601193,CaO+SiO2+CuO+Fe2O3+Al2O3+SrO+K2O+BaO,1.0,0,
铅钡,Ward,4,802,0.6155631906397995,CaO+SiO2+CuO+Fe2O3+Al2O3+SrO+K2O+BaO,1.0,0,
铅钡,Ward,5,802,0.7372210223182145,CaO+SiO2+CuO+Fe2O3+Al2O3+SrO+K2O+BaO,1.0,0,
铅钡,Ward,6,802,0.8605966075258334,CaO+SiO2+CuO+Fe2O3+Al2O3+SrO+K2O+BaO,1.0,0,
铅钡,Ward,2,803,0.8050820707070707,SiO2+MgO+Al2O3+SrO+CuO+K2O+BaO,0.6666666666666666,0,
铅钡,Ward,3,803,0.4716019943637546,SiO2+MgO+Al2O3+SrO+CuO+K2O+BaO,0.6666666666666666,0,
铅钡,Ward,4,803,0.3637702503681885,SiO2+MgO+Al2O3+SrO+CuO+K2O+BaO,0.6666666666666666,0,
铅钡,Ward,5,803,0.2915398660986001,SiO2+MgO+Al2O3+SrO+CuO+K2O+BaO,0.6666666666666666,0,
铅钡,Ward,6,803,0.2782808487633464,SiO2+MgO+Al2O3+SrO+CuO+K2O+BaO,0.6666666666666666,0,
铅钡,Ward,2,804,0.23155737704918034,CaO+SiO2+MgO+BaO+Al2O3+Fe2O3+PbO+K2O,0.6,0,
铅钡,Ward,3,804,0.17916411010116864,CaO+SiO2+MgO+BaO+Al2O3+Fe2O3+PbO+K2O,0.6,0,
铅钡,Ward,4,804,0.4053811659192825,CaO+SiO2+MgO+BaO+Al2O3+Fe2O3+PbO+K2O,0.6,0,
铅钡,Ward,5,804,0.4204218600191755,CaO+SiO2+MgO+BaO+Al2O3+Fe2O3+PbO+K2O,0.6,0,
铅钡,Ward,6,804,0.4397844276217837,CaO+SiO2+MgO+BaO+Al2O3+Fe2O3+PbO+K2O,0.6,0,
铅钡,Ward,2,805,0.2843613117082988,SiO2+BaO+PbO+SrO+K2O,0.4444444444444444,0,
铅钡,Ward,3,805,0.45051166929579745,SiO2+BaO+PbO+SrO+K2O,0.4444444444444444,0,
铅钡,Ward,4,805,0.4204011889206381,SiO2+BaO+PbO+SrO+K2O,0.4444444444444444,0,
铅钡,Ward,5,805,0.3210925519127948,SiO2+BaO+PbO+SrO+K2O,0.4444444444444444,0,
铅钡,Ward,6,805,0.36280516542558205,SiO2+BaO+PbO+SrO+K2O,0.4444444444444444,0,
铅钡,Ward,2,806,0.899996055071206,Al2O3+SrO+Fe2O3+MgO+SiO2+BaO+CuO,0.6666666666666666,0,
铅钡,Ward,3,806,0.7202392037577338,Al2O3+SrO+Fe2O3+MgO+SiO2+BaO+CuO,0.6666666666666666,0,
铅钡,Ward,4,806,0.6779883655470069,Al2O3+SrO+Fe2O3+MgO+SiO2+BaO+CuO,0.6666666666666666,0,
铅钡,Ward,5,806,0.4159277489110285,Al2O3+SrO+Fe2O3+MgO+SiO2+BaO+CuO,0.6666666666666666,0,
铅钡,Ward,6,806,0.39145259629554713,Al2O3+SrO+Fe2O3+MgO+SiO2+BaO+CuO,0.6666666666666666,0,
铅钡,Ward,2,807,-0.04513064133016627,PbO+SrO+Fe2O3+CaO+BaO+SiO2+CuO+K2O,0.7777777777777778,0,
铅钡,Ward,3,807,0.20802262792491644,PbO+SrO+Fe2O3+CaO+BaO+SiO2+CuO+K2O,0.7777777777777778,0,
铅钡,Ward,4,807,0.20841347137537342,PbO+SrO+Fe2O3+CaO+BaO+SiO2+CuO+K2O,0.7777777777777778,0,
铅钡,Ward,5,807,0.3366686871793944,PbO+SrO+Fe2O3+CaO+BaO+SiO2+CuO+K2O,0.7777777777777778,0,
铅钡,Ward,6,807,0.369728801575678,PbO+SrO+Fe2O3+CaO+BaO+SiO2+CuO+K2O,0.7777777777777778,0,
铅钡,Ward,2,808,0.8891609461763805,K2O+Fe2O3+CuO+BaO+Al2O3+PbO+SiO2+MgO,0.6,0,
铅钡,Ward,3,808,0.4601031374247136,K2O+Fe2O3+CuO+BaO+Al2O3+PbO+SiO2+MgO,0.6,0,
铅钡,Ward,4,808,0.29439516313724295,K2O+Fe2O3+CuO+BaO+Al2O3+PbO+SiO2+MgO,0.6,0,
铅钡,Ward,5,808,0.36269380000965984,K2O+Fe2O3+CuO+BaO+Al2O3+PbO+SiO2+MgO,0.6,0,
铅钡,Ward,6,808,0.41143242559649273,K2O+Fe2O3+CuO+BaO+Al2O3+PbO+SiO2+MgO,0.6,0,
铅钡,Ward,2,809,0.10392364793213149,PbO+SrO+MgO+CuO+BaO+SiO2+Na2O+Fe2O3+K2O,0.5454545454545454,0,
铅钡,Ward,3,809,0.6604688763136621,PbO+SrO+MgO+CuO+BaO+SiO2+Na2O+Fe2O3+K2O,0.5454545454545454,0,
铅钡,Ward,4,809,0.4241278859811734,PbO+SrO+MgO+CuO+BaO+SiO2+Na2O+Fe2O3+K2O,0.5454545454545454,0,
铅钡,Ward,5,809,0.3172931472443417,PbO+SrO+MgO+CuO+BaO+SiO2+Na2O+Fe2O3+K2O,0.5454545454545454,0,
铅钡,Ward,6,809,0.3283582089552239,PbO+SrO+MgO+CuO+BaO+SiO2+Na2O+Fe2O3+K2O,0.5454545454545454,0,
铅钡,Ward,2,810,1.0,Al2O3+Fe2O3+CuO+CaO+SiO2+K2O,0.75,0,
铅钡,Ward,3,810,0.7678618534526491,Al2O3+Fe2O3+CuO+CaO+SiO2+K2O,0.75,0,
铅钡,Ward,4,810,0.636518970137082,Al2O3+Fe2O3+CuO+CaO+SiO2+K2O,0.75,0,
铅钡,Ward,5,810,0.6422402435811108,Al2O3+Fe2O3+CuO+CaO+SiO2+K2O,0.75,0,
铅钡,Ward,6,810,0.8357576999248788,Al2O3+Fe2O3+CuO+CaO+SiO2+K2O,0.75,0,
铅钡,Ward,2,811,-0.062111801242236024,SiO2+SrO+CuO+BaO+Al2O3+Fe2O3+K2O,0.875,0,
铅钡,Ward,3,811,0.747417846710158,SiO2+SrO+CuO+BaO+Al2O3+Fe2O3+K2O,0.875,0,
铅钡,Ward,4,811,0.40498107804029865,SiO2+SrO+CuO+BaO+Al2O3+Fe2O3+K2O,0.875,0,
铅钡,Ward,5,811,0.2684766214177979,SiO2+SrO+CuO+BaO+Al2O3+Fe2O3+K2O,0.875,0,
铅钡,Ward,6,811,0.3199576215070852,SiO2+SrO+CuO+BaO+Al2O3+Fe2O3+K2O,0.875,0,
铅钡,Ward,2,812,0.18285714285714286,BaO+SiO2+CaO+Al2O3+Fe2O3+K2O,0.75,0,
铅钡,Ward,3,812,0.11983396135168356,BaO+SiO2+CaO+Al2O3+Fe2O3+K2O,0.75,0,
铅钡,Ward,4,812,0.05351185646019295,BaO+SiO2+CaO+Al2O3+Fe2O3+K2O,0.75,0,
铅钡,Ward,5,812,0.29085422469823585,BaO+SiO2+CaO+Al2O3+Fe2O3+K2O,0.75,0,
铅钡,Ward,6,812,0.33858062271699424,BaO+SiO2+CaO+Al2O3+Fe2O3+K2O,0.75,0,
铅钡,Ward,2,813,0.5514413028904925,SiO2+CaO+Al2O3+PbO+SrO+CuO+K2O,0.6666666666666666,0,
铅钡,Ward,3,813,0.4484453628630862,SiO2+CaO+Al2O3+PbO+SrO+CuO+K2O,0.6666666666666666,0,
铅钡,Ward,4,813,0.44269165000842947,SiO2+CaO+Al2O3+PbO+SrO+CuO+K2O,0.6666666666666666,0,
铅钡,Ward,5,813,0.36543741737466373,SiO2+CaO+Al2O3+PbO+SrO+CuO+K2O,0.6666666666666666,0,
铅钡,Ward,6,813,0.3614374568071873,SiO2+CaO+Al2O3+PbO+SrO+CuO+K2O,0.6666666666666666,0,
铅钡,Ward,2,814,0.2843613117082988,Al2O3+SrO+K2O+CaO+SiO2+BaO+Fe2O3+MgO,0.7777777777777778,0,
铅钡,Ward,3,814,0.1316019478087152,Al2O3+SrO+K2O+CaO+SiO2+BaO+Fe2O3+MgO,0.7777777777777778,0,
铅钡,Ward,4,814,0.23828125,Al2O3+SrO+K2O+CaO+SiO2+BaO+Fe2O3+MgO,0.7777777777777778,0,
铅钡,Ward,5,814,0.3781887755102041,Al2O3+SrO+K2O+CaO+SiO2+BaO+Fe2O3+MgO,0.7777777777777778,0,
铅钡,Ward,6,814,0.31920594324686397,Al2O3+SrO+K2O+CaO+SiO2+BaO+Fe2O3+MgO,0.7777777777777778,0,
铅钡,Ward,2,815,0.2857142857142857,K2O+Fe2O3+Al2O3+SrO+BaO+SiO2+MgO+CuO,0.7777777777777778,0,
铅钡,Ward,3,815,0.20201338162175433,K2O+Fe2O3+Al2O3+SrO+BaO+SiO2+MgO+CuO,0.7777777777777778,0,
铅钡,Ward,4,815,0.2339635773112168,K2O+Fe2O3+Al2O3+SrO+BaO+SiO2+MgO+CuO,0.7777777777777778,0,
铅钡,Ward,5,815,0.2554861091990418,K2O+Fe2O3+Al2O3+SrO+BaO+SiO2+MgO+CuO,0.7777777777777778,0,
铅钡,Ward,6,815,0.368453013511462,K2O+Fe2O3+Al2O3+SrO+BaO+SiO2+MgO+CuO,0.7777777777777778,0,
铅钡,Ward,2,816,0.8050243719535058,Fe2O3+CuO+MgO+SiO2+CaO+Al2O3+BaO+SrO+K2O,0.8888888888888888,0,
铅钡,Ward,3,816,0.6002316340182512,Fe2O3+CuO+MgO+SiO2+CaO+Al2O3+BaO+SrO+K2O,0.8888888888888888,0,
铅钡,Ward,4,816,0.6328181489515546,Fe2O3+CuO+MgO+SiO2+CaO+Al2O3+BaO+SrO+K2O,0.8888888888888888,0,
铅钡,Ward,5,816,0.7254882522058095,Fe2O3+CuO+MgO+SiO2+CaO+Al2O3+BaO+SrO+K2O,0.8888888888888888,0,
铅钡,Ward,6,816,0.6973293768545994,Fe2O3+CuO+MgO+SiO2+CaO+Al2O3+BaO+SrO+K2O,0.8888888888888888,0,
铅钡,Ward,2,817,0.03576090826377626,Al2O3+BaO+Fe2O3+SrO+SiO2+MgO+K2O+PbO,0.6,0,
铅钡,Ward,3,817,0.1478341796993546,Al2O3+BaO+Fe2O3+SrO+SiO2+MgO+K2O+PbO,0.6,0,
铅钡,Ward,4,817,0.11806543385490754,Al2O3+BaO+Fe2O3+SrO+SiO2+MgO+K2O+PbO,0.6,0,
铅钡,Ward,5,817,0.264339890969424,Al2O3+BaO+Fe2O3+SrO+SiO2+MgO+K2O+PbO,0.6,0,
铅钡,Ward,6,817,0.2676514772158237,Al2O3+BaO+Fe2O3+SrO+SiO2+MgO+K2O+PbO,0.6,0,
铅钡,Ward,2,818,0.6311475409836066,BaO+SiO2+CuO+K2O+PbO+Fe2O3+SrO,0.6666666666666666,0,
铅钡,Ward,3,818,0.3510594043876458,BaO+SiO2+CuO+K2O+PbO+Fe2O3+SrO,0.6666666666666666,0,
铅钡,Ward,4,818,0.25358539765319427,BaO+SiO2+CuO+K2O+PbO+Fe2O3+SrO,0.6666666666666666,0,
铅钡,Ward,5,818,0.24033788474890072,BaO+SiO2+CuO+K2O+PbO+Fe2O3+SrO,0.6666666666666666,0,
铅钡,Ward,6,818,0.24864539434075858,BaO+SiO2+CuO+K2O+PbO+Fe2O3+SrO,0.6666666666666666,0,
铅钡,Ward,2,819,0.6308056404693817,PbO+Fe2O3+SiO2+MgO+BaO+Na2O+CuO+K2O,0.45454545454545453,0,
铅钡,Ward,3,819,0.35913491164251493,PbO+Fe2O3+SiO2+MgO+BaO+Na2O+CuO+K2O,0.45454545454545453,0,
铅钡,Ward,4,819,0.41613143442241457,PbO+Fe2O3+SiO2+MgO+BaO+Na2O+CuO+K2O,0.45454545454545453,0,
铅钡,Ward,5,819,0.2582105480583861,PbO+Fe2O3+SiO2+MgO+BaO+Na2O+CuO+K2O,0.45454545454545453,0,
铅钡,Ward,6,819,0.2610794798799723,PbO+Fe2O3+SiO2+MgO+BaO+Na2O+CuO+K2O,0.45454545454545453,0,
铅钡,Ward,2,820,1.0,Al2O3+PbO+K2O+CuO+SO2+SiO2+MgO,0.36363636363636365,0,
铅钡,Ward,3,820,0.50108771497763,Al2O3+PbO+K2O+CuO+SO2+SiO2+MgO,0.36363636363636365,0,
铅钡,Ward,4,820,0.5360060324242805,Al2O3+PbO+K2O+CuO+SO2+SiO2+MgO,0.36363636363636365,0,
铅钡,Ward,5,820,0.3509562339095256,Al2O3+PbO+K2O+CuO+SO2+SiO2+MgO,0.36363636363636365,0,
铅钡,Ward,6,820,0.30284466432187995,Al2O3+PbO+K2O+CuO+SO2+SiO2+MgO,0.36363636363636365,0,
铅钡,Ward,2,821,0.18414322250639387,PbO+BaO+Al2O3+Na2O+SiO2+SO2+P2O5+MgO+K2O,0.3076923076923077,0,
铅钡,Ward,3,821,0.25367316129306616,PbO+BaO+Al2O3+Na2O+SiO2+SO2+P2O5+MgO+K2O,0.3076923076923077,0,
铅钡,Ward,4,821,0.32972295573557714,PbO+BaO+Al2O3+Na2O+SiO2+SO2+P2O5+MgO+K2O,0.3076923076923077,0,
铅钡,Ward,5,821,0.4016433955269986,PbO+BaO+Al2O3+Na2O+SiO2+SO2+P2O5+MgO+K2O,0.3076923076923077,0,
铅钡,Ward,6,821,0.4477446984872556,PbO+BaO+Al2O3+Na2O+SiO2+SO2+P2O5+MgO+K2O,0.3076923076923077,0,
铅钡,Ward,2,822,0.5515474078454563,K2O+CuO+Al2O3+SrO+SiO2+Na2O+BaO+Fe2O3,0.7777777777777778,0,
铅钡,Ward,3,822,0.4845258629235314,K2O+CuO+Al2O3+SrO+SiO2+Na2O+BaO+Fe2O3,0.7777777777777778,0,
铅钡,Ward,4,822,0.2158422716127959,K2O+CuO+Al2O3+SrO+SiO2+Na2O+BaO+Fe2O3,0.7777777777777778,0,
铅钡,Ward,5,822,0.18319446074404414,K2O+CuO+Al2O3+SrO+SiO2+Na2O+BaO+Fe2O3,0.7777777777777778,0,
铅钡,Ward,6,822,0.22716696900386465,K2O+CuO+Al2O3+SrO+SiO2+Na2O+BaO+Fe2O3,0.7777777777777778,0,
铅钡,Ward,2,823,-0.011136644864769313,CaO+P2O5+Na2O+CuO+SiO2+SrO+K2O,0.5,0,
铅钡,Ward,3,823,-0.014304291287386216,CaO+P2O5+Na2O+CuO+SiO2+SrO+K2O,0.5,0,
铅钡,Ward,4,823,0.1529332736229288,CaO+P2O5+Na2O+CuO+SiO2+SrO+K2O,0.5,0,
铅钡,Ward,5,823,0.21719694977649223,CaO+P2O5+Na2O+CuO+SiO2+SrO+K2O,0.5,0,
铅钡,Ward,6,823,0.33806836608938184,CaO+P2O5+Na2O+CuO+SiO2+SrO+K2O,0.5,0,
铅钡,Ward,2,824,0.40860215053763443,PbO+K2O+SiO2+Al2O3+BaO+Fe2O3,0.5555555555555556,0,
铅钡,Ward,3,824,0.47307832824380125,PbO+K2O+SiO2+Al2O3+BaO+Fe2O3,0.5555555555555556,0,
铅钡,Ward,4,824,0.40729009190603027,PbO+K2O+SiO2+Al2O3+BaO+Fe2O3,0.5555555555555556,0,
铅钡,Ward,5,824,0.3388149529541409,PbO+K2O+SiO2+Al2O3+BaO+Fe2O3,0.5555555555555556,0,
铅钡,Ward,6,824,0.49066099233289423,PbO+K2O+SiO2+Al2O3+BaO+Fe2O3,0.5555555555555556,0,
铅钡,Ward,2,825,1.0,SiO2+CaO+K2O+CuO+Al2O3+SrO+Fe2O3,0.875,0,
铅钡,Ward,3,825,0.6779237658144305,SiO2+CaO+K2O+CuO+Al2O3+SrO+Fe2O3,0.875,0,
铅钡,Ward,4,825,0.4370660913904687,SiO2+CaO+K2O+CuO+Al2O3+SrO+Fe2O3,0.875,0,
铅钡,Ward,5,825,0.3564417468822609,SiO2+CaO+K2O+CuO+Al2O3+SrO+Fe2O3,0.875,0,
铅钡,Ward,6,825,0.4149112279104416,SiO2+CaO+K2O+CuO+Al2O3+SrO+Fe2O3,0.875,0,
铅钡,Ward,2,826,0.8050243719535058,Al2O3+PbO+SrO+SiO2+CuO+Fe2O3,0.5555555555555556,0,
铅钡,Ward,3,826,0.5901293636910483,Al2O3+PbO+SrO+SiO2+CuO+Fe2O3,0.5555555555555556,0,
铅钡,Ward,4,826,0.38031152947974095,Al2O3+PbO+SrO+SiO2+CuO+Fe2O3,0.5555555555555556,0,
铅钡,Ward,5,826,0.4551785769313735,Al2O3+PbO+SrO+SiO2+CuO+Fe2O3,0.5555555555555556,0,
铅钡,Ward,6,826,0.6123122803280434,Al2O3+PbO+SrO+SiO2+CuO+Fe2O3,0.5555555555555556,0,
铅钡,Ward,2,827,0.4750593824228028,K2O+PbO+Fe2O3+Al2O3+SrO+SiO2+Na2O,0.5,0,
铅钡,Ward,3,827,0.4083968184716582,K2O+PbO+Fe2O3+Al2O3+SrO+SiO2+Na2O,0.5,0,
铅钡,Ward,4,827,0.3055427232334092,K2O+PbO+Fe2O3+Al2O3+SrO+SiO2+Na2O,0.5,0,
铅钡,Ward,5,827,0.343598522736016,K2O+PbO+Fe2O3+Al2O3+SrO+SiO2+Na2O,0.5,0,
铅钡,Ward,6,827,0.37324226597026916,K2O+PbO+Fe2O3+Al2O3+SrO+SiO2+Na2O,0.5,0,
铅钡,Ward,2,828,0.4750593824228028,CaO+SiO2+MgO+K2O+Fe2O3+Al2O3+CuO+BaO+SrO,0.8888888888888888,0,
铅钡,Ward,3,828,0.5246800731261426,CaO+SiO2+MgO+K2O+Fe2O3+Al2O3+CuO+BaO+SrO,0.8888888888888888,0,
铅钡,Ward,4,828,0.47112241191427534,CaO+SiO2+MgO+K2O+Fe2O3+Al2O3+CuO+BaO+SrO,0.8888888888888888,0,
铅钡,Ward,5,828,0.5243243243243243,CaO+SiO2+MgO+K2O+Fe2O3+Al2O3+CuO+BaO+SrO,0.8888888888888888,0,
铅钡,Ward,6,828,0.7040211604781197,CaO+SiO2+MgO+K2O+Fe2O3+Al2O3+CuO+BaO+SrO,0.8888888888888888,0,
铅钡,Ward,2,829,0.8050513022888713,Al2O3+CuO+SrO+Fe2O3+CaO+SiO2+K2O,0.875,0,
铅钡,Ward,3,829,0.6891319883458853,Al2O3+CuO+SrO+Fe2O3+CaO+SiO2+K2O,0.875,0,
铅钡,Ward,4,829,0.5366554543226928,Al2O3+CuO+SrO+Fe2O3+CaO+SiO2+K2O,0.875,0,
铅钡,Ward,5,829,0.5518190340823177,Al2O3+CuO+SrO+Fe2O3+CaO+SiO2+K2O,0.875,0,
铅钡,Ward,6,829,0.6839163884453476,Al2O3+CuO+SrO+Fe2O3+CaO+SiO2+K2O,0.875,0,
铅钡,Ward,2,830,0.9000039446175693,CuO+MgO+SiO2+SrO+Al2O3+BaO+Fe2O3+PbO,0.6,0,
铅钡,Ward,3,830,0.6179286577824715,CuO+MgO+SiO2+SrO+Al2O3+BaO+Fe2O3+PbO,0.6,0,
铅钡,Ward,4,830,0.40328351925910333,CuO+MgO+SiO2+SrO+Al2O3+BaO+Fe2O3+PbO,0.6,0,
铅钡,Ward,5,830,0.3720923701921727,CuO+MgO+SiO2+SrO+Al2O3+BaO+Fe2O3+PbO,0.6,0,
铅钡,Ward,6,830,0.2980847595762021,CuO+MgO+SiO2+SrO+Al2O3+BaO+Fe2O3+PbO,0.6,0,
铅钡,Ward,2,831,0.06570841889117043,K2O+BaO+CuO+SiO2+P2O5+MgO+SrO+Fe2O3,0.6,0,
铅钡,Ward,3,831,0.18097719176989738,K2O+BaO+CuO+SiO2+P2O5+MgO+SrO+Fe2O3,0.6,0,
铅钡,Ward,4,831,0.3836983642916551,K2O+BaO+CuO+SiO2+P2O5+MgO+SrO+Fe2O3,0.6,0,
铅钡,Ward,5,831,0.3064388961892247,K2O+BaO+CuO+SiO2+P2O5+MgO+SrO+Fe2O3,0.6,0,
铅钡,Ward,6,831,0.47242677139584355,K2O+BaO+CuO+SiO2+P2O5+MgO+SrO+Fe2O3,0.6,0,
铅钡,Ward,2,832,0.8050243719535058,CaO+SiO2+PbO+Fe2O3+CuO,0.4444444444444444,0,
铅钡,Ward,3,832,0.5810186916523312,CaO+SiO2+PbO+Fe2O3+CuO,0.4444444444444444,0,
铅钡,Ward,4,832,0.7159224553283509,CaO+SiO2+PbO+Fe2O3+CuO,0.4444444444444444,0,
铅钡,Ward,5,832,0.6909949718116715,CaO+SiO2+PbO+Fe2O3+CuO,0.4444444444444444,0,
铅钡,Ward,6,832,0.6493074974504063,CaO+SiO2+PbO+Fe2O3+CuO,0.4444444444444444,0,
铅钡,Ward,2,833,0.630766803200547,Al2O3+CuO+BaO+CaO+SiO2+Fe2O3+K2O,0.875,0,
铅钡,Ward,3,833,0.4318468042233674,Al2O3+CuO+BaO+CaO+SiO2+Fe2O3+K2O,0.875,0,
铅钡,Ward,4,833,0.2493617427405693,Al2O3+CuO+BaO+CaO+SiO2+Fe2O3+K2O,0.875,0,
铅钡,Ward,5,833,0.39623090892851826,Al2O3+CuO+BaO+CaO+SiO2+Fe2O3+K2O,0.875,0,
铅钡,Ward,6,833,0.3843999066262047,Al2O3+CuO+BaO+CaO+SiO2+Fe2O3+K2O,0.875,0,
铅钡,Ward,2,834,1.0,CaO+SiO2+SnO2+K2O+CuO+BaO+Al2O3+Fe2O3,0.7777777777777778,0,
铅钡,Ward,3,834,0.6211225696001305,CaO+SiO2+SnO2+K2O+CuO+BaO+Al2O3+Fe2O3,0.7777777777777778,0,
铅钡,Ward,4,834,0.6766589719413467,CaO+SiO2+SnO2+K2O+CuO+BaO+Al2O3+Fe2O3,0.7777777777777778,0,
铅钡,Ward,5,834,0.729724667540738,CaO+SiO2+SnO2+K2O+CuO+BaO+Al2O3+Fe2O3,0.7777777777777778,0,
铅钡,Ward,6,834,0.9535372351947321,CaO+SiO2+SnO2+K2O+CuO+BaO+Al2O3+Fe2O3,0.7777777777777778,0,
铅钡,Ward,2,835,0.09395973154362416,Al2O3+CuO+SiO2+Na2O+PbO+SrO+BaO+Fe2O3+K2O,0.7,0,
铅钡,Ward,3,835,0.26055625278328814,Al2O3+CuO+SiO2+Na2O+PbO+SrO+BaO+Fe2O3+K2O,0.7,0,
铅钡,Ward,4,835,0.35004472169346146,Al2O3+CuO+SiO2+Na2O+PbO+SrO+BaO+Fe2O3+K2O,0.7,0,
铅钡,Ward,5,835,0.1845612970129246,Al2O3+CuO+SiO2+Na2O+PbO+SrO+BaO+Fe2O3+K2O,0.7,0,
铅钡,Ward,6,835,0.17235106866757616,Al2O3+CuO+SiO2+Na2O+PbO+SrO+BaO+Fe2O3+K2O,0.7,0,
铅钡,Ward,2,836,1.0,K2O+BaO+PbO+Al2O3+Fe2O3+CuO+SO2+SiO2,0.6,0,
铅钡,Ward,3,836,0.6455466112698001,K2O+BaO+PbO+Al2O3+Fe2O3+CuO+SO2+SiO2,0.6,0,
铅钡,Ward,4,836,0.7191438287657531,K2O+BaO+PbO+Al2O3+Fe2O3+CuO+SO2+SiO2,0.6,0,
铅钡,Ward,5,836,0.4702194357366771,K2O+BaO+PbO+Al2O3+Fe2O3+CuO+SO2+SiO2,0.6,0,
铅钡,Ward,6,836,0.40890302066772655,K2O+BaO+PbO+Al2O3+Fe2O3+CuO+SO2+SiO2,0.6,0,
铅钡,Ward,2,837,0.630747381501864,SiO2+MgO+Al2O3+Fe2O3+CuO+BaO,0.5555555555555556,0,
铅钡,Ward,3,837,0.6469907022249436,SiO2+MgO+Al2O3+Fe2O3+CuO+BaO,0.5555555555555556,0,
铅钡,Ward,4,837,0.27466583376516435,SiO2+MgO+Al2O3+Fe2O3+CuO+BaO,0.5555555555555556,0,
铅钡,Ward,5,837,0.30014450457597824,SiO2+MgO+Al2O3+Fe2O3+CuO+BaO,0.5555555555555556,0,
铅钡,Ward,6,837,0.47770188830855764,SiO2+MgO+Al2O3+Fe2O3+CuO+BaO,0.5555555555555556,0,
铅钡,Ward,2,838,-0.031559963931469794,Al2O3+CuO+SiO2+SrO+K2O+PbO+Fe2O3,0.6666666666666666,0,
铅钡,Ward,3,838,0.3227249561130302,Al2O3+CuO+SiO2+SrO+K2O+PbO+Fe2O3,0.6666666666666666,0,
铅钡,Ward,4,838,0.33945786548712714,Al2O3+CuO+SiO2+SrO+K2O+PbO+Fe2O3,0.6666666666666666,0,
铅钡,Ward,5,838,0.22153713430260588,Al2O3+CuO+SiO2+SrO+K2O+PbO+Fe2O3,0.6666666666666666,0,
铅钡,Ward,6,838,0.24037739894928703,Al2O3+CuO+SiO2+SrO+K2O+PbO+Fe2O3,0.6666666666666666,0,
铅钡,Ward,2,839,-0.059322033898305086,K2O+CuO+MgO+BaO+SiO2+Na2O+Al2O3+SrO+Fe2O3,0.7,0,
铅钡,Ward,3,839,0.5595353339787028,K2O+CuO+MgO+BaO+SiO2+Na2O+Al2O3+SrO+Fe2O3,0.7,0,
铅钡,Ward,4,839,0.33538979248457657,K2O+CuO+MgO+BaO+SiO2+Na2O+Al2O3+SrO+Fe2O3,0.7,0,
铅钡,Ward,5,839,0.3240963855421687,K2O+CuO+MgO+BaO+SiO2+Na2O+Al2O3+SrO+Fe2O3,0.7,0,
铅钡,Ward,6,839,0.415568741828422,K2O+CuO+MgO+BaO+SiO2+Na2O+Al2O3+SrO+Fe2O3,0.7,0,
铅钡,Ward,2,840,0.47716713434228597,Al2O3+BaO+PbO+SrO+SiO2+K2O+Fe2O3,0.6666666666666666,0,
铅钡,Ward,3,840,0.35687288510121834,Al2O3+BaO+PbO+SrO+SiO2+K2O+Fe2O3,0.6666666666666666,0,
铅钡,Ward,4,840,0.1852818991097923,Al2O3+BaO+PbO+SrO+SiO2+K2O+Fe2O3,0.6666666666666666,0,
铅钡,Ward,5,840,0.23170561724666636,Al2O3+BaO+PbO+SrO+SiO2+K2O+Fe2O3,0.6666666666666666,0,
铅钡,Ward,6,840,0.2617661399030602,Al2O3+BaO+PbO+SrO+SiO2+K2O+Fe2O3,0.6666666666666666,0,
铅钡,Ward,2,841,0.015844017585479493,BaO+Na2O+P2O5+MgO+K2O+Al2O3+CuO+Fe2O3,0.45454545454545453,0,
铅钡,Ward,3,841,0.08299014788485469,BaO+Na2O+P2O5+MgO+K2O+Al2O3+CuO+Fe2O3,0.45454545454545453,0,
铅钡,Ward,4,841,0.2690648453791019,BaO+Na2O+P2O5+MgO+K2O+Al2O3+CuO+Fe2O3,0.45454545454545453,0,
铅钡,Ward,5,841,0.24866801119773638,BaO+Na2O+P2O5+MgO+K2O+Al2O3+CuO+Fe2O3,0.45454545454545453,0,
铅钡,Ward,6,841,0.2647702407002188,BaO+Na2O+P2O5+MgO+K2O+Al2O3+CuO+Fe2O3,0.45454545454545453,0,
铅钡,Ward,2,842,-0.002872812744841995,BaO+CuO+SiO2+Na2O+PbO+SrO+Al2O3+K2O,0.6,0,
铅钡,Ward,3,842,0.37272603459345877,BaO+CuO+SiO2+Na2O+PbO+SrO+Al2O3+K2O,0.6,0,
铅钡,Ward,4,842,0.31726089417091113,BaO+CuO+SiO2+Na2O+PbO+SrO+Al2O3+K2O,0.6,0,
铅钡,Ward,5,842,0.21720070973802316,BaO+CuO+SiO2+Na2O+PbO+SrO+Al2O3+K2O,0.6,0,
铅钡,Ward,6,842,0.22048719550281073,BaO+CuO+SiO2+Na2O+PbO+SrO+Al2O3+K2O,0.6,0,
铅钡,Ward,2,843,1.0,CuO+BaO+SrO+SiO2+Na2O+CaO+Fe2O3+Al2O3+K2O,0.8888888888888888,0,
铅钡,Ward,3,843,1.0,CuO+BaO+SrO+SiO2+Na2O+CaO+Fe2O3+Al2O3+K2O,0.8888888888888888,0,
铅钡,Ward,4,843,0.5425202851122966,CuO+BaO+SrO+SiO2+Na2O+CaO+Fe2O3+Al2O3+K2O,0.8888888888888888,0,
铅钡,Ward,5,843,0.6379603241647559,CuO+BaO+SrO+SiO2+Na2O+CaO+Fe2O3+Al2O3+K2O,0.8888888888888888,0,
铅钡,Ward,6,843,0.8130353262027528,CuO+BaO+SrO+SiO2+Na2O+CaO+Fe2O3+Al2O3+K2O,0.8888888888888888,0,
铅钡,Ward,2,844,0.06690592155857472,Al2O3+SiO2+K2O+PbO+SrO+Fe2O3,0.5555555555555556,0,
铅钡,Ward,3,844,0.19334800141590955,Al2O3+SiO2+K2O+PbO+SrO+Fe2O3,0.5555555555555556,0,
铅钡,Ward,4,844,0.1785787174986734,Al2O3+SiO2+K2O+PbO+SrO+Fe2O3,0.5555555555555556,0,
铅钡,Ward,5,844,0.13193732610924,Al2O3+SiO2+K2O+PbO+SrO+Fe2O3,0.5555555555555556,0,
铅钡,Ward,6,844,0.16684469130527665,Al2O3+SiO2+K2O+PbO+SrO+Fe2O3,0.5555555555555556,0,
铅钡,Ward,2,845,0.1371851851851852,K2O+Fe2O3+CaO+P2O5+SiO2+Al2O3+PbO+SrO,0.6,0,
铅钡,Ward,3,845,0.1780821917808219,K2O+Fe2O3+CaO+P2O5+SiO2+Al2O3+PbO+SrO,0.6,0,
铅钡,Ward,4,845,0.2009910188912976,K2O+Fe2O3+CaO+P2O5+SiO2+Al2O3+PbO+SrO,0.6,0,
铅钡,Ward,5,845,0.2537512682223528,K2O+Fe2O3+CaO+P2O5+SiO2+Al2O3+PbO+SrO,0.6,0,
铅钡,Ward,6,845,0.25959723096286974,K2O+Fe2O3+CaO+P2O5+SiO2+Al2O3+PbO+SrO,0.6,0,
铅钡,Ward,2,846,1.0,SiO2+K2O+PbO+CuO+BaO,0.4444444444444444,0,
铅钡,Ward,3,846,0.6808488874037603,SiO2+K2O+PbO+CuO+BaO,0.4444444444444444,0,
铅钡,Ward,4,846,0.6315395819391411,SiO2+K2O+PbO+CuO+BaO,0.4444444444444444,0,
铅钡,Ward,5,846,0.46257768170764657,SiO2+K2O+PbO+CuO+BaO,0.4444444444444444,0,
铅钡,Ward,6,846,0.48239881377340876,SiO2+K2O+PbO+CuO+BaO,0.4444444444444444,0,
铅钡,Ward,2,847,0.14408324025630476,Al2O3+BaO+SrO+Fe2O3+PbO+SiO2+K2O,0.6666666666666666,0,
铅钡,Ward,3,847,0.04047800363189034,Al2O3+BaO+SrO+Fe2O3+PbO+SiO2+K2O,0.6666666666666666,0,
铅钡,Ward,4,847,0.08077803203661327,Al2O3+BaO+SrO+Fe2O3+PbO+SiO2+K2O,0.6666666666666666,0,
铅钡,Ward,5,847,0.09440175631174534,Al2O3+BaO+SrO+Fe2O3+PbO+SiO2+K2O,0.6666666666666666,0,
铅钡,Ward,6,847,0.23712483942543502,Al2O3+BaO+SrO+Fe2O3+PbO+SiO2+K2O,0.6666666666666666,0,
铅钡,Ward,2,848,0.47716713434228597,SiO2+CaO+PbO+SrO+BaO+Fe2O3+K2O,0.6666666666666666,0,
铅钡,Ward,3,848,0.3091833790701887,SiO2+CaO+PbO+SrO+BaO+Fe2O3+K2O,0.6666666666666666,0,
铅钡,Ward,4,848,0.29328676635716666,SiO2+CaO+PbO+SrO+BaO+Fe2O3+K2O,0.6666666666666666,0,
铅钡,Ward,5,848,0.3033515269069421,SiO2+CaO+PbO+SrO+BaO+Fe2O3+K2O,0.6666666666666666,0,
铅钡,Ward,6,848,0.27833461835003853,SiO2+CaO+PbO+SrO+BaO+Fe2O3+K2O,0.6666666666666666,0,
铅钡,Ward,2,849,0.8974141070778195,Al2O3+CuO+PbO+K2O+Fe2O3+SiO2+MgO+CaO+SrO,0.7,0,
铅钡,Ward,3,849,0.6122644831228726,Al2O3+CuO+PbO+K2O+Fe2O3+SiO2+MgO+CaO+SrO,0.7,0,
铅钡,Ward,4,849,0.6342143217392073,Al2O3+CuO+PbO+K2O+Fe2O3+SiO2+MgO+CaO+SrO,0.7,0,
铅钡,Ward,5,849,0.56291270370146,Al2O3+CuO+PbO+K2O+Fe2O3+SiO2+MgO+CaO+SrO,0.7,0,
铅钡,Ward,6,849,0.6286701208981001,Al2O3+CuO+PbO+K2O+Fe2O3+SiO2+MgO+CaO+SrO,0.7,0,
铅钡,Ward,2,850,0.17994858611825193,Al2O3+Fe2O3+PbO+SiO2+CaO+P2O5+K2O,0.5,0,
铅钡,Ward,3,850,0.19338443945618566,Al2O3+Fe2O3+PbO+SiO2+CaO+P2O5+K2O,0.5,0,
铅钡,Ward,4,850,0.22423634413809804,Al2O3+Fe2O3+PbO+SiO2+CaO+P2O5+K2O,0.5,0,
铅钡,Ward,5,850,0.22985781990521326,Al2O3+Fe2O3+PbO+SiO2+CaO+P2O5+K2O,0.5,0,
铅钡,Ward,6,850,0.26353677621283256,Al2O3+Fe2O3+PbO+SiO2+CaO+P2O5+K2O,0.5,0,
铅钡,Ward,2,851,-0.050190739771112276,K2O+PbO+Al2O3+SiO2+SrO+Fe2O3,0.5555555555555556,0,
铅钡,Ward,3,851,0.10170897399864269,K2O+PbO+Al2O3+SiO2+SrO+Fe2O3,0.5555555555555556,0,
铅钡,Ward,4,851,0.09276977707634641,K2O+PbO+Al2O3+SiO2+SrO+Fe2O3,0.5555555555555556,0,
铅钡,Ward,5,851,0.10867208672086721,K2O+PbO+Al2O3+SiO2+SrO+Fe2O3,0.5555555555555556,0,
铅钡,Ward,6,851,0.14825861073696364,K2O+PbO+Al2O3+SiO2+SrO+Fe2O3,0.5555555555555556,0,
铅钡,Ward,2,852,1.0,SiO2+CuO+K2O+Al2O3+PbO+SrO+Fe2O3,0.6666666666666666,0,
铅钡,Ward,3,852,0.7447365550343624,SiO2+CuO+K2O+Al2O3+PbO+SrO+Fe2O3,0.6666666666666666,0,
铅钡,Ward,4,852,0.4650078500404396,SiO2+CuO+K2O+Al2O3+PbO+SrO+Fe2O3,0.6666666666666666,0,
铅钡,Ward,5,852,0.40822320117474303,SiO2+CuO+K2O+Al2O3+PbO+SrO+Fe2O3,0.6666666666666666,0,
铅钡,Ward,6,852,0.5,SiO2+CuO+K2O+Al2O3+PbO+SrO+Fe2O3,0.6666666666666666,0,
铅钡,Ward,2,853,0.09395973154362416,SiO2+CaO+MgO+CuO+BaO+PbO+SrO+Fe2O3+K2O,0.7,0,
铅钡,Ward,3,853,0.2427841310932892,SiO2+CaO+MgO+CuO+BaO+PbO+SrO+Fe2O3+K2O,0.7,0,
铅钡,Ward,4,853,0.4383683121489802,SiO2+CaO+MgO+CuO+BaO+PbO+SrO+Fe2O3+K2O,0.7,0,
铅钡,Ward,5,853,0.5047064096817571,SiO2+CaO+MgO+CuO+BaO+PbO+SrO+Fe2O3+K2O,0.7,0,
铅钡,Ward,6,853,0.4594814935594326,SiO2+CaO+MgO+CuO+BaO+PbO+SrO+Fe2O3+K2O,0.7,0,
铅钡,Ward,2,854,0.8051166735704283,SiO2+K2O+PbO+Al2O3+CuO,0.4444444444444444,0,
铅钡,Ward,3,854,0.599442050257115,SiO2+K2O+PbO+Al2O3+CuO,0.4444444444444444,0,
铅钡,Ward,4,854,0.31396202664428824,SiO2+K2O+PbO+Al2O3+CuO,0.4444444444444444,0,
铅钡,Ward,5,854,0.3332471895593746,SiO2+K2O+PbO+Al2O3+CuO,0.4444444444444444,0,
铅钡,Ward,6,854,0.3115014564392268,SiO2+K2O+PbO+Al2O3+CuO,0.4444444444444444,0,
铅钡,Ward,2,855,-0.09678931333489571,K2O+Fe2O3+SiO2+CaO+BaO+Al2O3+SrO+PbO,0.7777777777777778,0,
铅钡,Ward,3,855,0.14184294106657255,K2O+Fe2O3+SiO2+CaO+BaO+Al2O3+SrO+PbO,0.7777777777777778,0,
铅钡,Ward,4,855,0.3889439865320988,K2O+Fe2O3+SiO2+CaO+BaO+Al2O3+SrO+PbO,0.7777777777777778,0,
铅钡,Ward,5,855,0.4246100519930676,K2O+Fe2O3+SiO2+CaO+BaO+Al2O3+SrO+PbO,0.7777777777777778,0,
铅钡,Ward,6,855,0.5568746143222356,K2O+Fe2O3+SiO2+CaO+BaO+Al2O3+SrO+PbO,0.7777777777777778,0,
铅钡,Ward,2,856,-0.08168826576248622,PbO+Fe2O3+CaO+SiO2+K2O+CuO,0.5555555555555556,0,
铅钡,Ward,3,856,0.4031981173928978,PbO+Fe2O3+CaO+SiO2+K2O+CuO,0.5555555555555556,0,
铅钡,Ward,4,856,0.3495095508518327,PbO+Fe2O3+CaO+SiO2+K2O+CuO,0.5555555555555556,0,
铅钡,Ward,5,856,0.28649963950973323,PbO+Fe2O3+CaO+SiO2+K2O+CuO,0.5555555555555556,0,
铅钡,Ward,6,856,0.2656826568265683,PbO+Fe2O3+CaO+SiO2+K2O+CuO,0.5555555555555556,0,
铅钡,Ward,2,857,0.6299810246679317,K2O+Fe2O3+Al2O3+BaO+SiO2+SrO+CuO,0.875,0,
铅钡,Ward,3,857,0.3851826616701068,K2O+Fe2O3+Al2O3+BaO+SiO2+SrO+CuO,0.875,0,
铅钡,Ward,4,857,0.3487901835979687,K2O+Fe2O3+Al2O3+BaO+SiO2+SrO+CuO,0.875,0,
铅钡,Ward,5,857,0.279463243873979,K2O+Fe2O3+Al2O3+BaO+SiO2+SrO+CuO,0.875,0,
铅钡,Ward,6,857,0.3472650771388499,K2O+Fe2O3+Al2O3+BaO+SiO2+SrO+CuO,0.875,0,
铅钡,Ward,2,858,0.015772870662460567,CaO+SiO2+Al2O3+PbO+Fe2O3+K2O,0.5555555555555556,0,
铅钡,Ward,3,858,0.02116979484941074,CaO+SiO2+Al2O3+PbO+Fe2O3+K2O,0.5555555555555556,0,
铅钡,Ward,4,858,0.07936386280896723,CaO+SiO2+Al2O3+PbO+Fe2O3+K2O,0.5555555555555556,0,
铅钡,Ward,5,858,0.13107158074137196,CaO+SiO2+Al2O3+PbO+Fe2O3+K2O,0.5555555555555556,0,
铅钡,Ward,6,858,0.1970262485293521,CaO+SiO2+Al2O3+PbO+Fe2O3+K2O,0.5555555555555556,0,
铅钡,Ward,2,859,0.18234157498324066,SiO2+Al2O3+BaO+K2O+PbO+SrO+Fe2O3,0.6666666666666666,0,
铅钡,Ward,3,859,0.3030953235097029,SiO2+Al2O3+BaO+K2O+PbO+SrO+Fe2O3,0.6666666666666666,0,
铅钡,Ward,4,859,0.3296741606738931,SiO2+Al2O3+BaO+K2O+PbO+SrO+Fe2O3,0.6666666666666666,0,
铅钡,Ward,5,859,0.3385675948003232,SiO2+Al2O3+BaO+K2O+PbO+SrO+Fe2O3,0.6666666666666666,0,
铅钡,Ward,6,859,0.4146375255446642,SiO2+Al2O3+BaO+K2O+PbO+SrO+Fe2O3,0.6666666666666666,0,
铅钡,Ward,2,860,0.8049281314168378,Al2O3+CuO+BaO+CaO+SiO2+Fe2O3+K2O,0.875,0,
铅钡,Ward,3,860,0.6089854758291784,Al2O3+CuO+BaO+CaO+SiO2+Fe2O3+K2O,0.875,0,
铅钡,Ward,4,860,0.7465703971119133,Al2O3+CuO+BaO+CaO+SiO2+Fe2O3+K2O,0.875,0,
铅钡,Ward,5,860,0.7010309278350515,Al2O3+CuO+BaO+CaO+SiO2+Fe2O3+K2O,0.875,0,
铅钡,Ward,6,860,0.6830589706188789,Al2O3+CuO+BaO+CaO+SiO2+Fe2O3+K2O,0.875,0,
铅钡,Ward,2,861,0.6310966597694354,CuO+K2O+Fe2O3+BaO+SiO2+Al2O3+SrO,0.875,0,
铅钡,Ward,3,861,0.6599153876024444,CuO+K2O+Fe2O3+BaO+SiO2+Al2O3+SrO,0.875,0,
铅钡,Ward,4,861,0.2592260235558048,CuO+K2O+Fe2O3+BaO+SiO2+Al2O3+SrO,0.875,0,
铅钡,Ward,5,861,0.33654893418391163,CuO+K2O+Fe2O3+BaO+SiO2+Al2O3+SrO,0.875,0,
铅钡,Ward,6,861,0.4414994976267193,CuO+K2O+Fe2O3+BaO+SiO2+Al2O3+SrO,0.875,0,
铅钡,Ward,2,862,0.14408324025630476,SiO2+MgO+PbO+Fe2O3+K2O+CuO+BaO,0.5,0,
铅钡,Ward,3,862,0.21713294382739437,SiO2+MgO+PbO+Fe2O3+K2O+CuO+BaO,0.5,0,
铅钡,Ward,4,862,0.13019066557492104,SiO2+MgO+PbO+Fe2O3+K2O+CuO+BaO,0.5,0,
铅钡,Ward,5,862,0.12212837997597722,SiO2+MgO+PbO+Fe2O3+K2O+CuO+BaO,0.5,0,
铅钡,Ward,6,862,0.25338615439093487,SiO2+MgO+PbO+Fe2O3+K2O+CuO+BaO,0.5,0,
铅钡,Ward,2,863,,,,1,活动成分SnO2在训练集中全缺失
铅钡,Ward,3,863,,,,1,活动成分SnO2在训练集中全缺失
铅钡,Ward,4,863,,,,1,活动成分SnO2在训练集中全缺失
铅钡,Ward,5,863,,,,1,活动成分SnO2在训练集中全缺失
铅钡,Ward,6,863,,,,1,活动成分SnO2在训练集中全缺失
铅钡,Ward,2,864,0.4781273983115886,Al2O3+CuO+CaO+BaO+SiO2+K2O+SnO2+Fe2O3,0.7777777777777778,0,
铅钡,Ward,3,864,0.3594972616777399,Al2O3+CuO+CaO+BaO+SiO2+K2O+SnO2+Fe2O3,0.7777777777777778,0,
铅钡,Ward,4,864,0.5652766639935846,Al2O3+CuO+CaO+BaO+SiO2+K2O+SnO2+Fe2O3,0.7777777777777778,0,
铅钡,Ward,5,864,0.4931276297335203,Al2O3+CuO+CaO+BaO+SiO2+K2O+SnO2+Fe2O3,0.7777777777777778,0,
铅钡,Ward,6,864,0.5242305540011192,Al2O3+CuO+CaO+BaO+SiO2+K2O+SnO2+Fe2O3,0.7777777777777778,0,
铅钡,Ward,2,865,-0.10638297872340426,Al2O3+K2O+Na2O+Fe2O3+SrO+CuO+SiO2,0.6666666666666666,0,
铅钡,Ward,3,865,0.1479759031416181,Al2O3+K2O+Na2O+Fe2O3+SrO+CuO+SiO2,0.6666666666666666,0,
铅钡,Ward,4,865,0.20876572928323578,Al2O3+K2O+Na2O+Fe2O3+SrO+CuO+SiO2,0.6666666666666666,0,
铅钡,Ward,5,865,0.20225174967035195,Al2O3+K2O+Na2O+Fe2O3+SrO+CuO+SiO2,0.6666666666666666,0,
铅钡,Ward,6,865,0.3138267355134825,Al2O3+K2O+Na2O+Fe2O3+SrO+CuO+SiO2,0.6666666666666666,0,
铅钡,Ward,2,866,-0.07462686567164178,Al2O3+Fe2O3+PbO+SiO2+BaO+CuO+K2O,0.6666666666666666,0,
铅钡,Ward,3,866,0.4624637080049772,Al2O3+Fe2O3+PbO+SiO2+BaO+CuO+K2O,0.6666666666666666,0,
铅钡,Ward,4,866,0.41454693581967955,Al2O3+Fe2O3+PbO+SiO2+BaO+CuO+K2O,0.6666666666666666,0,
铅钡,Ward,5,866,0.34164106065778993,Al2O3+Fe2O3+PbO+SiO2+BaO+CuO+K2O,0.6666666666666666,0,
铅钡,Ward,6,866,0.42836649410590655,Al2O3+Fe2O3+PbO+SiO2+BaO+CuO+K2O,0.6666666666666666,0,
铅钡,Ward,2,867,0.8051474213588403,Fe2O3+CuO+SiO2+Al2O3+SrO,0.625,0,
铅钡,Ward,3,867,0.8167649960735356,Fe2O3+CuO+SiO2+Al2O3+SrO,0.625,0,
铅钡,Ward,4,867,0.43008985953994244,Fe2O3+CuO+SiO2+Al2O3+SrO,0.625,0,
铅钡,Ward,5,867,0.40345624369447064,Fe2O3+CuO+SiO2+Al2O3+SrO,0.625,0,
铅钡,Ward,6,867,0.4422988601728529,Fe2O3+CuO+SiO2+Al2O3+SrO,0.625,0,
铅钡,Ward,2,868,0.6123260437375746,Al2O3+SrO+CuO+BaO+SiO2+K2O,0.75,0,
铅钡,Ward,3,868,0.4463140182984541,Al2O3+SrO+CuO+BaO+SiO2+K2O,0.75,0,
铅钡,Ward,4,868,0.23190233977619532,Al2O3+SrO+CuO+BaO+SiO2+K2O,0.75,0,
铅钡,Ward,5,868,0.17408655384673305,Al2O3+SrO+CuO+BaO+SiO2+K2O,0.75,0,
铅钡,Ward,6,868,0.17629472466004437,Al2O3+SrO+CuO+BaO+SiO2+K2O,0.75,0,
铅钡,Ward,2,869,0.27124773960216997,SiO2+MgO+Al2O3+BaO+SrO+K2O+PbO+Fe2O3,0.6,0,
铅钡,Ward,3,869,0.21410963728137106,SiO2+MgO+Al2O3+BaO+SrO+K2O+PbO+Fe2O3,0.6,0,
铅钡,Ward,4,869,0.17812955325611834,SiO2+MgO+Al2O3+BaO+SrO+K2O+PbO+Fe2O3,0.6,0,
铅钡,Ward,5,869,0.23362065115448172,SiO2+MgO+Al2O3+BaO+SrO+K2O+PbO+Fe2O3,0.6,0,
铅钡,Ward,6,869,0.31749067610213255,SiO2+MgO+Al2O3+BaO+SrO+K2O+PbO+Fe2O3,0.6,0,
铅钡,Ward,2,870,0.34633590635004813,SrO+CuO+Al2O3+CaO+K2O+MgO,0.5555555555555556,0,
铅钡,Ward,3,870,0.44515099911620787,SrO+CuO+Al2O3+CaO+K2O+MgO,0.5555555555555556,0,
铅钡,Ward,4,870,0.41086264905815845,SrO+CuO+Al2O3+CaO+K2O+MgO,0.5555555555555556,0,
铅钡,Ward,5,870,0.5010157440325038,SrO+CuO+Al2O3+CaO+K2O+MgO,0.5555555555555556,0,
铅钡,Ward,6,870,0.4180109516057422,SrO+CuO+Al2O3+CaO+K2O+MgO,0.5555555555555556,0,
铅钡,Ward,2,871,,,,1,活动成分SO2在训练集中全缺失
铅钡,Ward,3,871,,,,1,活动成分SO2在训练集中全缺失
铅钡,Ward,4,871,,,,1,活动成分SO2在训练集中全缺失
铅钡,Ward,5,871,,,,1,活动成分SO2在训练集中全缺失
铅钡,Ward,6,871,,,,1,活动成分SO2在训练集中全缺失
铅钡,Ward,2,872,0.454691259021652,K2O+SiO2+CaO+Fe2O3+Al2O3+BaO+PbO+SrO,0.7777777777777778,0,
铅钡,Ward,3,872,0.17254689927520858,K2O+SiO2+CaO+Fe2O3+Al2O3+BaO+PbO+SrO,0.7777777777777778,0,
铅钡,Ward,4,872,0.5627520567833522,K2O+SiO2+CaO+Fe2O3+Al2O3+BaO+PbO+SrO,0.7777777777777778,0,
铅钡,Ward,5,872,0.5798637395912187,K2O+SiO2+CaO+Fe2O3+Al2O3+BaO+PbO+SrO,0.7777777777777778,0,
铅钡,Ward,6,872,0.5476637578703192,K2O+SiO2+CaO+Fe2O3+Al2O3+BaO+PbO+SrO,0.7777777777777778,0,
铅钡,Ward,2,873,0.22962962962962963,K2O+PbO+CaO+SiO2+Al2O3+SrO+Fe2O3,0.6666666666666666,0,
铅钡,Ward,3,873,0.08047912763404416,K2O+PbO+CaO+SiO2+Al2O3+SrO+Fe2O3,0.6666666666666666,0,
铅钡,Ward,4,873,0.28350132360186725,K2O+PbO+CaO+SiO2+Al2O3+SrO+Fe2O3,0.6666666666666666,0,
铅钡,Ward,5,873,0.34848896537149415,K2O+PbO+CaO+SiO2+Al2O3+SrO+Fe2O3,0.6666666666666666,0,
铅钡,Ward,6,873,0.41690376569037657,K2O+PbO+CaO+SiO2+Al2O3+SrO+Fe2O3,0.6666666666666666,0,
铅钡,Ward,2,874,0.8997429305912596,CaO+SiO2+K2O+Al2O3+PbO+CuO,0.5555555555555556,0,
铅钡,Ward,3,874,0.9076592117546779,CaO+SiO2+K2O+Al2O3+PbO+CuO,0.5555555555555556,0,
铅钡,Ward,4,874,0.5186815667682583,CaO+SiO2+K2O+Al2O3+PbO+CuO,0.5555555555555556,0,
铅钡,Ward,5,874,0.6276361730209397,CaO+SiO2+K2O+Al2O3+PbO+CuO,0.5555555555555556,0,
铅钡,Ward,6,874,0.5883093064915124,CaO+SiO2+K2O+Al2O3+PbO+CuO,0.5555555555555556,0,
铅钡,Ward,2,875,0.7149460708782742,PbO+BaO+SrO+Fe2O3+SiO2+K2O+CuO,0.6666666666666666,0,
铅钡,Ward,3,875,0.3784571660037319,PbO+BaO+SrO+Fe2O3+SiO2+K2O+CuO,0.6666666666666666,0,
铅钡,Ward,4,875,0.42526641049003683,PbO+BaO+SrO+Fe2O3+SiO2+K2O+CuO,0.6666666666666666,0,
铅钡,Ward,5,875,0.2530541012216405,PbO+BaO+SrO+Fe2O3+SiO2+K2O+CuO,0.6666666666666666,0,
铅钡,Ward,6,875,0.1822429906542056,PbO+BaO+SrO+Fe2O3+SiO2+K2O+CuO,0.6666666666666666,0,
铅钡,Ward,2,876,1.0,SiO2+Al2O3+CuO+BaO+Fe2O3+K2O,0.75,0,
铅钡,Ward,3,876,1.0,SiO2+Al2O3+CuO+BaO+Fe2O3+K2O,0.75,0,
铅钡,Ward,4,876,0.5344999079020077,SiO2+Al2O3+CuO+BaO+Fe2O3+K2O,0.75,0,
铅钡,Ward,5,876,0.5598690892675771,SiO2+Al2O3+CuO+BaO+Fe2O3+K2O,0.75,0,
铅钡,Ward,6,876,0.5624614349021148,SiO2+Al2O3+CuO+BaO+Fe2O3+K2O,0.75,0,
铅钡,Ward,2,877,0.2857142857142857,K2O+PbO+Fe2O3+CaO+SiO2+Al2O3+SrO,0.6666666666666666,0,
铅钡,Ward,3,877,0.14003108068377504,K2O+PbO+Fe2O3+CaO+SiO2+Al2O3+SrO,0.6666666666666666,0,
铅钡,Ward,4,877,0.134185499854046,K2O+PbO+Fe2O3+CaO+SiO2+Al2O3+SrO,0.6666666666666666,0,
铅钡,Ward,5,877,0.2495684735754912,K2O+PbO+Fe2O3+CaO+SiO2+Al2O3+SrO,0.6666666666666666,0,
铅钡,Ward,6,877,0.4503552243978513,K2O+PbO+Fe2O3+CaO+SiO2+Al2O3+SrO,0.6666666666666666,0,
铅钡,Ward,2,878,1.0,CaO+SrO+SiO2+Al2O3+CuO+BaO+Fe2O3+K2O,1.0,0,
铅钡,Ward,3,878,0.6774793772871054,CaO+SrO+SiO2+Al2O3+CuO+BaO+Fe2O3+K2O,1.0,0,
铅钡,Ward,4,878,0.9459596776055981,CaO+SrO+SiO2+Al2O3+CuO+BaO+Fe2O3+K2O,1.0,0,
铅钡,Ward,5,878,0.6663720094670507,CaO+SrO+SiO2+Al2O3+CuO+BaO+Fe2O3+K2O,1.0,0,
铅钡,Ward,6,878,0.81827259111333,CaO+SrO+SiO2+Al2O3+CuO+BaO+Fe2O3+K2O,1.0,0,
铅钡,Ward,2,879,0.5512643496784883,Al2O3+MgO+CuO+SiO2+Fe2O3+BaO,0.5555555555555556,0,
铅钡,Ward,3,879,0.3894201245723309,Al2O3+MgO+CuO+SiO2+Fe2O3+BaO,0.5555555555555556,0,
铅钡,Ward,4,879,0.2625557770815532,Al2O3+MgO+CuO+SiO2+Fe2O3+BaO,0.5555555555555556,0,
铅钡,Ward,5,879,0.2855020796197267,Al2O3+MgO+CuO+SiO2+Fe2O3+BaO,0.5555555555555556,0,
铅钡,Ward,6,879,0.3940066592674806,Al2O3+MgO+CuO+SiO2+Fe2O3+BaO,0.5555555555555556,0,
铅钡,Ward,2,880,0.17994858611825193,Al2O3+Fe2O3+SiO2+MgO+PbO+SrO+K2O,0.5,0,
铅钡,Ward,3,880,0.040610294574929,Al2O3+Fe2O3+SiO2+MgO+PbO+SrO+K2O,0.5,0,
铅钡,Ward,4,880,0.15053009364300152,Al2O3+Fe2O3+SiO2+MgO+PbO+SrO+K2O,0.5,0,
铅钡,Ward,5,880,0.09945147122580159,Al2O3+Fe2O3+SiO2+MgO+PbO+SrO+K2O,0.5,0,
铅钡,Ward,6,880,0.2205056179775281,Al2O3+Fe2O3+SiO2+MgO+PbO+SrO+K2O,0.5,0,
铅钡,Ward,2,881,0.05723905723905724,SiO2+K2O+Al2O3+CuO+Fe2O3+PbO+SrO,0.6666666666666666,0,
铅钡,Ward,3,881,0.3195540626867517,SiO2+K2O+Al2O3+CuO+Fe2O3+PbO+SrO,0.6666666666666666,0,
铅钡,Ward,4,881,0.2715807957856088,SiO2+K2O+Al2O3+CuO+Fe2O3+PbO+SrO,0.6666666666666666,0,
铅钡,Ward,5,881,0.31859323636691134,SiO2+K2O+Al2O3+CuO+Fe2O3+PbO+SrO,0.6666666666666666,0,
铅钡,Ward,6,881,0.3217844960203331,SiO2+K2O+Al2O3+CuO+Fe2O3+PbO+SrO,0.6666666666666666,0,
铅钡,Ward,2,882,,,,1,活动成分SO2在训练集中全缺失
铅钡,Ward,3,882,,,,1,活动成分SO2在训练集中全缺失
铅钡,Ward,4,882,,,,1,活动成分SO2在训练集中全缺失
铅钡,Ward,5,882,,,,1,活动成分SO2在训练集中全缺失
铅钡,Ward,6,882,,,,1,活动成分SO2在训练集中全缺失
铅钡,Ward,2,883,-0.11723226090788894,BaO+Al2O3+CuO+SiO2+Na2O+Fe2O3+PbO+K2O,0.6,0,
铅钡,Ward,3,883,0.6919005391740565,BaO+Al2O3+CuO+SiO2+Na2O+Fe2O3+PbO+K2O,0.6,0,
铅钡,Ward,4,883,0.42804766269477545,BaO+Al2O3+CuO+SiO2+Na2O+Fe2O3+PbO+K2O,0.6,0,
铅钡,Ward,5,883,0.2948126930134718,BaO+Al2O3+CuO+SiO2+Na2O+Fe2O3+PbO+K2O,0.6,0,
铅钡,Ward,6,883,0.3360535154189913,BaO+Al2O3+CuO+SiO2+Na2O+Fe2O3+PbO+K2O,0.6,0,
铅钡,Ward,2,884,0.47738693467336685,SiO2+Al2O3+CuO+BaO+K2O,0.625,0,
铅钡,Ward,3,884,0.4340846780100877,SiO2+Al2O3+CuO+BaO+K2O,0.625,0,
铅钡,Ward,4,884,0.3766103635843115,SiO2+Al2O3+CuO+BaO+K2O,0.625,0,
铅钡,Ward,5,884,0.28141459744168545,SiO2+Al2O3+CuO+BaO+K2O,0.625,0,
铅钡,Ward,6,884,0.20317820658342792,SiO2+Al2O3+CuO+BaO+K2O,0.625,0,
铅钡,Ward,2,885,0.2857142857142857,CuO+K2O+SiO2+BaO+PbO+SrO+Fe2O3+Al2O3,0.7777777777777778,0,
铅钡,Ward,3,885,0.39489607997895293,CuO+K2O+SiO2+BaO+PbO+SrO+Fe2O3+Al2O3,0.7777777777777778,0,
铅钡,Ward,4,885,0.1942956253613413,CuO+K2O+SiO2+BaO+PbO+SrO+Fe2O3+Al2O3,0.7777777777777778,0,
铅钡,Ward,5,885,0.2891593292580338,CuO+K2O+SiO2+BaO+PbO+SrO+Fe2O3+Al2O3,0.7777777777777778,0,
铅钡,Ward,6,885,0.303021327014218,CuO+K2O+SiO2+BaO+PbO+SrO+Fe2O3+Al2O3,0.7777777777777778,0,
铅钡,Ward,2,886,0.8999644844323429,Al2O3+PbO+Fe2O3+BaO+SrO+SnO2+SiO2+CuO+K2O,0.7,0,
铅钡,Ward,3,886,0.6281749148991883,Al2O3+PbO+Fe2O3+BaO+SrO+SnO2+SiO2+CuO+K2O,0.7,0,
铅钡,Ward,4,886,0.5761370348493798,Al2O3+PbO+Fe2O3+BaO+SrO+SnO2+SiO2+CuO+K2O,0.7,0,
铅钡,Ward,5,886,0.6340062052323132,Al2O3+PbO+Fe2O3+BaO+SrO+SnO2+SiO2+CuO+K2O,0.7,0,
铅钡,Ward,6,886,0.5442491797384152,Al2O3+PbO+Fe2O3+BaO+SrO+SnO2+SiO2+CuO+K2O,0.7,0,
铅钡,Ward,2,887,0.9000039446175693,CaO+SiO2+MgO+Al2O3+SrO+K2O+Fe2O3+CuO,0.7777777777777778,0,
铅钡,Ward,3,887,0.9067635688037049,CaO+SiO2+MgO+Al2O3+SrO+K2O+Fe2O3+CuO,0.7777777777777778,0,
铅钡,Ward,4,887,0.9151148730350666,CaO+SiO2+MgO+Al2O3+SrO+K2O+Fe2O3+CuO,0.7777777777777778,0,
铅钡,Ward,5,887,0.7157742345305744,CaO+SiO2+MgO+Al2O3+SrO+K2O+Fe2O3+CuO,0.7777777777777778,0,
铅钡,Ward,6,887,0.8560273850008949,CaO+SiO2+MgO+Al2O3+SrO+K2O+Fe2O3+CuO,0.7777777777777778,0,
铅钡,Ward,2,888,0.6281656569669282,CaO+SiO2+K2O+CuO+BaO+Al2O3+SrO+Fe2O3,1.0,0,
铅钡,Ward,3,888,0.34915282288929805,CaO+SiO2+K2O+CuO+BaO+Al2O3+SrO+Fe2O3,1.0,0,
铅钡,Ward,4,888,0.7198733226680597,CaO+SiO2+K2O+CuO+BaO+Al2O3+SrO+Fe2O3,1.0,0,
铅钡,Ward,5,888,0.7583907292008308,CaO+SiO2+K2O+CuO+BaO+Al2O3+SrO+Fe2O3,1.0,0,
铅钡,Ward,6,888,0.9019813178067273,CaO+SiO2+K2O+CuO+BaO+Al2O3+SrO+Fe2O3,1.0,0,
铅钡,Ward,2,889,,,,1,活动成分SO2在训练集中全缺失
铅钡,Ward,3,889,,,,1,活动成分SO2在训练集中全缺失
铅钡,Ward,4,889,,,,1,活动成分SO2在训练集中全缺失
铅钡,Ward,5,889,,,,1,活动成分SO2在训练集中全缺失
铅钡,Ward,6,889,,,,1,活动成分SO2在训练集中全缺失
铅钡,Ward,2,890,0.8049281314168378,BaO+SiO2+MgO+CuO+Al2O3+SrO+PbO+K2O,0.6,0,
铅钡,Ward,3,890,0.820218016161397,BaO+SiO2+MgO+CuO+Al2O3+SrO+PbO+K2O,0.6,0,
铅钡,Ward,4,890,0.4348657594703935,BaO+SiO2+MgO+CuO+Al2O3+SrO+PbO+K2O,0.6,0,
铅钡,Ward,5,890,0.3307302964569776,BaO+SiO2+MgO+CuO+Al2O3+SrO+PbO+K2O,0.6,0,
铅钡,Ward,6,890,0.3900889453621347,BaO+SiO2+MgO+CuO+Al2O3+SrO+PbO+K2O,0.6,0,
铅钡,Ward,2,891,0.09395973154362416,K2O+Fe2O3+CuO+SrO+SiO2+PbO,0.5555555555555556,0,
铅钡,Ward,3,891,0.40372459777600034,K2O+Fe2O3+CuO+SrO+SiO2+PbO,0.5555555555555556,0,
铅钡,Ward,4,891,0.36655592469545956,K2O+Fe2O3+CuO+SrO+SiO2+PbO,0.5555555555555556,0,
铅钡,Ward,5,891,0.39145556234431544,K2O+Fe2O3+CuO+SrO+SiO2+PbO,0.5555555555555556,0,
铅钡,Ward,6,891,0.4293842714895347,K2O+Fe2O3+CuO+SrO+SiO2+PbO,0.5555555555555556,0,
铅钡,Ward,2,892,0.7149460708782742,SiO2+CuO+K2O+PbO+Fe2O3+SrO+BaO,0.6666666666666666,0,
铅钡,Ward,3,892,0.46070398871626805,SiO2+CuO+K2O+PbO+Fe2O3+SrO+BaO,0.6666666666666666,0,
铅钡,Ward,4,892,0.31031186521687176,SiO2+CuO+K2O+PbO+Fe2O3+SrO+BaO,0.6666666666666666,0,
铅钡,Ward,5,892,0.3820258311408754,SiO2+CuO+K2O+PbO+Fe2O3+SrO+BaO,0.6666666666666666,0,
铅钡,Ward,6,892,0.2964824120603015,SiO2+CuO+K2O+PbO+Fe2O3+SrO+BaO,0.6666666666666666,0,
铅钡,Ward,2,893,0.6299810246679317,SiO2+CuO+PbO+Fe2O3+BaO+SrO+K2O,0.6666666666666666,0,
铅钡,Ward,3,893,0.3523342951445831,SiO2+CuO+PbO+Fe2O3+BaO+SrO+K2O,0.6666666666666666,0,
铅钡,Ward,4,893,0.3889614243323442,SiO2+CuO+PbO+Fe2O3+BaO+SrO+K2O,0.6666666666666666,0,
铅钡,Ward,5,893,0.2892116859800881,SiO2+CuO+PbO+Fe2O3+BaO+SrO+K2O,0.6666666666666666,0,
铅钡,Ward,6,893,0.4198833391769993,SiO2+CuO+PbO+Fe2O3+BaO+SrO+K2O,0.6666666666666666,0,
铅钡,Ward,2,894,-0.02195504443282802,SiO2+BaO+CuO+PbO+SrO+K2O,0.5555555555555556,0,
铅钡,Ward,3,894,0.41585699927080666,SiO2+BaO+CuO+PbO+SrO+K2O,0.5555555555555556,0,
铅钡,Ward,4,894,0.21641006471509006,SiO2+BaO+CuO+PbO+SrO+K2O,0.5555555555555556,0,
铅钡,Ward,5,894,0.2324535246306678,SiO2+BaO+CuO+PbO+SrO+K2O,0.5555555555555556,0,
铅钡,Ward,6,894,0.18064039217212,SiO2+BaO+CuO+PbO+SrO+K2O,0.5555555555555556,0,
铅钡,Ward,2,895,0.703708266600961,K2O+CuO+Al2O3+SrO+CaO+SiO2,0.75,0,
铅钡,Ward,3,895,0.306446997260946,K2O+CuO+Al2O3+SrO+CaO+SiO2,0.75,0,
铅钡,Ward,4,895,0.7866269380334326,K2O+CuO+Al2O3+SrO+CaO+SiO2,0.75,0,
铅钡,Ward,5,895,0.760832555329782,K2O+CuO+Al2O3+SrO+CaO+SiO2,0.75,0,
铅钡,Ward,6,895,0.6328747284576394,K2O+CuO+Al2O3+SrO+CaO+SiO2,0.75,0,
铅钡,Ward,2,896,,,,1,活动成分SO2在训练集中全缺失
铅钡,Ward,3,896,,,,1,活动成分SO2在训练集中全缺失
铅钡,Ward,4,896,,,,1,活动成分SO2在训练集中全缺失
铅钡,Ward,5,896,,,,1,活动成分SO2在训练集中全缺失
铅钡,Ward,6,896,,,,1,活动成分SO2在训练集中全缺失
铅钡,Ward,2,897,0.5512525478335196,SiO2+MgO+CuO+PbO+BaO+SrO+K2O,0.5,0,
铅钡,Ward,3,897,0.49152204136206107,SiO2+MgO+CuO+PbO+BaO+SrO+K2O,0.5,0,
铅钡,Ward,4,897,0.2180479326087427,SiO2+MgO+CuO+PbO+BaO+SrO+K2O,0.5,0,
铅钡,Ward,5,897,0.19273551963713598,SiO2+MgO+CuO+PbO+BaO+SrO+K2O,0.5,0,
铅钡,Ward,6,897,0.17912927883017613,SiO2+MgO+CuO+PbO+BaO+SrO+K2O,0.5,0,
铅钡,Ward,2,898,,,,1,活动成分SO2在训练集中全缺失
铅钡,Ward,3,898,,,,1,活动成分SO2在训练集中全缺失
铅钡,Ward,4,898,,,,1,活动成分SO2在训练集中全缺失
铅钡,Ward,5,898,,,,1,活动成分SO2在训练集中全缺失
铅钡,Ward,6,898,,,,1,活动成分SO2在训练集中全缺失
铅钡,Ward,2,899,0.0036849739307695324,CaO+PbO+Al2O3+P2O5+SiO2+MgO+K2O+Fe2O3,0.45454545454545453,0,
铅钡,Ward,3,899,0.027504110668714075,CaO+PbO+Al2O3+P2O5+SiO2+MgO+K2O+Fe2O3,0.45454545454545453,0,
铅钡,Ward,4,899,0.15113115426186127,CaO+PbO+Al2O3+P2O5+SiO2+MgO+K2O+Fe2O3,0.45454545454545453,0,
铅钡,Ward,5,899,0.296849087893864,CaO+PbO+Al2O3+P2O5+SiO2+MgO+K2O+Fe2O3,0.45454545454545453,0,
铅钡,Ward,6,899,0.3470799966516923,CaO+PbO+Al2O3+P2O5+SiO2+MgO+K2O+Fe2O3,0.45454545454545453,0,
铅钡,Ward,2,900,0.3434343434343434,Al2O3+BaO+K2O+Fe2O3+SiO2+PbO+SrO,0.6666666666666666,0,
铅钡,Ward,3,900,0.27806151326084205,Al2O3+BaO+K2O+Fe2O3+SiO2+PbO+SrO,0.6666666666666666,0,
铅钡,Ward,4,900,0.22011058133548228,Al2O3+BaO+K2O+Fe2O3+SiO2+PbO+SrO,0.6666666666666666,0,
铅钡,Ward,5,900,0.26666666666666666,Al2O3+BaO+K2O+Fe2O3+SiO2+PbO+SrO,0.6666666666666666,0,
铅钡,Ward,6,900,0.2446227929373997,Al2O3+BaO+K2O+Fe2O3+SiO2+PbO+SrO,0.6666666666666666,0,
铅钡,Ward,2,901,-0.023682652457075192,K2O+PbO+CaO+SiO2+Al2O3+SrO+Fe2O3,0.6666666666666666,0,
铅钡,Ward,3,901,0.059609348475295,K2O+PbO+CaO+SiO2+Al2O3+SrO+Fe2O3,0.6666666666666666,0,
铅钡,Ward,4,901,0.3327739170814765,K2O+PbO+CaO+SiO2+Al2O3+SrO+Fe2O3,0.6666666666666666,0,
铅钡,Ward,5,901,0.3141875658157058,K2O+PbO+CaO+SiO2+Al2O3+SrO+Fe2O3,0.6666666666666666,0,
铅钡,Ward,6,901,0.41323529411764703,K2O+PbO+CaO+SiO2+Al2O3+SrO+Fe2O3,0.6666666666666666,0,
铅钡,Ward,2,902,0.47689212379430734,SiO2+BaO+SrO+P2O5+K2O+CaO+SnO2+Fe2O3,0.6,0,
铅钡,Ward,3,902,0.43600490081211546,SiO2+BaO+SrO+P2O5+K2O+CaO+SnO2+Fe2O3,0.6,0,
铅钡,Ward,4,902,0.4860122897800776,SiO2+BaO+SrO+P2O5+K2O+CaO+SnO2+Fe2O3,0.6,0,
铅钡,Ward,5,902,0.4079020900860624,SiO2+BaO+SrO+P2O5+K2O+CaO+SnO2+Fe2O3,0.6,0,
铅钡,Ward,6,902,0.5454545454545454,SiO2+BaO+SrO+P2O5+K2O+CaO+SnO2+Fe2O3,0.6,0,
铅钡,Ward,2,903,1.0,CuO+K2O+MgO+Al2O3+PbO+SiO2+CaO,0.5,0,
铅钡,Ward,3,903,0.6640986341503112,CuO+K2O+MgO+Al2O3+PbO+SiO2+CaO,0.5,0,
铅钡,Ward,4,903,0.664500387114938,CuO+K2O+MgO+Al2O3+PbO+SiO2+CaO,0.5,0,
铅钡,Ward,5,903,0.5217657878602084,CuO+K2O+MgO+Al2O3+PbO+SiO2+CaO,0.5,0,
铅钡,Ward,6,903,0.6885971607388185,CuO+K2O+MgO+Al2O3+PbO+SiO2+CaO,0.5,0,
铅钡,Ward,2,904,0.5512997514890932,SO2+SiO2+MgO+K2O+CuO+Al2O3+PbO+SrO+Fe2O3,0.5454545454545454,0,
铅钡,Ward,3,904,0.3293321189217112,SO2+SiO2+MgO+K2O+CuO+Al2O3+PbO+SrO+Fe2O3,0.5454545454545454,0,
铅钡,Ward,4,904,0.23863912515188335,SO2+SiO2+MgO+K2O+CuO+Al2O3+PbO+SrO+Fe2O3,0.5454545454545454,0,
铅钡,Ward,5,904,0.23222477064220184,SO2+SiO2+MgO+K2O+CuO+Al2O3+PbO+SrO+Fe2O3,0.5454545454545454,0,
铅钡,Ward,6,904,0.2131979695431472,SO2+SiO2+MgO+K2O+CuO+Al2O3+PbO+SrO+Fe2O3,0.5454545454545454,0,
铅钡,Ward,2,905,0.8999644844323429,PbO+SrO+Fe2O3+SiO2+CuO+K2O+BaO,0.6666666666666666,0,
铅钡,Ward,3,905,0.6879591118836261,PbO+SrO+Fe2O3+SiO2+CuO+K2O+BaO,0.6666666666666666,0,
铅钡,Ward,4,905,0.40172823186702894,PbO+SrO+Fe2O3+SiO2+CuO+K2O+BaO,0.6666666666666666,0,
铅钡,Ward,5,905,0.3553844358884611,PbO+SrO+Fe2O3+SiO2+CuO+K2O+BaO,0.6666666666666666,0,
铅钡,Ward,6,905,0.31497826373336846,PbO+SrO+Fe2O3+SiO2+CuO+K2O+BaO,0.6666666666666666,0,
铅钡,Ward,2,906,1.0,SiO2+Al2O3+Fe2O3+SrO+CuO+BaO+K2O,0.875,0,
铅钡,Ward,3,906,1.0,SiO2+Al2O3+Fe2O3+SrO+CuO+BaO+K2O,0.875,0,
铅钡,Ward,4,906,0.5546609083921971,SiO2+Al2O3+Fe2O3+SrO+CuO+BaO+K2O,0.875,0,
铅钡,Ward,5,906,0.42056552350669996,SiO2+Al2O3+Fe2O3+SrO+CuO+BaO+K2O,0.875,0,
铅钡,Ward,6,906,0.4837829645347075,SiO2+Al2O3+Fe2O3+SrO+CuO+BaO+K2O,0.875,0,
铅钡,Ward,2,907,0.4092071611253197,K2O+CuO+BaO+SiO2+Na2O+Al2O3+SrO+Fe2O3,0.7777777777777778,0,
铅钡,Ward,3,907,0.3277432115043883,K2O+CuO+BaO+SiO2+Na2O+Al2O3+SrO+Fe2O3,0.7777777777777778,0,
铅钡,Ward,4,907,0.2903963236837808,K2O+CuO+BaO+SiO2+Na2O+Al2O3+SrO+Fe2O3,0.7777777777777778,0,
铅钡,Ward,5,907,0.18220822140192877,K2O+CuO+BaO+SiO2+Na2O+Al2O3+SrO+Fe2O3,0.7777777777777778,0,
铅钡,Ward,6,907,0.2297279304069948,K2O+CuO+BaO+SiO2+Na2O+Al2O3+SrO+Fe2O3,0.7777777777777778,0,
铅钡,Ward,2,908,0.3437580107664701,PbO+SiO2+K2O+Al2O3+Fe2O3,0.4444444444444444,0,
铅钡,Ward,3,908,0.18701845455845986,PbO+SiO2+K2O+Al2O3+Fe2O3,0.4444444444444444,0,
铅钡,Ward,4,908,0.06750100256505323,PbO+SiO2+K2O+Al2O3+Fe2O3,0.4444444444444444,0,
铅钡,Ward,5,908,0.10463576158940398,PbO+SiO2+K2O+Al2O3+Fe2O3,0.4444444444444444,0,
铅钡,Ward,6,908,0.1774442208042482,PbO+SiO2+K2O+Al2O3+Fe2O3,0.4444444444444444,0,
铅钡,Ward,2,909,,,,1,活动成分SnO2在训练集中全缺失
铅钡,Ward,3,909,,,,1,活动成分SnO2在训练集中全缺失
铅钡,Ward,4,909,,,,1,活动成分SnO2在训练集中全缺失
铅钡,Ward,5,909,,,,1,活动成分SnO2在训练集中全缺失
铅钡,Ward,6,909,,,,1,活动成分SnO2在训练集中全缺失
铅钡,Ward,2,910,0.454691259021652,Al2O3+PbO+SrO+SiO2+K2O+Fe2O3,0.5555555555555556,0,
铅钡,Ward,3,910,0.2867152189788225,Al2O3+PbO+SrO+SiO2+K2O+Fe2O3,0.5555555555555556,0,
铅钡,Ward,4,910,0.13498098859315588,Al2O3+PbO+SrO+SiO2+K2O+Fe2O3,0.5555555555555556,0,
铅钡,Ward,5,910,0.16566832106794455,Al2O3+PbO+SrO+SiO2+K2O+Fe2O3,0.5555555555555556,0,
铅钡,Ward,6,910,0.237982011785382,Al2O3+PbO+SrO+SiO2+K2O+Fe2O3,0.5555555555555556,0,
铅钡,Ward,2,911,0.28503843879361324,BaO+PbO+Fe2O3+SiO2+MgO+K2O,0.4,0,
铅钡,Ward,3,911,0.2193931678336516,BaO+PbO+Fe2O3+SiO2+MgO+K2O,0.4,0,
铅钡,Ward,4,911,0.23929747530186607,BaO+PbO+Fe2O3+SiO2+MgO+K2O,0.4,0,
铅钡,Ward,5,911,0.21139357410197832,BaO+PbO+Fe2O3+SiO2+MgO+K2O,0.4,0,
铅钡,Ward,6,911,0.2705683688519334,BaO+PbO+Fe2O3+SiO2+MgO+K2O,0.4,0,
铅钡,Ward,2,912,1.0,BaO+Al2O3+CuO+SiO2+SnO2+Na2O+PbO+Fe2O3+K2O,0.5454545454545454,0,
铅钡,Ward,3,912,0.6968960994802545,BaO+Al2O3+CuO+SiO2+SnO2+Na2O+PbO+Fe2O3+K2O,0.5454545454545454,0,
铅钡,Ward,4,912,0.5017729480071736,BaO+Al2O3+CuO+SiO2+SnO2+Na2O+PbO+Fe2O3+K2O,0.5454545454545454,0,
铅钡,Ward,5,912,0.4605243074105167,BaO+Al2O3+CuO+SiO2+SnO2+Na2O+PbO+Fe2O3+K2O,0.5454545454545454,0,
铅钡,Ward,6,912,0.5031262044452057,BaO+Al2O3+CuO+SiO2+SnO2+Na2O+PbO+Fe2O3+K2O,0.5454545454545454,0,
铅钡,Ward,2,913,,,,1,活动成分SO2在训练集中全缺失
铅钡,Ward,3,913,,,,1,活动成分SO2在训练集中全缺失
铅钡,Ward,4,913,,,,1,活动成分SO2在训练集中全缺失
铅钡,Ward,5,913,,,,1,活动成分SO2在训练集中全缺失
铅钡,Ward,6,913,,,,1,活动成分SO2在训练集中全缺失
铅钡,Ward,2,914,1.0,Al2O3+SrO+CuO+BaO+Fe2O3+CaO+SiO2+K2O,1.0,0,
铅钡,Ward,3,914,0.7309355165118204,Al2O3+SrO+CuO+BaO+Fe2O3+CaO+SiO2+K2O,1.0,0,
铅钡,Ward,4,914,0.618789886097423,Al2O3+SrO+CuO+BaO+Fe2O3+CaO+SiO2+K2O,1.0,0,
铅钡,Ward,5,914,0.37356245366586194,Al2O3+SrO+CuO+BaO+Fe2O3+CaO+SiO2+K2O,1.0,0,
铅钡,Ward,6,914,0.44944345141371467,Al2O3+SrO+CuO+BaO+Fe2O3+CaO+SiO2+K2O,1.0,0,
铅钡,Ward,2,915,0.14408324025630476,K2O+PbO+Fe2O3+SrO+BaO+Al2O3+SiO2+Na2O,0.6,0,
铅钡,Ward,3,915,0.11643713110355929,K2O+PbO+Fe2O3+SrO+BaO+Al2O3+SiO2+Na2O,0.6,0,
铅钡,Ward,4,915,0.13613369202877362,K2O+PbO+Fe2O3+SrO+BaO+Al2O3+SiO2+Na2O,0.6,0,
铅钡,Ward,5,915,0.18732737346168304,K2O+PbO+Fe2O3+SrO+BaO+Al2O3+SiO2+Na2O,0.6,0,
铅钡,Ward,6,915,0.34378447958808384,K2O+PbO+Fe2O3+SrO+BaO+Al2O3+SiO2+Na2O,0.6,0,
铅钡,Ward,2,916,0.04092071611253197,SiO2+P2O5+K2O+PbO+Al2O3+BaO+SrO+Fe2O3,0.6,0,
铅钡,Ward,3,916,0.22945813013503266,SiO2+P2O5+K2O+PbO+Al2O3+BaO+SrO+Fe2O3,0.6,0,
铅钡,Ward,4,916,0.2388830947188774,SiO2+P2O5+K2O+PbO+Al2O3+BaO+SrO+Fe2O3,0.6,0,
铅钡,Ward,5,916,0.28378853592779274,SiO2+P2O5+K2O+PbO+Al2O3+BaO+SrO+Fe2O3,0.6,0,
铅钡,Ward,6,916,0.4681901537593455,SiO2+P2O5+K2O+PbO+Al2O3+BaO+SrO+Fe2O3,0.6,0,
铅钡,Ward,2,917,0.05723905723905724,Al2O3+SiO2+K2O+Fe2O3+Na2O+SrO+PbO,0.5,0,
铅钡,Ward,3,917,0.09129583936016336,Al2O3+SiO2+K2O+Fe2O3+Na2O+SrO+PbO,0.5,0,
铅钡,Ward,4,917,0.21059198669069734,Al2O3+SiO2+K2O+Fe2O3+Na2O+SrO+PbO,0.5,0,
铅钡,Ward,5,917,0.1514700409378489,Al2O3+SiO2+K2O+Fe2O3+Na2O+SrO+PbO,0.5,0,
铅钡,Ward,6,917,0.2665343224323477,Al2O3+SiO2+K2O+Fe2O3+Na2O+SrO+PbO,0.5,0,
铅钡,Ward,2,918,0.2841918294849023,SiO2+BaO+K2O+Al2O3+Fe2O3+PbO+SrO,0.6666666666666666,0,
铅钡,Ward,3,918,0.24630970754679646,SiO2+BaO+K2O+Al2O3+Fe2O3+PbO+SrO,0.6666666666666666,0,
铅钡,Ward,4,918,0.09538996810669759,SiO2+BaO+K2O+Al2O3+Fe2O3+PbO+SrO,0.6666666666666666,0,
铅钡,Ward,5,918,0.16403587443946188,SiO2+BaO+K2O+Al2O3+Fe2O3+PbO+SrO,0.6666666666666666,0,
铅钡,Ward,6,918,0.24268035013582856,SiO2+BaO+K2O+Al2O3+Fe2O3+PbO+SrO,0.6666666666666666,0,
铅钡,Ward,2,919,-0.015028765997416932,K2O+Fe2O3+CuO+BaO+CaO+P2O5+MgO+SiO2+PbO+SrO,0.6363636363636364,0,
铅钡,Ward,3,919,0.5835227977346947,K2O+Fe2O3+CuO+BaO+CaO+P2O5+MgO+SiO2+PbO+SrO,0.6363636363636364,0,
铅钡,Ward,4,919,0.6427251732101616,K2O+Fe2O3+CuO+BaO+CaO+P2O5+MgO+SiO2+PbO+SrO,0.6363636363636364,0,
铅钡,Ward,5,919,0.565417407839048,K2O+Fe2O3+CuO+BaO+CaO+P2O5+MgO+SiO2+PbO+SrO,0.6363636363636364,0,
铅钡,Ward,6,919,0.5493712585891116,K2O+Fe2O3+CuO+BaO+CaO+P2O5+MgO+SiO2+PbO+SrO,0.6363636363636364,0,
铅钡,Ward,2,920,0.23529411764705882,Al2O3+PbO+Fe2O3+SiO2+BaO+CuO+K2O,0.6666666666666666,0,
铅钡,Ward,3,920,0.05907967517947511,Al2O3+PbO+Fe2O3+SiO2+BaO+CuO+K2O,0.6666666666666666,0,
铅钡,Ward,4,920,0.10098132320354543,Al2O3+PbO+Fe2O3+SiO2+BaO+CuO+K2O,0.6666666666666666,0,
铅钡,Ward,5,920,0.17584369449378331,Al2O3+PbO+Fe2O3+SiO2+BaO+CuO+K2O,0.6666666666666666,0,
铅钡,Ward,6,920,0.2965112763770482,Al2O3+PbO+Fe2O3+SiO2+BaO+CuO+K2O,0.6666666666666666,0,
铅钡,Ward,2,921,0.8050513022888713,PbO+SrO+Al2O3+CuO+BaO+CaO+SiO2+K2O+Fe2O3,0.8888888888888888,0,
铅钡,Ward,3,921,0.5829241716999153,PbO+SrO+Al2O3+CuO+BaO+CaO+SiO2+K2O+Fe2O3,0.8888888888888888,0,
铅钡,Ward,4,921,0.783054822632659,PbO+SrO+Al2O3+CuO+BaO+CaO+SiO2+K2O+Fe2O3,0.8888888888888888,0,
铅钡,Ward,5,921,0.5337351168602087,PbO+SrO+Al2O3+CuO+BaO+CaO+SiO2+K2O+Fe2O3,0.8888888888888888,0,
铅钡,Ward,6,921,0.719688936019795,PbO+SrO+Al2O3+CuO+BaO+CaO+SiO2+K2O+Fe2O3,0.8888888888888888,0,
铅钡,Ward,2,922,1.0,Al2O3+PbO+K2O+CuO+Fe2O3+BaO+SiO2+SrO+MgO,0.7,0,
铅钡,Ward,3,922,1.0,Al2O3+PbO+K2O+CuO+Fe2O3+BaO+SiO2+SrO+MgO,0.7,0,
铅钡,Ward,4,922,0.6008345471007361,Al2O3+PbO+K2O+CuO+Fe2O3+BaO+SiO2+SrO+MgO,0.7,0,
铅钡,Ward,5,922,0.4087536562745238,Al2O3+PbO+K2O+CuO+Fe2O3+BaO+SiO2+SrO+MgO,0.7,0,
铅钡,Ward,6,922,0.38714499252615847,Al2O3+PbO+K2O+CuO+Fe2O3+BaO+SiO2+SrO+MgO,0.7,0,
铅钡,Ward,2,923,0.5472636815920398,BaO+CuO+Al2O3+SrO+SiO2+Na2O+Fe2O3+K2O,0.7777777777777778,0,
铅钡,Ward,3,923,0.3755795569016471,BaO+CuO+Al2O3+SrO+SiO2+Na2O+Fe2O3+K2O,0.7777777777777778,0,
铅钡,Ward,4,923,0.30009290802105915,BaO+CuO+Al2O3+SrO+SiO2+Na2O+Fe2O3+K2O,0.7777777777777778,0,
铅钡,Ward,5,923,0.3044966963593077,BaO+CuO+Al2O3+SrO+SiO2+Na2O+Fe2O3+K2O,0.7777777777777778,0,
铅钡,Ward,6,923,0.3834931578596528,BaO+CuO+Al2O3+SrO+SiO2+Na2O+Fe2O3+K2O,0.7777777777777778,0,
铅钡,Ward,2,924,0.28464360380261133,BaO+Al2O3+Fe2O3+SrO+CaO+MgO+K2O,0.6666666666666666,0,
铅钡,Ward,3,924,0.11824975068646604,BaO+Al2O3+Fe2O3+SrO+CaO+MgO+K2O,0.6666666666666666,0,
铅钡,Ward,4,924,0.2649475463204542,BaO+Al2O3+Fe2O3+SrO+CaO+MgO+K2O,0.6666666666666666,0,
铅钡,Ward,5,924,0.46697837521917007,BaO+Al2O3+Fe2O3+SrO+CaO+MgO+K2O,0.6666666666666666,0,
铅钡,Ward,6,924,0.5597008741765754,BaO+Al2O3+Fe2O3+SrO+CaO+MgO+K2O,0.6666666666666666,0,
铅钡,Ward,2,925,0.8956145768993206,K2O+PbO+SiO2+SrO+CuO+Al2O3+BaO+Fe2O3,0.7777777777777778,0,
铅钡,Ward,3,925,0.5626217178161306,K2O+PbO+SiO2+SrO+CuO+Al2O3+BaO+Fe2O3,0.7777777777777778,0,
铅钡,Ward,4,925,0.2877298593801439,K2O+PbO+SiO2+SrO+CuO+Al2O3+BaO+Fe2O3,0.7777777777777778,0,
铅钡,Ward,5,925,0.23288192744874095,K2O+PbO+SiO2+SrO+CuO+Al2O3+BaO+Fe2O3,0.7777777777777778,0,
铅钡,Ward,6,925,0.29074533802898217,K2O+PbO+SiO2+SrO+CuO+Al2O3+BaO+Fe2O3,0.7777777777777778,0,
铅钡,Ward,2,926,0.10031941322607359,Al2O3+BaO+K2O+Fe2O3+CaO+SiO2+PbO+SrO,0.7777777777777778,0,
铅钡,Ward,3,926,0.03631341646695642,Al2O3+BaO+K2O+Fe2O3+CaO+SiO2+PbO+SrO,0.7777777777777778,0,
铅钡,Ward,4,926,0.18174665617623917,Al2O3+BaO+K2O+Fe2O3+CaO+SiO2+PbO+SrO,0.7777777777777778,0,
铅钡,Ward,5,926,0.35424354243542433,Al2O3+BaO+K2O+Fe2O3+CaO+SiO2+PbO+SrO,0.7777777777777778,0,
铅钡,Ward,6,926,0.4843016121524986,Al2O3+BaO+K2O+Fe2O3+CaO+SiO2+PbO+SrO,0.7777777777777778,0,
铅钡,Ward,2,927,0.3331329526099589,SiO2+Fe2O3+K2O+PbO+Al2O3+SrO,0.5555555555555556,0,
铅钡,Ward,3,927,0.19849743788661373,SiO2+Fe2O3+K2O+PbO+Al2O3+SrO,0.5555555555555556,0,
铅钡,Ward,4,927,0.12051406401551891,SiO2+Fe2O3+K2O+PbO+Al2O3+SrO,0.5555555555555556,0,
铅钡,Ward,5,927,0.1375903342366757,SiO2+Fe2O3+K2O+PbO+Al2O3+SrO,0.5555555555555556,0,
铅钡,Ward,6,927,0.22608457643355687,SiO2+Fe2O3+K2O+PbO+Al2O3+SrO,0.5555555555555556,0,
铅钡,Ward,2,928,0.8051166735704283,BaO+SiO2+SrO+Fe2O3+PbO+Al2O3+CuO+K2O,0.7777777777777778,0,
铅钡,Ward,3,928,0.5330072185218698,BaO+SiO2+SrO+Fe2O3+PbO+Al2O3+CuO+K2O,0.7777777777777778,0,
铅钡,Ward,4,928,0.35612530955513966,BaO+SiO2+SrO+Fe2O3+PbO+Al2O3+CuO+K2O,0.7777777777777778,0,
铅钡,Ward,5,928,0.25442702431044845,BaO+SiO2+SrO+Fe2O3+PbO+Al2O3+CuO+K2O,0.7777777777777778,0,
铅钡,Ward,6,928,0.2718220009335615,BaO+SiO2+SrO+Fe2O3+PbO+Al2O3+CuO+K2O,0.7777777777777778,0,
铅钡,Ward,2,929,0.5519713261648745,SiO2+BaO+Al2O3+K2O+Fe2O3+CuO+MgO,0.6666666666666666,0,
铅钡,Ward,3,929,0.4166083048323599,SiO2+BaO+Al2O3+K2O+Fe2O3+CuO+MgO,0.6666666666666666,0,
铅钡,Ward,4,929,0.1536856481657119,SiO2+BaO+Al2O3+K2O+Fe2O3+CuO+MgO,0.6666666666666666,0,
铅钡,Ward,5,929,0.1703204047217538,SiO2+BaO+Al2O3+K2O+Fe2O3+CuO+MgO,0.6666666666666666,0,
铅钡,Ward,6,929,0.1660939289805269,SiO2+BaO+Al2O3+K2O+Fe2O3+CuO+MgO,0.6666666666666666,0,
铅钡,Ward,2,930,0.9000039446175693,SiO2+CuO+Fe2O3+BaO+PbO+K2O+SrO,0.6666666666666666,0,
铅钡,Ward,3,930,0.562730664246291,SiO2+CuO+Fe2O3+BaO+PbO+K2O+SrO,0.6666666666666666,0,
铅钡,Ward,4,930,0.4120214243205713,SiO2+CuO+Fe2O3+BaO+PbO+K2O+SrO,0.6666666666666666,0,
铅钡,Ward,5,930,0.26772579366164445,SiO2+CuO+Fe2O3+BaO+PbO+K2O+SrO,0.6666666666666666,0,
铅钡,Ward,6,930,0.2854997597308986,SiO2+CuO+Fe2O3+BaO+PbO+K2O+SrO,0.6666666666666666,0,
铅钡,Ward,2,931,0.2307237114622167,SiO2+MgO+SrO+Fe2O3+Al2O3+BaO+PbO,0.5,0,
铅钡,Ward,3,931,0.26599914698295996,SiO2+MgO+SrO+Fe2O3+Al2O3+BaO+PbO,0.5,0,
铅钡,Ward,4,931,0.2534223706176962,SiO2+MgO+SrO+Fe2O3+Al2O3+BaO+PbO,0.5,0,
铅钡,Ward,5,931,0.18811970030059671,SiO2+MgO+SrO+Fe2O3+Al2O3+BaO+PbO,0.5,0,
铅钡,Ward,6,931,0.2017762670979414,SiO2+MgO+SrO+Fe2O3+Al2O3+BaO+PbO,0.5,0,
铅钡,Ward,2,932,0.47580645161290325,Al2O3+SrO+PbO+MgO+SiO2+CaO+Fe2O3,0.5,0,
铅钡,Ward,3,932,0.27198214822125905,Al2O3+SrO+PbO+MgO+SiO2+CaO+Fe2O3,0.5,0,
铅钡,Ward,4,932,0.3611947488859448,Al2O3+SrO+PbO+MgO+SiO2+CaO+Fe2O3,0.5,0,
铅钡,Ward,5,932,0.43103448275862066,Al2O3+SrO+PbO+MgO+SiO2+CaO+Fe2O3,0.5,0,
铅钡,Ward,6,932,0.6560172481379851,Al2O3+SrO+PbO+MgO+SiO2+CaO+Fe2O3,0.5,0,
铅钡,Ward,2,933,0.3441718395901074,MgO+SrO+Na2O+PbO+Al2O3+BaO+Fe2O3,0.36363636363636365,0,
铅钡,Ward,3,933,0.35467083008066613,MgO+SrO+Na2O+PbO+Al2O3+BaO+Fe2O3,0.36363636363636365,0,
铅钡,Ward,4,933,0.18421052631578946,MgO+SrO+Na2O+PbO+Al2O3+BaO+Fe2O3,0.36363636363636365,0,
铅钡,Ward,5,933,0.12095352935720248,MgO+SrO+Na2O+PbO+Al2O3+BaO+Fe2O3,0.36363636363636365,0,
铅钡,Ward,6,933,0.1269109187956677,MgO+SrO+Na2O+PbO+Al2O3+BaO+Fe2O3,0.36363636363636365,0,
铅钡,Ward,2,934,-0.07006020799124248,K2O+Fe2O3+SiO2+BaO+Al2O3+SrO,0.75,0,
铅钡,Ward,3,934,0.3850946954169058,K2O+Fe2O3+SiO2+BaO+Al2O3+SrO,0.75,0,
铅钡,Ward,4,934,0.12783168085603278,K2O+Fe2O3+SiO2+BaO+Al2O3+SrO,0.75,0,
铅钡,Ward,5,934,0.24685232454756648,K2O+Fe2O3+SiO2+BaO+Al2O3+SrO,0.75,0,
铅钡,Ward,6,934,0.2984060621897047,K2O+Fe2O3+SiO2+BaO+Al2O3+SrO,0.75,0,
铅钡,Ward,2,935,0.006211180124223602,PbO+SrO+P2O5+K2O+CaO+Al2O3+BaO+Fe2O3,0.6,0,
铅钡,Ward,3,935,0.10496798225421672,PbO+SrO+P2O5+K2O+CaO+Al2O3+BaO+Fe2O3,0.6,0,
铅钡,Ward,4,935,0.19868566220559314,PbO+SrO+P2O5+K2O+CaO+Al2O3+BaO+Fe2O3,0.6,0,
铅钡,Ward,5,935,0.22921985815602836,PbO+SrO+P2O5+K2O+CaO+Al2O3+BaO+Fe2O3,0.6,0,
铅钡,Ward,6,935,0.2621391921072964,PbO+SrO+P2O5+K2O+CaO+Al2O3+BaO+Fe2O3,0.6,0,
铅钡,Ward,2,936,-0.029534357508634035,K2O+Fe2O3+P2O5+MgO+CaO+SiO2+CuO+PbO,0.45454545454545453,0,
铅钡,Ward,3,936,0.3688798909226129,K2O+Fe2O3+P2O5+MgO+CaO+SiO2+CuO+PbO,0.45454545454545453,0,
铅钡,Ward,4,936,0.35183751945057723,K2O+Fe2O3+P2O5+MgO+CaO+SiO2+CuO+PbO,0.45454545454545453,0,
铅钡,Ward,5,936,0.22719582753044762,K2O+Fe2O3+P2O5+MgO+CaO+SiO2+CuO+PbO,0.45454545454545453,0,
铅钡,Ward,6,936,0.29991601931555745,K2O+Fe2O3+P2O5+MgO+CaO+SiO2+CuO+PbO,0.45454545454545453,0,
铅钡,Ward,2,937,0.018867924528301886,CaO+P2O5+PbO+SrO+BaO+SiO2+MgO+K2O+Fe2O3,0.5454545454545454,0,
铅钡,Ward,3,937,0.09205158844616589,CaO+P2O5+PbO+SrO+BaO+SiO2+MgO+K2O+Fe2O3,0.5454545454545454,0,
铅钡,Ward,4,937,0.1555559004765083,CaO+P2O5+PbO+SrO+BaO+SiO2+MgO+K2O+Fe2O3,0.5454545454545454,0,
铅钡,Ward,5,937,0.398112193082024,CaO+P2O5+PbO+SrO+BaO+SiO2+MgO+K2O+Fe2O3,0.5454545454545454,0,
铅钡,Ward,6,937,0.37764131008980456,CaO+P2O5+PbO+SrO+BaO+SiO2+MgO+K2O+Fe2O3,0.5454545454545454,0,
铅钡,Ward,2,938,0.17656169334021682,K2O+Fe2O3+SiO2+BaO+SrO+Al2O3+PbO,0.6666666666666666,0,
铅钡,Ward,3,938,0.29715818719238724,K2O+Fe2O3+SiO2+BaO+SrO+Al2O3+PbO,0.6666666666666666,0,
铅钡,Ward,4,938,0.23230813729271116,K2O+Fe2O3+SiO2+BaO+SrO+Al2O3+PbO,0.6666666666666666,0,
铅钡,Ward,5,938,0.22888326478962354,K2O+Fe2O3+SiO2+BaO+SrO+Al2O3+PbO,0.6666666666666666,0,
铅钡,Ward,6,938,0.3014947206541513,K2O+Fe2O3+SiO2+BaO+SrO+Al2O3+PbO,0.6666666666666666,0,
铅钡,Ward,2,939,0.766937157954331,Na2O+Fe2O3+CuO+BaO+SiO2+PbO+SrO+Al2O3+K2O,0.7,0,
铅钡,Ward,3,939,0.32806324110671936,Na2O+Fe2O3+CuO+BaO+SiO2+PbO+SrO+Al2O3+K2O,0.7,0,
铅钡,Ward,4,939,0.20619469026548673,Na2O+Fe2O3+CuO+BaO+SiO2+PbO+SrO+Al2O3+K2O,0.7,0,
铅钡,Ward,5,939,0.19101123595505617,Na2O+Fe2O3+CuO+BaO+SiO2+PbO+SrO+Al2O3+K2O,0.7,0,
铅钡,Ward,6,939,0.1835838911445188,Na2O+Fe2O3+CuO+BaO+SiO2+PbO+SrO+Al2O3+K2O,0.7,0,
铅钡,Ward,2,940,,,,1,活动成分SnO2在训练集中全缺失
铅钡,Ward,3,940,,,,1,活动成分SnO2在训练集中全缺失
铅钡,Ward,4,940,,,,1,活动成分SnO2在训练集中全缺失
铅钡,Ward,5,940,,,,1,活动成分SnO2在训练集中全缺失
铅钡,Ward,6,940,,,,1,活动成分SnO2在训练集中全缺失
铅钡,Ward,2,941,0.40957886044591246,K2O+MgO+CaO+SiO2+Al2O3+SrO+PbO+Fe2O3,0.6,0,
铅钡,Ward,3,941,0.3036812895268962,K2O+MgO+CaO+SiO2+Al2O3+SrO+PbO+Fe2O3,0.6,0,
铅钡,Ward,4,941,0.37761819269898267,K2O+MgO+CaO+SiO2+Al2O3+SrO+PbO+Fe2O3,0.6,0,
铅钡,Ward,5,941,0.3471237811802483,K2O+MgO+CaO+SiO2+Al2O3+SrO+PbO+Fe2O3,0.6,0,
铅钡,Ward,6,941,0.4697452229299363,K2O+MgO+CaO+SiO2+Al2O3+SrO+PbO+Fe2O3,0.6,0,
铅钡,Ward,2,942,0.4092071611253197,SiO2+Fe2O3+BaO+PbO+K2O+CuO+SrO,0.6666666666666666,0,
铅钡,Ward,3,942,0.18378159998410482,SiO2+Fe2O3+BaO+PbO+K2O+CuO+SrO,0.6666666666666666,0,
铅钡,Ward,4,942,0.24522831980443163,SiO2+Fe2O3+BaO+PbO+K2O+CuO+SrO,0.6666666666666666,0,
铅钡,Ward,5,942,0.21750934890630602,SiO2+Fe2O3+BaO+PbO+K2O+CuO+SrO,0.6666666666666666,0,
铅钡,Ward,6,942,0.1867583096171401,SiO2+Fe2O3+BaO+PbO+K2O+CuO+SrO,0.6666666666666666,0,
铅钡,Ward,2,943,0.28464360380261133,SiO2+MgO+BaO+PbO+SrO+K2O,0.4,0,
铅钡,Ward,3,943,0.42692057075227063,SiO2+MgO+BaO+PbO+SrO+K2O,0.4,0,
铅钡,Ward,4,943,0.21398066981344122,SiO2+MgO+BaO+PbO+SrO+K2O,0.4,0,
铅钡,Ward,5,943,0.248869536091107,SiO2+MgO+BaO+PbO+SrO+K2O,0.4,0,
铅钡,Ward,6,943,0.22544283413848631,SiO2+MgO+BaO+PbO+SrO+K2O,0.4,0,
铅钡,Ward,2,944,0.38339287914254033,SiO2+K2O+PbO+Al2O3+SrO+Fe2O3,0.5555555555555556,0,
铅钡,Ward,3,944,0.29860415687396535,SiO2+K2O+PbO+Al2O3+SrO+Fe2O3,0.5555555555555556,0,
铅钡,Ward,4,944,0.15378993920125364,SiO2+K2O+PbO+Al2O3+SrO+Fe2O3,0.5555555555555556,0,
铅钡,Ward,5,944,0.10323501427212178,SiO2+K2O+PbO+Al2O3+SrO+Fe2O3,0.5555555555555556,0,
铅钡,Ward,6,944,0.1713673285198556,SiO2+K2O+PbO+Al2O3+SrO+Fe2O3,0.5555555555555556,0,
铅钡,Ward,2,945,-0.02247191011235955,P2O5+MgO+PbO+Fe2O3+BaO+Na2O+CuO+K2O,0.3333333333333333,0,
铅钡,Ward,3,945,0.47702291455331214,P2O5+MgO+PbO+Fe2O3+BaO+Na2O+CuO+K2O,0.3333333333333333,0,
铅钡,Ward,4,945,0.5864092994196084,P2O5+MgO+PbO+Fe2O3+BaO+Na2O+CuO+K2O,0.3333333333333333,0,
铅钡,Ward,5,945,0.45727482678983833,P2O5+MgO+PbO+Fe2O3+BaO+Na2O+CuO+K2O,0.3333333333333333,0,
铅钡,Ward,6,945,0.42056526846797043,P2O5+MgO+PbO+Fe2O3+BaO+Na2O+CuO+K2O,0.3333333333333333,0,
铅钡,Ward,2,946,0.2827763496143959,PbO+K2O+Al2O3+SiO2+MgO+Fe2O3,0.4,0,
铅钡,Ward,3,946,0.28862572873769654,PbO+K2O+Al2O3+SiO2+MgO+Fe2O3,0.4,0,
铅钡,Ward,4,946,0.290410619029897,PbO+K2O+Al2O3+SiO2+MgO+Fe2O3,0.4,0,
铅钡,Ward,5,946,0.2980392156862745,PbO+K2O+Al2O3+SiO2+MgO+Fe2O3,0.4,0,
铅钡,Ward,6,946,0.37618332571652413,PbO+K2O+Al2O3+SiO2+MgO+Fe2O3,0.4,0,
铅钡,Ward,2,947,-0.07431340872374798,SiO2+MgO+Fe2O3+SrO+CuO+Al2O3+PbO+K2O,0.6,0,
铅钡,Ward,3,947,1.0,SiO2+MgO+Fe2O3+SrO+CuO+Al2O3+PbO+K2O,0.6,0,
铅钡,Ward,4,947,0.5607111848126217,SiO2+MgO+Fe2O3+SrO+CuO+Al2O3+PbO+K2O,0.6,0,
铅钡,Ward,5,947,0.6286117631334943,SiO2+MgO+Fe2O3+SrO+CuO+Al2O3+PbO+K2O,0.6,0,
铅钡,Ward,6,947,0.606743118004565,SiO2+MgO+Fe2O3+SrO+CuO+Al2O3+PbO+K2O,0.6,0,
铅钡,Ward,2,948,0.02664820903270462,PbO+Al2O3+Fe2O3+CaO+CuO+SiO2+K2O,0.6666666666666666,0,
铅钡,Ward,3,948,0.3116464164364002,PbO+Al2O3+Fe2O3+CaO+CuO+SiO2+K2O,0.6666666666666666,0,
铅钡,Ward,4,948,0.3656841783750764,PbO+Al2O3+Fe2O3+CaO+CuO+SiO2+K2O,0.6666666666666666,0,
铅钡,Ward,5,948,0.2317940335104209,PbO+Al2O3+Fe2O3+CaO+CuO+SiO2+K2O,0.6666666666666666,0,
铅钡,Ward,6,948,0.4339148639218423,PbO+Al2O3+Fe2O3+CaO+CuO+SiO2+K2O,0.6666666666666666,0,
铅钡,Ward,2,949,0.5517241379310345,PbO+SrO+SiO2+CuO+BaO+K2O+Fe2O3,0.6666666666666666,0,
铅钡,Ward,3,949,0.3031981418617116,PbO+SrO+SiO2+CuO+BaO+K2O+Fe2O3,0.6666666666666666,0,
铅钡,Ward,4,949,0.29468562013870264,PbO+SrO+SiO2+CuO+BaO+K2O+Fe2O3,0.6666666666666666,0,
铅钡,Ward,5,949,0.18412140438118918,PbO+SrO+SiO2+CuO+BaO+K2O+Fe2O3,0.6666666666666666,0,
铅钡,Ward,6,949,0.21142679386146826,PbO+SrO+SiO2+CuO+BaO+K2O+Fe2O3,0.6666666666666666,0,
铅钡,Ward,2,950,0.8050820707070707,Al2O3+SiO2+Fe2O3+CuO+MgO+BaO+K2O,0.6666666666666666,0,
铅钡,Ward,3,950,0.5501603555955663,Al2O3+SiO2+Fe2O3+CuO+MgO+BaO+K2O,0.6666666666666666,0,
铅钡,Ward,4,950,0.31408758573905177,Al2O3+SiO2+Fe2O3+CuO+MgO+BaO+K2O,0.6666666666666666,0,
铅钡,Ward,5,950,0.3221187838793307,Al2O3+SiO2+Fe2O3+CuO+MgO+BaO+K2O,0.6666666666666666,0,
铅钡,Ward,6,950,0.35236299986535613,Al2O3+SiO2+Fe2O3+CuO+MgO+BaO+K2O,0.6666666666666666,0,
铅钡,Ward,2,951,-0.003861003861003861,Al2O3+Fe2O3+PbO+CuO+SiO2+MgO+Na2O+BaO,0.45454545454545453,0,
铅钡,Ward,3,951,0.3574313327573389,Al2O3+Fe2O3+PbO+CuO+SiO2+MgO+Na2O+BaO,0.45454545454545453,0,
铅钡,Ward,4,951,0.2615764560609179,Al2O3+Fe2O3+PbO+CuO+SiO2+MgO+Na2O+BaO,0.45454545454545453,0,
铅钡,Ward,5,951,0.19606725562838415,Al2O3+Fe2O3+PbO+CuO+SiO2+MgO+Na2O+BaO,0.45454545454545453,0,
铅钡,Ward,6,951,0.19738585712564752,Al2O3+Fe2O3+PbO+CuO+SiO2+MgO+Na2O+BaO,0.45454545454545453,0,
铅钡,Ward,2,952,-0.04785894206549118,SiO2+CaO+MgO+PbO+SrO+K2O+Fe2O3+CuO,0.6,0,
铅钡,Ward,3,952,0.1692540068809264,SiO2+CaO+MgO+PbO+SrO+K2O+Fe2O3+CuO,0.6,0,
铅钡,Ward,4,952,0.3018572387558738,SiO2+CaO+MgO+PbO+SrO+K2O+Fe2O3+CuO,0.6,0,
铅钡,Ward,5,952,0.29917248443354266,SiO2+CaO+MgO+PbO+SrO+K2O+Fe2O3+CuO,0.6,0,
铅钡,Ward,6,952,0.23718228031953523,SiO2+CaO+MgO+PbO+SrO+K2O+Fe2O3+CuO,0.6,0,
铅钡,Ward,2,953,0.5512643496784883,PbO+SrO+SiO2+BaO+K2O+Fe2O3,0.5555555555555556,0,
铅钡,Ward,3,953,0.5117222996304598,PbO+SrO+SiO2+BaO+K2O+Fe2O3,0.5555555555555556,0,
铅钡,Ward,4,953,0.4194452582486757,PbO+SrO+SiO2+BaO+K2O+Fe2O3,0.5555555555555556,0,
铅钡,Ward,5,953,0.25146109037167835,PbO+SrO+SiO2+BaO+K2O+Fe2O3,0.5555555555555556,0,
铅钡,Ward,6,953,0.2270645499168224,PbO+SrO+SiO2+BaO+K2O+Fe2O3,0.5555555555555556,0,
铅钡,Ward,2,954,-0.015603202197755028,CaO+P2O5+SiO2+CuO+PbO+Al2O3+Fe2O3+K2O,0.6,0,
铅钡,Ward,3,954,0.4211635833481096,CaO+P2O5+SiO2+CuO+PbO+Al2O3+Fe2O3+K2O,0.6,0,
铅钡,Ward,4,954,0.4654265083833068,CaO+P2O5+SiO2+CuO+PbO+Al2O3+Fe2O3+K2O,0.6,0,
铅钡,Ward,5,954,0.36723153120671004,CaO+P2O5+SiO2+CuO+PbO+Al2O3+Fe2O3+K2O,0.6,0,
铅钡,Ward,6,954,0.39643332991698266,CaO+P2O5+SiO2+CuO+PbO+Al2O3+Fe2O3+K2O,0.6,0,
铅钡,Ward,2,955,,,,1,活动成分SO2在训练集中全缺失
铅钡,Ward,3,955,,,,1,活动成分SO2在训练集中全缺失
铅钡,Ward,4,955,,,,1,活动成分SO2在训练集中全缺失
铅钡,Ward,5,955,,,,1,活动成分SO2在训练集中全缺失
铅钡,Ward,6,955,,,,1,活动成分SO2在训练集中全缺失
铅钡,Ward,2,956,0.40827586206896554,SiO2+CuO+BaO+PbO+Fe2O3+SrO+K2O,0.6666666666666666,0,
铅钡,Ward,3,956,0.22164581289394816,SiO2+CuO+BaO+PbO+Fe2O3+SrO+K2O,0.6666666666666666,0,
铅钡,Ward,4,956,0.32896625156242765,SiO2+CuO+BaO+PbO+Fe2O3+SrO+K2O,0.6666666666666666,0,
铅钡,Ward,5,956,0.14127059318911522,SiO2+CuO+BaO+PbO+Fe2O3+SrO+K2O,0.6666666666666666,0,
铅钡,Ward,6,956,0.13801021872667776,SiO2+CuO+BaO+PbO+Fe2O3+SrO+K2O,0.6666666666666666,0,
铅钡,Ward,2,957,0.06734730078640834,PbO+SrO+Al2O3+Fe2O3+SiO2+K2O+BaO,0.6666666666666666,0,
铅钡,Ward,3,957,0.11296634489955648,PbO+SrO+Al2O3+Fe2O3+SiO2+K2O+BaO,0.6666666666666666,0,
铅钡,Ward,4,957,0.3413251847789182,PbO+SrO+Al2O3+Fe2O3+SiO2+K2O+BaO,0.6666666666666666,0,
铅钡,Ward,5,957,0.3843551797040169,PbO+SrO+Al2O3+Fe2O3+SiO2+K2O+BaO,0.6666666666666666,0,
铅钡,Ward,6,957,0.37030946329795184,PbO+SrO+Al2O3+Fe2O3+SiO2+K2O+BaO,0.6666666666666666,0,
铅钡,Ward,2,958,1.0,SiO2+Fe2O3+Al2O3+SrO+CuO+BaO,0.75,0,
铅钡,Ward,3,958,1.0,SiO2+Fe2O3+Al2O3+SrO+CuO+BaO,0.75,0,
铅钡,Ward,4,958,0.5902533640441265,SiO2+Fe2O3+Al2O3+SrO+CuO+BaO,0.75,0,
铅钡,Ward,5,958,0.404416269344485,SiO2+Fe2O3+Al2O3+SrO+CuO+BaO,0.75,0,
铅钡,Ward,6,958,0.289699278813444,SiO2+Fe2O3+Al2O3+SrO+CuO+BaO,0.75,0,
铅钡,Ward,2,959,0.8997429305912596,PbO+Al2O3+K2O+SrO+SiO2+Na2O+MgO+CuO+BaO,0.5454545454545454,0,
铅钡,Ward,3,959,0.5398047053676193,PbO+Al2O3+K2O+SrO+SiO2+Na2O+MgO+CuO+BaO,0.5454545454545454,0,
铅钡,Ward,4,959,0.4125235608565337,PbO+Al2O3+K2O+SrO+SiO2+Na2O+MgO+CuO+BaO,0.5454545454545454,0,
铅钡,Ward,5,959,0.3578708946772367,PbO+Al2O3+K2O+SrO+SiO2+Na2O+MgO+CuO+BaO,0.5454545454545454,0,
铅钡,Ward,6,959,0.3476693897164825,PbO+Al2O3+K2O+SrO+SiO2+Na2O+MgO+CuO+BaO,0.5454545454545454,0,
铅钡,Ward,2,960,0.8993288590604027,SiO2+PbO+SrO+CuO+Fe2O3+MgO+K2O,0.5,0,
铅钡,Ward,3,960,0.5478427535552011,SiO2+PbO+SrO+CuO+Fe2O3+MgO+K2O,0.5,0,
铅钡,Ward,4,960,0.28206241257898035,SiO2+PbO+SrO+CuO+Fe2O3+MgO+K2O,0.5,0,
铅钡,Ward,5,960,0.2853030913591618,SiO2+PbO+SrO+CuO+Fe2O3+MgO+K2O,0.5,0,
铅钡,Ward,6,960,0.3171346071143331,SiO2+PbO+SrO+CuO+Fe2O3+MgO+K2O,0.5,0,
铅钡,Ward,2,961,,,,1,活动成分SnO2在训练集中全缺失
铅钡,Ward,3,961,,,,1,活动成分SnO2在训练集中全缺失
铅钡,Ward,4,961,,,,1,活动成分SnO2在训练集中全缺失
铅钡,Ward,5,961,,,,1,活动成分SnO2在训练集中全缺失
铅钡,Ward,6,961,,,,1,活动成分SnO2在训练集中全缺失
铅钡,Ward,2,962,1.0,Al2O3+BaO+SiO2+CuO+K2O+Fe2O3,0.75,0,
铅钡,Ward,3,962,1.0,Al2O3+BaO+SiO2+CuO+K2O+Fe2O3,0.75,0,
铅钡,Ward,4,962,0.7802197802197802,Al2O3+BaO+SiO2+CuO+K2O+Fe2O3,0.75,0,
铅钡,Ward,5,962,0.6160437556973565,Al2O3+BaO+SiO2+CuO+K2O+Fe2O3,0.75,0,
铅钡,Ward,6,962,0.7245006082963777,Al2O3+BaO+SiO2+CuO+K2O+Fe2O3,0.75,0,
铅钡,Ward,2,963,-0.01832340815391663,P2O5+CaO+SO2+SrO+Al2O3+PbO+Fe2O3+K2O,0.45454545454545453,0,
铅钡,Ward,3,963,0.15990638009955743,P2O5+CaO+SO2+SrO+Al2O3+PbO+Fe2O3+K2O,0.45454545454545453,0,
铅钡,Ward,4,963,0.15600962857837333,P2O5+CaO+SO2+SrO+Al2O3+PbO+Fe2O3+K2O,0.45454545454545453,0,
铅钡,Ward,5,963,0.3078018223234624,P2O5+CaO+SO2+SrO+Al2O3+PbO+Fe2O3+K2O,0.45454545454545453,0,
铅钡,Ward,6,963,0.465482689516965,P2O5+CaO+SO2+SrO+Al2O3+PbO+Fe2O3+K2O,0.45454545454545453,0,
铅钡,Ward,2,964,0.805174317715728,Al2O3+K2O+Fe2O3+SiO2+CuO+BaO+SrO,0.875,0,
铅钡,Ward,3,964,0.6254123445014109,Al2O3+K2O+Fe2O3+SiO2+CuO+BaO+SrO,0.875,0,
铅钡,Ward,4,964,0.2740619902120718,Al2O3+K2O+Fe2O3+SiO2+CuO+BaO+SrO,0.875,0,
铅钡,Ward,5,964,0.35063176176287825,Al2O3+K2O+Fe2O3+SiO2+CuO+BaO+SrO,0.875,0,
铅钡,Ward,6,964,0.3380004419356783,Al2O3+K2O+Fe2O3+SiO2+CuO+BaO+SrO,0.875,0,
铅钡,Ward,2,965,0.22962962962962963,SiO2+Na2O+P2O5+SO2+K2O+CaO+CuO+Al2O3+Fe2O3,0.5454545454545454,0,
铅钡,Ward,3,965,0.5051502298891543,SiO2+Na2O+P2O5+SO2+K2O+CaO+CuO+Al2O3+Fe2O3,0.5454545454545454,0,
铅钡,Ward,4,965,0.5103924176920519,SiO2+Na2O+P2O5+SO2+K2O+CaO+CuO+Al2O3+Fe2O3,0.5454545454545454,0,
铅钡,Ward,5,965,0.5428211586901763,SiO2+Na2O+P2O5+SO2+K2O+CaO+CuO+Al2O3+Fe2O3,0.5454545454545454,0,
铅钡,Ward,6,965,0.44012650987517243,SiO2+Na2O+P2O5+SO2+K2O+CaO+CuO+Al2O3+Fe2O3,0.5454545454545454,0,
铅钡,Ward,2,966,0.8999407933688574,PbO+SrO+Fe2O3+CuO+BaO+CaO+SiO2+K2O,0.7777777777777778,0,
铅钡,Ward,3,966,0.6593997458207058,PbO+SrO+Fe2O3+CuO+BaO+CaO+SiO2+K2O,0.7777777777777778,0,
铅钡,Ward,4,966,0.6890548217201646,PbO+SrO+Fe2O3+CuO+BaO+CaO+SiO2+K2O,0.7777777777777778,0,
铅钡,Ward,5,966,0.6624145785876994,PbO+SrO+Fe2O3+CuO+BaO+CaO+SiO2+K2O,0.7777777777777778,0,
铅钡,Ward,6,966,0.5115384615384615,PbO+SrO+Fe2O3+CuO+BaO+CaO+SiO2+K2O,0.7777777777777778,0,
铅钡,Ward,2,967,0.029850746268656716,SiO2+CaO+BaO+PbO+SrO+Fe2O3+CuO+K2O,0.7777777777777778,0,
铅钡,Ward,3,967,0.25344271901552884,SiO2+CaO+BaO+PbO+SrO+Fe2O3+CuO+K2O,0.7777777777777778,0,
铅钡,Ward,4,967,0.33170359773304303,SiO2+CaO+BaO+PbO+SrO+Fe2O3+CuO+K2O,0.7777777777777778,0,
铅钡,Ward,5,967,0.5164761204736055,SiO2+CaO+BaO+PbO+SrO+Fe2O3+CuO+K2O,0.7777777777777778,0,
铅钡,Ward,6,967,0.47801646255771935,SiO2+CaO+BaO+PbO+SrO+Fe2O3+CuO+K2O,0.7777777777777778,0,
铅钡,Ward,2,968,0.06661143657415626,Al2O3+SrO+BaO+SiO2+Fe2O3+K2O,0.75,0,
铅钡,Ward,3,968,0.030109245936584067,Al2O3+SrO+BaO+SiO2+Fe2O3+K2O,0.75,0,
铅钡,Ward,4,968,0.06808635342385465,Al2O3+SrO+BaO+SiO2+Fe2O3+K2O,0.75,0,
铅钡,Ward,5,968,0.15827095905311958,Al2O3+SrO+BaO+SiO2+Fe2O3+K2O,0.75,0,
铅钡,Ward,6,968,0.24026236438807547,Al2O3+SrO+BaO+SiO2+Fe2O3+K2O,0.75,0,
铅钡,Ward,2,969,0.8049281314168378,CuO+BaO+Al2O3+Fe2O3+SiO2+MgO+SrO+K2O,0.7777777777777778,0,
铅钡,Ward,3,969,0.820218016161397,CuO+BaO+Al2O3+Fe2O3+SiO2+MgO+SrO+K2O,0.7777777777777778,0,
铅钡,Ward,4,969,0.5160525442215583,CuO+BaO+Al2O3+Fe2O3+SiO2+MgO+SrO+K2O,0.7777777777777778,0,
铅钡,Ward,5,969,0.3004256742941056,CuO+BaO+Al2O3+Fe2O3+SiO2+MgO+SrO+K2O,0.7777777777777778,0,
铅钡,Ward,6,969,0.26882344407369796,CuO+BaO+Al2O3+Fe2O3+SiO2+MgO+SrO+K2O,0.7777777777777778,0,
铅钡,Ward,2,970,0.630747381501864,SiO2+Fe2O3+K2O+PbO+SrO+Al2O3+BaO,0.6666666666666666,0,
铅钡,Ward,3,970,0.5710019006244909,SiO2+Fe2O3+K2O+PbO+SrO+Al2O3+BaO,0.6666666666666666,0,
铅钡,Ward,4,970,0.3889275766016713,SiO2+Fe2O3+K2O+PbO+SrO+Al2O3+BaO,0.6666666666666666,0,
铅钡,Ward,5,970,0.4173266188854295,SiO2+Fe2O3+K2O+PbO+SrO+Al2O3+BaO,0.6666666666666666,0,
铅钡,Ward,6,970,0.47785965611100045,SiO2+Fe2O3+K2O+PbO+SrO+Al2O3+BaO,0.6666666666666666,0,
铅钡,Ward,2,971,0.6281656569669282,PbO+SrO+CaO+Fe2O3+BaO+SiO2+CuO+K2O,0.7777777777777778,0,
铅钡,Ward,3,971,0.4381358178222666,PbO+SrO+CaO+Fe2O3+BaO+SiO2+CuO+K2O,0.7777777777777778,0,
铅钡,Ward,4,971,0.45452247546025193,PbO+SrO+CaO+Fe2O3+BaO+SiO2+CuO+K2O,0.7777777777777778,0,
铅钡,Ward,5,971,0.5029704867765428,PbO+SrO+CaO+Fe2O3+BaO+SiO2+CuO+K2O,0.7777777777777778,0,
铅钡,Ward,6,971,0.4581583198707593,PbO+SrO+CaO+Fe2O3+BaO+SiO2+CuO+K2O,0.7777777777777778,0,
铅钡,Ward,2,972,0.805174317715728,CuO+SiO2+BaO+Al2O3+SrO+PbO,0.5555555555555556,0,
铅钡,Ward,3,972,0.5846758778876086,CuO+SiO2+BaO+Al2O3+SrO+PbO,0.5555555555555556,0,
铅钡,Ward,4,972,0.3518737299749539,CuO+SiO2+BaO+Al2O3+SrO+PbO,0.5555555555555556,0,
铅钡,Ward,5,972,0.45376660936945784,CuO+SiO2+BaO+Al2O3+SrO+PbO,0.5555555555555556,0,
铅钡,Ward,6,972,0.42698427074842255,CuO+SiO2+BaO+Al2O3+SrO+PbO,0.5555555555555556,0,
铅钡,Ward,2,973,0.02664820903270462,CuO+Al2O3+Fe2O3+SiO2+PbO+K2O,0.5555555555555556,0,
铅钡,Ward,3,973,0.5168250865516316,CuO+Al2O3+Fe2O3+SiO2+PbO+K2O,0.5555555555555556,0,
铅钡,Ward,4,973,0.30795761271618516,CuO+Al2O3+Fe2O3+SiO2+PbO+K2O,0.5555555555555556,0,
铅钡,Ward,5,973,0.36878784416771393,CuO+Al2O3+Fe2O3+SiO2+PbO+K2O,0.5555555555555556,0,
铅钡,Ward,6,973,0.39232920495405516,CuO+Al2O3+Fe2O3+SiO2+PbO+K2O,0.5555555555555556,0,
铅钡,Ward,2,974,0.13854649442855735,Al2O3+BaO+CaO+SiO2+K2O+Fe2O3,0.75,0,
铅钡,Ward,3,974,0.21198074523087895,Al2O3+BaO+CaO+SiO2+K2O+Fe2O3,0.75,0,
铅钡,Ward,4,974,0.3540613520047725,Al2O3+BaO+CaO+SiO2+K2O+Fe2O3,0.75,0,
铅钡,Ward,5,974,0.40254925858216534,Al2O3+BaO+CaO+SiO2+K2O+Fe2O3,0.75,0,
铅钡,Ward,6,974,0.43462603878116346,Al2O3+BaO+CaO+SiO2+K2O+Fe2O3,0.75,0,
铅钡,Ward,2,975,0.1863841475377673,PbO+Fe2O3+BaO+CaO+SiO2+K2O+CuO,0.6666666666666666,0,
铅钡,Ward,3,975,0.25564248877384943,PbO+Fe2O3+BaO+CaO+SiO2+K2O+CuO,0.6666666666666666,0,
铅钡,Ward,4,975,0.711254459960776,PbO+Fe2O3+BaO+CaO+SiO2+K2O+CuO,0.6666666666666666,0,
铅钡,Ward,5,975,0.550027041644132,PbO+Fe2O3+BaO+CaO+SiO2+K2O+CuO,0.6666666666666666,0,
铅钡,Ward,6,975,0.5522658610271903,PbO+Fe2O3+BaO+CaO+SiO2+K2O+CuO,0.6666666666666666,0,
铅钡,Ward,2,976,0.8015147558109167,Na2O+K2O+Al2O3+Fe2O3+SiO2+BaO+CuO,0.6666666666666666,0,
铅钡,Ward,3,976,0.75324427103586,Na2O+K2O+Al2O3+Fe2O3+SiO2+BaO+CuO,0.6666666666666666,0,
铅钡,Ward,4,976,0.34534735348104073,Na2O+K2O+Al2O3+Fe2O3+SiO2+BaO+CuO,0.6666666666666666,0,
铅钡,Ward,5,976,0.24291319965820757,Na2O+K2O+Al2O3+Fe2O3+SiO2+BaO+CuO,0.6666666666666666,0,
铅钡,Ward,6,976,0.290633608815427,Na2O+K2O+Al2O3+Fe2O3+SiO2+BaO+CuO,0.6666666666666666,0,
铅钡,Ward,2,977,0.9000039446175693,PbO+Fe2O3+SiO2+MgO+K2O+BaO+SrO+CuO,0.6,0,
铅钡,Ward,3,977,0.5570773771472872,PbO+Fe2O3+SiO2+MgO+K2O+BaO+SrO+CuO,0.6,0,
铅钡,Ward,4,977,0.45267473489178855,PbO+Fe2O3+SiO2+MgO+K2O+BaO+SrO+CuO,0.6,0,
铅钡,Ward,5,977,0.35405919087700244,PbO+Fe2O3+SiO2+MgO+K2O+BaO+SrO+CuO,0.6,0,
铅钡,Ward,6,977,0.3474842767295597,PbO+Fe2O3+SiO2+MgO+K2O+BaO+SrO+CuO,0.6,0,
铅钡,Ward,2,978,0.17200207648382074,SiO2+Al2O3+MgO+PbO+SrO+Fe2O3+K2O,0.5,0,
铅钡,Ward,3,978,0.01112645060758075,SiO2+Al2O3+MgO+PbO+SrO+Fe2O3+K2O,0.5,0,
铅钡,Ward,4,978,0.10052514995395605,SiO2+Al2O3+MgO+PbO+SrO+Fe2O3+K2O,0.5,0,
铅钡,Ward,5,978,0.13686155470502837,SiO2+Al2O3+MgO+PbO+SrO+Fe2O3+K2O,0.5,0,
铅钡,Ward,6,978,0.1524332992224836,SiO2+Al2O3+MgO+PbO+SrO+Fe2O3+K2O,0.5,0,
铅钡,Ward,2,979,0.28077455048409405,SiO2+PbO+SrO+Al2O3+K2O,0.4444444444444444,0,
铅钡,Ward,3,979,0.272136068034017,SiO2+PbO+SrO+Al2O3+K2O,0.4444444444444444,0,
铅钡,Ward,4,979,0.27304598886368325,SiO2+PbO+SrO+Al2O3+K2O,0.4444444444444444,0,
铅钡,Ward,5,979,0.3684361824453814,SiO2+PbO+SrO+Al2O3+K2O,0.4444444444444444,0,
铅钡,Ward,6,979,0.42316046420222997,SiO2+PbO+SrO+Al2O3+K2O,0.4444444444444444,0,
铅钡,Ward,2,980,0.28464360380261133,PbO+SrO+Fe2O3+SiO2+Al2O3+BaO+K2O,0.6666666666666666,0,
铅钡,Ward,3,980,0.21044532142344177,PbO+SrO+Fe2O3+SiO2+Al2O3+BaO+K2O,0.6666666666666666,0,
铅钡,Ward,4,980,0.19980613110384102,PbO+SrO+Fe2O3+SiO2+Al2O3+BaO+K2O,0.6666666666666666,0,
铅钡,Ward,5,980,0.15582112357098032,PbO+SrO+Fe2O3+SiO2+Al2O3+BaO+K2O,0.6666666666666666,0,
铅钡,Ward,6,980,0.21717096437621106,PbO+SrO+Fe2O3+SiO2+Al2O3+BaO+K2O,0.6666666666666666,0,
铅钡,Ward,2,981,0.23058712121212122,Al2O3+Fe2O3+SiO2+SrO+K2O+BaO+PbO,0.6666666666666666,0,
铅钡,Ward,3,981,0.1661702212160928,Al2O3+Fe2O3+SiO2+SrO+K2O+BaO+PbO,0.6666666666666666,0,
铅钡,Ward,4,981,0.08172275090748553,Al2O3+Fe2O3+SiO2+SrO+K2O+BaO+PbO,0.6666666666666666,0,
铅钡,Ward,5,981,0.2923270626573841,Al2O3+Fe2O3+SiO2+SrO+K2O+BaO+PbO,0.6666666666666666,0,
铅钡,Ward,6,981,0.3337044573271394,Al2O3+Fe2O3+SiO2+SrO+K2O+BaO+PbO,0.6666666666666666,0,
铅钡,Ward,2,982,-0.10668408447637709,Al2O3+SrO+Fe2O3+SiO2+BaO+CuO+K2O,0.875,0,
铅钡,Ward,3,982,0.1762858002205661,Al2O3+SrO+Fe2O3+SiO2+BaO+CuO+K2O,0.875,0,
铅钡,Ward,4,982,0.32581521074390274,Al2O3+SrO+Fe2O3+SiO2+BaO+CuO+K2O,0.875,0,
铅钡,Ward,5,982,0.32316680269771036,Al2O3+SrO+Fe2O3+SiO2+BaO+CuO+K2O,0.875,0,
铅钡,Ward,6,982,0.27980610164275,Al2O3+SrO+Fe2O3+SiO2+BaO+CuO+K2O,0.875,0,
铅钡,Ward,2,983,0.34355090044775827,PbO+CaO+Fe2O3+MgO+BaO+SiO2+K2O,0.5,0,
铅钡,Ward,3,983,0.24606982829447463,PbO+CaO+Fe2O3+MgO+BaO+SiO2+K2O,0.5,0,
铅钡,Ward,4,983,0.37391827827526525,PbO+CaO+Fe2O3+MgO+BaO+SiO2+K2O,0.5,0,
铅钡,Ward,5,983,0.31556933516628155,PbO+CaO+Fe2O3+MgO+BaO+SiO2+K2O,0.5,0,
铅钡,Ward,6,983,0.3297334959066365,PbO+CaO+Fe2O3+MgO+BaO+SiO2+K2O,0.5,0,
铅钡,Ward,2,984,-0.07462686567164178,CaO+SiO2+K2O+Al2O3+CuO+BaO+PbO+Fe2O3,0.7777777777777778,0,
铅钡,Ward,3,984,0.10256667536272601,CaO+SiO2+K2O+Al2O3+CuO+BaO+PbO+Fe2O3,0.7777777777777778,0,
铅钡,Ward,4,984,0.1748535691783539,CaO+SiO2+K2O+Al2O3+CuO+BaO+PbO+Fe2O3,0.7777777777777778,0,
铅钡,Ward,5,984,0.26420165750615965,CaO+SiO2+K2O+Al2O3+CuO+BaO+PbO+Fe2O3,0.7777777777777778,0,
铅钡,Ward,6,984,0.4125904219348757,CaO+SiO2+K2O+Al2O3+CuO+BaO+PbO+Fe2O3,0.7777777777777778,0,
铅钡,Ward,2,985,0.18330773169482847,Al2O3+Fe2O3+SrO+CuO+BaO+SiO2+K2O,0.875,0,
铅钡,Ward,3,985,0.14861505083649448,Al2O3+Fe2O3+SrO+CuO+BaO+SiO2+K2O,0.875,0,
铅钡,Ward,4,985,0.20794044665012407,Al2O3+Fe2O3+SrO+CuO+BaO+SiO2+K2O,0.875,0,
铅钡,Ward,5,985,0.3272692996512395,Al2O3+Fe2O3+SrO+CuO+BaO+SiO2+K2O,0.875,0,
铅钡,Ward,6,985,0.25045684639458926,Al2O3+Fe2O3+SrO+CuO+BaO+SiO2+K2O,0.875,0,
铅钡,Ward,2,986,0.015151515151515152,SiO2+CaO+Al2O3+Fe2O3+PbO+K2O+SrO,0.6666666666666666,0,
铅钡,Ward,3,986,0.022337260017119796,SiO2+CaO+Al2O3+Fe2O3+PbO+K2O+SrO,0.6666666666666666,0,
铅钡,Ward,4,986,0.163589799990573,SiO2+CaO+Al2O3+Fe2O3+PbO+K2O+SrO,0.6666666666666666,0,
铅钡,Ward,5,986,0.24895147626586672,SiO2+CaO+Al2O3+Fe2O3+PbO+K2O+SrO,0.6666666666666666,0,
铅钡,Ward,6,986,0.2952265563233497,SiO2+CaO+Al2O3+Fe2O3+PbO+K2O+SrO,0.6666666666666666,0,
铅钡,Ward,2,987,0.3440684313223092,SiO2+BaO+K2O+Al2O3+SrO+Fe2O3,0.75,0,
铅钡,Ward,3,987,0.41150071220901874,SiO2+BaO+K2O+Al2O3+SrO+Fe2O3,0.75,0,
铅钡,Ward,4,987,0.14697941275734053,SiO2+BaO+K2O+Al2O3+SrO+Fe2O3,0.75,0,
铅钡,Ward,5,987,0.32729624838292365,SiO2+BaO+K2O+Al2O3+SrO+Fe2O3,0.75,0,
铅钡,Ward,6,987,0.3224915232952405,SiO2+BaO+K2O+Al2O3+SrO+Fe2O3,0.75,0,
铅钡,Ward,2,988,0.4778156996587031,CaO+SiO2+MgO+Al2O3+CuO+K2O+Fe2O3,0.6666666666666666,0,
铅钡,Ward,3,988,0.5408884005650604,CaO+SiO2+MgO+Al2O3+CuO+K2O+Fe2O3,0.6666666666666666,0,
铅钡,Ward,4,988,0.7149705304518664,CaO+SiO2+MgO+Al2O3+CuO+K2O+Fe2O3,0.6666666666666666,0,
铅钡,Ward,5,988,0.48629134549712166,CaO+SiO2+MgO+Al2O3+CuO+K2O+Fe2O3,0.6666666666666666,0,
铅钡,Ward,6,988,0.4584895382742158,CaO+SiO2+MgO+Al2O3+CuO+K2O+Fe2O3,0.6666666666666666,0,
铅钡,Ward,2,989,0.8051269239113998,Al2O3+CuO+BaO+SiO2+Fe2O3+K2O,0.75,0,
铅钡,Ward,3,989,0.8160116997688353,Al2O3+CuO+BaO+SiO2+Fe2O3+K2O,0.75,0,
铅钡,Ward,4,989,0.5894411904384993,Al2O3+CuO+BaO+SiO2+Fe2O3+K2O,0.75,0,
铅钡,Ward,5,989,0.3242555357597353,Al2O3+CuO+BaO+SiO2+Fe2O3+K2O,0.75,0,
铅钡,Ward,6,989,0.3606275994102502,Al2O3+CuO+BaO+SiO2+Fe2O3+K2O,0.75,0,
铅钡,Ward,2,990,0.6311475409836066,Al2O3+SiO2+K2O+Fe2O3+BaO,0.625,0,
铅钡,Ward,3,990,0.5452077929911333,Al2O3+SiO2+K2O+Fe2O3+BaO,0.625,0,
铅钡,Ward,4,990,0.22916666666666666,Al2O3+SiO2+K2O+Fe2O3+BaO,0.625,0,
铅钡,Ward,5,990,0.4415188470066519,Al2O3+SiO2+K2O+Fe2O3+BaO,0.625,0,
铅钡,Ward,6,990,0.43692891895099084,Al2O3+SiO2+K2O+Fe2O3+BaO,0.625,0,
铅钡,Ward,2,991,0.8997429305912596,Al2O3+CuO+BaO+CaO+SiO2+SnO2+K2O+Fe2O3,0.7777777777777778,0,
铅钡,Ward,3,991,0.6941402008231335,Al2O3+CuO+BaO+CaO+SiO2+SnO2+K2O+Fe2O3,0.7777777777777778,0,
铅钡,Ward,4,991,0.8164781639560802,Al2O3+CuO+BaO+CaO+SiO2+SnO2+K2O+Fe2O3,0.7777777777777778,0,
铅钡,Ward,5,991,0.6456430332028418,Al2O3+CuO+BaO+CaO+SiO2+SnO2+K2O+Fe2O3,0.7777777777777778,0,
铅钡,Ward,6,991,0.7689108973748532,Al2O3+CuO+BaO+CaO+SiO2+SnO2+K2O+Fe2O3,0.7777777777777778,0,
铅钡,Ward,2,992,1.0,SiO2+MgO+SrO+K2O+PbO+Al2O3+CuO+BaO,0.6,0,
铅钡,Ward,3,992,0.7231531599172736,SiO2+MgO+SrO+K2O+PbO+Al2O3+CuO+BaO,0.6,0,
铅钡,Ward,4,992,0.42665446782555655,SiO2+MgO+SrO+K2O+PbO+Al2O3+CuO+BaO,0.6,0,
铅钡,Ward,5,992,0.4019856173756078,SiO2+MgO+SrO+K2O+PbO+Al2O3+CuO+BaO,0.6,0,
铅钡,Ward,6,992,0.45062277580071175,SiO2+MgO+SrO+K2O+PbO+Al2O3+CuO+BaO,0.6,0,
铅钡,Ward,2,993,0.03423273505289433,CaO+PbO+SrO+Fe2O3+SiO2+K2O+CuO,0.6666666666666666,0,
铅钡,Ward,3,993,0.34129665052297425,CaO+PbO+SrO+Fe2O3+SiO2+K2O+CuO,0.6666666666666666,0,
铅钡,Ward,4,993,0.271585557299843,CaO+PbO+SrO+Fe2O3+SiO2+K2O+CuO,0.6666666666666666,0,
铅钡,Ward,5,993,0.24869898657901945,CaO+PbO+SrO+Fe2O3+SiO2+K2O+CuO,0.6666666666666666,0,
铅钡,Ward,6,993,0.33427584040213637,CaO+PbO+SrO+Fe2O3+SiO2+K2O+CuO,0.6666666666666666,0,
铅钡,Ward,2,994,0.8051166735704283,CaO+SiO2+K2O+CuO+PbO+Fe2O3+BaO,0.6666666666666666,0,
铅钡,Ward,3,994,0.5430579964850615,CaO+SiO2+K2O+CuO+PbO+Fe2O3+BaO,0.6666666666666666,0,
铅钡,Ward,4,994,0.4716464317441516,CaO+SiO2+K2O+CuO+PbO+Fe2O3+BaO,0.6666666666666666,0,
铅钡,Ward,5,994,0.6455693924560898,CaO+SiO2+K2O+CuO+PbO+Fe2O3+BaO,0.6666666666666666,0,
铅钡,Ward,6,994,0.38042435227636207,CaO+SiO2+K2O+CuO+PbO+Fe2O3+BaO,0.6666666666666666,0,
铅钡,Ward,2,995,0.18330773169482847,BaO+Al2O3+CaO+SiO2+P2O5,0.4444444444444444,0,
铅钡,Ward,3,995,0.18381119882203772,BaO+Al2O3+CaO+SiO2+P2O5,0.4444444444444444,0,
铅钡,Ward,4,995,0.5461056401074306,BaO+Al2O3+CaO+SiO2+P2O5,0.4444444444444444,0,
铅钡,Ward,5,995,0.6020915699528121,BaO+Al2O3+CaO+SiO2+P2O5,0.4444444444444444,0,
铅钡,Ward,6,995,0.44378416924173997,BaO+Al2O3+CaO+SiO2+P2O5,0.4444444444444444,0,
铅钡,Ward,2,996,1.0,CuO+BaO+Fe2O3+Al2O3+PbO+CaO+SiO2,0.6666666666666666,0,
铅钡,Ward,3,996,0.6540880503144654,CuO+BaO+Fe2O3+Al2O3+PbO+CaO+SiO2,0.6666666666666666,0,
铅钡,Ward,4,996,0.6086956521739131,CuO+BaO+Fe2O3+Al2O3+PbO+CaO+SiO2,0.6666666666666666,0,
铅钡,Ward,5,996,0.4378111811845038,CuO+BaO+Fe2O3+Al2O3+PbO+CaO+SiO2,0.6666666666666666,0,
铅钡,Ward,6,996,0.5033326828867504,CuO+BaO+Fe2O3+Al2O3+PbO+CaO+SiO2,0.6666666666666666,0,
铅钡,Ward,2,997,0.017651573292402148,SiO2+CaO+SrO+Al2O3+BaO+Fe2O3+K2O+PbO,0.7777777777777778,0,
铅钡,Ward,3,997,-0.04109263187107261,SiO2+CaO+SrO+Al2O3+BaO+Fe2O3+K2O+PbO,0.7777777777777778,0,
铅钡,Ward,4,997,0.20491138654002086,SiO2+CaO+SrO+Al2O3+BaO+Fe2O3+K2O+PbO,0.7777777777777778,0,
铅钡,Ward,5,997,0.2705059611576863,SiO2+CaO+SrO+Al2O3+BaO+Fe2O3+K2O+PbO,0.7777777777777778,0,
铅钡,Ward,6,997,0.2926726343859145,SiO2+CaO+SrO+Al2O3+BaO+Fe2O3+K2O+PbO,0.7777777777777778,0,
铅钡,Ward,2,998,0.6281656569669282,SiO2+MgO+CuO+BaO+Al2O3+SrO+Fe2O3+K2O,0.7777777777777778,0,
铅钡,Ward,3,998,0.47249893485361844,SiO2+MgO+CuO+BaO+Al2O3+SrO+Fe2O3+K2O,0.7777777777777778,0,
铅钡,Ward,4,998,0.4289772727272727,SiO2+MgO+CuO+BaO+Al2O3+SrO+Fe2O3+K2O,0.7777777777777778,0,
铅钡,Ward,5,998,0.3655970291373072,SiO2+MgO+CuO+BaO+Al2O3+SrO+Fe2O3+K2O,0.7777777777777778,0,
铅钡,Ward,6,998,0.2936055238667067,SiO2+MgO+CuO+BaO+Al2O3+SrO+Fe2O3+K2O,0.7777777777777778,0,
铅钡,Ward,2,999,1.0,SiO2+SrO+Al2O3+CuO+BaO+K2O+Fe2O3,0.875,0,
铅钡,Ward,3,999,1.0,SiO2+SrO+Al2O3+CuO+BaO+K2O+Fe2O3,0.875,0,
铅钡,Ward,4,999,0.5374735208998419,SiO2+SrO+Al2O3+CuO+BaO+K2O+Fe2O3,0.875,0,
铅钡,Ward,5,999,0.5681906994919891,SiO2+SrO+Al2O3+CuO+BaO+K2O+Fe2O3,0.875,0,
铅钡,Ward,6,999,0.6528704939919893,SiO2+SrO+Al2O3+CuO+BaO+K2O+Fe2O3,0.875,0,
