iteration,unknown_id,model,probability,label,fit_success,failure_reason
0,A1,Logistic,0.3350990771030772,高钾,1,
0,A2,Logistic,0.8063346488253016,铅钡,1,
0,A3,Logistic,0.6986589896423001,铅钡,1,
0,A4,Logistic,0.6808892849568188,铅钡,1,
0,A5,Logistic,0.30881729365664806,高钾,1,
0,A6,Logistic,0.8620820096861227,铅钡,1,
0,A7,Logistic,0.7571733056781044,铅钡,1,
0,A8,Logistic,0.8916018449102207,铅钡,1,
1,A1,Logistic,0.6572758111228992,铅钡,1,
1,A2,Logistic,0.8211887484690129,铅钡,1,
1,A3,Logistic,0.6727672770958388,铅钡,1,
1,A4,Logistic,0.8369603854030555,铅钡,1,
1,A5,Logistic,0.6837484717302716,铅钡,1,
1,A6,Logistic,0.9638283533967061,铅钡,1,
1,A7,Logistic,0.9225778677163224,铅钡,1,
1,A8,Logistic,0.9916839253341636,铅钡,1,
2,A1,Logistic,0.4145827430464742,高钾,1,
2,A2,Logistic,0.7329579390259432,铅钡,1,
2,A3,Logistic,0.5944617436841022,铅钡,1,
2,A4,Logistic,0.6680087681298891,铅钡,1,
2,A5,Logistic,0.4691367668545209,高钾,1,
2,A6,Logistic,0.8626545759574976,铅钡,1,
2,A7,Logistic,0.7823738119377546,铅钡,1,
2,A8,Logistic,0.9169036691564846,铅钡,1,
3,A1,Logistic,0.5742237991381465,铅钡,1,
3,A2,Logistic,0.9209554049007745,铅钡,1,
3,A3,Logistic,0.8420250039698334,铅钡,1,
3,A4,Logistic,0.831013707093489,铅钡,1,
3,A5,Logistic,0.43797940171704164,高钾,1,
3,A6,Logistic,0.9513619813135785,铅钡,1,
3,A7,Logistic,0.8917882270581394,铅钡,1,
3,A8,Logistic,0.9625742963291603,铅钡,1,
4,A1,Logistic,0.5911655932770271,铅钡,1,
4,A2,Logistic,0.8318165727816692,铅钡,1,
4,A3,Logistic,0.7249792517302495,铅钡,1,
4,A4,Logistic,0.7927254283160837,铅钡,1,
4,A5,Logistic,0.5846365878784797,铅钡,1,
4,A6,Logistic,0.9247666583485532,铅钡,1,
4,A7,Logistic,0.8637095393101968,铅钡,1,
4,A8,Logistic,0.9629049052287572,铅钡,1,
5,A1,Logistic,0.2606880964701849,高钾,1,
5,A2,Logistic,0.7612190403222392,铅钡,1,
5,A3,Logistic,0.6988531486928584,铅钡,1,
5,A4,Logistic,0.6644727402609031,铅钡,1,
5,A5,Logistic,0.329351720807131,高钾,1,
5,A6,Logistic,0.8095502697288698,铅钡,1,
5,A7,Logistic,0.6982263865094333,铅钡,1,
5,A8,Logistic,0.8455696546144403,铅钡,1,
6,A1,Logistic,0.3078876163742158,高钾,1,
6,A2,Logistic,0.8180280973459263,铅钡,1,
6,A3,Logistic,0.7512528331336652,铅钡,1,
6,A4,Logistic,0.6765695051269364,铅钡,1,
6,A5,Logistic,0.273970971128429,高钾,1,
6,A6,Logistic,0.8281382291679201,铅钡,1,
6,A7,Logistic,0.7115980912295217,铅钡,1,
6,A8,Logistic,0.8259884520095512,铅钡,1,
7,A1,Logistic,0.4924694267443327,高钾,1,
7,A2,Logistic,0.748168439349098,铅钡,1,
7,A3,Logistic,0.6699732234493044,铅钡,1,
7,A4,Logistic,0.7248510402174085,铅钡,1,
7,A5,Logistic,0.563578107868846,铅钡,1,
7,A6,Logistic,0.8471533509209197,铅钡,1,
7,A7,Logistic,0.7826695043284998,铅钡,1,
7,A8,Logistic,0.903511269376805,铅钡,1,
8,A1,Logistic,0.33629330669488033,高钾,1,
8,A2,Logistic,0.7940899795186211,铅钡,1,
8,A3,Logistic,0.5707881527761123,铅钡,1,
8,A4,Logistic,0.6657590865007278,铅钡,1,
8,A5,Logistic,0.3626209328824996,高钾,1,
8,A6,Logistic,0.9204847707881753,铅钡,1,
8,A7,Logistic,0.8401383160062091,铅钡,1,
8,A8,Logistic,0.9530795298197828,铅钡,1,
9,A1,Logistic,0.41284114006388606,高钾,1,
9,A2,Logistic,0.8180109778053823,铅钡,1,
9,A3,Logistic,0.6850650014946352,铅钡,1,
9,A4,Logistic,0.7187641731074729,铅钡,1,
9,A5,Logistic,0.4993474691889258,高钾,1,
9,A6,Logistic,0.8857358288004558,铅钡,1,
9,A7,Logistic,0.8181968230637718,铅钡,1,
9,A8,Logistic,0.9195132335666719,铅钡,1,
10,A1,Logistic,0.43207733728179315,高钾,1,
10,A2,Logistic,0.8746301893663097,铅钡,1,
10,A3,Logistic,0.7109668083569163,铅钡,1,
10,A4,Logistic,0.8229937683478582,铅钡,1,
10,A5,Logistic,0.6726688069245548,铅钡,1,
10,A6,Logistic,0.9637287067645116,铅钡,1,
10,A7,Logistic,0.9292129789949635,铅钡,1,
10,A8,Logistic,0.9814558218492374,铅钡,1,
11,A1,Logistic,0.42447968111408596,高钾,1,
11,A2,Logistic,0.7207723271024654,铅钡,1,
11,A3,Logistic,0.5534263875703127,铅钡,1,
11,A4,Logistic,0.732812437335483,铅钡,1,
11,A5,Logistic,0.6170266412390633,铅钡,1,
11,A6,Logistic,0.9069728798653304,铅钡,1,
11,A7,Logistic,0.8593802165649995,铅钡,1,
11,A8,Logistic,0.9655896320423889,铅钡,1,
12,A1,Logistic,0.49397129328034856,高钾,1,
12,A2,Logistic,0.7698374876218157,铅钡,1,
12,A3,Logistic,0.6935760413361913,铅钡,1,
12,A4,Logistic,0.7182311587289892,铅钡,1,
12,A5,Logistic,0.47416828318927295,高钾,1,
12,A6,Logistic,0.8360694857938313,铅钡,1,
12,A7,Logistic,0.7475667323240279,铅钡,1,
12,A8,Logistic,0.902092183470913,铅钡,1,
13,A1,Logistic,0.09710294183553438,高钾,1,
13,A2,Logistic,0.8317583957210011,铅钡,1,
13,A3,Logistic,0.7734479270169522,铅钡,1,
13,A4,Logistic,0.6903449658823275,铅钡,1,
13,A5,Logistic,0.16956650404036394,高钾,1,
13,A6,Logistic,0.8633784881519889,铅钡,1,
13,A7,Logistic,0.7010647081149964,铅钡,1,
13,A8,Logistic,0.895198372241974,铅钡,1,
14,A1,Logistic,0.35326362038678005,高钾,1,
14,A2,Logistic,0.8279570827703004,铅钡,1,
14,A3,Logistic,0.6776900787856769,铅钡,1,
14,A4,Logistic,0.7700323391317169,铅钡,1,
14,A5,Logistic,0.5491129874789911,铅钡,1,
14,A6,Logistic,0.9081614984502647,铅钡,1,
14,A7,Logistic,0.848382167276091,铅钡,1,
14,A8,Logistic,0.9661116626810218,铅钡,1,
15,A1,Logistic,0.4973040200580245,高钾,1,
15,A2,Logistic,0.8003142272876177,铅钡,1,
15,A3,Logistic,0.6740716465168575,铅钡,1,
15,A4,Logistic,0.735701983440106,铅钡,1,
15,A5,Logistic,0.5014698118090368,铅钡,1,
15,A6,Logistic,0.9049359754208163,铅钡,1,
15,A7,Logistic,0.8328939906570141,铅钡,1,
15,A8,Logistic,0.9443166747402901,铅钡,1,
16,A1,Logistic,0.6754642523325314,铅钡,1,
16,A2,Logistic,0.7686760279195219,铅钡,1,
16,A3,Logistic,0.6882505853128358,铅钡,1,
16,A4,Logistic,0.7510245174242547,铅钡,1,
16,A5,Logistic,0.6008794365901773,铅钡,1,
16,A6,Logistic,0.871733000663985,铅钡,1,
16,A7,Logistic,0.8071320494629816,铅钡,1,
16,A8,Logistic,0.9280560272304186,铅钡,1,
17,A1,Logistic,0.35830593337700656,高钾,1,
17,A2,Logistic,0.8667019708879009,铅钡,1,
17,A3,Logistic,0.7171852675502723,铅钡,1,
17,A4,Logistic,0.8380208110675932,铅钡,1,
17,A5,Logistic,0.6691063422590178,铅钡,1,
17,A6,Logistic,0.9640327014826673,铅钡,1,
17,A7,Logistic,0.9221618272140658,铅钡,1,
17,A8,Logistic,0.9886377998810119,铅钡,1,
18,A1,Logistic,0.09320588241938946,高钾,1,
18,A2,Logistic,0.8661338526932818,铅钡,1,
18,A3,Logistic,0.811027749035216,铅钡,1,
18,A4,Logistic,0.733307843794825,铅钡,1,
18,A5,Logistic,0.2578308499055592,高钾,1,
18,A6,Logistic,0.8709661571486405,铅钡,1,
18,A7,Logistic,0.7505269986815807,铅钡,1,
18,A8,Logistic,0.8797528273639094,铅钡,1,
19,A1,Logistic,0.3381034777074092,高钾,1,
19,A2,Logistic,0.8251959936949387,铅钡,1,
19,A3,Logistic,0.6039773424184829,铅钡,1,
19,A4,Logistic,0.7862505133583044,铅钡,1,
19,A5,Logistic,0.727101443073067,铅钡,1,
19,A6,Logistic,0.9453303880160872,铅钡,1,
19,A7,Logistic,0.9074530236537701,铅钡,1,
19,A8,Logistic,0.9779742517820229,铅钡,1,
20,A1,Logistic,0.2368998274844187,高钾,1,
20,A2,Logistic,0.8691192237656641,铅钡,1,
20,A3,Logistic,0.7634402064614886,铅钡,1,
20,A4,Logistic,0.7640338581799295,铅钡,1,
20,A5,Logistic,0.4109144711197188,高钾,1,
20,A6,Logistic,0.8970780544244579,铅钡,1,
20,A7,Logistic,0.8092744316934931,铅钡,1,
20,A8,Logistic,0.9407987816614648,铅钡,1,
21,A1,Logistic,0.5353749376600108,铅钡,1,
21,A2,Logistic,0.8103422730946603,铅钡,1,
21,A3,Logistic,0.7603143429045929,铅钡,1,
21,A4,Logistic,0.6711327345864557,铅钡,1,
21,A5,Logistic,0.3080235328287911,高钾,1,
21,A6,Logistic,0.7807697832670559,铅钡,1,
21,A7,Logistic,0.6719061874268565,铅钡,1,
21,A8,Logistic,0.7616998156614281,铅钡,1,
22,A1,Logistic,0.5566586196928095,铅钡,1,
22,A2,Logistic,0.861300364178355,铅钡,1,
22,A3,Logistic,0.7600193532818525,铅钡,1,
22,A4,Logistic,0.7861406825854846,铅钡,1,
22,A5,Logistic,0.5277017990634991,铅钡,1,
22,A6,Logistic,0.9031490433434256,铅钡,1,
22,A7,Logistic,0.8498223193564312,铅钡,1,
22,A8,Logistic,0.936615915062897,铅钡,1,
23,A1,Logistic,0.39318858705848786,高钾,1,
23,A2,Logistic,0.7626039244219867,铅钡,1,
23,A3,Logistic,0.6391154798343907,铅钡,1,
23,A4,Logistic,0.7236619521264572,铅钡,1,
23,A5,Logistic,0.5382499323138504,铅钡,1,
23,A6,Logistic,0.9047301560960931,铅钡,1,
23,A7,Logistic,0.8424104975799424,铅钡,1,
23,A8,Logistic,0.940032784450945,铅钡,1,
24,A1,Logistic,0.29991364346992033,高钾,1,
24,A2,Logistic,0.8229762458318236,铅钡,1,
24,A3,Logistic,0.5436701201017703,铅钡,1,
24,A4,Logistic,0.6989174849997541,铅钡,1,
24,A5,Logistic,0.3960282420825583,高钾,1,
24,A6,Logistic,0.9551894484089717,铅钡,1,
24,A7,Logistic,0.8923840206689039,铅钡,1,
24,A8,Logistic,0.9782711945562403,铅钡,1,
25,A1,Logistic,0.6961061835169438,铅钡,1,
25,A2,Logistic,0.7757403189989993,铅钡,1,
25,A3,Logistic,0.6716539278804583,铅钡,1,
25,A4,Logistic,0.7785713266874953,铅钡,1,
25,A5,Logistic,0.704107880469462,铅钡,1,
25,A6,Logistic,0.9018860765139229,铅钡,1,
25,A7,Logistic,0.857609176762841,铅钡,1,
25,A8,Logistic,0.953303909250926,铅钡,1,
26,A1,Logistic,0.3312363996558307,高钾,1,
26,A2,Logistic,0.8053793674861466,铅钡,1,
26,A3,Logistic,0.6227622532134433,铅钡,1,
26,A4,Logistic,0.7360952365825322,铅钡,1,
26,A5,Logistic,0.5615616949284273,铅钡,1,
26,A6,Logistic,0.9193491821824566,铅钡,1,
26,A7,Logistic,0.8673334862726353,铅钡,1,
26,A8,Logistic,0.9580168344688534,铅钡,1,
27,A1,Logistic,0.34477228574097235,高钾,1,
27,A2,Logistic,0.73078887409079,铅钡,1,
27,A3,Logistic,0.5436625521538409,铅钡,1,
27,A4,Logistic,0.6908517072183423,铅钡,1,
27,A5,Logistic,0.5374131071764483,铅钡,1,
27,A6,Logistic,0.909158604213658,铅钡,1,
27,A7,Logistic,0.848295775880004,铅钡,1,
27,A8,Logistic,0.953766382055547,铅钡,1,
28,A1,Logistic,0.6457038654362416,铅钡,1,
28,A2,Logistic,0.8343228350319133,铅钡,1,
28,A3,Logistic,0.6143366015644135,铅钡,1,
28,A4,Logistic,0.7107612684239409,铅钡,1,
28,A5,Logistic,0.34223823647663104,高钾,1,
28,A6,Logistic,0.9267594995319873,铅钡,1,
28,A7,Logistic,0.8442211944719136,铅钡,1,
28,A8,Logistic,0.9595413706318785,铅钡,1,
29,A1,Logistic,0.5229352683263703,铅钡,1,
29,A2,Logistic,0.8104253900068207,铅钡,1,
29,A3,Logistic,0.640625166021196,铅钡,1,
29,A4,Logistic,0.7095627132550443,铅钡,1,
29,A5,Logistic,0.2882727100231774,高钾,1,
29,A6,Logistic,0.9129728553159601,铅钡,1,
29,A7,Logistic,0.7937140095106685,铅钡,1,
29,A8,Logistic,0.9699992960378375,铅钡,1,
30,A1,Logistic,0.47601318950292315,高钾,1,
30,A2,Logistic,0.8570130648613937,铅钡,1,
30,A3,Logistic,0.6545956231472888,铅钡,1,
30,A4,Logistic,0.7938808505679286,铅钡,1,
30,A5,Logistic,0.6198047239386084,铅钡,1,
30,A6,Logistic,0.9655001007435128,铅钡,1,
30,A7,Logistic,0.9296326701830459,铅钡,1,
30,A8,Logistic,0.9834855882574706,铅钡,1,
31,A1,Logistic,0.27204662609700103,高钾,1,
31,A2,Logistic,0.6411085476398685,铅钡,1,
31,A3,Logistic,0.47438930711807625,高钾,1,
31,A4,Logistic,0.6730418210751337,铅钡,1,
31,A5,Logistic,0.49530654826579956,高钾,1,
31,A6,Logistic,0.8729917975954232,铅钡,1,
31,A7,Logistic,0.769199561713997,铅钡,1,
31,A8,Logistic,0.9705227051990418,铅钡,1,
32,A1,Logistic,0.12328162888893526,高钾,1,
32,A2,Logistic,0.7701818715068762,铅钡,1,
32,A3,Logistic,0.6728208066991599,铅钡,1,
32,A4,Logistic,0.6841171287177061,铅钡,1,
32,A5,Logistic,0.4246462433532739,高钾,1,
32,A6,Logistic,0.835961581074271,铅钡,1,
32,A7,Logistic,0.7520169975989585,铅钡,1,
32,A8,Logistic,0.8708572332653075,铅钡,1,
33,A1,Logistic,0.5022197143582212,铅钡,1,
33,A2,Logistic,0.8300169089708838,铅钡,1,
33,A3,Logistic,0.7608203227041901,铅钡,1,
33,A4,Logistic,0.7987063953910938,铅钡,1,
33,A5,Logistic,0.6346914926080054,铅钡,1,
33,A6,Logistic,0.9044549024633267,铅钡,1,
33,A7,Logistic,0.8508970851618219,铅钡,1,
33,A8,Logistic,0.9393818998208227,铅钡,1,
34,A1,Logistic,0.17635908277824183,高钾,1,
34,A2,Logistic,0.7409592613668634,铅钡,1,
34,A3,Logistic,0.5504271199815791,铅钡,1,
34,A4,Logistic,0.7069007976561018,铅钡,1,
34,A5,Logistic,0.5021533675343428,铅钡,1,
34,A6,Logistic,0.9035936381393262,铅钡,1,
34,A7,Logistic,0.817977378020394,铅钡,1,
34,A8,Logistic,0.9709234700670767,铅钡,1,
35,A1,Logistic,0.4089688271136152,高钾,1,
35,A2,Logistic,0.790813914590053,铅钡,1,
35,A3,Logistic,0.634908887922912,铅钡,1,
35,A4,Logistic,0.7229032803416829,铅钡,1,
35,A5,Logistic,0.4674377587957542,高钾,1,
35,A6,Logistic,0.9061161173051411,铅钡,1,
35,A7,Logistic,0.8313594038707391,铅钡,1,
35,A8,Logistic,0.9580696619549773,铅钡,1,
36,A1,Logistic,0.25454521005292496,高钾,1,
36,A2,Logistic,0.8856013205335685,铅钡,1,
36,A3,Logistic,0.6987238005215703,铅钡,1,
36,A4,Logistic,0.8659544170061487,铅钡,1,
36,A5,Logistic,0.7183271797889708,铅钡,1,
36,A6,Logistic,0.9777148020296247,铅钡,1,
36,A7,Logistic,0.9456622776768484,铅钡,1,
36,A8,Logistic,0.9949643112037672,铅钡,1,
37,A1,Logistic,0.21431481469809158,高钾,1,
37,A2,Logistic,0.83948474338477,铅钡,1,
37,A3,Logistic,0.6395430276264658,铅钡,1,
37,A4,Logistic,0.7474366840207326,铅钡,1,
37,A5,Logistic,0.3754083011793207,高钾,1,
37,A6,Logistic,0.9386786515673579,铅钡,1,
37,A7,Logistic,0.850544037339161,铅钡,1,
37,A8,Logistic,0.982167527660481,铅钡,1,
38,A1,Logistic,0.07096885534293157,高钾,1,
38,A2,Logistic,0.7601644603106257,铅钡,1,
38,A3,Logistic,0.6081954063661726,铅钡,1,
38,A4,Logistic,0.6988360204838762,铅钡,1,
38,A5,Logistic,0.5622972654610167,铅钡,1,
38,A6,Logistic,0.8470089844744014,铅钡,1,
38,A7,Logistic,0.7599043322906908,铅钡,1,
38,A8,Logistic,0.9472974817613303,铅钡,1,
39,A1,Logistic,0.59944121871522,铅钡,1,
39,A2,Logistic,0.8470325026942246,铅钡,1,
39,A3,Logistic,0.7148597454328963,铅钡,1,
39,A4,Logistic,0.7452709638256017,铅钡,1,
39,A5,Logistic,0.4387480479885309,高钾,1,
39,A6,Logistic,0.8992477246556844,铅钡,1,
39,A7,Logistic,0.8232397076700516,铅钡,1,
39,A8,Logistic,0.9412788283773402,铅钡,1,
40,A1,Logistic,0.41078769661482833,高钾,1,
40,A2,Logistic,0.7855549453101713,铅钡,1,
40,A3,Logistic,0.6557766129423005,铅钡,1,
40,A4,Logistic,0.7403543613569191,铅钡,1,
40,A5,Logistic,0.5667889167633411,铅钡,1,
40,A6,Logistic,0.8978007265874167,铅钡,1,
40,A7,Logistic,0.8389580122094623,铅钡,1,
40,A8,Logistic,0.9367019195834319,铅钡,1,
41,A1,Logistic,0.5844096451228927,铅钡,1,
41,A2,Logistic,0.7326741377067405,铅钡,1,
41,A3,Logistic,0.6692171392830943,铅钡,1,
41,A4,Logistic,0.6576852649289665,铅钡,1,
41,A5,Logistic,0.45826600777637705,高钾,1,
41,A6,Logistic,0.7541976924103438,铅钡,1,
41,A7,Logistic,0.6789994899871207,铅钡,1,
41,A8,Logistic,0.7996512308138065,铅钡,1,
42,A1,Logistic,0.15050481359312937,高钾,1,
42,A2,Logistic,0.8077048924935963,铅钡,1,
42,A3,Logistic,0.679510975092825,铅钡,1,
42,A4,Logistic,0.7215637417280427,铅钡,1,
42,A5,Logistic,0.32805629426547994,高钾,1,
42,A6,Logistic,0.8903822010833862,铅钡,1,
42,A7,Logistic,0.7755186652254578,铅钡,1,
42,A8,Logistic,0.9589274607082482,铅钡,1,
43,A1,Logistic,0.34848021650821726,高钾,1,
43,A2,Logistic,0.8124799608773478,铅钡,1,
43,A3,Logistic,0.5886984002773673,铅钡,1,
43,A4,Logistic,0.8183701058750015,铅钡,1,
43,A5,Logistic,0.649868226784666,铅钡,1,
43,A6,Logistic,0.963631855924916,铅钡,1,
43,A7,Logistic,0.913791027513447,铅钡,1,
43,A8,Logistic,0.9948340722319686,铅钡,1,
44,A1,Logistic,0.11594995054910322,高钾,1,
44,A2,Logistic,0.8346879861330271,铅钡,1,
44,A3,Logistic,0.7857593724670952,铅钡,1,
44,A4,Logistic,0.6681146781339685,铅钡,1,
44,A5,Logistic,0.20525863339816666,高钾,1,
44,A6,Logistic,0.8090680227035946,铅钡,1,
44,A7,Logistic,0.6690695126671131,铅钡,1,
44,A8,Logistic,0.7837291947320154,铅钡,1,
45,A1,Logistic,0.588526155817939,铅钡,1,
45,A2,Logistic,0.7929017160943439,铅钡,1,
45,A3,Logistic,0.6653343067939287,铅钡,1,
45,A4,Logistic,0.7711458545368722,铅钡,1,
45,A5,Logistic,0.5053394401143599,铅钡,1,
45,A6,Logistic,0.9320534898989851,铅钡,1,
45,A7,Logistic,0.8670434264772855,铅钡,1,
45,A8,Logistic,0.9738806819698833,铅钡,1,
46,A1,Logistic,0.5377926228841843,铅钡,1,
46,A2,Logistic,0.7914174512922668,铅钡,1,
46,A3,Logistic,0.6109600477906677,铅钡,1,
46,A4,Logistic,0.7394423655395733,铅钡,1,
46,A5,Logistic,0.49156357170672527,高钾,1,
46,A6,Logistic,0.9378603081535994,铅钡,1,
46,A7,Logistic,0.8709862729479654,铅钡,1,
46,A8,Logistic,0.9749710636848115,铅钡,1,
47,A1,Logistic,0.40766937203810744,高钾,1,
47,A2,Logistic,0.7442718699784151,铅钡,1,
47,A3,Logistic,0.6813749437004454,铅钡,1,
47,A4,Logistic,0.7093693657016364,铅钡,1,
47,A5,Logistic,0.47936872669957215,高钾,1,
47,A6,Logistic,0.823892335072198,铅钡,1,
47,A7,Logistic,0.7394504562392714,铅钡,1,
47,A8,Logistic,0.8997464574633125,铅钡,1,
48,A1,Logistic,0.39410316418535896,高钾,1,
48,A2,Logistic,0.8245803759079113,铅钡,1,
48,A3,Logistic,0.5700870715903872,铅钡,1,
48,A4,Logistic,0.7865007408388399,铅钡,1,
48,A5,Logistic,0.6782964940046151,铅钡,1,
48,A6,Logistic,0.9590765667646471,铅钡,1,
48,A7,Logistic,0.9156071146164307,铅钡,1,
48,A8,Logistic,0.9881436105033238,铅钡,1,
49,A1,Logistic,0.28782408323345593,高钾,1,
49,A2,Logistic,0.7807724812726052,铅钡,1,
49,A3,Logistic,0.6189067351924388,铅钡,1,
49,A4,Logistic,0.6791379882833443,铅钡,1,
49,A5,Logistic,0.44111066577889674,高钾,1,
49,A6,Logistic,0.8768667071135948,铅钡,1,
49,A7,Logistic,0.8030871234018021,铅钡,1,
49,A8,Logistic,0.910978641758259,铅钡,1,
50,A1,Logistic,0.7352013349233739,铅钡,1,
50,A2,Logistic,0.762228578796004,铅钡,1,
50,A3,Logistic,0.5406098879169925,铅钡,1,
50,A4,Logistic,0.7776319371448684,铅钡,1,
50,A5,Logistic,0.7736703486875387,铅钡,1,
50,A6,Logistic,0.9345873014667915,铅钡,1,
50,A7,Logistic,0.9076551446215227,铅钡,1,
50,A8,Logistic,0.980272980621708,铅钡,1,
51,A1,Logistic,0.23844832369324676,高钾,1,
51,A2,Logistic,0.7124357214653291,铅钡,1,
51,A3,Logistic,0.5412648436483783,铅钡,1,
51,A4,Logistic,0.6495789767429292,铅钡,1,
51,A5,Logistic,0.4318562584474041,高钾,1,
51,A6,Logistic,0.8336486025341087,铅钡,1,
51,A7,Logistic,0.7524935447859804,铅钡,1,
51,A8,Logistic,0.9352659527319924,铅钡,1,
52,A1,Logistic,0.4995466997157135,高钾,1,
52,A2,Logistic,0.7661542391392298,铅钡,1,
52,A3,Logistic,0.6669679007866237,铅钡,1,
52,A4,Logistic,0.7710261750682896,铅钡,1,
52,A5,Logistic,0.6134201656303885,铅钡,1,
52,A6,Logistic,0.9074958266711368,铅钡,1,
52,A7,Logistic,0.8417321627660659,铅钡,1,
52,A8,Logistic,0.9626109044822676,铅钡,1,
53,A1,Logistic,0.27177865813168073,高钾,1,
53,A2,Logistic,0.7520560591494021,铅钡,1,
53,A3,Logistic,0.5925046839997146,铅钡,1,
53,A4,Logistic,0.6950036428606393,铅钡,1,
53,A5,Logistic,0.4756701784622954,高钾,1,
53,A6,Logistic,0.9022807201423881,铅钡,1,
53,A7,Logistic,0.8315352858054037,铅钡,1,
53,A8,Logistic,0.9493833610973463,铅钡,1,
54,A1,Logistic,0.5548177462822735,铅钡,1,
54,A2,Logistic,0.779985076349843,铅钡,1,
54,A3,Logistic,0.6862688370365333,铅钡,1,
54,A4,Logistic,0.6919521459144398,铅钡,1,
54,A5,Logistic,0.4273560006838655,高钾,1,
54,A6,Logistic,0.8342951641185937,铅钡,1,
54,A7,Logistic,0.7528733807635393,铅钡,1,
54,A8,Logistic,0.8712752315698806,铅钡,1,
55,A1,Logistic,0.2688800807083438,高钾,1,
55,A2,Logistic,0.563899138842388,铅钡,1,
55,A3,Logistic,0.4370114611328536,高钾,1,
55,A4,Logistic,0.5097450637728002,铅钡,1,
55,A5,Logistic,0.3317736539593617,高钾,1,
55,A6,Logistic,0.7213117338534897,铅钡,1,
55,A7,Logistic,0.613873919303049,铅钡,1,
55,A8,Logistic,0.8215867069291497,铅钡,1,
56,A1,Logistic,0.21063053989669964,高钾,1,
56,A2,Logistic,0.8409302614676893,铅钡,1,
56,A3,Logistic,0.7042075882116274,铅钡,1,
56,A4,Logistic,0.6679615673055784,铅钡,1,
56,A5,Logistic,0.2320955429550203,高钾,1,
56,A6,Logistic,0.8814471906600895,铅钡,1,
56,A7,Logistic,0.7722224637831497,铅钡,1,
56,A8,Logistic,0.8957437029150871,铅钡,1,
57,A1,Logistic,0.2363215420704743,高钾,1,
57,A2,Logistic,0.7699088292640511,铅钡,1,
57,A3,Logistic,0.6558221196358485,铅钡,1,
57,A4,Logistic,0.5372253996197307,铅钡,1,
57,A5,Logistic,0.08619980831526323,高钾,1,
57,A6,Logistic,0.7775770823399425,铅钡,1,
57,A7,Logistic,0.5690023419625275,铅钡,1,
57,A8,Logistic,0.8103322563384155,铅钡,1,
58,A1,Logistic,0.6780607442287513,铅钡,1,
58,A2,Logistic,0.7493390670056305,铅钡,1,
58,A3,Logistic,0.570663474955614,铅钡,1,
58,A4,Logistic,0.7316077988572115,铅钡,1,
58,A5,Logistic,0.5449135172148242,铅钡,1,
58,A6,Logistic,0.9188075261617081,铅钡,1,
58,A7,Logistic,0.8651592666160698,铅钡,1,
58,A8,Logistic,0.9559080571487092,铅钡,1,
59,A1,Logistic,0.3609222760838951,高钾,1,
59,A2,Logistic,0.9048420720186683,铅钡,1,
59,A3,Logistic,0.8430421476158622,铅钡,1,
59,A4,Logistic,0.8498241218396801,铅钡,1,
59,A5,Logistic,0.5089591654866675,铅钡,1,
59,A6,Logistic,0.9476026032694795,铅钡,1,
59,A7,Logistic,0.8916566545603595,铅钡,1,
59,A8,Logistic,0.9675330661901926,铅钡,1,
60,A1,Logistic,0.08671333609525127,高钾,1,
60,A2,Logistic,0.9109100839072913,铅钡,1,
60,A3,Logistic,0.8566488010490266,铅钡,1,
60,A4,Logistic,0.7231075107369637,铅钡,1,
60,A5,Logistic,0.14773625524219575,高钾,1,
60,A6,Logistic,0.8762956352176092,铅钡,1,
60,A7,Logistic,0.7306149551754614,铅钡,1,
60,A8,Logistic,0.8377434372590561,铅钡,1,
61,A1,Logistic,0.4463811788681319,高钾,1,
61,A2,Logistic,0.8418901768703367,铅钡,1,
61,A3,Logistic,0.7290226428392482,铅钡,1,
61,A4,Logistic,0.7464188002822795,铅钡,1,
61,A5,Logistic,0.4256230677604419,高钾,1,
61,A6,Logistic,0.892706496988012,铅钡,1,
61,A7,Logistic,0.8074799669697197,铅钡,1,
61,A8,Logistic,0.9389619836654304,铅钡,1,
62,A1,Logistic,0.5459428727681698,铅钡,1,
62,A2,Logistic,0.8428409421235769,铅钡,1,
62,A3,Logistic,0.8021672977678426,铅钡,1,
62,A4,Logistic,0.7207749029224694,铅钡,1,
62,A5,Logistic,0.3418778473822069,高钾,1,
62,A6,Logistic,0.8248335371732377,铅钡,1,
62,A7,Logistic,0.7238701825085772,铅钡,1,
62,A8,Logistic,0.8099755759280807,铅钡,1,
63,A1,Logistic,0.3372509928455704,高钾,1,
63,A2,Logistic,0.7668996920326246,铅钡,1,
63,A3,Logistic,0.6258526030747339,铅钡,1,
63,A4,Logistic,0.6937430939132361,铅钡,1,
63,A5,Logistic,0.3439201479412518,高钾,1,
63,A6,Logistic,0.8848036411437037,铅钡,1,
63,A7,Logistic,0.7880623470418152,铅钡,1,
63,A8,Logistic,0.9553427024969795,铅钡,1,
64,A1,Logistic,0.6705099020439201,铅钡,1,
64,A2,Logistic,0.743282006581147,铅钡,1,
64,A3,Logistic,0.5639682136110944,铅钡,1,
64,A4,Logistic,0.7423516492391824,铅钡,1,
64,A5,Logistic,0.6210801455335532,铅钡,1,
64,A6,Logistic,0.9104154517472416,铅钡,1,
64,A7,Logistic,0.8462205673533645,铅钡,1,
64,A8,Logistic,0.9693790047329882,铅钡,1,
65,A1,Logistic,0.46360256594399935,高钾,1,
65,A2,Logistic,0.8393047350355661,铅钡,1,
65,A3,Logistic,0.7555044466379157,铅钡,1,
65,A4,Logistic,0.7353433297528796,铅钡,1,
65,A5,Logistic,0.44298697106664564,高钾,1,
65,A6,Logistic,0.8760897106580358,铅钡,1,
65,A7,Logistic,0.8016529926986131,铅钡,1,
65,A8,Logistic,0.883462975741676,铅钡,1,
66,A1,Logistic,0.7262388473830008,铅钡,1,
66,A2,Logistic,0.8294406814112824,铅钡,1,
66,A3,Logistic,0.6732013455931776,铅钡,1,
66,A4,Logistic,0.7735463143584951,铅钡,1,
66,A5,Logistic,0.6482598052498646,铅钡,1,
66,A6,Logistic,0.9031478684370194,铅钡,1,
66,A7,Logistic,0.865333560073408,铅钡,1,
66,A8,Logistic,0.9558481903100278,铅钡,1,
67,A1,Logistic,0.2858835891426453,高钾,1,
67,A2,Logistic,0.8892251232258395,铅钡,1,
67,A3,Logistic,0.803347646975742,铅钡,1,
67,A4,Logistic,0.8039452383050542,铅钡,1,
67,A5,Logistic,0.4581088844351194,高钾,1,
67,A6,Logistic,0.919381768305884,铅钡,1,
67,A7,Logistic,0.8453555983763761,铅钡,1,
67,A8,Logistic,0.9524065564287458,铅钡,1,
68,A1,Logistic,0.4348099986622887,高钾,1,
68,A2,Logistic,0.7423151422478746,铅钡,1,
68,A3,Logistic,0.6000973351602645,铅钡,1,
68,A4,Logistic,0.757451232216352,铅钡,1,
68,A5,Logistic,0.6025359240816558,铅钡,1,
68,A6,Logistic,0.9174724234566485,铅钡,1,
68,A7,Logistic,0.8506303980864479,铅钡,1,
68,A8,Logistic,0.975712189952917,铅钡,1,
69,A1,Logistic,0.6391388143796726,铅钡,1,
69,A2,Logistic,0.8194703713869658,铅钡,1,
69,A3,Logistic,0.5699334274905418,铅钡,1,
69,A4,Logistic,0.8324572294835267,铅钡,1,
69,A5,Logistic,0.6827815267837236,铅钡,1,
69,A6,Logistic,0.9740828070531423,铅钡,1,
69,A7,Logistic,0.9318828576788687,铅钡,1,
69,A8,Logistic,0.9966079023960243,铅钡,1,
70,A1,Logistic,0.6456596233837509,铅钡,1,
70,A2,Logistic,0.7370760977002376,铅钡,1,
70,A3,Logistic,0.6520248630377585,铅钡,1,
70,A4,Logistic,0.6980394116970985,铅钡,1,
70,A5,Logistic,0.6004284849123457,铅钡,1,
70,A6,Logistic,0.8138736819244868,铅钡,1,
70,A7,Logistic,0.7711759762765189,铅钡,1,
70,A8,Logistic,0.8469666178463547,铅钡,1,
71,A1,Logistic,0.5036486481879484,铅钡,1,
71,A2,Logistic,0.8401189099949359,铅钡,1,
71,A3,Logistic,0.7223978420781517,铅钡,1,
71,A4,Logistic,0.684049473155501,铅钡,1,
71,A5,Logistic,0.20804717437065007,高钾,1,
71,A6,Logistic,0.8894754008305987,铅钡,1,
71,A7,Logistic,0.7613473482676539,铅钡,1,
71,A8,Logistic,0.9210409250690892,铅钡,1,
72,A1,Logistic,0.27351452347425803,高钾,1,
72,A2,Logistic,0.7985967843975571,铅钡,1,
72,A3,Logistic,0.6988893673328274,铅钡,1,
72,A4,Logistic,0.7461670218178277,铅钡,1,
72,A5,Logistic,0.548487826038585,铅钡,1,
72,A6,Logistic,0.8753710755003016,铅钡,1,
72,A7,Logistic,0.8035844117167413,铅钡,1,
72,A8,Logistic,0.9281375631385863,铅钡,1,
73,A1,Logistic,0.38486824261686975,高钾,1,
73,A2,Logistic,0.7681965888087795,铅钡,1,
73,A3,Logistic,0.7083084683641787,铅钡,1,
73,A4,Logistic,0.6286582723565675,铅钡,1,
73,A5,Logistic,0.2674539660326541,高钾,1,
73,A6,Logistic,0.7646050155613724,铅钡,1,
73,A7,Logistic,0.6413880523319851,铅钡,1,
73,A8,Logistic,0.7700534126280454,铅钡,1,
74,A1,Logistic,0.2705959853582927,高钾,1,
74,A2,Logistic,0.8278626992622404,铅钡,1,
74,A3,Logistic,0.6876414685370474,铅钡,1,
74,A4,Logistic,0.7298822979655202,铅钡,1,
74,A5,Logistic,0.4574650371112957,高钾,1,
74,A6,Logistic,0.9019089067791227,铅钡,1,
74,A7,Logistic,0.8365312221681543,铅钡,1,
74,A8,Logistic,0.9372413951740315,铅钡,1,
75,A1,Logistic,0.10459749101646364,高钾,1,
75,A2,Logistic,0.7341238275156663,铅钡,1,
75,A3,Logistic,0.6408132260979448,铅钡,1,
75,A4,Logistic,0.7044832591495022,铅钡,1,
75,A5,Logistic,0.48244219700703095,高钾,1,
75,A6,Logistic,0.8424496654819491,铅钡,1,
75,A7,Logistic,0.7471510583120767,铅钡,1,
75,A8,Logistic,0.9268567722166918,铅钡,1,
76,A1,Logistic,0.10694157508830628,高钾,1,
76,A2,Logistic,0.7955874958458655,铅钡,1,
76,A3,Logistic,0.6985400443228245,铅钡,1,
76,A4,Logistic,0.7200501923207424,铅钡,1,
76,A5,Logistic,0.43754982966022526,高钾,1,
76,A6,Logistic,0.8710017978921158,铅钡,1,
76,A7,Logistic,0.7859485757166598,铅钡,1,
76,A8,Logistic,0.9117601795714826,铅钡,1,
77,A1,Logistic,0.6841882003518498,铅钡,1,
77,A2,Logistic,0.7751849291394758,铅钡,1,
77,A3,Logistic,0.6672251473895776,铅钡,1,
77,A4,Logistic,0.7418436947267374,铅钡,1,
77,A5,Logistic,0.6295612198763064,铅钡,1,
77,A6,Logistic,0.8826531448323306,铅钡,1,
77,A7,Logistic,0.8328966398729464,铅钡,1,
77,A8,Logistic,0.9219717469940655,铅钡,1,
78,A1,Logistic,0.44614416842096843,高钾,1,
78,A2,Logistic,0.765539820054039,铅钡,1,
78,A3,Logistic,0.6314686060701133,铅钡,1,
78,A4,Logistic,0.7581773443176577,铅钡,1,
78,A5,Logistic,0.6615132632963029,铅钡,1,
78,A6,Logistic,0.8953834753588648,铅钡,1,
78,A7,Logistic,0.8410842931522944,铅钡,1,
78,A8,Logistic,0.9557163728825041,铅钡,1,
79,A1,Logistic,0.45918760027567673,高钾,1,
79,A2,Logistic,0.930407027916552,铅钡,1,
79,A3,Logistic,0.8691557718826036,铅钡,1,
79,A4,Logistic,0.8948178636022318,铅钡,1,
79,A5,Logistic,0.6483156411040067,铅钡,1,
79,A6,Logistic,0.9720891429646161,铅钡,1,
79,A7,Logistic,0.9386172982815185,铅钡,1,
79,A8,Logistic,0.9845638270135199,铅钡,1,
80,A1,Logistic,0.6185272426308042,铅钡,1,
80,A2,Logistic,0.7894425126798175,铅钡,1,
80,A3,Logistic,0.6392411488764815,铅钡,1,
80,A4,Logistic,0.6963770628069417,铅钡,1,
80,A5,Logistic,0.4299472702396984,高钾,1,
80,A6,Logistic,0.8897640229108604,铅钡,1,
80,A7,Logistic,0.8167408995654553,铅钡,1,
80,A8,Logistic,0.9321515461756995,铅钡,1,
81,A1,Logistic,0.2929252614557688,高钾,1,
81,A2,Logistic,0.7948387273895322,铅钡,1,
81,A3,Logistic,0.6330852154895174,铅钡,1,
81,A4,Logistic,0.7185046903532432,铅钡,1,
81,A5,Logistic,0.48344710957977555,高钾,1,
81,A6,Logistic,0.9116414532905037,铅钡,1,
81,A7,Logistic,0.8370430951108783,铅钡,1,
81,A8,Logistic,0.9560870150125654,铅钡,1,
82,A1,Logistic,0.10428533371231513,高钾,1,
82,A2,Logistic,0.8743500997484388,铅钡,1,
82,A3,Logistic,0.8061408259998085,铅钡,1,
82,A4,Logistic,0.8055175288390192,铅钡,1,
82,A5,Logistic,0.46458766590670236,高钾,1,
82,A6,Logistic,0.909388219372061,铅钡,1,
82,A7,Logistic,0.8253399169544109,铅钡,1,
82,A8,Logistic,0.95222269537593,铅钡,1,
83,A1,Logistic,0.3570076346439886,高钾,1,
83,A2,Logistic,0.7360320112581586,铅钡,1,
83,A3,Logistic,0.681772231204641,铅钡,1,
83,A4,Logistic,0.5574215960584878,铅钡,1,
83,A5,Logistic,0.1862354096079733,高钾,1,
83,A6,Logistic,0.6869820671108684,铅钡,1,
83,A7,Logistic,0.5461887096026748,铅钡,1,
83,A8,Logistic,0.6545206921188494,铅钡,1,
84,A1,Logistic,0.07525569531615443,高钾,1,
84,A2,Logistic,0.8799776234018521,铅钡,1,
84,A3,Logistic,0.847234675576191,铅钡,1,
84,A4,Logistic,0.782307775275279,铅钡,1,
84,A5,Logistic,0.3976693495110475,高钾,1,
84,A6,Logistic,0.8535490077955816,铅钡,1,
84,A7,Logistic,0.7557801211019165,铅钡,1,
84,A8,Logistic,0.8711142701029968,铅钡,1,
85,A1,Logistic,0.30710507889373545,高钾,1,
85,A2,Logistic,0.8608586171364588,铅钡,1,
85,A3,Logistic,0.7254490347060476,铅钡,1,
85,A4,Logistic,0.833518031927882,铅钡,1,
85,A5,Logistic,0.6627814537567066,铅钡,1,
85,A6,Logistic,0.9558969008820658,铅钡,1,
85,A7,Logistic,0.9109458100944966,铅钡,1,
85,A8,Logistic,0.9860886841260937,铅钡,1,
86,A1,Logistic,0.6332077700243591,铅钡,1,
86,A2,Logistic,0.7797006743905459,铅钡,1,
86,A3,Logistic,0.5534097272784326,铅钡,1,
86,A4,Logistic,0.7611499238977881,铅钡,1,
86,A5,Logistic,0.7288275452074239,铅钡,1,
86,A6,Logistic,0.941760354774172,铅钡,1,
86,A7,Logistic,0.9003858657042499,铅钡,1,
86,A8,Logistic,0.9747794787127988,铅钡,1,
87,A1,Logistic,0.6597508857410846,铅钡,1,
87,A2,Logistic,0.8525009898897421,铅钡,1,
87,A3,Logistic,0.7845396805807345,铅钡,1,
87,A4,Logistic,0.7990855342855512,铅钡,1,
87,A5,Logistic,0.5758465126621691,铅钡,1,
87,A6,Logistic,0.9039475878988411,铅钡,1,
87,A7,Logistic,0.8419543915073998,铅钡,1,
87,A8,Logistic,0.9354068653281967,铅钡,1,
88,A1,Logistic,0.4855588042698869,高钾,1,
88,A2,Logistic,0.6916511624621143,铅钡,1,
88,A3,Logistic,0.5824002210427377,铅钡,1,
88,A4,Logistic,0.6793113930589036,铅钡,1,
88,A5,Logistic,0.534830682060799,铅钡,1,
88,A6,Logistic,0.846148030588418,铅钡,1,
88,A7,Logistic,0.7714790352023362,铅钡,1,
88,A8,Logistic,0.9147018694297794,铅钡,1,
89,A1,Logistic,0.5138089584448384,铅钡,1,
89,A2,Logistic,0.8252961465397375,铅钡,1,
89,A3,Logistic,0.7094158405958692,铅钡,1,
89,A4,Logistic,0.7237078781651471,铅钡,1,
89,A5,Logistic,0.4282434333904109,高钾,1,
89,A6,Logistic,0.8833281881060882,铅钡,1,
89,A7,Logistic,0.8003524522609883,铅钡,1,
89,A8,Logistic,0.9164572974129771,铅钡,1,
90,A1,Logistic,0.41736943037074853,高钾,1,
90,A2,Logistic,0.7860210846554978,铅钡,1,
90,A3,Logistic,0.6858940872928426,铅钡,1,
90,A4,Logistic,0.6288129100655347,铅钡,1,
90,A5,Logistic,0.16417746372194134,高钾,1,
90,A6,Logistic,0.8433612894700341,铅钡,1,
90,A7,Logistic,0.6833994057218166,铅钡,1,
90,A8,Logistic,0.8816897785392334,铅钡,1,
91,A1,Logistic,0.2392567989346602,高钾,1,
91,A2,Logistic,0.7547732161548772,铅钡,1,
91,A3,Logistic,0.684221413118507,铅钡,1,
91,A4,Logistic,0.6954892986504569,铅钡,1,
91,A5,Logistic,0.397522931196368,高钾,1,
91,A6,Logistic,0.842878752259994,铅钡,1,
91,A7,Logistic,0.7384886682441291,铅钡,1,
91,A8,Logistic,0.8848307257970528,铅钡,1,
92,A1,Logistic,0.31143666368739453,高钾,1,
92,A2,Logistic,0.6930990565057661,铅钡,1,
92,A3,Logistic,0.5400693128775325,铅钡,1,
92,A4,Logistic,0.6964041278494012,铅钡,1,
92,A5,Logistic,0.5129087848933597,铅钡,1,
92,A6,Logistic,0.8956524938289055,铅钡,1,
92,A7,Logistic,0.8152904517446651,铅钡,1,
92,A8,Logistic,0.9637168197999504,铅钡,1,
93,A1,Logistic,0.2614463653598402,高钾,1,
93,A2,Logistic,0.8344045315166745,铅钡,1,
93,A3,Logistic,0.7254162986889955,铅钡,1,
93,A4,Logistic,0.7511384650599513,铅钡,1,
93,A5,Logistic,0.47319487063951493,高钾,1,
93,A6,Logistic,0.8837415129342369,铅钡,1,
93,A7,Logistic,0.8061349625119868,铅钡,1,
93,A8,Logistic,0.9352040546376117,铅钡,1,
94,A1,Logistic,0.0939197098809754,高钾,1,
94,A2,Logistic,0.8241546316862268,铅钡,1,
94,A3,Logistic,0.7368247425283725,铅钡,1,
94,A4,Logistic,0.8238934536654574,铅钡,1,
94,A5,Logistic,0.6782174835366097,铅钡,1,
94,A6,Logistic,0.9307181070681892,铅钡,1,
94,A7,Logistic,0.8786677224641748,铅钡,1,
94,A8,Logistic,0.9731065840377445,铅钡,1,
95,A1,Logistic,0.44485507863241824,高钾,1,
95,A2,Logistic,0.8718043420938388,铅钡,1,
95,A3,Logistic,0.7580965304265863,铅钡,1,
95,A4,Logistic,0.7777401461965435,铅钡,1,
95,A5,Logistic,0.4341328821644605,高钾,1,
95,A6,Logistic,0.9239255232236944,铅钡,1,
95,A7,Logistic,0.8522795131598012,铅钡,1,
95,A8,Logistic,0.9541486756822973,铅钡,1,
96,A1,Logistic,0.33759926779601085,高钾,1,
96,A2,Logistic,0.808428802732381,铅钡,1,
96,A3,Logistic,0.6923828197612414,铅钡,1,
96,A4,Logistic,0.7358279990163015,铅钡,1,
96,A5,Logistic,0.4301561414472654,高钾,1,
96,A6,Logistic,0.9026334006058666,铅钡,1,
96,A7,Logistic,0.8204224262688657,铅钡,1,
96,A8,Logistic,0.9434254455175677,铅钡,1,
97,A1,Logistic,0.6485575708785918,铅钡,1,
97,A2,Logistic,0.7936606261831017,铅钡,1,
97,A3,Logistic,0.582487969350014,铅钡,1,
97,A4,Logistic,0.735041746065211,铅钡,1,
97,A5,Logistic,0.5728671502752135,铅钡,1,
97,A6,Logistic,0.9192120994914381,铅钡,1,
97,A7,Logistic,0.8617322842186332,铅钡,1,
97,A8,Logistic,0.9690125748975759,铅钡,1,
98,A1,Logistic,0.42160408738989014,高钾,1,
98,A2,Logistic,0.7466968003695017,铅钡,1,
98,A3,Logistic,0.6559525446470326,铅钡,1,
98,A4,Logistic,0.7305148839985813,铅钡,1,
98,A5,Logistic,0.6174183983545372,铅钡,1,
98,A6,Logistic,0.8593435802900732,铅钡,1,
98,A7,Logistic,0.8013426258253756,铅钡,1,
98,A8,Logistic,0.9166491211697643,铅钡,1,
99,A1,Logistic,0.6954897654192436,铅钡,1,
99,A2,Logistic,0.828586124361239,铅钡,1,
99,A3,Logistic,0.6848225145325322,铅钡,1,
99,A4,Logistic,0.7894613281143019,铅钡,1,
99,A5,Logistic,0.5706109062735446,铅钡,1,
99,A6,Logistic,0.933266789456016,铅钡,1,
99,A7,Logistic,0.8679187822789962,铅钡,1,
99,A8,Logistic,0.9781688714512625,铅钡,1,
100,A1,Logistic,0.4843422597925974,高钾,1,
100,A2,Logistic,0.8528635546165844,铅钡,1,
100,A3,Logistic,0.7684059170116605,铅钡,1,
100,A4,Logistic,0.734523783781952,铅钡,1,
100,A5,Logistic,0.4049580275533448,高钾,1,
100,A6,Logistic,0.8768213749894893,铅钡,1,
100,A7,Logistic,0.8009712931333548,铅钡,1,
100,A8,Logistic,0.880062832511338,铅钡,1,
101,A1,Logistic,0.31840969522547646,高钾,1,
101,A2,Logistic,0.6795059746109079,铅钡,1,
101,A3,Logistic,0.5584658211242637,铅钡,1,
101,A4,Logistic,0.683472164616626,铅钡,1,
101,A5,Logistic,0.5370448663292751,铅钡,1,
101,A6,Logistic,0.8453696485082243,铅钡,1,
101,A7,Logistic,0.7590008065771092,铅钡,1,
101,A8,Logistic,0.9376093275983901,铅钡,1,
102,A1,Logistic,0.6606646909304664,铅钡,1,
102,A2,Logistic,0.8284086050150571,铅钡,1,
102,A3,Logistic,0.725459383027109,铅钡,1,
102,A4,Logistic,0.779664561739751,铅钡,1,
102,A5,Logistic,0.5940331410711595,铅钡,1,
102,A6,Logistic,0.9071729366156326,铅钡,1,
102,A7,Logistic,0.8466950794321029,铅钡,1,
102,A8,Logistic,0.9474019606088686,铅钡,1,
103,A1,Logistic,0.39784136699297795,高钾,1,
103,A2,Logistic,0.8404769441808494,铅钡,1,
103,A3,Logistic,0.7374616685367048,铅钡,1,
103,A4,Logistic,0.8013792173967819,铅钡,1,
103,A5,Logistic,0.5876566730800078,铅钡,1,
103,A6,Logistic,0.9254904155360031,铅钡,1,
103,A7,Logistic,0.8688903920474488,铅钡,1,
103,A8,Logistic,0.9686297403349599,铅钡,1,
104,A1,Logistic,0.5312260213911301,铅钡,1,
104,A2,Logistic,0.7558686536447262,铅钡,1,
104,A3,Logistic,0.6652941731962285,铅钡,1,
104,A4,Logistic,0.7144119031836168,铅钡,1,
104,A5,Logistic,0.5139247602098592,铅钡,1,
104,A6,Logistic,0.8692980659806255,铅钡,1,
104,A7,Logistic,0.7986381531128903,铅钡,1,
104,A8,Logistic,0.9128378840643794,铅钡,1,
105,A1,Logistic,0.4014137006076248,高钾,1,
105,A2,Logistic,0.7571736107605243,铅钡,1,
105,A3,Logistic,0.6884010799538881,铅钡,1,
105,A4,Logistic,0.6145066848814563,铅钡,1,
105,A5,Logistic,0.25263574616575685,高钾,1,
105,A6,Logistic,0.7630570161815392,铅钡,1,
105,A7,Logistic,0.6368294639116812,铅钡,1,
105,A8,Logistic,0.7722368301807585,铅钡,1,
106,A1,Logistic,0.7213472886675695,铅钡,1,
106,A2,Logistic,0.8102377533900144,铅钡,1,
106,A3,Logistic,0.700428018710185,铅钡,1,
106,A4,Logistic,0.7789445539726919,铅钡,1,
106,A5,Logistic,0.558986033661545,铅钡,1,
106,A6,Logistic,0.9019736153468694,铅钡,1,
106,A7,Logistic,0.8227862751695149,铅钡,1,
106,A8,Logistic,0.9650351305230139,铅钡,1,
107,A1,Logistic,0.42858552796610627,高钾,1,
107,A2,Logistic,0.8057084503521765,铅钡,1,
107,A3,Logistic,0.6572066993156305,铅钡,1,
107,A4,Logistic,0.7386433800740098,铅钡,1,
107,A5,Logistic,0.48771641777271835,高钾,1,
107,A6,Logistic,0.918392765358479,铅钡,1,
107,A7,Logistic,0.8468238441805185,铅钡,1,
107,A8,Logistic,0.9589229823888116,铅钡,1,
108,A1,Logistic,0.4707619367756126,高钾,1,
108,A2,Logistic,0.7710859116125164,铅钡,1,
108,A3,Logistic,0.7025217616251288,铅钡,1,
108,A4,Logistic,0.7096043240268759,铅钡,1,
108,A5,Logistic,0.45825699779410267,高钾,1,
108,A6,Logistic,0.8341333446128033,铅钡,1,
108,A7,Logistic,0.7481194413838048,铅钡,1,
108,A8,Logistic,0.8847769588930133,铅钡,1,
109,A1,Logistic,0.5269289718470265,铅钡,1,
109,A2,Logistic,0.7373374971220703,铅钡,1,
109,A3,Logistic,0.5962279681556105,铅钡,1,
109,A4,Logistic,0.7098072837937832,铅钡,1,
109,A5,Logistic,0.48381138045942945,高钾,1,
109,A6,Logistic,0.8809306853582382,铅钡,1,
109,A7,Logistic,0.7874162115589284,铅钡,1,
109,A8,Logistic,0.9564522870449824,铅钡,1,
110,A1,Logistic,0.3831028254774634,高钾,1,
110,A2,Logistic,0.7565519264827797,铅钡,1,
110,A3,Logistic,0.5664556497549923,铅钡,1,
110,A4,Logistic,0.7866198890927337,铅钡,1,
110,A5,Logistic,0.6329391923995278,铅钡,1,
110,A6,Logistic,0.9490724278633945,铅钡,1,
110,A7,Logistic,0.8889842326723744,铅钡,1,
110,A8,Logistic,0.9905368962607315,铅钡,1,
111,A1,Logistic,0.6552139418462706,铅钡,1,
111,A2,Logistic,0.8414484940519199,铅钡,1,
111,A3,Logistic,0.7552301180550646,铅钡,1,
111,A4,Logistic,0.7584088892309278,铅钡,1,
111,A5,Logistic,0.4935666861709099,高钾,1,
111,A6,Logistic,0.86508672509053,铅钡,1,
111,A7,Logistic,0.7957859768022969,铅钡,1,
111,A8,Logistic,0.9145874783010767,铅钡,1,
112,A1,Logistic,0.27597203796038566,高钾,1,
112,A2,Logistic,0.6941814266912831,铅钡,1,
112,A3,Logistic,0.49782650385013766,高钾,1,
112,A4,Logistic,0.7400315411600583,铅钡,1,
112,A5,Logistic,0.6426475057804817,铅钡,1,
112,A6,Logistic,0.92598765492471,铅钡,1,
112,A7,Logistic,0.8640408374415334,铅钡,1,
112,A8,Logistic,0.984778318039509,铅钡,1,
113,A1,Logistic,0.4067723230194129,高钾,1,
113,A2,Logistic,0.8132975021392898,铅钡,1,
113,A3,Logistic,0.6666757665781712,铅钡,1,
113,A4,Logistic,0.7561370570197559,铅钡,1,
113,A5,Logistic,0.5101807357721195,铅钡,1,
113,A6,Logistic,0.9093988644064309,铅钡,1,
113,A7,Logistic,0.8470831233694384,铅钡,1,
113,A8,Logistic,0.9599094295758978,铅钡,1,
114,A1,Logistic,0.2685386712451104,高钾,1,
114,A2,Logistic,0.6908896457789321,铅钡,1,
114,A3,Logistic,0.5252454742884838,铅钡,1,
114,A4,Logistic,0.605090487368992,铅钡,1,
114,A5,Logistic,0.38139659369545037,高钾,1,
114,A6,Logistic,0.842734909945672,铅钡,1,
114,A7,Logistic,0.757793955951404,铅钡,1,
114,A8,Logistic,0.8971441010922526,铅钡,1,
115,A1,Logistic,0.552069898092361,铅钡,1,
115,A2,Logistic,0.805735060481821,铅钡,1,
115,A3,Logistic,0.7471627965104729,铅钡,1,
115,A4,Logistic,0.7244690564959162,铅钡,1,
115,A5,Logistic,0.48448615042162313,高钾,1,
115,A6,Logistic,0.8298576730961809,铅钡,1,
115,A7,Logistic,0.7588207473382109,铅钡,1,
115,A8,Logistic,0.8469605904443381,铅钡,1,
116,A1,Logistic,0.5176770239944352,铅钡,1,
116,A2,Logistic,0.8947740057971934,铅钡,1,
116,A3,Logistic,0.7886849208106927,铅钡,1,
116,A4,Logistic,0.8195465492602106,铅钡,1,
116,A5,Logistic,0.6171653996574408,铅钡,1,
116,A6,Logistic,0.9420069108662044,铅钡,1,
116,A7,Logistic,0.9013902323620006,铅钡,1,
116,A8,Logistic,0.9593606107491254,铅钡,1,
117,A1,Logistic,0.2959493973906671,高钾,1,
117,A2,Logistic,0.8005868815839798,铅钡,1,
117,A3,Logistic,0.6643245918896659,铅钡,1,
117,A4,Logistic,0.754306324886797,铅钡,1,
117,A5,Logistic,0.5647561214688869,铅钡,1,
117,A6,Logistic,0.8972361962164497,铅钡,1,
117,A7,Logistic,0.8171519683254651,铅钡,1,
117,A8,Logistic,0.9656193772926187,铅钡,1,
118,A1,Logistic,0.2967047782802989,高钾,1,
118,A2,Logistic,0.839764450435208,铅钡,1,
118,A3,Logistic,0.661809909495264,铅钡,1,
118,A4,Logistic,0.7151820938199404,铅钡,1,
118,A5,Logistic,0.34385568948793616,高钾,1,
118,A6,Logistic,0.9084468459682274,铅钡,1,
118,A7,Logistic,0.8214757501976726,铅钡,1,
118,A8,Logistic,0.9579609712444409,铅钡,1,
119,A1,Logistic,0.359240331162495,高钾,1,
119,A2,Logistic,0.8263706923830989,铅钡,1,
119,A3,Logistic,0.6615735509478042,铅钡,1,
119,A4,Logistic,0.7488143205735206,铅钡,1,
119,A5,Logistic,0.4385207003061606,高钾,1,
119,A6,Logistic,0.9251513521564227,铅钡,1,
119,A7,Logistic,0.8422000595183139,铅钡,1,
119,A8,Logistic,0.963024134349264,铅钡,1,
120,A1,Logistic,0.30303871168229213,高钾,1,
120,A2,Logistic,0.834398969027625,铅钡,1,
120,A3,Logistic,0.6112871921287598,铅钡,1,
120,A4,Logistic,0.7728891448163242,铅钡,1,
120,A5,Logistic,0.6793177343051531,铅钡,1,
120,A6,Logistic,0.9446679492703853,铅钡,1,
120,A7,Logistic,0.9053276690938671,铅钡,1,
120,A8,Logistic,0.9778337235793916,铅钡,1,
121,A1,Logistic,0.3418829423810043,高钾,1,
121,A2,Logistic,0.734195071375986,铅钡,1,
121,A3,Logistic,0.6277222450308819,铅钡,1,
121,A4,Logistic,0.7144031634414405,铅钡,1,
121,A5,Logistic,0.5029033538919561,铅钡,1,
121,A6,Logistic,0.8745391372191904,铅钡,1,
121,A7,Logistic,0.7915448490926539,铅钡,1,
121,A8,Logistic,0.9415902140100426,铅钡,1,
122,A1,Logistic,0.2588797218990645,高钾,1,
122,A2,Logistic,0.7302872096538212,铅钡,1,
122,A3,Logistic,0.5506686511998227,铅钡,1,
122,A4,Logistic,0.6766878033952691,铅钡,1,
122,A5,Logistic,0.4857417967962729,高钾,1,
122,A6,Logistic,0.8953889707126131,铅钡,1,
122,A7,Logistic,0.8280017903907356,铅钡,1,
122,A8,Logistic,0.9365506724726902,铅钡,1,
123,A1,Logistic,0.3900161619708292,高钾,1,
123,A2,Logistic,0.7400161175422584,铅钡,1,
123,A3,Logistic,0.6540981399019676,铅钡,1,
123,A4,Logistic,0.6195733742755662,铅钡,1,
123,A5,Logistic,0.3023221584182935,高钾,1,
123,A6,Logistic,0.7871524257949035,铅钡,1,
123,A7,Logistic,0.6726170267585564,铅钡,1,
123,A8,Logistic,0.8150727144079882,铅钡,1,
124,A1,Logistic,0.40506990027836315,高钾,1,
124,A2,Logistic,0.8871758084084372,铅钡,1,
124,A3,Logistic,0.7575552023718904,铅钡,1,
124,A4,Logistic,0.8279262439412645,铅钡,1,
124,A5,Logistic,0.5899863092600872,铅钡,1,
124,A6,Logistic,0.9515469493067972,铅钡,1,
124,A7,Logistic,0.9007949963778236,铅钡,1,
124,A8,Logistic,0.9794312362625378,铅钡,1,
125,A1,Logistic,0.16997627408647825,高钾,1,
125,A2,Logistic,0.837526738940251,铅钡,1,
125,A3,Logistic,0.6442291218308704,铅钡,1,
125,A4,Logistic,0.7600745807572814,铅钡,1,
125,A5,Logistic,0.5503904348765267,铅钡,1,
125,A6,Logistic,0.9452336599232056,铅钡,1,
125,A7,Logistic,0.8956928688128954,铅钡,1,
125,A8,Logistic,0.9698491126817212,铅钡,1,
126,A1,Logistic,0.339299101776288,高钾,1,
126,A2,Logistic,0.8045964264815272,铅钡,1,
126,A3,Logistic,0.6856343911356574,铅钡,1,
126,A4,Logistic,0.645555509208564,铅钡,1,
126,A5,Logistic,0.222835344068976,高钾,1,
126,A6,Logistic,0.8523794275361525,铅钡,1,
126,A7,Logistic,0.7188399684129005,铅钡,1,
126,A8,Logistic,0.8814205072172816,铅钡,1,
127,A1,Logistic,0.06382276726130273,高钾,1,
127,A2,Logistic,0.8464771327555979,铅钡,1,
127,A3,Logistic,0.746168519531791,铅钡,1,
127,A4,Logistic,0.677646243380257,铅钡,1,
127,A5,Logistic,0.2352170332685751,高钾,1,
127,A6,Logistic,0.8408221754268311,铅钡,1,
127,A7,Logistic,0.7072191632846372,铅钡,1,
127,A8,Logistic,0.8606318540391389,铅钡,1,
128,A1,Logistic,0.37490918614860996,高钾,1,
128,A2,Logistic,0.8443061953861861,铅钡,1,
128,A3,Logistic,0.7656212169337607,铅钡,1,
128,A4,Logistic,0.7014428944831138,铅钡,1,
128,A5,Logistic,0.2845937214134968,高钾,1,
128,A6,Logistic,0.8649172710411074,铅钡,1,
128,A7,Logistic,0.7551898646368818,铅钡,1,
128,A8,Logistic,0.8657327347540643,铅钡,1,
129,A1,Logistic,0.27920971827705543,高钾,1,
129,A2,Logistic,0.6853042375297248,铅钡,1,
129,A3,Logistic,0.5620606231236008,铅钡,1,
129,A4,Logistic,0.6151524067315975,铅钡,1,
129,A5,Logistic,0.4568500839849475,高钾,1,
129,A6,Logistic,0.746739401772634,铅钡,1,
129,A7,Logistic,0.6722058610666867,铅钡,1,
129,A8,Logistic,0.8385979067531698,铅钡,1,
130,A1,Logistic,0.28565759163282783,高钾,1,
130,A2,Logistic,0.7672730822763134,铅钡,1,
130,A3,Logistic,0.6776833134024023,铅钡,1,
130,A4,Logistic,0.6883174810021828,铅钡,1,
130,A5,Logistic,0.4268546649692541,高钾,1,
130,A6,Logistic,0.833193228395877,铅钡,1,
130,A7,Logistic,0.7462257210108292,铅钡,1,
130,A8,Logistic,0.8759517662360666,铅钡,1,
131,A1,Logistic,0.533000518630462,铅钡,1,
131,A2,Logistic,0.7614148225057438,铅钡,1,
131,A3,Logistic,0.6212662095211076,铅钡,1,
131,A4,Logistic,0.6672634963992478,铅钡,1,
131,A5,Logistic,0.4216596617886973,高钾,1,
131,A6,Logistic,0.842565057820837,铅钡,1,
131,A7,Logistic,0.7597079007495025,铅钡,1,
131,A8,Logistic,0.8980645166436937,铅钡,1,
132,A1,Logistic,0.36066035203529845,高钾,1,
132,A2,Logistic,0.7429353870857973,铅钡,1,
132,A3,Logistic,0.619012938477715,铅钡,1,
132,A4,Logistic,0.8373928355234169,铅钡,1,
132,A5,Logistic,0.7095582941179145,铅钡,1,
132,A6,Logistic,0.9587392534490051,铅钡,1,
132,A7,Logistic,0.90870708715456,铅钡,1,
132,A8,Logistic,0.9945340966239845,铅钡,1,
133,A1,Logistic,0.5836328257368537,铅钡,1,
133,A2,Logistic,0.7016827184366476,铅钡,1,
133,A3,Logistic,0.4936334981978966,高钾,1,
133,A4,Logistic,0.7365518409378445,铅钡,1,
133,A5,Logistic,0.5799246814379989,铅钡,1,
133,A6,Logistic,0.9415091957744656,铅钡,1,
133,A7,Logistic,0.8783615210460277,铅钡,1,
133,A8,Logistic,0.9883745000888675,铅钡,1,
134,A1,Logistic,0.08733393103554377,高钾,1,
134,A2,Logistic,0.834127780859479,铅钡,1,
134,A3,Logistic,0.7076862026580073,铅钡,1,
134,A4,Logistic,0.8242381589914577,铅钡,1,
134,A5,Logistic,0.7062742042255941,铅钡,1,
134,A6,Logistic,0.94072788324593,铅钡,1,
134,A7,Logistic,0.8965343141047915,铅钡,1,
134,A8,Logistic,0.9775535268243779,铅钡,1,
135,A1,Logistic,0.2850918864165965,高钾,1,
135,A2,Logistic,0.7109949079137923,铅钡,1,
135,A3,Logistic,0.5957274206589178,铅钡,1,
135,A4,Logistic,0.6170739146944473,铅钡,1,
135,A5,Logistic,0.23223844118575354,高钾,1,
135,A6,Logistic,0.844472468837295,铅钡,1,
135,A7,Logistic,0.6959060733068062,铅钡,1,
135,A8,Logistic,0.9174488531242422,铅钡,1,
136,A1,Logistic,0.6460035824010971,铅钡,1,
136,A2,Logistic,0.8080730198366081,铅钡,1,
136,A3,Logistic,0.6737815840636779,铅钡,1,
136,A4,Logistic,0.7139214329938913,铅钡,1,
136,A5,Logistic,0.4210797733870396,高钾,1,
136,A6,Logistic,0.8976175698385994,铅钡,1,
136,A7,Logistic,0.8154566392874334,铅钡,1,
136,A8,Logistic,0.9328263116542562,铅钡,1,
137,A1,Logistic,0.6806314250365573,铅钡,1,
137,A2,Logistic,0.7760617859727154,铅钡,1,
137,A3,Logistic,0.59168227704649,铅钡,1,
137,A4,Logistic,0.7775988080491429,铅钡,1,
137,A5,Logistic,0.6916832481205887,铅钡,1,
137,A6,Logistic,0.942569108213449,铅钡,1,
137,A7,Logistic,0.8978800519485335,铅钡,1,
137,A8,Logistic,0.978785291108909,铅钡,1,
138,A1,Logistic,0.5196338930550389,铅钡,1,
138,A2,Logistic,0.8889719909558791,铅钡,1,
138,A3,Logistic,0.7688487507280778,铅钡,1,
138,A4,Logistic,0.7884803806575579,铅钡,1,
138,A5,Logistic,0.4201910223179263,高钾,1,
138,A6,Logistic,0.9446740273367753,铅钡,1,
138,A7,Logistic,0.8768705176045215,铅钡,1,
138,A8,Logistic,0.9634493681896941,铅钡,1,
139,A1,Logistic,0.6022157852077292,铅钡,1,
139,A2,Logistic,0.863051041934712,铅钡,1,
139,A3,Logistic,0.6943246735806137,铅钡,1,
139,A4,Logistic,0.7479418464738491,铅钡,1,
139,A5,Logistic,0.30301056291688727,高钾,1,
139,A6,Logistic,0.9406025614203605,铅钡,1,
139,A7,Logistic,0.8581338956322554,铅钡,1,
139,A8,Logistic,0.9648111839209162,铅钡,1,
140,A1,Logistic,0.6268572862237854,铅钡,1,
140,A2,Logistic,0.8071495919865401,铅钡,1,
140,A3,Logistic,0.7276939373822635,铅钡,1,
140,A4,Logistic,0.7743010546766697,铅钡,1,
140,A5,Logistic,0.573283748825252,铅钡,1,
140,A6,Logistic,0.8954243747435169,铅钡,1,
140,A7,Logistic,0.8370109741458283,铅钡,1,
140,A8,Logistic,0.942104067911182,铅钡,1,
141,A1,Logistic,0.588239718593729,铅钡,1,
141,A2,Logistic,0.8761367945077447,铅钡,1,
141,A3,Logistic,0.6227249488577478,铅钡,1,
141,A4,Logistic,0.8375986806382648,铅钡,1,
141,A5,Logistic,0.814862883051061,铅钡,1,
141,A6,Logistic,0.9749227180821008,铅钡,1,
141,A7,Logistic,0.9521175227557602,铅钡,1,
141,A8,Logistic,0.9913383762449844,铅钡,1,
142,A1,Logistic,0.44564112327582306,高钾,1,
142,A2,Logistic,0.7959839162495116,铅钡,1,
142,A3,Logistic,0.6956667144681243,铅钡,1,
142,A4,Logistic,0.6964074162791762,铅钡,1,
142,A5,Logistic,0.3937047302293107,高钾,1,
142,A6,Logistic,0.8381438974760391,铅钡,1,
142,A7,Logistic,0.7491256126251278,铅钡,1,
142,A8,Logistic,0.883150745252423,铅钡,1,
143,A1,Logistic,0.3175685323014297,高钾,1,
143,A2,Logistic,0.8192060093606811,铅钡,1,
143,A3,Logistic,0.6000835637305965,铅钡,1,
143,A4,Logistic,0.7411484426398737,铅钡,1,
143,A5,Logistic,0.5320085182284562,铅钡,1,
143,A6,Logistic,0.9433594978942755,铅钡,1,
143,A7,Logistic,0.8974258407235884,铅钡,1,
143,A8,Logistic,0.9724181624269621,铅钡,1,
144,A1,Logistic,0.34167003044221983,高钾,1,
144,A2,Logistic,0.8539670990444639,铅钡,1,
144,A3,Logistic,0.6930651067353222,铅钡,1,
144,A4,Logistic,0.7210566630496552,铅钡,1,
144,A5,Logistic,0.4046183302750843,高钾,1,
144,A6,Logistic,0.9046261922129613,铅钡,1,
144,A7,Logistic,0.8382478327066673,铅钡,1,
144,A8,Logistic,0.935341431922718,铅钡,1,
145,A1,Logistic,0.3250864177233958,高钾,1,
145,A2,Logistic,0.8246968212236925,铅钡,1,
145,A3,Logistic,0.653029188457151,铅钡,1,
145,A4,Logistic,0.7756254127420847,铅钡,1,
145,A5,Logistic,0.6428758646272579,铅钡,1,
145,A6,Logistic,0.9242227947111897,铅钡,1,
145,A7,Logistic,0.8764673127289351,铅钡,1,
145,A8,Logistic,0.9664591908854757,铅钡,1,
146,A1,Logistic,0.6330110941008262,铅钡,1,
146,A2,Logistic,0.733915113087582,铅钡,1,
146,A3,Logistic,0.6476968929095693,铅钡,1,
146,A4,Logistic,0.6766801660113506,铅钡,1,
146,A5,Logistic,0.522636102089076,铅钡,1,
146,A6,Logistic,0.8026871043298032,铅钡,1,
146,A7,Logistic,0.7376359082994852,铅钡,1,
146,A8,Logistic,0.847778050491624,铅钡,1,
147,A1,Logistic,0.06014775853153923,高钾,1,
147,A2,Logistic,0.8268800593771973,铅钡,1,
147,A3,Logistic,0.6738197470408606,铅钡,1,
147,A4,Logistic,0.7192471561892182,铅钡,1,
147,A5,Logistic,0.4196717595565382,高钾,1,
147,A6,Logistic,0.9129084803595429,铅钡,1,
147,A7,Logistic,0.836306519370136,铅钡,1,
147,A8,Logistic,0.9399768714627186,铅钡,1,
148,A1,Logistic,0.16367371012207252,高钾,1,
148,A2,Logistic,0.8715598022080202,铅钡,1,
148,A3,Logistic,0.7785684422909555,铅钡,1,
148,A4,Logistic,0.7905795497482306,铅钡,1,
148,A5,Logistic,0.48472144842500264,高钾,1,
148,A6,Logistic,0.9158721638363204,铅钡,1,
148,A7,Logistic,0.8321561800740779,铅钡,1,
148,A8,Logistic,0.9617072211811537,铅钡,1,
149,A1,Logistic,0.460002813080501,高钾,1,
149,A2,Logistic,0.7286886576832721,铅钡,1,
149,A3,Logistic,0.6107756810368097,铅钡,1,
149,A4,Logistic,0.7110768443367389,铅钡,1,
149,A5,Logistic,0.5484422680396431,铅钡,1,
149,A6,Logistic,0.8796634014538052,铅钡,1,
149,A7,Logistic,0.8079786575918494,铅钡,1,
149,A8,Logistic,0.9422254867878661,铅钡,1,
150,A1,Logistic,0.37774970150184556,高钾,1,
150,A2,Logistic,0.7639118602042628,铅钡,1,
150,A3,Logistic,0.6804071224594556,铅钡,1,
150,A4,Logistic,0.7160212321022139,铅钡,1,
150,A5,Logistic,0.46789139905985877,高钾,1,
150,A6,Logistic,0.8516845025344453,铅钡,1,
150,A7,Logistic,0.7685942065821025,铅钡,1,
150,A8,Logistic,0.9175968417842266,铅钡,1,
151,A1,Logistic,0.656129521266883,铅钡,1,
151,A2,Logistic,0.7606283033248562,铅钡,1,
151,A3,Logistic,0.6466059363012611,铅钡,1,
151,A4,Logistic,0.7055340348310309,铅钡,1,
151,A5,Logistic,0.6118495712409526,铅钡,1,
151,A6,Logistic,0.8443318367483803,铅钡,1,
151,A7,Logistic,0.8035124700564578,铅钡,1,
151,A8,Logistic,0.8800762139148696,铅钡,1,
152,A1,Logistic,0.3637239514393113,高钾,1,
152,A2,Logistic,0.8480134701118235,铅钡,1,
152,A3,Logistic,0.7548361107615046,铅钡,1,
152,A4,Logistic,0.6005422910360809,铅钡,1,
152,A5,Logistic,0.0849159949747597,高钾,1,
152,A6,Logistic,0.7938157241798375,铅钡,1,
152,A7,Logistic,0.5789303301117765,铅钡,1,
152,A8,Logistic,0.8075773947084325,铅钡,1,
153,A1,Logistic,0.3828484798598258,高钾,1,
153,A2,Logistic,0.8561295585087207,铅钡,1,
153,A3,Logistic,0.6993497668510485,铅钡,1,
153,A4,Logistic,0.8049087810012352,铅钡,1,
153,A5,Logistic,0.5066205388488964,铅钡,1,
153,A6,Logistic,0.9558266388924209,铅钡,1,
153,A7,Logistic,0.9015259308161687,铅钡,1,
153,A8,Logistic,0.9867785080351776,铅钡,1,
154,A1,Logistic,0.6453835554609029,铅钡,1,
154,A2,Logistic,0.9029711435582891,铅钡,1,
154,A3,Logistic,0.7473620013626714,铅钡,1,
154,A4,Logistic,0.8668631752626503,铅钡,1,
154,A5,Logistic,0.6508730650168777,铅钡,1,
154,A6,Logistic,0.9787559646451722,铅钡,1,
154,A7,Logistic,0.9495985831635259,铅钡,1,
154,A8,Logistic,0.9919081068580567,铅钡,1,
155,A1,Logistic,0.19763012888696307,高钾,1,
155,A2,Logistic,0.9046472863349614,铅钡,1,
155,A3,Logistic,0.8402720517692698,铅钡,1,
155,A4,Logistic,0.7764668826418955,铅钡,1,
155,A5,Logistic,0.2865510379760396,高钾,1,
155,A6,Logistic,0.9158005159965467,铅钡,1,
155,A7,Logistic,0.8220483920551099,铅钡,1,
155,A8,Logistic,0.9168824258800203,铅钡,1,
156,A1,Logistic,0.2292025787408529,高钾,1,
156,A2,Logistic,0.833631431965025,铅钡,1,
156,A3,Logistic,0.6387241998911684,铅钡,1,
156,A4,Logistic,0.7090221136499336,铅钡,1,
156,A5,Logistic,0.3651935309902973,高钾,1,
156,A6,Logistic,0.9321261869338852,铅钡,1,
156,A7,Logistic,0.854892907915584,铅钡,1,
156,A8,Logistic,0.9607200157595167,铅钡,1,
157,A1,Logistic,0.5110692031545194,铅钡,1,
157,A2,Logistic,0.7065269472873201,铅钡,1,
157,A3,Logistic,0.5141884956561457,铅钡,1,
157,A4,Logistic,0.6365521878615461,铅钡,1,
157,A5,Logistic,0.43521253768572754,高钾,1,
157,A6,Logistic,0.8604508967033877,铅钡,1,
157,A7,Logistic,0.7599015339604841,铅钡,1,
157,A8,Logistic,0.9433229745786544,铅钡,1,
158,A1,Logistic,0.5276048749304295,铅钡,1,
158,A2,Logistic,0.8094354159758221,铅钡,1,
158,A3,Logistic,0.7069558207503306,铅钡,1,
158,A4,Logistic,0.7757858531891003,铅钡,1,
158,A5,Logistic,0.533619679627406,铅钡,1,
158,A6,Logistic,0.9003779594791833,铅钡,1,
158,A7,Logistic,0.8256171538256475,铅钡,1,
158,A8,Logistic,0.9598978329965836,铅钡,1,
159,A1,Logistic,0.49525835320813527,高钾,1,
159,A2,Logistic,0.8680166416117522,铅钡,1,
159,A3,Logistic,0.8075620489842251,铅钡,1,
159,A4,Logistic,0.7685428828917285,铅钡,1,
159,A5,Logistic,0.3814312907431421,高钾,1,
159,A6,Logistic,0.8745236766134409,铅钡,1,
159,A7,Logistic,0.7716586055900486,铅钡,1,
159,A8,Logistic,0.9122774517653449,铅钡,1,
160,A1,Logistic,0.3920922504751854,高钾,1,
160,A2,Logistic,0.7059547724034538,铅钡,1,
160,A3,Logistic,0.5753079428783517,铅钡,1,
160,A4,Logistic,0.6081542071070922,铅钡,1,
160,A5,Logistic,0.3455111652751171,高钾,1,
160,A6,Logistic,0.8180677616313866,铅钡,1,
160,A7,Logistic,0.7132019212323375,铅钡,1,
160,A8,Logistic,0.8696823730210078,铅钡,1,
161,A1,Logistic,0.3589032530051169,高钾,1,
161,A2,Logistic,0.8544113373371578,铅钡,1,
161,A3,Logistic,0.5834322831654897,铅钡,1,
161,A4,Logistic,0.75594299197495,铅钡,1,
161,A5,Logistic,0.6255173088272095,铅钡,1,
161,A6,Logistic,0.9547486454336636,铅钡,1,
161,A7,Logistic,0.9260072536799692,铅钡,1,
161,A8,Logistic,0.976512987491793,铅钡,1,
162,A1,Logistic,0.3283157595769388,高钾,1,
162,A2,Logistic,0.783568971912067,铅钡,1,
162,A3,Logistic,0.6459901355611095,铅钡,1,
162,A4,Logistic,0.6927325086588478,铅钡,1,
162,A5,Logistic,0.4773260416189297,高钾,1,
162,A6,Logistic,0.838850958770201,铅钡,1,
162,A7,Logistic,0.77494471234286,铅钡,1,
162,A8,Logistic,0.9075313206745087,铅钡,1,
163,A1,Logistic,0.6475102155523627,铅钡,1,
163,A2,Logistic,0.8281154697766252,铅钡,1,
163,A3,Logistic,0.6630090799127735,铅钡,1,
163,A4,Logistic,0.8424189926842806,铅钡,1,
163,A5,Logistic,0.7107535414313866,铅钡,1,
163,A6,Logistic,0.961182104875373,铅钡,1,
163,A7,Logistic,0.9153386799423162,铅钡,1,
163,A8,Logistic,0.9928882182685124,铅钡,1,
164,A1,Logistic,0.4185834613613177,高钾,1,
164,A2,Logistic,0.7427422754582622,铅钡,1,
164,A3,Logistic,0.6833320048882948,铅钡,1,
164,A4,Logistic,0.6450222804998852,铅钡,1,
164,A5,Logistic,0.38787536720145366,高钾,1,
164,A6,Logistic,0.7601728183434613,铅钡,1,
164,A7,Logistic,0.6713122936830548,铅钡,1,
164,A8,Logistic,0.7748432167675315,铅钡,1,
165,A1,Logistic,0.6399181642745344,铅钡,1,
165,A2,Logistic,0.7877438918292762,铅钡,1,
165,A3,Logistic,0.6705559358350078,铅钡,1,
165,A4,Logistic,0.6979306155164777,铅钡,1,
165,A5,Logistic,0.46722790121450325,高钾,1,
165,A6,Logistic,0.8481904287765974,铅钡,1,
165,A7,Logistic,0.7681634973147342,铅钡,1,
165,A8,Logistic,0.8925100349254156,铅钡,1,
166,A1,Logistic,0.43525961134553387,高钾,1,
166,A2,Logistic,0.8277947396128462,铅钡,1,
166,A3,Logistic,0.659412671875344,铅钡,1,
166,A4,Logistic,0.7180650111470827,铅钡,1,
166,A5,Logistic,0.43523105723721317,高钾,1,
166,A6,Logistic,0.9002519609650875,铅钡,1,
166,A7,Logistic,0.8245634554682102,铅钡,1,
166,A8,Logistic,0.9424151903640302,铅钡,1,
167,A1,Logistic,0.13788245233148508,高钾,1,
167,A2,Logistic,0.8858251696397401,铅钡,1,
167,A3,Logistic,0.7987053371897923,铅钡,1,
167,A4,Logistic,0.7388064681062865,铅钡,1,
167,A5,Logistic,0.13958906575383376,高钾,1,
167,A6,Logistic,0.9254235636426917,铅钡,1,
167,A7,Logistic,0.7838251477271962,铅钡,1,
167,A8,Logistic,0.9529572791037701,铅钡,1,
168,A1,Logistic,0.362892884521368,高钾,1,
168,A2,Logistic,0.7277124272851119,铅钡,1,
168,A3,Logistic,0.5867138948137234,铅钡,1,
168,A4,Logistic,0.7039574428004828,铅钡,1,
168,A5,Logistic,0.5499916701513973,铅钡,1,
168,A6,Logistic,0.8826532563391704,铅钡,1,
168,A7,Logistic,0.814258950454515,铅钡,1,
168,A8,Logistic,0.9412225196796685,铅钡,1,
169,A1,Logistic,0.25081650701360875,高钾,1,
169,A2,Logistic,0.7731378848793525,铅钡,1,
169,A3,Logistic,0.5021594143603237,铅钡,1,
169,A4,Logistic,0.6586707623522892,铅钡,1,
169,A5,Logistic,0.3960911156658711,高钾,1,
169,A6,Logistic,0.9035389231709757,铅钡,1,
169,A7,Logistic,0.8077774065584985,铅钡,1,
169,A8,Logistic,0.9654308948875904,铅钡,1,
170,A1,Logistic,0.40555058183697645,高钾,1,
170,A2,Logistic,0.8035883694778753,铅钡,1,
170,A3,Logistic,0.7220861565610915,铅钡,1,
170,A4,Logistic,0.6641710091668005,铅钡,1,
170,A5,Logistic,0.2894719274457286,高钾,1,
170,A6,Logistic,0.815617805996703,铅钡,1,
170,A7,Logistic,0.7023219083071676,铅钡,1,
170,A8,Logistic,0.8286113136451773,铅钡,1,
171,A1,Logistic,0.604787331487209,铅钡,1,
171,A2,Logistic,0.7490426574843302,铅钡,1,
171,A3,Logistic,0.6321471868795784,铅钡,1,
171,A4,Logistic,0.7007116681374694,铅钡,1,
171,A5,Logistic,0.5007685547448564,铅钡,1,
171,A6,Logistic,0.8677128002454425,铅钡,1,
171,A7,Logistic,0.7942173671887701,铅钡,1,
171,A8,Logistic,0.9310605093805175,铅钡,1,
172,A1,Logistic,0.6563369465755052,铅钡,1,
172,A2,Logistic,0.8709539966217619,铅钡,1,
172,A3,Logistic,0.8185040878522994,铅钡,1,
172,A4,Logistic,0.8035596824543818,铅钡,1,
172,A5,Logistic,0.5525717182638108,铅钡,1,
172,A6,Logistic,0.8963941251948384,铅钡,1,
172,A7,Logistic,0.8375455317690794,铅钡,1,
172,A8,Logistic,0.9151341290718669,铅钡,1,
173,A1,Logistic,0.32508416924787326,高钾,1,
173,A2,Logistic,0.7600310533481975,铅钡,1,
173,A3,Logistic,0.5158587320439117,铅钡,1,
173,A4,Logistic,0.6966598064395901,铅钡,1,
173,A5,Logistic,0.611192331437632,铅钡,1,
173,A6,Logistic,0.9093563552587474,铅钡,1,
173,A7,Logistic,0.858839619437495,铅钡,1,
173,A8,Logistic,0.9563624296299541,铅钡,1,
174,A1,Logistic,0.3900777536475612,高钾,1,
174,A2,Logistic,0.833606596141124,铅钡,1,
174,A3,Logistic,0.8081648729109295,铅钡,1,
174,A4,Logistic,0.6337699412084319,铅钡,1,
174,A5,Logistic,0.14243085731752284,高钾,1,
174,A6,Logistic,0.7407898308142248,铅钡,1,
174,A7,Logistic,0.5724182894233287,铅钡,1,
174,A8,Logistic,0.6731271301620037,铅钡,1,
175,A1,Logistic,0.5318201642793287,铅钡,1,
175,A2,Logistic,0.8604394337018971,铅钡,1,
175,A3,Logistic,0.6882215160643517,铅钡,1,
175,A4,Logistic,0.8369852218109768,铅钡,1,
175,A5,Logistic,0.6208568578008603,铅钡,1,
175,A6,Logistic,0.9664906811369973,铅钡,1,
175,A7,Logistic,0.9182152010465793,铅钡,1,
175,A8,Logistic,0.9927685232612828,铅钡,1,
176,A1,Logistic,0.24625029380797234,高钾,1,
176,A2,Logistic,0.67215274394511,铅钡,1,
176,A3,Logistic,0.4794151645323553,高钾,1,
176,A4,Logistic,0.6102624342345058,铅钡,1,
176,A5,Logistic,0.3856495268973689,高钾,1,
176,A6,Logistic,0.8458578479596243,铅钡,1,
176,A7,Logistic,0.723972133385351,铅钡,1,
176,A8,Logistic,0.9502268774888184,铅钡,1,
177,A1,Logistic,0.6348217929832632,铅钡,1,
177,A2,Logistic,0.7987239353628153,铅钡,1,
177,A3,Logistic,0.6826864797382116,铅钡,1,
177,A4,Logistic,0.7695760608731266,铅钡,1,
177,A5,Logistic,0.6596049037481594,铅钡,1,
177,A6,Logistic,0.8995593600371997,铅钡,1,
177,A7,Logistic,0.8540431117243651,铅钡,1,
177,A8,Logistic,0.9410268803996634,铅钡,1,
178,A1,Logistic,0.46200925221461636,高钾,1,
178,A2,Logistic,0.8087191013052198,铅钡,1,
178,A3,Logistic,0.6769757841139787,铅钡,1,
178,A4,Logistic,0.7756907349486515,铅钡,1,
178,A5,Logistic,0.6327418015320176,铅钡,1,
178,A6,Logistic,0.9180793568142267,铅钡,1,
178,A7,Logistic,0.8697912106309187,铅钡,1,
178,A8,Logistic,0.9598364511828886,铅钡,1,
179,A1,Logistic,0.6892629402235477,铅钡,1,
179,A2,Logistic,0.7949355157948373,铅钡,1,
179,A3,Logistic,0.6275854331264576,铅钡,1,
179,A4,Logistic,0.7781062986363233,铅钡,1,
179,A5,Logistic,0.7403857181011678,铅钡,1,
179,A6,Logistic,0.9239787022594678,铅钡,1,
179,A7,Logistic,0.8980968869621597,铅钡,1,
179,A8,Logistic,0.9573500346219718,铅钡,1,
180,A1,Logistic,0.35176265002207135,高钾,1,
180,A2,Logistic,0.8272547999911215,铅钡,1,
180,A3,Logistic,0.5835893424005043,铅钡,1,
180,A4,Logistic,0.7177421958452296,铅钡,1,
180,A5,Logistic,0.5471512751264487,铅钡,1,
180,A6,Logistic,0.9475483925858998,铅钡,1,
180,A7,Logistic,0.8935694440830962,铅钡,1,
180,A8,Logistic,0.9651183533009682,铅钡,1,
181,A1,Logistic,0.2585164978871562,高钾,1,
181,A2,Logistic,0.7950833120287568,铅钡,1,
181,A3,Logistic,0.6782533019210326,铅钡,1,
181,A4,Logistic,0.6024342463563418,铅钡,1,
181,A5,Logistic,0.17616360300169404,高钾,1,
181,A6,Logistic,0.8231883857418778,铅钡,1,
181,A7,Logistic,0.682087665194413,铅钡,1,
181,A8,Logistic,0.8230967482746255,铅钡,1,
182,A1,Logistic,0.2336899147240192,高钾,1,
182,A2,Logistic,0.8197791395433371,铅钡,1,
182,A3,Logistic,0.682451970004807,铅钡,1,
182,A4,Logistic,0.7459387331747068,铅钡,1,
182,A5,Logistic,0.42808390146311304,高钾,1,
182,A6,Logistic,0.9255585596462705,铅钡,1,
182,A7,Logistic,0.8518130348190521,铅钡,1,
182,A8,Logistic,0.9529260604440302,铅钡,1,
183,A1,Logistic,0.43926472736880984,高钾,1,
183,A2,Logistic,0.7995976890736688,铅钡,1,
183,A3,Logistic,0.5490414996999778,铅钡,1,
183,A4,Logistic,0.766958088464985,铅钡,1,
183,A5,Logistic,0.623668464588014,铅钡,1,
183,A6,Logistic,0.9572841432129642,铅钡,1,
183,A7,Logistic,0.9192583507539795,铅钡,1,
183,A8,Logistic,0.9799861518588511,铅钡,1,
184,A1,Logistic,0.4215666362608911,高钾,1,
184,A2,Logistic,0.801714357584107,铅钡,1,
184,A3,Logistic,0.6540177622348197,铅钡,1,
184,A4,Logistic,0.7323704876700133,铅钡,1,
184,A5,Logistic,0.5336891136212982,铅钡,1,
184,A6,Logistic,0.8843188114322121,铅钡,1,
184,A7,Logistic,0.8152739654680985,铅钡,1,
184,A8,Logistic,0.9420403870597867,铅钡,1,
185,A1,Logistic,0.2781504134567757,高钾,1,
185,A2,Logistic,0.780952981453001,铅钡,1,
185,A3,Logistic,0.613343016319152,铅钡,1,
185,A4,Logistic,0.7262090407472742,铅钡,1,
185,A5,Logistic,0.5270558255862493,铅钡,1,
185,A6,Logistic,0.914714465760814,铅钡,1,
185,A7,Logistic,0.8520060221361736,铅钡,1,
185,A8,Logistic,0.9646009598800072,铅钡,1,
186,A1,Logistic,0.38154010189832843,高钾,1,
186,A2,Logistic,0.8243462209148189,铅钡,1,
186,A3,Logistic,0.7119645990979191,铅钡,1,
186,A4,Logistic,0.7376314349429057,铅钡,1,
186,A5,Logistic,0.29622679024771514,高钾,1,
186,A6,Logistic,0.9215536317255336,铅钡,1,
186,A7,Logistic,0.8138113779945648,铅钡,1,
186,A8,Logistic,0.9591374096945335,铅钡,1,
187,A1,Logistic,0.22103960897401276,高钾,1,
187,A2,Logistic,0.7866844995519311,铅钡,1,
187,A3,Logistic,0.6629280501028666,铅钡,1,
187,A4,Logistic,0.7547216350009056,铅钡,1,
187,A5,Logistic,0.48936804523839195,高钾,1,
187,A6,Logistic,0.9179857435024595,铅钡,1,
187,A7,Logistic,0.8375031332899002,铅钡,1,
187,A8,Logistic,0.9659966969864016,铅钡,1,
188,A1,Logistic,0.2559502197879379,高钾,1,
188,A2,Logistic,0.8761166021261226,铅钡,1,
188,A3,Logistic,0.749474779973215,铅钡,1,
188,A4,Logistic,0.776719460985034,铅钡,1,
188,A5,Logistic,0.5047842715204888,铅钡,1,
188,A6,Logistic,0.9129615284149443,铅钡,1,
188,A7,Logistic,0.8574532546873344,铅钡,1,
188,A8,Logistic,0.9464092067866615,铅钡,1,
189,A1,Logistic,0.45466609703039285,高钾,1,
189,A2,Logistic,0.7247701497094168,铅钡,1,
189,A3,Logistic,0.6130852245728059,铅钡,1,
189,A4,Logistic,0.6893893955067658,铅钡,1,
189,A5,Logistic,0.4813052307079491,高钾,1,
189,A6,Logistic,0.8430285914973095,铅钡,1,
189,A7,Logistic,0.7499119595022429,铅钡,1,
189,A8,Logistic,0.9288608126758461,铅钡,1,
190,A1,Logistic,0.5368823061171184,铅钡,1,
190,A2,Logistic,0.7473951525536792,铅钡,1,
190,A3,Logistic,0.678147551303721,铅钡,1,
190,A4,Logistic,0.6954883490002643,铅钡,1,
190,A5,Logistic,0.5027248004575707,铅钡,1,
190,A6,Logistic,0.8142995115715609,铅钡,1,
190,A7,Logistic,0.7405689286359547,铅钡,1,
190,A8,Logistic,0.8617903261962261,铅钡,1,
191,A1,Logistic,0.4454804636544947,高钾,1,
191,A2,Logistic,0.9029160758379644,铅钡,1,
191,A3,Logistic,0.7862524212420369,铅钡,1,
191,A4,Logistic,0.8148692402811333,铅钡,1,
191,A5,Logistic,0.5155763225813413,铅钡,1,
191,A6,Logistic,0.9487046211368706,铅钡,1,
191,A7,Logistic,0.899906262868091,铅钡,1,
191,A8,Logistic,0.9665917651660113,铅钡,1,
192,A1,Logistic,0.6502507743227003,铅钡,1,
192,A2,Logistic,0.8039456910032411,铅钡,1,
192,A3,Logistic,0.6248754748546586,铅钡,1,
192,A4,Logistic,0.76902255291308,铅钡,1,
192,A5,Logistic,0.7173504477893229,铅钡,1,
192,A6,Logistic,0.9284956564190199,铅钡,1,
192,A7,Logistic,0.8865016995314244,铅钡,1,
192,A8,Logistic,0.9710424314839468,铅钡,1,
193,A1,Logistic,0.280762882395092,高钾,1,
193,A2,Logistic,0.8618161163005376,铅钡,1,
193,A3,Logistic,0.7949614086108415,铅钡,1,
193,A4,Logistic,0.7422075751886275,铅钡,1,
193,A5,Logistic,0.25461768001848284,高钾,1,
193,A6,Logistic,0.889996542841469,铅钡,1,
193,A7,Logistic,0.7693982998607856,铅钡,1,
193,A8,Logistic,0.9204928041404279,铅钡,1,
194,A1,Logistic,0.28584177533921623,高钾,1,
194,A2,Logistic,0.8362175128856175,铅钡,1,
194,A3,Logistic,0.7017119631981154,铅钡,1,
194,A4,Logistic,0.8018843611358456,铅钡,1,
194,A5,Logistic,0.5354442515705524,铅钡,1,
194,A6,Logistic,0.9320326035265307,铅钡,1,
194,A7,Logistic,0.864407526479814,铅钡,1,
194,A8,Logistic,0.9801270167071102,铅钡,1,
195,A1,Logistic,0.2759117971451041,高钾,1,
195,A2,Logistic,0.7817346064880075,铅钡,1,
195,A3,Logistic,0.6339240359735594,铅钡,1,
195,A4,Logistic,0.7259756829194128,铅钡,1,
195,A5,Logistic,0.4431953426116515,高钾,1,
195,A6,Logistic,0.8969993834474779,铅钡,1,
195,A7,Logistic,0.8049199112128704,铅钡,1,
195,A8,Logistic,0.9576089315303014,铅钡,1,
196,A1,Logistic,0.2434228969005905,高钾,1,
196,A2,Logistic,0.6995177584358089,铅钡,1,
196,A3,Logistic,0.46517989626087963,高钾,1,
196,A4,Logistic,0.7388900148210448,铅钡,1,
196,A5,Logistic,0.7499620222289348,铅钡,1,
196,A6,Logistic,0.9348439164706344,铅钡,1,
196,A7,Logistic,0.8957616665890427,铅钡,1,
196,A8,Logistic,0.9813717861503922,铅钡,1,
197,A1,Logistic,0.3241988345349029,高钾,1,
197,A2,Logistic,0.679772748132045,铅钡,1,
197,A3,Logistic,0.6245679233642183,铅钡,1,
197,A4,Logistic,0.5954619227090959,铅钡,1,
197,A5,Logistic,0.3232687900960785,高钾,1,
197,A6,Logistic,0.7343861380144039,铅钡,1,
197,A7,Logistic,0.6325106681178072,铅钡,1,
197,A8,Logistic,0.7640614252091367,铅钡,1,
198,A1,Logistic,0.5348653208952926,铅钡,1,
198,A2,Logistic,0.7595056507445717,铅钡,1,
198,A3,Logistic,0.6482853869235442,铅钡,1,
198,A4,Logistic,0.7358587455100032,铅钡,1,
198,A5,Logistic,0.6523290254108631,铅钡,1,
198,A6,Logistic,0.8737238394540141,铅钡,1,
198,A7,Logistic,0.8113390467963254,铅钡,1,
198,A8,Logistic,0.9421240056973554,铅钡,1,
199,A1,Logistic,0.4037539500948421,高钾,1,
199,A2,Logistic,0.8897139258297521,铅钡,1,
199,A3,Logistic,0.759938910058666,铅钡,1,
199,A4,Logistic,0.8527624620916372,铅钡,1,
199,A5,Logistic,0.5824977931796219,铅钡,1,
199,A6,Logistic,0.9695471393939369,铅钡,1,
199,A7,Logistic,0.9252991094793814,铅钡,1,
199,A8,Logistic,0.9899598322435766,铅钡,1,
200,A1,Logistic,0.25061987635643485,高钾,1,
200,A2,Logistic,0.8276733554003483,铅钡,1,
200,A3,Logistic,0.6282950747442971,铅钡,1,
200,A4,Logistic,0.7264587907849192,铅钡,1,
200,A5,Logistic,0.5068716841678995,铅钡,1,
200,A6,Logistic,0.9120480907641505,铅钡,1,
200,A7,Logistic,0.8552756523364607,铅钡,1,
200,A8,Logistic,0.9539370166121899,铅钡,1,
201,A1,Logistic,0.6141605813743344,铅钡,1,
201,A2,Logistic,0.8255342535696475,铅钡,1,
201,A3,Logistic,0.7787176710005774,铅钡,1,
201,A4,Logistic,0.7330423951032848,铅钡,1,
201,A5,Logistic,0.3897442436030315,高钾,1,
201,A6,Logistic,0.8426917469639539,铅钡,1,
201,A7,Logistic,0.7476355175903442,铅钡,1,
201,A8,Logistic,0.8667523257011162,铅钡,1,
202,A1,Logistic,0.3109663227406249,高钾,1,
202,A2,Logistic,0.8519278305678498,铅钡,1,
202,A3,Logistic,0.7402135325451076,铅钡,1,
202,A4,Logistic,0.709257526101478,铅钡,1,
202,A5,Logistic,0.19805678094021972,高钾,1,
202,A6,Logistic,0.9081068288811207,铅钡,1,
202,A7,Logistic,0.7784666610670834,铅钡,1,
202,A8,Logistic,0.9496256515833915,铅钡,1,
203,A1,Logistic,0.3748207107613758,高钾,1,
203,A2,Logistic,0.783849289492117,铅钡,1,
203,A3,Logistic,0.6024724740721076,铅钡,1,
203,A4,Logistic,0.7513982845629615,铅钡,1,
203,A5,Logistic,0.5529676355068693,铅钡,1,
203,A6,Logistic,0.9228521752818385,铅钡,1,
203,A7,Logistic,0.8485318898959912,铅钡,1,
203,A8,Logistic,0.9795161617144044,铅钡,1,
204,A1,Logistic,0.4522697865625545,高钾,1,
204,A2,Logistic,0.7460593590115967,铅钡,1,
204,A3,Logistic,0.5526343379285609,铅钡,1,
204,A4,Logistic,0.7315064971813025,铅钡,1,
204,A5,Logistic,0.6892696010090169,铅钡,1,
204,A6,Logistic,0.9011082468031694,铅钡,1,
204,A7,Logistic,0.8501988373630794,铅钡,1,
204,A8,Logistic,0.9656930777298521,铅钡,1,
205,A1,Logistic,0.29076426353325097,高钾,1,
205,A2,Logistic,0.7845251261938246,铅钡,1,
205,A3,Logistic,0.599375544949389,铅钡,1,
205,A4,Logistic,0.7288396820667918,铅钡,1,
205,A5,Logistic,0.5212841007547836,铅钡,1,
205,A6,Logistic,0.9256878242672345,铅钡,1,
205,A7,Logistic,0.8622435425809092,铅钡,1,
205,A8,Logistic,0.964980582657581,铅钡,1,
206,A1,Logistic,0.1172924599723471,高钾,1,
206,A2,Logistic,0.892786473778795,铅钡,1,
206,A3,Logistic,0.8038850781031747,铅钡,1,
206,A4,Logistic,0.8045432221072156,铅钡,1,
206,A5,Logistic,0.4569269376492315,高钾,1,
206,A6,Logistic,0.933197868295609,铅钡,1,
206,A7,Logistic,0.8651685316921632,铅钡,1,
206,A8,Logistic,0.953005704942042,铅钡,1,
207,A1,Logistic,0.5039047796975488,铅钡,1,
207,A2,Logistic,0.8060775505127368,铅钡,1,
207,A3,Logistic,0.685276506909607,铅钡,1,
207,A4,Logistic,0.7608413800481436,铅钡,1,
207,A5,Logistic,0.5863859382596933,铅钡,1,
207,A6,Logistic,0.8977477010694284,铅钡,1,
207,A7,Logistic,0.8321801875707334,铅钡,1,
207,A8,Logistic,0.9451676289296161,铅钡,1,
208,A1,Logistic,0.4131396411986743,高钾,1,
208,A2,Logistic,0.7989008432251572,铅钡,1,
208,A3,Logistic,0.6630522163816028,铅钡,1,
208,A4,Logistic,0.7080473754314563,铅钡,1,
208,A5,Logistic,0.41630830639908445,高钾,1,
208,A6,Logistic,0.8972255231772123,铅钡,1,
208,A7,Logistic,0.8130414237669822,铅钡,1,
208,A8,Logistic,0.9313594481267167,铅钡,1,
209,A1,Logistic,0.3733625126674271,高钾,1,
209,A2,Logistic,0.813249509151319,铅钡,1,
209,A3,Logistic,0.7535176049036627,铅钡,1,
209,A4,Logistic,0.6904969048789356,铅钡,1,
209,A5,Logistic,0.3280873145823045,高钾,1,
209,A6,Logistic,0.8239113280456132,铅钡,1,
209,A7,Logistic,0.7184888852208641,铅钡,1,
209,A8,Logistic,0.823244068680029,铅钡,1,
210,A1,Logistic,0.3597190796757169,高钾,1,
210,A2,Logistic,0.6406558698353887,铅钡,1,
210,A3,Logistic,0.5290658771136875,铅钡,1,
210,A4,Logistic,0.5878376541823361,铅钡,1,
210,A5,Logistic,0.42320590518935247,高钾,1,
210,A6,Logistic,0.7700929779055357,铅钡,1,
210,A7,Logistic,0.6844562742252196,铅钡,1,
210,A8,Logistic,0.8413391913776024,铅钡,1,
211,A1,Logistic,0.3099751745761851,高钾,1,
211,A2,Logistic,0.8312286095892073,铅钡,1,
211,A3,Logistic,0.7986081468042694,铅钡,1,
211,A4,Logistic,0.5934308729161399,铅钡,1,
211,A5,Logistic,0.07858155427072383,高钾,1,
211,A6,Logistic,0.751057449623609,铅钡,1,
211,A7,Logistic,0.5250421964609752,铅钡,1,
211,A8,Logistic,0.6904390013450317,铅钡,1,
212,A1,Logistic,0.3662986725212249,高钾,1,
212,A2,Logistic,0.6930362009261968,铅钡,1,
212,A3,Logistic,0.5580495712330101,铅钡,1,
212,A4,Logistic,0.6165095132116403,铅钡,1,
212,A5,Logistic,0.4983298142223403,高钾,1,
212,A6,Logistic,0.7685473564606135,铅钡,1,
212,A7,Logistic,0.7234623339738017,铅钡,1,
212,A8,Logistic,0.8269803813168471,铅钡,1,
213,A1,Logistic,0.37974937748429216,高钾,1,
213,A2,Logistic,0.7747203753199149,铅钡,1,
213,A3,Logistic,0.6261550684280938,铅钡,1,
213,A4,Logistic,0.7084882549038288,铅钡,1,
213,A5,Logistic,0.4590280858321252,高钾,1,
213,A6,Logistic,0.9003210692471996,铅钡,1,
213,A7,Logistic,0.8292397474384903,铅钡,1,
213,A8,Logistic,0.9450194906315801,铅钡,1,
214,A1,Logistic,0.38493367117516847,高钾,1,
214,A2,Logistic,0.740773144755593,铅钡,1,
214,A3,Logistic,0.6576625346679962,铅钡,1,
214,A4,Logistic,0.6495703100719795,铅钡,1,
214,A5,Logistic,0.4028060448660912,高钾,1,
214,A6,Logistic,0.7958331203469606,铅钡,1,
214,A7,Logistic,0.7095055987000161,铅钡,1,
214,A8,Logistic,0.8166742227322201,铅钡,1,
215,A1,Logistic,0.3975833978204708,高钾,1,
215,A2,Logistic,0.7886218655942513,铅钡,1,
215,A3,Logistic,0.6988690343757776,铅钡,1,
215,A4,Logistic,0.6878135787041996,铅钡,1,
215,A5,Logistic,0.34467665897518823,高钾,1,
215,A6,Logistic,0.8376304711012225,铅钡,1,
215,A7,Logistic,0.7314718860428614,铅钡,1,
215,A8,Logistic,0.8924420396363282,铅钡,1,
216,A1,Logistic,0.34910029304775736,高钾,1,
216,A2,Logistic,0.7975475304379005,铅钡,1,
216,A3,Logistic,0.6635876327490158,铅钡,1,
216,A4,Logistic,0.7171911877924009,铅钡,1,
216,A5,Logistic,0.4083113760664396,高钾,1,
216,A6,Logistic,0.9060187222729136,铅钡,1,
216,A7,Logistic,0.8208485461827064,铅钡,1,
216,A8,Logistic,0.9430279987872185,铅钡,1,
217,A1,Logistic,0.36906131954061927,高钾,1,
217,A2,Logistic,0.7601991653492061,铅钡,1,
217,A3,Logistic,0.6269844281175182,铅钡,1,
217,A4,Logistic,0.7763252386531962,铅钡,1,
217,A5,Logistic,0.7170423144018213,铅钡,1,
217,A6,Logistic,0.903039370745683,铅钡,1,
217,A7,Logistic,0.8515609559448696,铅钡,1,
217,A8,Logistic,0.9633171051750812,铅钡,1,
218,A1,Logistic,0.41012532513211647,高钾,1,
218,A2,Logistic,0.7869042390235714,铅钡,1,
218,A3,Logistic,0.6697266703817353,铅钡,1,
218,A4,Logistic,0.7264629903195949,铅钡,1,
218,A5,Logistic,0.47064270046645745,高钾,1,
218,A6,Logistic,0.8691333514741593,铅钡,1,
218,A7,Logistic,0.7818868340529855,铅钡,1,
218,A8,Logistic,0.9369261021302766,铅钡,1,
219,A1,Logistic,0.646715501290383,铅钡,1,
219,A2,Logistic,0.8625145042763473,铅钡,1,
219,A3,Logistic,0.5711360085265587,铅钡,1,
219,A4,Logistic,0.8220815493653274,铅钡,1,
219,A5,Logistic,0.7150841280167388,铅钡,1,
219,A6,Logistic,0.9773469091420267,铅钡,1,
219,A7,Logistic,0.9509973349762727,铅钡,1,
219,A8,Logistic,0.9932857261844631,铅钡,1,
220,A1,Logistic,0.1464496350426792,高钾,1,
220,A2,Logistic,0.8250711399778714,铅钡,1,
220,A3,Logistic,0.6945051796455268,铅钡,1,
220,A4,Logistic,0.7359041550273114,铅钡,1,
220,A5,Logistic,0.5268775327508421,铅钡,1,
220,A6,Logistic,0.8927209543164759,铅钡,1,
220,A7,Logistic,0.8317057928609798,铅钡,1,
220,A8,Logistic,0.9264826606487937,铅钡,1,
221,A1,Logistic,0.2675557323520458,高钾,1,
221,A2,Logistic,0.7635944705161797,铅钡,1,
221,A3,Logistic,0.5643150290430495,铅钡,1,
221,A4,Logistic,0.6409389629281572,铅钡,1,
221,A5,Logistic,0.3317534760252943,高钾,1,
221,A6,Logistic,0.8861632559478673,铅钡,1,
221,A7,Logistic,0.7911305844819368,铅钡,1,
221,A8,Logistic,0.9441910735916534,铅钡,1,
222,A1,Logistic,0.6572040967869415,铅钡,1,
222,A2,Logistic,0.8395237237922292,铅钡,1,
222,A3,Logistic,0.6720739352389161,铅钡,1,
222,A4,Logistic,0.7874352639638312,铅钡,1,
222,A5,Logistic,0.6356793242605341,铅钡,1,
222,A6,Logistic,0.9329497908401123,铅钡,1,
222,A7,Logistic,0.8765078919752248,铅钡,1,
222,A8,Logistic,0.9755916546990596,铅钡,1,
223,A1,Logistic,0.5803150339128506,铅钡,1,
223,A2,Logistic,0.764319717917203,铅钡,1,
223,A3,Logistic,0.623701552279654,铅钡,1,
223,A4,Logistic,0.7263771696942438,铅钡,1,
223,A5,Logistic,0.5092908671398386,铅钡,1,
223,A6,Logistic,0.8851583034482725,铅钡,1,
223,A7,Logistic,0.8001730852983873,铅钡,1,
223,A8,Logistic,0.9579992265709227,铅钡,1,
224,A1,Logistic,0.5513090447095493,铅钡,1,
224,A2,Logistic,0.8406540913296695,铅钡,1,
224,A3,Logistic,0.7913879010918746,铅钡,1,
224,A4,Logistic,0.7411727024123405,铅钡,1,
224,A5,Logistic,0.3611173922505575,高钾,1,
224,A6,Logistic,0.8431227805503654,铅钡,1,
224,A7,Logistic,0.731591756821466,铅钡,1,
224,A8,Logistic,0.8836461951815932,铅钡,1,
225,A1,Logistic,0.41794957713117276,高钾,1,
225,A2,Logistic,0.8364438516370861,铅钡,1,
225,A3,Logistic,0.7064572724381707,铅钡,1,
225,A4,Logistic,0.7678359834854873,铅钡,1,
225,A5,Logistic,0.5967969715231494,铅钡,1,
225,A6,Logistic,0.9048345222846262,铅钡,1,
225,A7,Logistic,0.8459125788593327,铅钡,1,
225,A8,Logistic,0.9434671356007205,铅钡,1,
226,A1,Logistic,0.31039316376388476,高钾,1,
226,A2,Logistic,0.8055488751519796,铅钡,1,
226,A3,Logistic,0.6806841269986885,铅钡,1,
226,A4,Logistic,0.7179935039266545,铅钡,1,
226,A5,Logistic,0.4828472846272033,高钾,1,
226,A6,Logistic,0.8905131005385485,铅钡,1,
226,A7,Logistic,0.8227894302409702,铅钡,1,
226,A8,Logistic,0.9119869475135375,铅钡,1,
227,A1,Logistic,0.28166368105020095,高钾,1,
227,A2,Logistic,0.8130814676916592,铅钡,1,
227,A3,Logistic,0.6174301418241499,铅钡,1,
227,A4,Logistic,0.7215481822515724,铅钡,1,
227,A5,Logistic,0.39467898629952036,高钾,1,
227,A6,Logistic,0.9305693924283934,铅钡,1,
227,A7,Logistic,0.8539848291169807,铅钡,1,
227,A8,Logistic,0.9650224012668037,铅钡,1,
228,A1,Logistic,0.5488731680875669,铅钡,1,
228,A2,Logistic,0.7976360084381364,铅钡,1,
228,A3,Logistic,0.5585631635985637,铅钡,1,
228,A4,Logistic,0.7243964448658934,铅钡,1,
228,A5,Logistic,0.45960733170621293,高钾,1,
228,A6,Logistic,0.9520975984048761,铅钡,1,
228,A7,Logistic,0.8896377388498349,铅钡,1,
228,A8,Logistic,0.9806357091578866,铅钡,1,
229,A1,Logistic,0.3395748524116265,高钾,1,
229,A2,Logistic,0.7389855236111867,铅钡,1,
229,A3,Logistic,0.6147128273679746,铅钡,1,
229,A4,Logistic,0.6351225375063891,铅钡,1,
229,A5,Logistic,0.37567036212351307,高钾,1,
229,A6,Logistic,0.8120603700760655,铅钡,1,
229,A7,Logistic,0.7110278899783204,铅钡,1,
229,A8,Logistic,0.8624982297322533,铅钡,1,
230,A1,Logistic,0.4091313031852359,高钾,1,
230,A2,Logistic,0.8093722596509662,铅钡,1,
230,A3,Logistic,0.6875048426229352,铅钡,1,
230,A4,Logistic,0.7449155376784777,铅钡,1,
230,A5,Logistic,0.527216897775292,铅钡,1,
230,A6,Logistic,0.8955682106782678,铅钡,1,
230,A7,Logistic,0.8313232707777708,铅钡,1,
230,A8,Logistic,0.9419006929643431,铅钡,1,
231,A1,Logistic,0.32889099955607914,高钾,1,
231,A2,Logistic,0.716582634433239,铅钡,1,
231,A3,Logistic,0.5064042023235197,铅钡,1,
231,A4,Logistic,0.5908208296528077,铅钡,1,
231,A5,Logistic,0.39175206204888297,高钾,1,
231,A6,Logistic,0.8064090571676096,铅钡,1,
231,A7,Logistic,0.7385649041773621,铅钡,1,
231,A8,Logistic,0.8841161975852171,铅钡,1,
232,A1,Logistic,0.439498661268188,高钾,1,
232,A2,Logistic,0.8402851508305414,铅钡,1,
232,A3,Logistic,0.6962282435890264,铅钡,1,
232,A4,Logistic,0.7507076615374955,铅钡,1,
232,A5,Logistic,0.46533813854719236,高钾,1,
232,A6,Logistic,0.9192232667582888,铅钡,1,
232,A7,Logistic,0.8588034267959984,铅钡,1,
232,A8,Logistic,0.9559860802391885,铅钡,1,
233,A1,Logistic,0.2284730238327564,高钾,1,
233,A2,Logistic,0.7590487152790373,铅钡,1,
233,A3,Logistic,0.4519028922745646,高钾,1,
233,A4,Logistic,0.6939814368029754,铅钡,1,
233,A5,Logistic,0.5811813896373693,铅钡,1,
233,A6,Logistic,0.9159410182641907,铅钡,1,
233,A7,Logistic,0.8770395653480894,铅钡,1,
233,A8,Logistic,0.9770463841851941,铅钡,1,
234,A1,Logistic,0.48596471578274564,高钾,1,
234,A2,Logistic,0.831846861603566,铅钡,1,
234,A3,Logistic,0.6504883184583544,铅钡,1,
234,A4,Logistic,0.8026605022871938,铅钡,1,
234,A5,Logistic,0.6759901826718607,铅钡,1,
234,A6,Logistic,0.9572664332608736,铅钡,1,
234,A7,Logistic,0.9089748605141783,铅钡,1,
234,A8,Logistic,0.9893529554875746,铅钡,1,
235,A1,Logistic,0.36397448868176463,高钾,1,
235,A2,Logistic,0.8498063769194826,铅钡,1,
235,A3,Logistic,0.7366134163856612,铅钡,1,
235,A4,Logistic,0.8222973880645819,铅钡,1,
235,A5,Logistic,0.650840875671177,铅钡,1,
235,A6,Logistic,0.9344451194877545,铅钡,1,
235,A7,Logistic,0.8809201375159623,铅钡,1,
235,A8,Logistic,0.9753635808396285,铅钡,1,
236,A1,Logistic,0.07219959540869147,高钾,1,
236,A2,Logistic,0.8705203912092611,铅钡,1,
236,A3,Logistic,0.7862299987383495,铅钡,1,
236,A4,Logistic,0.7291987776505416,铅钡,1,
236,A5,Logistic,0.2242470303904032,高钾,1,
236,A6,Logistic,0.8997589952490148,铅钡,1,
236,A7,Logistic,0.785843327187675,铅钡,1,
236,A8,Logistic,0.9208651390855533,铅钡,1,
237,A1,Logistic,0.17941802428162335,高钾,1,
237,A2,Logistic,0.7152599516871003,铅钡,1,
237,A3,Logistic,0.6208148048889682,铅钡,1,
237,A4,Logistic,0.5542285941996391,铅钡,1,
237,A5,Logistic,0.18242609433274484,高钾,1,
237,A6,Logistic,0.7582405845311159,铅钡,1,
237,A7,Logistic,0.6019047200231897,铅钡,1,
237,A8,Logistic,0.7755784963866258,铅钡,1,
238,A1,Logistic,0.4271093977738639,高钾,1,
238,A2,Logistic,0.8203149492226829,铅钡,1,
238,A3,Logistic,0.6190340216321838,铅钡,1,
238,A4,Logistic,0.7626910136363012,铅钡,1,
238,A5,Logistic,0.5774912562825375,铅钡,1,
238,A6,Logistic,0.9403832247899686,铅钡,1,
238,A7,Logistic,0.8871436204795412,铅钡,1,
238,A8,Logistic,0.974752857646243,铅钡,1,
239,A1,Logistic,0.6336900788501226,铅钡,1,
239,A2,Logistic,0.7234027945791685,铅钡,1,
239,A3,Logistic,0.3910458232252069,高钾,1,
239,A4,Logistic,0.7039735650772481,铅钡,1,
239,A5,Logistic,0.7156869893835297,铅钡,1,
239,A6,Logistic,0.9530085351621446,铅钡,1,
239,A7,Logistic,0.9209726651488531,铅钡,1,
239,A8,Logistic,0.985593697630147,铅钡,1,
240,A1,Logistic,0.32634794700603,高钾,1,
240,A2,Logistic,0.8584763391071205,铅钡,1,
240,A3,Logistic,0.7253709883900603,铅钡,1,
240,A4,Logistic,0.8225800341286561,铅钡,1,
240,A5,Logistic,0.6447560514123846,铅钡,1,
240,A6,Logistic,0.9389697477966398,铅钡,1,
240,A7,Logistic,0.8866820838982843,铅钡,1,
240,A8,Logistic,0.9817657450934785,铅钡,1,
241,A1,Logistic,0.5270882475786428,铅钡,1,
241,A2,Logistic,0.8632500269006423,铅钡,1,
241,A3,Logistic,0.8095086766569317,铅钡,1,
241,A4,Logistic,0.7435208170037182,铅钡,1,
241,A5,Logistic,0.3850337560750233,高钾,1,
241,A6,Logistic,0.8556535406623923,铅钡,1,
241,A7,Logistic,0.7676799439839271,铅钡,1,
241,A8,Logistic,0.8428346514141561,铅钡,1,
242,A1,Logistic,0.35262486389374864,高钾,1,
242,A2,Logistic,0.5990191987397381,铅钡,1,
242,A3,Logistic,0.5462291129790204,铅钡,1,
242,A4,Logistic,0.4869660746818144,高钾,1,
242,A5,Logistic,0.23920628432807836,高钾,1,
242,A6,Logistic,0.5841606662590978,铅钡,1,
242,A7,Logistic,0.4775684263015061,高钾,1,
242,A8,Logistic,0.6095029553744127,铅钡,1,
243,A1,Logistic,0.5549969200763647,铅钡,1,
243,A2,Logistic,0.7198999894401221,铅钡,1,
243,A3,Logistic,0.5253699425768666,铅钡,1,
243,A4,Logistic,0.6920737426545647,铅钡,1,
243,A5,Logistic,0.5536177299532365,铅钡,1,
243,A6,Logistic,0.9075321739354575,铅钡,1,
243,A7,Logistic,0.8378555471580267,铅钡,1,
243,A8,Logistic,0.9668497362942229,铅钡,1,
244,A1,Logistic,0.3478863209828054,高钾,1,
244,A2,Logistic,0.8160163130543464,铅钡,1,
244,A3,Logistic,0.5991782835380154,铅钡,1,
244,A4,Logistic,0.7493403721067879,铅钡,1,
244,A5,Logistic,0.5584170780247272,铅钡,1,
244,A6,Logistic,0.941849745710396,铅钡,1,
244,A7,Logistic,0.8891264873520963,铅钡,1,
244,A8,Logistic,0.9757183333788655,铅钡,1,
245,A1,Logistic,0.38601524793540637,高钾,1,
245,A2,Logistic,0.8182135800009249,铅钡,1,
245,A3,Logistic,0.6998776342728592,铅钡,1,
245,A4,Logistic,0.7250889550967516,铅钡,1,
245,A5,Logistic,0.40464391340737893,高钾,1,
245,A6,Logistic,0.8921761746598087,铅钡,1,
245,A7,Logistic,0.8098172907036406,铅钡,1,
245,A8,Logistic,0.9318178906112352,铅钡,1,
246,A1,Logistic,0.25570166869305044,高钾,1,
246,A2,Logistic,0.8259988009801229,铅钡,1,
246,A3,Logistic,0.6626994541510057,铅钡,1,
246,A4,Logistic,0.7210716143110925,铅钡,1,
246,A5,Logistic,0.4234862937885632,高钾,1,
246,A6,Logistic,0.9071648374567703,铅钡,1,
246,A7,Logistic,0.836310015758113,铅钡,1,
246,A8,Logistic,0.9432337019211064,铅钡,1,
247,A1,Logistic,0.3910641651650451,高钾,1,
247,A2,Logistic,0.7555881778754624,铅钡,1,
247,A3,Logistic,0.6253291876431708,铅钡,1,
247,A4,Logistic,0.6903310529819359,铅钡,1,
247,A5,Logistic,0.4699558694679427,高钾,1,
247,A6,Logistic,0.8529275546595912,铅钡,1,
247,A7,Logistic,0.764423398166014,铅钡,1,
247,A8,Logistic,0.9238838371683986,铅钡,1,
248,A1,Logistic,0.5703112088631175,铅钡,1,
248,A2,Logistic,0.7524635014444467,铅钡,1,
248,A3,Logistic,0.7037432024299823,铅钡,1,
248,A4,Logistic,0.6677244148975162,铅钡,1,
248,A5,Logistic,0.4580241174773669,高钾,1,
248,A6,Logistic,0.7574174630725455,铅钡,1,
248,A7,Logistic,0.6871755482151336,铅钡,1,
248,A8,Logistic,0.7607209088423568,铅钡,1,
249,A1,Logistic,0.2981053701287211,高钾,1,
249,A2,Logistic,0.7406442359866281,铅钡,1,
249,A3,Logistic,0.5320073522601472,铅钡,1,
249,A4,Logistic,0.6622880640661194,铅钡,1,
249,A5,Logistic,0.38748216391381196,高钾,1,
249,A6,Logistic,0.8840258794888558,铅钡,1,
249,A7,Logistic,0.7750572925739942,铅钡,1,
249,A8,Logistic,0.9607335068008115,铅钡,1,
250,A1,Logistic,0.43882559055651965,高钾,1,
250,A2,Logistic,0.8546259639062846,铅钡,1,
250,A3,Logistic,0.7767334301014981,铅钡,1,
250,A4,Logistic,0.788187689406612,铅钡,1,
250,A5,Logistic,0.5575016613068986,铅钡,1,
250,A6,Logistic,0.906431789794993,铅钡,1,
250,A7,Logistic,0.8445462779406643,铅钡,1,
250,A8,Logistic,0.9321252957131912,铅钡,1,
251,A1,Logistic,0.30732526932445237,高钾,1,
251,A2,Logistic,0.8255273317578397,铅钡,1,
251,A3,Logistic,0.7046401588203596,铅钡,1,
251,A4,Logistic,0.6942671644658857,铅钡,1,
251,A5,Logistic,0.3230584840318138,高钾,1,
251,A6,Logistic,0.8692672173069227,铅钡,1,
251,A7,Logistic,0.7748197349511731,铅钡,1,
251,A8,Logistic,0.9011222560285876,铅钡,1,
252,A1,Logistic,0.47341938409173195,高钾,1,
252,A2,Logistic,0.8749445111161918,铅钡,1,
252,A3,Logistic,0.7314839498997959,铅钡,1,
252,A4,Logistic,0.7969148774645755,铅钡,1,
252,A5,Logistic,0.5834395653080671,铅钡,1,
252,A6,Logistic,0.9318959449966207,铅钡,1,
252,A7,Logistic,0.8765044670291234,铅钡,1,
252,A8,Logistic,0.9689782557217633,铅钡,1,
253,A1,Logistic,0.45368287889696296,高钾,1,
253,A2,Logistic,0.7162366806805529,铅钡,1,
253,A3,Logistic,0.6534947580253517,铅钡,1,
253,A4,Logistic,0.6429793467523842,铅钡,1,
253,A5,Logistic,0.4280351478401852,高钾,1,
253,A6,Logistic,0.7630523201293228,铅钡,1,
253,A7,Logistic,0.6807190116696137,铅钡,1,
253,A8,Logistic,0.7970950713747078,铅钡,1,
254,A1,Logistic,0.28878453321068975,高钾,1,
254,A2,Logistic,0.9034989672216523,铅钡,1,
254,A3,Logistic,0.7136324266529244,铅钡,1,
254,A4,Logistic,0.7544266328478927,铅钡,1,
254,A5,Logistic,0.21885914068267975,高钾,1,
254,A6,Logistic,0.9649799290695622,铅钡,1,
254,A7,Logistic,0.8881789363686668,铅钡,1,
254,A8,Logistic,0.9795843845512892,铅钡,1,
255,A1,Logistic,0.3969435387181388,高钾,1,
255,A2,Logistic,0.7802153732888888,铅钡,1,
255,A3,Logistic,0.6160842707925795,铅钡,1,
255,A4,Logistic,0.735672124956773,铅钡,1,
255,A5,Logistic,0.6513736952572872,铅钡,1,
255,A6,Logistic,0.9082316622647527,铅钡,1,
255,A7,Logistic,0.8643248955556206,铅钡,1,
255,A8,Logistic,0.9397266023104061,铅钡,1,
256,A1,Logistic,0.3591596864624286,高钾,1,
256,A2,Logistic,0.8393488721471725,铅钡,1,
256,A3,Logistic,0.6411693401868336,铅钡,1,
256,A4,Logistic,0.7249269068007,铅钡,1,
256,A5,Logistic,0.45507010837290196,高钾,1,
256,A6,Logistic,0.926784900803951,铅钡,1,
256,A7,Logistic,0.8839613747224604,铅钡,1,
256,A8,Logistic,0.9568031751094971,铅钡,1,
257,A1,Logistic,0.30481693169391266,高钾,1,
257,A2,Logistic,0.8195004195399852,铅钡,1,
257,A3,Logistic,0.7194966486834199,铅钡,1,
257,A4,Logistic,0.750663262475299,铅钡,1,
257,A5,Logistic,0.4498000371624803,高钾,1,
257,A6,Logistic,0.8905255902610526,铅钡,1,
257,A7,Logistic,0.8049843333119817,铅钡,1,
257,A8,Logistic,0.9437963805919735,铅钡,1,
258,A1,Logistic,0.3313173776666559,高钾,1,
258,A2,Logistic,0.8315784940833442,铅钡,1,
258,A3,Logistic,0.6336129052935568,铅钡,1,
258,A4,Logistic,0.7446621195610311,铅钡,1,
258,A5,Logistic,0.5798332250022522,铅钡,1,
258,A6,Logistic,0.912949974655239,铅钡,1,
258,A7,Logistic,0.8668302182203008,铅钡,1,
258,A8,Logistic,0.9598680629358414,铅钡,1,
259,A1,Logistic,0.6487798210776196,铅钡,1,
259,A2,Logistic,0.8058625063133457,铅钡,1,
259,A3,Logistic,0.6208767539364011,铅钡,1,
259,A4,Logistic,0.7858312325814539,铅钡,1,
259,A5,Logistic,0.6592265654008402,铅钡,1,
259,A6,Logistic,0.9455107086642369,铅钡,1,
259,A7,Logistic,0.9047984714678656,铅钡,1,
259,A8,Logistic,0.9803833663403918,铅钡,1,
260,A1,Logistic,0.6159867046753752,铅钡,1,
260,A2,Logistic,0.7200150073685738,铅钡,1,
260,A3,Logistic,0.5128393332515135,铅钡,1,
260,A4,Logistic,0.710938791952967,铅钡,1,
260,A5,Logistic,0.4978352206097481,高钾,1,
260,A6,Logistic,0.9300144837851853,铅钡,1,
260,A7,Logistic,0.8534264366723012,铅钡,1,
260,A8,Logistic,0.9796172265241179,铅钡,1,
261,A1,Logistic,0.2961203324174481,高钾,1,
261,A2,Logistic,0.7866623304675991,铅钡,1,
261,A3,Logistic,0.6739578681945363,铅钡,1,
261,A4,Logistic,0.7639650047951762,铅钡,1,
261,A5,Logistic,0.5095335578928915,铅钡,1,
261,A6,Logistic,0.9217195591084254,铅钡,1,
261,A7,Logistic,0.8479367318126463,铅钡,1,
261,A8,Logistic,0.9683109415045297,铅钡,1,
262,A1,Logistic,0.4861412224688961,高钾,1,
262,A2,Logistic,0.8461907145517135,铅钡,1,
262,A3,Logistic,0.7118516414211257,铅钡,1,
262,A4,Logistic,0.7992330341843549,铅钡,1,
262,A5,Logistic,0.6152685406125649,铅钡,1,
262,A6,Logistic,0.9305893170762372,铅钡,1,
262,A7,Logistic,0.8744340500257454,铅钡,1,
262,A8,Logistic,0.9709773987259229,铅钡,1,
263,A1,Logistic,0.2962276323901013,高钾,1,
263,A2,Logistic,0.8244863738897984,铅钡,1,
263,A3,Logistic,0.6750588465504946,铅钡,1,
263,A4,Logistic,0.7015608373818909,铅钡,1,
263,A5,Logistic,0.28487712048252706,高钾,1,
263,A6,Logistic,0.8996296629425409,铅钡,1,
263,A7,Logistic,0.7809472460462439,铅钡,1,
263,A8,Logistic,0.9525681152259465,铅钡,1,
264,A1,Logistic,0.3610314548436141,高钾,1,
264,A2,Logistic,0.7846355650900261,铅钡,1,
264,A3,Logistic,0.6594816643838712,铅钡,1,
264,A4,Logistic,0.640211947987394,铅钡,1,
264,A5,Logistic,0.23554229091624151,高钾,1,
264,A6,Logistic,0.8531416827022397,铅钡,1,
264,A7,Logistic,0.7329289932677376,铅钡,1,
264,A8,Logistic,0.8953854687617008,铅钡,1,
265,A1,Logistic,0.10902474466339458,高钾,1,
265,A2,Logistic,0.837643559593698,铅钡,1,
265,A3,Logistic,0.78123121662233,铅钡,1,
265,A4,Logistic,0.7195466161694786,铅钡,1,
265,A5,Logistic,0.3124133100164657,高钾,1,
265,A6,Logistic,0.8500742591832511,铅钡,1,
265,A7,Logistic,0.7379471494466793,铅钡,1,
265,A8,Logistic,0.867308972095627,铅钡,1,
266,A1,Logistic,0.33778769142158555,高钾,1,
266,A2,Logistic,0.7500430028380926,铅钡,1,
266,A3,Logistic,0.596450187266879,铅钡,1,
266,A4,Logistic,0.6799800532368657,铅钡,1,
266,A5,Logistic,0.41748748182830114,高钾,1,
266,A6,Logistic,0.8563663339123205,铅钡,1,
266,A7,Logistic,0.7543132049808912,铅钡,1,
266,A8,Logistic,0.9412542212968259,铅钡,1,
267,A1,Logistic,0.271137316977613,高钾,1,
267,A2,Logistic,0.6910144882821753,铅钡,1,
267,A3,Logistic,0.543693359225348,铅钡,1,
267,A4,Logistic,0.663244346789035,铅钡,1,
267,A5,Logistic,0.4621839256226993,高钾,1,
267,A6,Logistic,0.8558961354394885,铅钡,1,
267,A7,Logistic,0.7564038463281078,铅钡,1,
267,A8,Logistic,0.9408235979898906,铅钡,1,
268,A1,Logistic,0.7059260605804424,铅钡,1,
268,A2,Logistic,0.8290634652162573,铅钡,1,
268,A3,Logistic,0.7002455836940745,铅钡,1,
268,A4,Logistic,0.7654605704310361,铅钡,1,
268,A5,Logistic,0.5715581928303539,铅钡,1,
268,A6,Logistic,0.917955298949653,铅钡,1,
268,A7,Logistic,0.865777220413121,铅钡,1,
268,A8,Logistic,0.9425758834031562,铅钡,1,
269,A1,Logistic,0.6786612095777103,铅钡,1,
269,A2,Logistic,0.6694278372302804,铅钡,1,
269,A3,Logistic,0.4267019840568428,高钾,1,
269,A4,Logistic,0.6658328037627849,铅钡,1,
269,A5,Logistic,0.6851208695476129,铅钡,1,
269,A6,Logistic,0.8857674089355745,铅钡,1,
269,A7,Logistic,0.8361496931454766,铅钡,1,
269,A8,Logistic,0.9689185148948626,铅钡,1,
270,A1,Logistic,0.3075063461678555,高钾,1,
270,A2,Logistic,0.8951284431868604,铅钡,1,
270,A3,Logistic,0.7621765084276316,铅钡,1,
270,A4,Logistic,0.8108031084567964,铅钡,1,
270,A5,Logistic,0.4456343070174029,高钾,1,
270,A6,Logistic,0.9487262086446455,铅钡,1,
270,A7,Logistic,0.8773456775814873,铅钡,1,
270,A8,Logistic,0.9708865824160374,铅钡,1,
271,A1,Logistic,0.3942774108025438,高钾,1,
271,A2,Logistic,0.8029239989141564,铅钡,1,
271,A3,Logistic,0.6929400280533505,铅钡,1,
271,A4,Logistic,0.6788197524336543,铅钡,1,
271,A5,Logistic,0.3093301026117549,高钾,1,
271,A6,Logistic,0.8638827769341643,铅钡,1,
271,A7,Logistic,0.752159378241675,铅钡,1,
271,A8,Logistic,0.9039018099437537,铅钡,1,
272,A1,Logistic,0.38333467410034616,高钾,1,
272,A2,Logistic,0.7755786041942582,铅钡,1,
272,A3,Logistic,0.6350619857861451,铅钡,1,
272,A4,Logistic,0.6963344134927858,铅钡,1,
272,A5,Logistic,0.3052446607685668,高钾,1,
272,A6,Logistic,0.9027378043077972,铅钡,1,
272,A7,Logistic,0.7892561650860119,铅钡,1,
272,A8,Logistic,0.958738881547646,铅钡,1,
273,A1,Logistic,0.4554460535859683,高钾,1,
273,A2,Logistic,0.8192938913315202,铅钡,1,
273,A3,Logistic,0.6704722681915924,铅钡,1,
273,A4,Logistic,0.7834294155472762,铅钡,1,
273,A5,Logistic,0.5448240629650372,铅钡,1,
273,A6,Logistic,0.9442618756002676,铅钡,1,
273,A7,Logistic,0.8896331894814036,铅钡,1,
273,A8,Logistic,0.9755144782058058,铅钡,1,
274,A1,Logistic,0.6070402796076795,铅钡,1,
274,A2,Logistic,0.8226291579245132,铅钡,1,
274,A3,Logistic,0.7089666357572347,铅钡,1,
274,A4,Logistic,0.7562348643306668,铅钡,1,
274,A5,Logistic,0.5844048191259661,铅钡,1,
274,A6,Logistic,0.8953916312821808,铅钡,1,
274,A7,Logistic,0.8416486738013551,铅钡,1,
274,A8,Logistic,0.9292090164758818,铅钡,1,
275,A1,Logistic,0.24647615056104388,高钾,1,
275,A2,Logistic,0.7998726594261072,铅钡,1,
275,A3,Logistic,0.6106722448572854,铅钡,1,
275,A4,Logistic,0.8175563198576232,铅钡,1,
275,A5,Logistic,0.7413354805866254,铅钡,1,
275,A6,Logistic,0.9629264202664773,铅钡,1,
275,A7,Logistic,0.926649642574676,铅钡,1,
275,A8,Logistic,0.9899020884980371,铅钡,1,
276,A1,Logistic,0.5544292405272765,铅钡,1,
276,A2,Logistic,0.7618591373071921,铅钡,1,
276,A3,Logistic,0.6694069500181513,铅钡,1,
276,A4,Logistic,0.7331418006994687,铅钡,1,
276,A5,Logistic,0.6235972314413908,铅钡,1,
276,A6,Logistic,0.8616880470220041,铅钡,1,
276,A7,Logistic,0.8086134833483921,铅钡,1,
276,A8,Logistic,0.903846444887033,铅钡,1,
277,A1,Logistic,0.31973324212406784,高钾,1,
277,A2,Logistic,0.836430516975318,铅钡,1,
277,A3,Logistic,0.7219985094414868,铅钡,1,
277,A4,Logistic,0.7466595717609206,铅钡,1,
277,A5,Logistic,0.48058593148873185,高钾,1,
277,A6,Logistic,0.8950700693931607,铅钡,1,
277,A7,Logistic,0.8319578691514246,铅钡,1,
277,A8,Logistic,0.9292070296752282,铅钡,1,
278,A1,Logistic,0.5114456446085324,铅钡,1,
278,A2,Logistic,0.7893807160754565,铅钡,1,
278,A3,Logistic,0.634364113435523,铅钡,1,
278,A4,Logistic,0.7772664714506886,铅钡,1,
278,A5,Logistic,0.6886238766320045,铅钡,1,
278,A6,Logistic,0.9316490275914256,铅钡,1,
278,A7,Logistic,0.8867003244263373,铅钡,1,
278,A8,Logistic,0.9743758703354606,铅钡,1,
279,A1,Logistic,0.409781390540459,高钾,1,
279,A2,Logistic,0.8094579707316827,铅钡,1,
279,A3,Logistic,0.6597210530701583,铅钡,1,
279,A4,Logistic,0.7509920157272756,铅钡,1,
279,A5,Logistic,0.5504501434402355,铅钡,1,
279,A6,Logistic,0.9215382794927035,铅钡,1,
279,A7,Logistic,0.8636270982553744,铅钡,1,
279,A8,Logistic,0.9543218498223391,铅钡,1,
280,A1,Logistic,0.5874357882395803,铅钡,1,
280,A2,Logistic,0.8427408589695856,铅钡,1,
280,A3,Logistic,0.7694418258530668,铅钡,1,
280,A4,Logistic,0.7636337174021466,铅钡,1,
280,A5,Logistic,0.4810849735536212,高钾,1,
280,A6,Logistic,0.8677796235459541,铅钡,1,
280,A7,Logistic,0.784043515800318,铅钡,1,
280,A8,Logistic,0.9111241919734828,铅钡,1,
281,A1,Logistic,0.1641894943522992,高钾,1,
281,A2,Logistic,0.9188419226227796,铅钡,1,
281,A3,Logistic,0.7729839312685709,铅钡,1,
281,A4,Logistic,0.8261275505419817,铅钡,1,
281,A5,Logistic,0.3025178132131658,高钾,1,
281,A6,Logistic,0.9687123957423772,铅钡,1,
281,A7,Logistic,0.8920858803055158,铅钡,1,
281,A8,Logistic,0.9868839970484995,铅钡,1,
282,A1,Logistic,0.3972213742395197,高钾,1,
282,A2,Logistic,0.7563102708569572,铅钡,1,
282,A3,Logistic,0.6438920704892972,铅钡,1,
282,A4,Logistic,0.7157488795070479,铅钡,1,
282,A5,Logistic,0.5637457283415538,铅钡,1,
282,A6,Logistic,0.8464071807215549,铅钡,1,
282,A7,Logistic,0.7755358443284764,铅钡,1,
282,A8,Logistic,0.9209878191545645,铅钡,1,
283,A1,Logistic,0.30839703013713815,高钾,1,
283,A2,Logistic,0.8215551128115821,铅钡,1,
283,A3,Logistic,0.6721417412772921,铅钡,1,
283,A4,Logistic,0.7160428882751395,铅钡,1,
283,A5,Logistic,0.34361925304551216,高钾,1,
283,A6,Logistic,0.9267897293519414,铅钡,1,
283,A7,Logistic,0.8399205280312865,铅钡,1,
283,A8,Logistic,0.9544346909128956,铅钡,1,
284,A1,Logistic,0.4132029601136754,高钾,1,
284,A2,Logistic,0.8303758009025028,铅钡,1,
284,A3,Logistic,0.6938855681493948,铅钡,1,
284,A4,Logistic,0.7370260949014423,铅钡,1,
284,A5,Logistic,0.4597255849913056,高钾,1,
284,A6,Logistic,0.8998361018792959,铅钡,1,
284,A7,Logistic,0.8177680117307514,铅钡,1,
284,A8,Logistic,0.945949541425772,铅钡,1,
285,A1,Logistic,0.32496458641511844,高钾,1,
285,A2,Logistic,0.7864972148272793,铅钡,1,
285,A3,Logistic,0.6587963060874965,铅钡,1,
285,A4,Logistic,0.7224610926524709,铅钡,1,
285,A5,Logistic,0.4958873798100915,高钾,1,
285,A6,Logistic,0.9003673324115296,铅钡,1,
285,A7,Logistic,0.8278783674202083,铅钡,1,
285,A8,Logistic,0.9400299533828186,铅钡,1,
286,A1,Logistic,0.1551279873778978,高钾,1,
286,A2,Logistic,0.8082396242201548,铅钡,1,
286,A3,Logistic,0.7005150983176535,铅钡,1,
286,A4,Logistic,0.6940433183038393,铅钡,1,
286,A5,Logistic,0.4015861044199564,高钾,1,
286,A6,Logistic,0.8622204774731012,铅钡,1,
286,A7,Logistic,0.7832070941473568,铅钡,1,
286,A8,Logistic,0.8782373242430229,铅钡,1,
287,A1,Logistic,0.5081926468816927,铅钡,1,
287,A2,Logistic,0.7443000820044948,铅钡,1,
287,A3,Logistic,0.6784705570510916,铅钡,1,
287,A4,Logistic,0.6544989013560351,铅钡,1,
287,A5,Logistic,0.38964707964048867,高钾,1,
287,A6,Logistic,0.7820709196203389,铅钡,1,
287,A7,Logistic,0.6909547939370835,铅钡,1,
287,A8,Logistic,0.8070765641274017,铅钡,1,
288,A1,Logistic,0.49861551062056986,高钾,1,
288,A2,Logistic,0.7721325747374406,铅钡,1,
288,A3,Logistic,0.5539786015776333,铅钡,1,
288,A4,Logistic,0.6409502226362275,铅钡,1,
288,A5,Logistic,0.3813867084675364,高钾,1,
288,A6,Logistic,0.8790623955051573,铅钡,1,
288,A7,Logistic,0.8104711918256016,铅钡,1,
288,A8,Logistic,0.9253574334581064,铅钡,1,
289,A1,Logistic,0.06881971266170075,高钾,1,
289,A2,Logistic,0.9344659858706981,铅钡,1,
289,A3,Logistic,0.8878904319176817,铅钡,1,
289,A4,Logistic,0.8963850578074832,铅钡,1,
289,A5,Logistic,0.5741888049704837,铅钡,1,
289,A6,Logistic,0.9682998459944393,铅钡,1,
289,A7,Logistic,0.9228735092839138,铅钡,1,
289,A8,Logistic,0.9861793066186856,铅钡,1,
290,A1,Logistic,0.5990264196142017,铅钡,1,
290,A2,Logistic,0.8025836657045236,铅钡,1,
290,A3,Logistic,0.7723610412509258,铅钡,1,
290,A4,Logistic,0.7135450429736262,铅钡,1,
290,A5,Logistic,0.46051946813503836,高钾,1,
290,A6,Logistic,0.7868510519007499,铅钡,1,
290,A7,Logistic,0.7142069860154538,铅钡,1,
290,A8,Logistic,0.7742821497735873,铅钡,1,
291,A1,Logistic,0.5212698579703224,铅钡,1,
291,A2,Logistic,0.8720080970542609,铅钡,1,
291,A3,Logistic,0.6745028585470033,铅钡,1,
291,A4,Logistic,0.8262662997069509,铅钡,1,
291,A5,Logistic,0.7432695751109146,铅钡,1,
291,A6,Logistic,0.9597641421911353,铅钡,1,
291,A7,Logistic,0.9296363336118173,铅钡,1,
291,A8,Logistic,0.9843290128801334,铅钡,1,
292,A1,Logistic,0.4826760519669772,高钾,1,
292,A2,Logistic,0.72003465911901,铅钡,1,
292,A3,Logistic,0.6107275641048381,铅钡,1,
292,A4,Logistic,0.6550180371560081,铅钡,1,
292,A5,Logistic,0.44639118411200823,高钾,1,
292,A6,Logistic,0.8331988907157184,铅钡,1,
292,A7,Logistic,0.7500915578913083,铅钡,1,
292,A8,Logistic,0.8747520606395899,铅钡,1,
293,A1,Logistic,0.5325802456194602,铅钡,1,
293,A2,Logistic,0.8689965432464601,铅钡,1,
293,A3,Logistic,0.8039474785240736,铅钡,1,
293,A4,Logistic,0.7618873299642546,铅钡,1,
293,A5,Logistic,0.2735228304473502,高钾,1,
293,A6,Logistic,0.905026323277447,铅钡,1,
293,A7,Logistic,0.78993101169404,铅钡,1,
293,A8,Logistic,0.9339023991564244,铅钡,1,
294,A1,Logistic,0.424470841390876,高钾,1,
294,A2,Logistic,0.8292630013720806,铅钡,1,
294,A3,Logistic,0.6712689867590511,铅钡,1,
294,A4,Logistic,0.7478347839547005,铅钡,1,
294,A5,Logistic,0.4295394800161804,高钾,1,
294,A6,Logistic,0.9341639543501447,铅钡,1,
294,A7,Logistic,0.8669882619696971,铅钡,1,
294,A8,Logistic,0.9684072704145323,铅钡,1,
295,A1,Logistic,0.10350241603481043,高钾,1,
295,A2,Logistic,0.8763396856969901,铅钡,1,
295,A3,Logistic,0.8577995774879019,铅钡,1,
295,A4,Logistic,0.6197158886593789,铅钡,1,
295,A5,Logistic,0.07228698425535741,高钾,1,
295,A6,Logistic,0.7315352024223143,铅钡,1,
295,A7,Logistic,0.5126048298059122,铅钡,1,
295,A8,Logistic,0.6140136514447588,铅钡,1,
296,A1,Logistic,0.5759003557784403,铅钡,1,
296,A2,Logistic,0.7308489436032243,铅钡,1,
296,A3,Logistic,0.6068844512948849,铅钡,1,
296,A4,Logistic,0.6907581627387506,铅钡,1,
296,A5,Logistic,0.39119038448308247,高钾,1,
296,A6,Logistic,0.8698280253045889,铅钡,1,
296,A7,Logistic,0.7555111203944579,铅钡,1,
296,A8,Logistic,0.9509513938787219,铅钡,1,
297,A1,Logistic,0.3878971152744652,高钾,1,
297,A2,Logistic,0.8143693341518425,铅钡,1,
297,A3,Logistic,0.7306095315740124,铅钡,1,
297,A4,Logistic,0.7430572238705909,铅钡,1,
297,A5,Logistic,0.41201929063210735,高钾,1,
297,A6,Logistic,0.8715569113622531,铅钡,1,
297,A7,Logistic,0.7669460615446941,铅钡,1,
297,A8,Logistic,0.9358138788791247,铅钡,1,
298,A1,Logistic,0.09357809423906979,高钾,1,
298,A2,Logistic,0.9384150053345378,铅钡,1,
298,A3,Logistic,0.8405194160357619,铅钡,1,
298,A4,Logistic,0.8759929503524114,铅钡,1,
298,A5,Logistic,0.6335916009969923,铅钡,1,
298,A6,Logistic,0.9748629877464394,铅钡,1,
298,A7,Logistic,0.9448729739823384,铅钡,1,
298,A8,Logistic,0.9838400370715626,铅钡,1,
299,A1,Logistic,0.39394269261202924,高钾,1,
299,A2,Logistic,0.8772336063775001,铅钡,1,
299,A3,Logistic,0.6615733172014732,铅钡,1,
299,A4,Logistic,0.8626511007757524,铅钡,1,
299,A5,Logistic,0.6745890952653835,铅钡,1,
299,A6,Logistic,0.9818049137392751,铅钡,1,
299,A7,Logistic,0.9515146001859573,铅钡,1,
299,A8,Logistic,0.9972680340150478,铅钡,1,
300,A1,Logistic,0.4228346533750912,高钾,1,
300,A2,Logistic,0.8329605671320267,铅钡,1,
300,A3,Logistic,0.7014785365748709,铅钡,1,
300,A4,Logistic,0.7883697494600453,铅钡,1,
300,A5,Logistic,0.6115053631144068,铅钡,1,
300,A6,Logistic,0.9174560628278713,铅钡,1,
300,A7,Logistic,0.8615541270434983,铅钡,1,
300,A8,Logistic,0.9642971932409942,铅钡,1,
301,A1,Logistic,0.5657500670337391,铅钡,1,
301,A2,Logistic,0.7907922224132666,铅钡,1,
301,A3,Logistic,0.6754191738210057,铅钡,1,
301,A4,Logistic,0.7043962081373347,铅钡,1,
301,A5,Logistic,0.47777083494744466,高钾,1,
301,A6,Logistic,0.8439729095948851,铅钡,1,
301,A7,Logistic,0.7688219817769074,铅钡,1,
301,A8,Logistic,0.9074900717025386,铅钡,1,
302,A1,Logistic,0.4734933414425986,高钾,1,
302,A2,Logistic,0.7219142579234075,铅钡,1,
302,A3,Logistic,0.6399704970057715,铅钡,1,
302,A4,Logistic,0.5987595206001708,铅钡,1,
302,A5,Logistic,0.2611192353403039,高钾,1,
302,A6,Logistic,0.7551749413593837,铅钡,1,
302,A7,Logistic,0.6219234791689918,铅钡,1,
302,A8,Logistic,0.7904654722906229,铅钡,1,
303,A1,Logistic,0.6916313029007027,铅钡,1,
303,A2,Logistic,0.7830959165279906,铅钡,1,
303,A3,Logistic,0.5625622431871206,铅钡,1,
303,A4,Logistic,0.798810262462236,铅钡,1,
303,A5,Logistic,0.715665619343871,铅钡,1,
303,A6,Logistic,0.9553661802204834,铅钡,1,
303,A7,Logistic,0.9186068204733868,铅钡,1,
303,A8,Logistic,0.9898192685998517,铅钡,1,
304,A1,Logistic,0.7315925044214141,铅钡,1,
304,A2,Logistic,0.7371234291759831,铅钡,1,
304,A3,Logistic,0.5953560735280904,铅钡,1,
304,A4,Logistic,0.7292306013060704,铅钡,1,
304,A5,Logistic,0.5521049517473129,铅钡,1,
304,A6,Logistic,0.9122113720664778,铅钡,1,
304,A7,Logistic,0.8506105938838693,铅钡,1,
304,A8,Logistic,0.963141009170955,铅钡,1,
305,A1,Logistic,0.19629688383153795,高钾,1,
305,A2,Logistic,0.6930570928681651,铅钡,1,
305,A3,Logistic,0.514975769575364,铅钡,1,
305,A4,Logistic,0.7062718795738769,铅钡,1,
305,A5,Logistic,0.5203469260262342,铅钡,1,
305,A6,Logistic,0.8920437162716018,铅钡,1,
305,A7,Logistic,0.7943128502053178,铅钡,1,
305,A8,Logistic,0.9777465495209235,铅钡,1,
306,A1,Logistic,0.5471082943303112,铅钡,1,
306,A2,Logistic,0.8224848397190054,铅钡,1,
306,A3,Logistic,0.6965470952610758,铅钡,1,
306,A4,Logistic,0.719228159406219,铅钡,1,
306,A5,Logistic,0.3346349412978529,高钾,1,
306,A6,Logistic,0.9117208406812731,铅钡,1,
306,A7,Logistic,0.8163389523672154,铅钡,1,
306,A8,Logistic,0.9466462728388427,铅钡,1,
307,A1,Logistic,0.5647270479533726,铅钡,1,
307,A2,Logistic,0.7745535017245119,铅钡,1,
307,A3,Logistic,0.6547720385254654,铅钡,1,
307,A4,Logistic,0.7261872543818452,铅钡,1,
307,A5,Logistic,0.4897066948292158,高钾,1,
307,A6,Logistic,0.9000469079979234,铅钡,1,
307,A7,Logistic,0.8235902956901605,铅钡,1,
307,A8,Logistic,0.9467704739929317,铅钡,1,
308,A1,Logistic,0.20767774899698788,高钾,1,
308,A2,Logistic,0.8940864279097145,铅钡,1,
308,A3,Logistic,0.7800287889977796,铅钡,1,
308,A4,Logistic,0.7458830397453101,铅钡,1,
308,A5,Logistic,0.26927015708337315,高钾,1,
308,A6,Logistic,0.922516899246773,铅钡,1,
308,A7,Logistic,0.8362818344459273,铅钡,1,
308,A8,Logistic,0.9384094271380112,铅钡,1,
309,A1,Logistic,0.7601679870368475,铅钡,1,
309,A2,Logistic,0.82607011065968,铅钡,1,
309,A3,Logistic,0.5784064390744923,铅钡,1,
309,A4,Logistic,0.7896495545843943,铅钡,1,
309,A5,Logistic,0.6349012694115923,铅钡,1,
309,A6,Logistic,0.958213105773401,铅钡,1,
309,A7,Logistic,0.9092679090302974,铅钡,1,
309,A8,Logistic,0.9897850658805617,铅钡,1,
310,A1,Logistic,0.3060963181011192,高钾,1,
310,A2,Logistic,0.7895107939757551,铅钡,1,
310,A3,Logistic,0.6631626240488758,铅钡,1,
310,A4,Logistic,0.72103958759358,铅钡,1,
310,A5,Logistic,0.3470384517014202,高钾,1,
310,A6,Logistic,0.9043237153963802,铅钡,1,
310,A7,Logistic,0.797162835031212,铅钡,1,
310,A8,Logistic,0.9567106533832929,铅钡,1,
311,A1,Logistic,0.25231460062466027,高钾,1,
311,A2,Logistic,0.7943136872868071,铅钡,1,
311,A3,Logistic,0.7259460551173561,铅钡,1,
311,A4,Logistic,0.4797661399913688,高钾,1,
311,A5,Logistic,0.0786434377212371,高钾,1,
311,A6,Logistic,0.6187510296068831,铅钡,1,
311,A7,Logistic,0.42922267727180113,高钾,1,
311,A8,Logistic,0.4247507724279278,高钾,1,
312,A1,Logistic,0.4438521002334806,高钾,1,
312,A2,Logistic,0.8267135226350009,铅钡,1,
312,A3,Logistic,0.6773117353007008,铅钡,1,
312,A4,Logistic,0.7281827834353481,铅钡,1,
312,A5,Logistic,0.38176246502350064,高钾,1,
312,A6,Logistic,0.9217235096279857,铅钡,1,
312,A7,Logistic,0.8377610708354236,铅钡,1,
312,A8,Logistic,0.9509281371363008,铅钡,1,
313,A1,Logistic,0.2167708869734167,高钾,1,
313,A2,Logistic,0.9077144876944683,铅钡,1,
313,A3,Logistic,0.7972866182105185,铅钡,1,
313,A4,Logistic,0.7664785537651734,铅钡,1,
313,A5,Logistic,0.18366565382108513,高钾,1,
313,A6,Logistic,0.924810050060095,铅钡,1,
313,A7,Logistic,0.7850999675799005,铅钡,1,
313,A8,Logistic,0.9675605596222753,铅钡,1,
314,A1,Logistic,0.21416140655389226,高钾,1,
314,A2,Logistic,0.736622298892454,铅钡,1,
314,A3,Logistic,0.5344814047095854,铅钡,1,
314,A4,Logistic,0.6819416337357069,铅钡,1,
314,A5,Logistic,0.5023699857191077,铅钡,1,
314,A6,Logistic,0.9040525870391215,铅钡,1,
314,A7,Logistic,0.8321400407935536,铅钡,1,
314,A8,Logistic,0.954759926167243,铅钡,1,
315,A1,Logistic,0.3328373715363568,高钾,1,
315,A2,Logistic,0.7975560781159945,铅钡,1,
315,A3,Logistic,0.6667275700622343,铅钡,1,
315,A4,Logistic,0.6663305258454865,铅钡,1,
315,A5,Logistic,0.3164516153736268,高钾,1,
315,A6,Logistic,0.8334317354329457,铅钡,1,
315,A7,Logistic,0.7281613047061758,铅钡,1,
315,A8,Logistic,0.9003538248167715,铅钡,1,
316,A1,Logistic,0.4405574445213009,高钾,1,
316,A2,Logistic,0.7683602023938593,铅钡,1,
316,A3,Logistic,0.6299277504761716,铅钡,1,
316,A4,Logistic,0.6612718422081959,铅钡,1,
316,A5,Logistic,0.43601522823850325,高钾,1,
316,A6,Logistic,0.8479063116867739,铅钡,1,
316,A7,Logistic,0.7764859087093229,铅钡,1,
316,A8,Logistic,0.8712130198072182,铅钡,1,
317,A1,Logistic,0.5559715886081344,铅钡,1,
317,A2,Logistic,0.7445211248728523,铅钡,1,
317,A3,Logistic,0.5866697798967966,铅钡,1,
317,A4,Logistic,0.7099544369575568,铅钡,1,
317,A5,Logistic,0.4508104917586725,高钾,1,
317,A6,Logistic,0.9077216761941206,铅钡,1,
317,A7,Logistic,0.8238345264448508,铅钡,1,
317,A8,Logistic,0.9673811808558412,铅钡,1,
318,A1,Logistic,0.5399638824978343,铅钡,1,
318,A2,Logistic,0.8453435789767648,铅钡,1,
318,A3,Logistic,0.7195319636230109,铅钡,1,
318,A4,Logistic,0.8370222796024689,铅钡,1,
318,A5,Logistic,0.7213167233324936,铅钡,1,
318,A6,Logistic,0.9516554048672708,铅钡,1,
318,A7,Logistic,0.9193214070083743,铅钡,1,
318,A8,Logistic,0.9795864966667384,铅钡,1,
319,A1,Logistic,0.43290166769946137,高钾,1,
319,A2,Logistic,0.7923394984215606,铅钡,1,
319,A3,Logistic,0.6306881962818359,铅钡,1,
319,A4,Logistic,0.7380139838190325,铅钡,1,
319,A5,Logistic,0.5584333417410109,铅钡,1,
319,A6,Logistic,0.9106797063545908,铅钡,1,
319,A7,Logistic,0.8456096202963219,铅钡,1,
319,A8,Logistic,0.9554711120455514,铅钡,1,
320,A1,Logistic,0.369226436479496,高钾,1,
320,A2,Logistic,0.8100778834385517,铅钡,1,
320,A3,Logistic,0.7004051461637101,铅钡,1,
320,A4,Logistic,0.7046361983528914,铅钡,1,
320,A5,Logistic,0.3293849961476856,高钾,1,
320,A6,Logistic,0.8616768118129,铅钡,1,
320,A7,Logistic,0.7459790145883056,铅钡,1,
320,A8,Logistic,0.9244664000417541,铅钡,1,
321,A1,Logistic,0.30907885211669184,高钾,1,
321,A2,Logistic,0.9229393915074539,铅钡,1,
321,A3,Logistic,0.8431444137437968,铅钡,1,
321,A4,Logistic,0.8618522983070793,铅钡,1,
321,A5,Logistic,0.5778871858859228,铅钡,1,
321,A6,Logistic,0.9642896805708648,铅钡,1,
321,A7,Logistic,0.9236317610301612,铅钡,1,
321,A8,Logistic,0.976900603740163,铅钡,1,
322,A1,Logistic,0.23453902317441333,高钾,1,
322,A2,Logistic,0.7886592753300545,铅钡,1,
322,A3,Logistic,0.6231139338916393,铅钡,1,
322,A4,Logistic,0.6851792097333265,铅钡,1,
322,A5,Logistic,0.2353718959251503,高钾,1,
322,A6,Logistic,0.9173052487565424,铅钡,1,
322,A7,Logistic,0.7927794390175051,铅钡,1,
322,A8,Logistic,0.9631115455945368,铅钡,1,
323,A1,Logistic,0.44722258512972696,高钾,1,
323,A2,Logistic,0.7672801372281751,铅钡,1,
323,A3,Logistic,0.7009136410364183,铅钡,1,
323,A4,Logistic,0.7003363495379139,铅钡,1,
323,A5,Logistic,0.4610340172711706,高钾,1,
323,A6,Logistic,0.806206984922057,铅钡,1,
323,A7,Logistic,0.7186661032008335,铅钡,1,
323,A8,Logistic,0.86497011108992,铅钡,1,
324,A1,Logistic,0.4411365814973179,高钾,1,
324,A2,Logistic,0.7873321925114836,铅钡,1,
324,A3,Logistic,0.6141918692182103,铅钡,1,
324,A4,Logistic,0.7384651673749202,铅钡,1,
324,A5,Logistic,0.5741670504658124,铅钡,1,
324,A6,Logistic,0.9048942202328961,铅钡,1,
324,A7,Logistic,0.8459272926644209,铅钡,1,
324,A8,Logistic,0.9592229843569836,铅钡,1,
325,A1,Logistic,0.27916809410171645,高钾,1,
325,A2,Logistic,0.8244356354001421,铅钡,1,
325,A3,Logistic,0.7055023419492187,铅钡,1,
325,A4,Logistic,0.7726168396850003,铅钡,1,
325,A5,Logistic,0.5645780155075585,铅钡,1,
325,A6,Logistic,0.8948065776163254,铅钡,1,
325,A7,Logistic,0.8328016169818396,铅钡,1,
325,A8,Logistic,0.952611911572552,铅钡,1,
326,A1,Logistic,0.6531580183394121,铅钡,1,
326,A2,Logistic,0.7893639024708263,铅钡,1,
326,A3,Logistic,0.6644682652201842,铅钡,1,
326,A4,Logistic,0.7975522634424638,铅钡,1,
326,A5,Logistic,0.6922461594698857,铅钡,1,
326,A6,Logistic,0.9271809739366408,铅钡,1,
326,A7,Logistic,0.8770932341857841,铅钡,1,
326,A8,Logistic,0.9745369015725942,铅钡,1,
327,A1,Logistic,0.42156659161754473,高钾,1,
327,A2,Logistic,0.7287418157960389,铅钡,1,
327,A3,Logistic,0.6080412257046292,铅钡,1,
327,A4,Logistic,0.684077120263193,铅钡,1,
327,A5,Logistic,0.5207092970944939,铅钡,1,
327,A6,Logistic,0.852279908936287,铅钡,1,
327,A7,Logistic,0.7817240034219797,铅钡,1,
327,A8,Logistic,0.9048377437695014,铅钡,1,
328,A1,Logistic,0.34126590425019365,高钾,1,
328,A2,Logistic,0.8345431520030849,铅钡,1,
328,A3,Logistic,0.7293558051853362,铅钡,1,
328,A4,Logistic,0.7231684096922093,铅钡,1,
328,A5,Logistic,0.3678193079963716,高钾,1,
328,A6,Logistic,0.8814290664326548,铅钡,1,
328,A7,Logistic,0.7861889571994137,铅钡,1,
328,A8,Logistic,0.919876175474343,铅钡,1,
329,A1,Logistic,0.2567269689077657,高钾,1,
329,A2,Logistic,0.8333449975973272,铅钡,1,
329,A3,Logistic,0.6908798769326008,铅钡,1,
329,A4,Logistic,0.7447056686071337,铅钡,1,
329,A5,Logistic,0.5105547265954024,铅钡,1,
329,A6,Logistic,0.9121879089252627,铅钡,1,
329,A7,Logistic,0.8493269143325103,铅钡,1,
329,A8,Logistic,0.9383655390987067,铅钡,1,
330,A1,Logistic,0.2600231129662793,高钾,1,
330,A2,Logistic,0.8688237728883288,铅钡,1,
330,A3,Logistic,0.6765066481288804,铅钡,1,
330,A4,Logistic,0.8630263766253349,铅钡,1,
330,A5,Logistic,0.7530285445303263,铅钡,1,
330,A6,Logistic,0.9773033699779395,铅钡,1,
330,A7,Logistic,0.9518670654592325,铅钡,1,
330,A8,Logistic,0.9955054391141581,铅钡,1,
331,A1,Logistic,0.15557775490648357,高钾,1,
331,A2,Logistic,0.9131246937580709,铅钡,1,
331,A3,Logistic,0.8656348371675745,铅钡,1,
331,A4,Logistic,0.8488875790417871,铅钡,1,
331,A5,Logistic,0.5205410487027833,铅钡,1,
331,A6,Logistic,0.9279399729310904,铅钡,1,
331,A7,Logistic,0.8596893738964949,铅钡,1,
331,A8,Logistic,0.954841756516903,铅钡,1,
332,A1,Logistic,0.455506776531828,高钾,1,
332,A2,Logistic,0.8272595597507792,铅钡,1,
332,A3,Logistic,0.7601688515789699,铅钡,1,
332,A4,Logistic,0.6439181908007615,铅钡,1,
332,A5,Logistic,0.19689194869009263,高钾,1,
332,A6,Logistic,0.8046189449307584,铅钡,1,
332,A7,Logistic,0.6647442930400936,铅钡,1,
332,A8,Logistic,0.7722810987673444,铅钡,1,
333,A1,Logistic,0.4341394139306122,高钾,1,
333,A2,Logistic,0.7606468065819607,铅钡,1,
333,A3,Logistic,0.6212258587391627,铅钡,1,
333,A4,Logistic,0.6040766261167,铅钡,1,
333,A5,Logistic,0.28045420277279753,高钾,1,
333,A6,Logistic,0.787760858973757,铅钡,1,
333,A7,Logistic,0.6714887373520122,铅钡,1,
333,A8,Logistic,0.8450011913056709,铅钡,1,
334,A1,Logistic,0.3199493083845759,高钾,1,
334,A2,Logistic,0.7333500178932921,铅钡,1,
334,A3,Logistic,0.6265022353221638,铅钡,1,
334,A4,Logistic,0.6442650511290066,铅钡,1,
334,A5,Logistic,0.315877871791738,高钾,1,
334,A6,Logistic,0.8448061664620328,铅钡,1,
334,A7,Logistic,0.7268287388749455,铅钡,1,
334,A8,Logistic,0.9066962181697266,铅钡,1,
335,A1,Logistic,0.32493954117027674,高钾,1,
335,A2,Logistic,0.9045405186127011,铅钡,1,
335,A3,Logistic,0.6995948628745721,铅钡,1,
335,A4,Logistic,0.9001296562356937,铅钡,1,
335,A5,Logistic,0.766460395222377,铅钡,1,
335,A6,Logistic,0.9904963842360704,铅钡,1,
335,A7,Logistic,0.9765685879728961,铅钡,1,
335,A8,Logistic,0.9973802422590737,铅钡,1,
336,A1,Logistic,0.1764866517946016,高钾,1,
336,A2,Logistic,0.8268268225898974,铅钡,1,
336,A3,Logistic,0.6451248303696983,铅钡,1,
336,A4,Logistic,0.6530372021738412,铅钡,1,
336,A5,Logistic,0.18112415897644218,高钾,1,
336,A6,Logistic,0.9135405129634758,铅钡,1,
336,A7,Logistic,0.7857719312799056,铅钡,1,
336,A8,Logistic,0.947627442203291,铅钡,1,
337,A1,Logistic,0.2625091682649331,高钾,1,
337,A2,Logistic,0.8778605522695069,铅钡,1,
337,A3,Logistic,0.6996401198862648,铅钡,1,
337,A4,Logistic,0.8017409032666606,铅钡,1,
337,A5,Logistic,0.6092099936719015,铅钡,1,
337,A6,Logistic,0.9540727252811748,铅钡,1,
337,A7,Logistic,0.9047850664542729,铅钡,1,
337,A8,Logistic,0.9818966588666628,铅钡,1,
338,A1,Logistic,0.26822631370534766,高钾,1,
338,A2,Logistic,0.75131031833665,铅钡,1,
338,A3,Logistic,0.5343268124632847,铅钡,1,
338,A4,Logistic,0.5811574488586652,铅钡,1,
338,A5,Logistic,0.2717145609373883,高钾,1,
338,A6,Logistic,0.8107593307578018,铅钡,1,
338,A7,Logistic,0.7000877106520547,铅钡,1,
338,A8,Logistic,0.895158343391234,铅钡,1,
339,A1,Logistic,0.36922384745973025,高钾,1,
339,A2,Logistic,0.7181673124337505,铅钡,1,
339,A3,Logistic,0.6125603457332318,铅钡,1,
339,A4,Logistic,0.575338062934876,铅钡,1,
339,A5,Logistic,0.2776783589569343,高钾,1,
339,A6,Logistic,0.7485933795612887,铅钡,1,
339,A7,Logistic,0.6422503108529665,铅钡,1,
339,A8,Logistic,0.7700025525953446,铅钡,1,
340,A1,Logistic,0.30852764474446565,高钾,1,
340,A2,Logistic,0.7308885406441508,铅钡,1,
340,A3,Logistic,0.5520196491038277,铅钡,1,
340,A4,Logistic,0.6581860664562578,铅钡,1,
340,A5,Logistic,0.49825536519429753,高钾,1,
340,A6,Logistic,0.8538752280517549,铅钡,1,
340,A7,Logistic,0.7862178643922535,铅钡,1,
340,A8,Logistic,0.935005289054651,铅钡,1,
341,A1,Logistic,0.24443931127479798,高钾,1,
341,A2,Logistic,0.7921132280594907,铅钡,1,
341,A3,Logistic,0.6644852829078942,铅钡,1,
341,A4,Logistic,0.6289533740687413,铅钡,1,
341,A5,Logistic,0.1984710979208734,高钾,1,
341,A6,Logistic,0.8550971687824986,铅钡,1,
341,A7,Logistic,0.711084252762293,铅钡,1,
341,A8,Logistic,0.8922337164050455,铅钡,1,
342,A1,Logistic,0.6129276498448107,铅钡,1,
342,A2,Logistic,0.8036253040899024,铅钡,1,
342,A3,Logistic,0.6060374922129095,铅钡,1,
342,A4,Logistic,0.7194169708930997,铅钡,1,
342,A5,Logistic,0.4674140291200216,高钾,1,
342,A6,Logistic,0.9111855483547837,铅钡,1,
342,A7,Logistic,0.8361643898114187,铅钡,1,
342,A8,Logistic,0.963628122513013,铅钡,1,
343,A1,Logistic,0.5596839455084744,铅钡,1,
343,A2,Logistic,0.7080672063464576,铅钡,1,
343,A3,Logistic,0.5829490030267209,铅钡,1,
343,A4,Logistic,0.6858481642786461,铅钡,1,
343,A5,Logistic,0.5245671371928415,铅钡,1,
343,A6,Logistic,0.8594768350213539,铅钡,1,
343,A7,Logistic,0.7843274011981626,铅钡,1,
343,A8,Logistic,0.9277699669442897,铅钡,1,
344,A1,Logistic,0.33825284417089024,高钾,1,
344,A2,Logistic,0.7642445628915483,铅钡,1,
344,A3,Logistic,0.6277177745314538,铅钡,1,
344,A4,Logistic,0.656183458704893,铅钡,1,
344,A5,Logistic,0.331176304098332,高钾,1,
344,A6,Logistic,0.8465271269686289,铅钡,1,
344,A7,Logistic,0.7224712535528535,铅钡,1,
344,A8,Logistic,0.9251398787204109,铅钡,1,
345,A1,Logistic,0.46048755507905687,高钾,1,
345,A2,Logistic,0.7334932961920877,铅钡,1,
345,A3,Logistic,0.6064082653974691,铅钡,1,
345,A4,Logistic,0.6891636431932348,铅钡,1,
345,A5,Logistic,0.5357831027334996,铅钡,1,
345,A6,Logistic,0.8392980298765607,铅钡,1,
345,A7,Logistic,0.761874403604631,铅钡,1,
345,A8,Logistic,0.9174796850728834,铅钡,1,
346,A1,Logistic,0.3777066463350543,高钾,1,
346,A2,Logistic,0.818590503032866,铅钡,1,
346,A3,Logistic,0.6399389003633493,铅钡,1,
346,A4,Logistic,0.7010260176268348,铅钡,1,
346,A5,Logistic,0.45281674130329524,高钾,1,
346,A6,Logistic,0.9029265762132059,铅钡,1,
346,A7,Logistic,0.841004145288658,铅钡,1,
346,A8,Logistic,0.9286330222250161,铅钡,1,
347,A1,Logistic,0.26368631630965544,高钾,1,
347,A2,Logistic,0.8813105320835843,铅钡,1,
347,A3,Logistic,0.7887623511125829,铅钡,1,
347,A4,Logistic,0.7985015356979225,铅钡,1,
347,A5,Logistic,0.4711657293378819,高钾,1,
347,A6,Logistic,0.9336152076988528,铅钡,1,
347,A7,Logistic,0.8651675488980444,铅钡,1,
347,A8,Logistic,0.9587365187196484,铅钡,1,
348,A1,Logistic,0.29516927671993415,高钾,1,
348,A2,Logistic,0.7570340204934085,铅钡,1,
348,A3,Logistic,0.6460385888489083,铅钡,1,
348,A4,Logistic,0.6386622154770434,铅钡,1,
348,A5,Logistic,0.2917292989193903,高钾,1,
348,A6,Logistic,0.838526214280883,铅钡,1,
348,A7,Logistic,0.7184901430782605,铅钡,1,
348,A8,Logistic,0.8750370488667509,铅钡,1,
349,A1,Logistic,0.5168323702089476,铅钡,1,
349,A2,Logistic,0.8510116967297632,铅钡,1,
349,A3,Logistic,0.8040531730563047,铅钡,1,
349,A4,Logistic,0.7236041930419342,铅钡,1,
349,A5,Logistic,0.2729923143615222,高钾,1,
349,A6,Logistic,0.8201409925287966,铅钡,1,
349,A7,Logistic,0.6862784896799294,铅钡,1,
349,A8,Logistic,0.8603199295578611,铅钡,1,
350,A1,Logistic,0.6067007444810125,铅钡,1,
350,A2,Logistic,0.8499378726063297,铅钡,1,
350,A3,Logistic,0.6719858844640817,铅钡,1,
350,A4,Logistic,0.7911745030381854,铅钡,1,
350,A5,Logistic,0.42296775896340794,高钾,1,
350,A6,Logistic,0.9499149752664313,铅钡,1,
350,A7,Logistic,0.8695655691424783,铅钡,1,
350,A8,Logistic,0.9866974703297808,铅钡,1,
351,A1,Logistic,0.4010351374813297,高钾,1,
351,A2,Logistic,0.8220026548509307,铅钡,1,
351,A3,Logistic,0.7239343043626602,铅钡,1,
351,A4,Logistic,0.7211247402190216,铅钡,1,
351,A5,Logistic,0.3532736660963484,高钾,1,
351,A6,Logistic,0.8825526573394723,铅钡,1,
351,A7,Logistic,0.7814364002579008,铅钡,1,
351,A8,Logistic,0.9175393885374885,铅钡,1,
352,A1,Logistic,0.2861190221208237,高钾,1,
352,A2,Logistic,0.8846125304863294,铅钡,1,
352,A3,Logistic,0.6460900783576223,铅钡,1,
352,A4,Logistic,0.8318981558148134,铅钡,1,
352,A5,Logistic,0.5718423655871162,铅钡,1,
352,A6,Logistic,0.9719999566221157,铅钡,1,
352,A7,Logistic,0.9213459878569304,铅钡,1,
352,A8,Logistic,0.9935804868255834,铅钡,1,
353,A1,Logistic,0.5070119182508441,铅钡,1,
353,A2,Logistic,0.8379169612996588,铅钡,1,
353,A3,Logistic,0.780045415784909,铅钡,1,
353,A4,Logistic,0.7416506872473855,铅钡,1,
353,A5,Logistic,0.4089711516714004,高钾,1,
353,A6,Logistic,0.8565225537736569,铅钡,1,
353,A7,Logistic,0.768651560680333,铅钡,1,
353,A8,Logistic,0.872275453854702,铅钡,1,
354,A1,Logistic,0.15504266380414455,高钾,1,
354,A2,Logistic,0.8580477388165699,铅钡,1,
354,A3,Logistic,0.6674820826659065,铅钡,1,
354,A4,Logistic,0.7774129619322075,铅钡,1,
354,A5,Logistic,0.5986234841059864,铅钡,1,
354,A6,Logistic,0.9480680586098782,铅钡,1,
354,A7,Logistic,0.9081412617767801,铅钡,1,
354,A8,Logistic,0.969564834107006,铅钡,1,
355,A1,Logistic,0.3659013113393616,高钾,1,
355,A2,Logistic,0.7678230415859335,铅钡,1,
355,A3,Logistic,0.67762269879025,铅钡,1,
355,A4,Logistic,0.7136041133085975,铅钡,1,
355,A5,Logistic,0.49632897553794725,高钾,1,
355,A6,Logistic,0.8524870623818961,铅钡,1,
355,A7,Logistic,0.778849302063382,铅钡,1,
355,A8,Logistic,0.8939422122371694,铅钡,1,
356,A1,Logistic,0.7774013257225619,铅钡,1,
356,A2,Logistic,0.9022155251981769,铅钡,1,
356,A3,Logistic,0.7604812296484503,铅钡,1,
356,A4,Logistic,0.8465061804585317,铅钡,1,
356,A5,Logistic,0.6802176475046314,铅钡,1,
356,A6,Logistic,0.9600879052844283,铅钡,1,
356,A7,Logistic,0.9281207610675363,铅钡,1,
356,A8,Logistic,0.980251406267524,铅钡,1,
357,A1,Logistic,0.5302184756358544,铅钡,1,
357,A2,Logistic,0.8776280607951416,铅钡,1,
357,A3,Logistic,0.6501400274630819,铅钡,1,
357,A4,Logistic,0.8681942786451855,铅钡,1,
357,A5,Logistic,0.7994308155102955,铅钡,1,
357,A6,Logistic,0.9834660678031819,铅钡,1,
357,A7,Logistic,0.9643357038990938,铅钡,1,
357,A8,Logistic,0.9964262686437109,铅钡,1,
358,A1,Logistic,0.20253859433496396,高钾,1,
358,A2,Logistic,0.887480059069853,铅钡,1,
358,A3,Logistic,0.6840065401539006,铅钡,1,
358,A4,Logistic,0.8474011264486621,铅钡,1,
358,A5,Logistic,0.6480123912860174,铅钡,1,
358,A6,Logistic,0.9775624076201156,铅钡,1,
358,A7,Logistic,0.9476364015876327,铅钡,1,
358,A8,Logistic,0.9951962664154079,铅钡,1,
359,A1,Logistic,0.2913601568713819,高钾,1,
359,A2,Logistic,0.7735470574125138,铅钡,1,
359,A3,Logistic,0.6538913459277971,铅钡,1,
359,A4,Logistic,0.7567836615949395,铅钡,1,
359,A5,Logistic,0.579989069236803,铅钡,1,
359,A6,Logistic,0.9013916651512051,铅钡,1,
359,A7,Logistic,0.8376858568338665,铅钡,1,
359,A8,Logistic,0.9558031162533661,铅钡,1,
360,A1,Logistic,0.3655928661659409,高钾,1,
360,A2,Logistic,0.8441068270414734,铅钡,1,
360,A3,Logistic,0.6651728400484114,铅钡,1,
360,A4,Logistic,0.7532803114733845,铅钡,1,
360,A5,Logistic,0.4749676359269865,高钾,1,
360,A6,Logistic,0.9258343505087497,铅钡,1,
360,A7,Logistic,0.861631663868549,铅钡,1,
360,A8,Logistic,0.9685253167351695,铅钡,1,
361,A1,Logistic,0.3367227779184731,高钾,1,
361,A2,Logistic,0.8855326235038076,铅钡,1,
361,A3,Logistic,0.8252154913334904,铅钡,1,
361,A4,Logistic,0.7572647556154605,铅钡,1,
361,A5,Logistic,0.2648543811233547,高钾,1,
361,A6,Logistic,0.892415923566548,铅钡,1,
361,A7,Logistic,0.7771693641191096,铅钡,1,
361,A8,Logistic,0.9015914973621565,铅钡,1,
362,A1,Logistic,0.3988957523741152,高钾,1,
362,A2,Logistic,0.7971330698064187,铅钡,1,
362,A3,Logistic,0.6665400885283886,铅钡,1,
362,A4,Logistic,0.6918538817385868,铅钡,1,
362,A5,Logistic,0.4105494824902069,高钾,1,
362,A6,Logistic,0.8426362857440675,铅钡,1,
362,A7,Logistic,0.7551769607069222,铅钡,1,
362,A8,Logistic,0.9098536302219792,铅钡,1,
363,A1,Logistic,0.32342055080555643,高钾,1,
363,A2,Logistic,0.7623357506337676,铅钡,1,
363,A3,Logistic,0.7164453474096025,铅钡,1,
363,A4,Logistic,0.4012559432096681,高钾,1,
363,A5,Logistic,0.0364936325819579,高钾,1,
363,A6,Logistic,0.5054515211008829,铅钡,1,
363,A7,Logistic,0.3000478604378203,高钾,1,
363,A8,Logistic,0.31241292728100495,高钾,1,
364,A1,Logistic,0.18413106447512487,高钾,1,
364,A2,Logistic,0.7987642285794876,铅钡,1,
364,A3,Logistic,0.6024879790909582,铅钡,1,
364,A4,Logistic,0.7161876828875452,铅钡,1,
364,A5,Logistic,0.38220067495811383,高钾,1,
364,A6,Logistic,0.9194708855205936,铅钡,1,
364,A7,Logistic,0.8203422634928753,铅钡,1,
364,A8,Logistic,0.9744230847289226,铅钡,1,
365,A1,Logistic,0.36977224743534215,高钾,1,
365,A2,Logistic,0.7587896388013948,铅钡,1,
365,A3,Logistic,0.5998345757705092,铅钡,1,
365,A4,Logistic,0.6738673997987021,铅钡,1,
365,A5,Logistic,0.39690723886719437,高钾,1,
365,A6,Logistic,0.8704236494201837,铅钡,1,
365,A7,Logistic,0.7679189738221197,铅钡,1,
365,A8,Logistic,0.9369636237242148,铅钡,1,
366,A1,Logistic,0.2979102159539176,高钾,1,
366,A2,Logistic,0.75732045706164,铅钡,1,
366,A3,Logistic,0.6425167998599042,铅钡,1,
366,A4,Logistic,0.6930177654521081,铅钡,1,
366,A5,Logistic,0.4678284499157112,高钾,1,
366,A6,Logistic,0.8462092467852742,铅钡,1,
366,A7,Logistic,0.76101543473215,铅钡,1,
366,A8,Logistic,0.9124850181361254,铅钡,1,
367,A1,Logistic,0.26571921799039877,高钾,1,
367,A2,Logistic,0.8967233686021616,铅钡,1,
367,A3,Logistic,0.7200972734333401,铅钡,1,
367,A4,Logistic,0.8016884842438051,铅钡,1,
367,A5,Logistic,0.4496159123237073,高钾,1,
367,A6,Logistic,0.9505090843082147,铅钡,1,
367,A7,Logistic,0.9005983597800847,铅钡,1,
367,A8,Logistic,0.9823326783869524,铅钡,1,
368,A1,Logistic,0.16608417806744283,高钾,1,
368,A2,Logistic,0.8745410877425897,铅钡,1,
368,A3,Logistic,0.7881732102644534,铅钡,1,
368,A4,Logistic,0.8214098208164059,铅钡,1,
368,A5,Logistic,0.620798207386312,铅钡,1,
368,A6,Logistic,0.9323958613247705,铅钡,1,
368,A7,Logistic,0.8883554511538195,铅钡,1,
368,A8,Logistic,0.961353537235373,铅钡,1,
369,A1,Logistic,0.21761837311050133,高钾,1,
369,A2,Logistic,0.7472238326654191,铅钡,1,
369,A3,Logistic,0.6388772954950197,铅钡,1,
369,A4,Logistic,0.703584192720411,铅钡,1,
369,A5,Logistic,0.36885352617133554,高钾,1,
369,A6,Logistic,0.8644856196866743,铅钡,1,
369,A7,Logistic,0.7348075319393925,铅钡,1,
369,A8,Logistic,0.9540149041022701,铅钡,1,
370,A1,Logistic,0.3484326723795414,高钾,1,
370,A2,Logistic,0.7779083279047516,铅钡,1,
370,A3,Logistic,0.5667448275272906,铅钡,1,
370,A4,Logistic,0.7981952971284076,铅钡,1,
370,A5,Logistic,0.7005375518477048,铅钡,1,
370,A6,Logistic,0.9460895397820388,铅钡,1,
370,A7,Logistic,0.8906614694481501,铅钡,1,
370,A8,Logistic,0.9910595655016724,铅钡,1,
371,A1,Logistic,0.4258112826876777,高钾,1,
371,A2,Logistic,0.8283350442535462,铅钡,1,
371,A3,Logistic,0.6485372053870417,铅钡,1,
371,A4,Logistic,0.7313756839952085,铅钡,1,
371,A5,Logistic,0.5462038234220549,铅钡,1,
371,A6,Logistic,0.9105986187354296,铅钡,1,
371,A7,Logistic,0.8521130998508576,铅钡,1,
371,A8,Logistic,0.942862833401522,铅钡,1,
372,A1,Logistic,0.25675924664012023,高钾,1,
372,A2,Logistic,0.8200198632163056,铅钡,1,
372,A3,Logistic,0.7113616449272171,铅钡,1,
372,A4,Logistic,0.6414512072899449,铅钡,1,
372,A5,Logistic,0.20367503719848412,高钾,1,
372,A6,Logistic,0.851359266849375,铅钡,1,
372,A7,Logistic,0.7102692759709774,铅钡,1,
372,A8,Logistic,0.8680299591033315,铅钡,1,
373,A1,Logistic,0.37645877363168195,高钾,1,
373,A2,Logistic,0.8143485905865627,铅钡,1,
373,A3,Logistic,0.6494620022240482,铅钡,1,
373,A4,Logistic,0.797319111079653,铅钡,1,
373,A5,Logistic,0.5774994384683682,铅钡,1,
373,A6,Logistic,0.9560009498122457,铅钡,1,
373,A7,Logistic,0.9032462919939955,铅钡,1,
373,A8,Logistic,0.9867098874246139,铅钡,1,
374,A1,Logistic,0.5574313498333968,铅钡,1,
374,A2,Logistic,0.7759366721287952,铅钡,1,
374,A3,Logistic,0.6897763424357095,铅钡,1,
374,A4,Logistic,0.7548986296676964,铅钡,1,
374,A5,Logistic,0.5665213521378553,铅钡,1,
374,A6,Logistic,0.8798969596675557,铅钡,1,
374,A7,Logistic,0.824671028386356,铅钡,1,
374,A8,Logistic,0.9225755988843772,铅钡,1,
375,A1,Logistic,0.4276863208290536,高钾,1,
375,A2,Logistic,0.9048528172441289,铅钡,1,
375,A3,Logistic,0.7747284622322985,铅钡,1,
375,A4,Logistic,0.8137079547013011,铅钡,1,
375,A5,Logistic,0.5379320715948686,铅钡,1,
375,A6,Logistic,0.9442573316193175,铅钡,1,
375,A7,Logistic,0.8881678553049257,铅钡,1,
375,A8,Logistic,0.9713413551034621,铅钡,1,
376,A1,Logistic,0.23770876273392455,高钾,1,
376,A2,Logistic,0.7317460054422662,铅钡,1,
376,A3,Logistic,0.5326949243304372,铅钡,1,
376,A4,Logistic,0.6864855850165889,铅钡,1,
376,A5,Logistic,0.47886020797868745,高钾,1,
376,A6,Logistic,0.8887271166062237,铅钡,1,
376,A7,Logistic,0.7965983275664527,铅钡,1,
376,A8,Logistic,0.9647426768417139,铅钡,1,
377,A1,Logistic,0.04482587280442157,高钾,1,
377,A2,Logistic,0.8847932491749453,铅钡,1,
377,A3,Logistic,0.8856980375930597,铅钡,1,
377,A4,Logistic,0.6231257545860667,铅钡,1,
377,A5,Logistic,0.04987936004311897,高钾,1,
377,A6,Logistic,0.7111420774687944,铅钡,1,
377,A7,Logistic,0.45799157824181347,高钾,1,
377,A8,Logistic,0.5392663099578348,铅钡,1,
378,A1,Logistic,0.6041572762689442,铅钡,1,
378,A2,Logistic,0.8867691697896598,铅钡,1,
378,A3,Logistic,0.7722544625990181,铅钡,1,
378,A4,Logistic,0.7693056661329833,铅钡,1,
378,A5,Logistic,0.4413874295998527,高钾,1,
378,A6,Logistic,0.9112636284243499,铅钡,1,
378,A7,Logistic,0.8466739208161362,铅钡,1,
378,A8,Logistic,0.9309152393874702,铅钡,1,
379,A1,Logistic,0.5441736531919927,铅钡,1,
379,A2,Logistic,0.9749383883400743,铅钡,1,
379,A3,Logistic,0.9350723707057385,铅钡,1,
379,A4,Logistic,0.9691194247008931,铅钡,1,
379,A5,Logistic,0.874339105665651,铅钡,1,
379,A6,Logistic,0.9952853986915668,铅钡,1,
379,A7,Logistic,0.9861025323020657,铅钡,1,
379,A8,Logistic,0.9991409646831445,铅钡,1,
380,A1,Logistic,0.2981193631946778,高钾,1,
380,A2,Logistic,0.7695248943175894,铅钡,1,
380,A3,Logistic,0.61938207628781,铅钡,1,
380,A4,Logistic,0.6488149793385966,铅钡,1,
380,A5,Logistic,0.38869958538531074,高钾,1,
380,A6,Logistic,0.8359482477798861,铅钡,1,
380,A7,Logistic,0.7531303165380933,铅钡,1,
380,A8,Logistic,0.8915856367681334,铅钡,1,
381,A1,Logistic,0.25835890454792915,高钾,1,
381,A2,Logistic,0.8564390865506298,铅钡,1,
381,A3,Logistic,0.6989917062267179,铅钡,1,
381,A4,Logistic,0.7812108142492749,铅钡,1,
381,A5,Logistic,0.5552895520044892,铅钡,1,
381,A6,Logistic,0.9347366277591963,铅钡,1,
381,A7,Logistic,0.8761517061639591,铅钡,1,
381,A8,Logistic,0.9671195648955565,铅钡,1,
382,A1,Logistic,0.4871425874172947,高钾,1,
382,A2,Logistic,0.768023164262232,铅钡,1,
382,A3,Logistic,0.6580507976371249,铅钡,1,
382,A4,Logistic,0.7092508983382503,铅钡,1,
382,A5,Logistic,0.5727224998441862,铅钡,1,
382,A6,Logistic,0.8598223386866729,铅钡,1,
382,A7,Logistic,0.7995841905837052,铅钡,1,
382,A8,Logistic,0.9048854295500438,铅钡,1,
383,A1,Logistic,0.21600087376409105,高钾,1,
383,A2,Logistic,0.8833080261015326,铅钡,1,
383,A3,Logistic,0.7668669576837402,铅钡,1,
383,A4,Logistic,0.7775290741648899,铅钡,1,
383,A5,Logistic,0.3636499752570288,高钾,1,
383,A6,Logistic,0.9392382705101141,铅钡,1,
383,A7,Logistic,0.8562756639845552,铅钡,1,
383,A8,Logistic,0.9658945085976642,铅钡,1,
384,A1,Logistic,0.5999275519259701,铅钡,1,
384,A2,Logistic,0.7536620422994484,铅钡,1,
384,A3,Logistic,0.5563685600983392,铅钡,1,
384,A4,Logistic,0.7691514216988926,铅钡,1,
384,A5,Logistic,0.7312947229416814,铅钡,1,
384,A6,Logistic,0.9235140677875099,铅钡,1,
384,A7,Logistic,0.8840637414749618,铅钡,1,
384,A8,Logistic,0.9788114313307258,铅钡,1,
385,A1,Logistic,0.35460575840398056,高钾,1,
385,A2,Logistic,0.715052727223055,铅钡,1,
385,A3,Logistic,0.5816491490941454,铅钡,1,
385,A4,Logistic,0.6733210705133345,铅钡,1,
385,A5,Logistic,0.5275783948325178,铅钡,1,
385,A6,Logistic,0.8219734192103676,铅钡,1,
385,A7,Logistic,0.7381646817526962,铅钡,1,
385,A8,Logistic,0.9144642201120817,铅钡,1,
386,A1,Logistic,0.23362731894350347,高钾,1,
386,A2,Logistic,0.8139371024055128,铅钡,1,
386,A3,Logistic,0.6609271942078223,铅钡,1,
386,A4,Logistic,0.7627223719167955,铅钡,1,
386,A5,Logistic,0.5326332176885678,铅钡,1,
386,A6,Logistic,0.9204231820033961,铅钡,1,
386,A7,Logistic,0.8470853279803615,铅钡,1,
386,A8,Logistic,0.9687338081018357,铅钡,1,
387,A1,Logistic,0.322535914992082,高钾,1,
387,A2,Logistic,0.8043641896588761,铅钡,1,
387,A3,Logistic,0.6005806083631792,铅钡,1,
387,A4,Logistic,0.7722723084992927,铅钡,1,
387,A5,Logistic,0.6730942973389737,铅钡,1,
387,A6,Logistic,0.9419474577774091,铅钡,1,
387,A7,Logistic,0.8989883528585846,铅钡,1,
387,A8,Logistic,0.9783312452408456,铅钡,1,
388,A1,Logistic,0.04068890542146867,高钾,1,
388,A2,Logistic,0.9632227412671425,铅钡,1,
388,A3,Logistic,0.9411914924780621,铅钡,1,
388,A4,Logistic,0.9291542276630865,铅钡,1,
388,A5,Logistic,0.653948232644777,铅钡,1,
388,A6,Logistic,0.967727513190326,铅钡,1,
388,A7,Logistic,0.9269641579469745,铅钡,1,
388,A8,Logistic,0.982563715112536,铅钡,1,
389,A1,Logistic,0.6760798263516612,铅钡,1,
389,A2,Logistic,0.8066777445805251,铅钡,1,
389,A3,Logistic,0.6921801362572049,铅钡,1,
389,A4,Logistic,0.7888614963817113,铅钡,1,
389,A5,Logistic,0.6810168310236614,铅钡,1,
389,A6,Logistic,0.8989709768268348,铅钡,1,
389,A7,Logistic,0.8540170805280821,铅钡,1,
389,A8,Logistic,0.9589089779076576,铅钡,1,
390,A1,Logistic,0.2903373963565811,高钾,1,
390,A2,Logistic,0.7797587440966713,铅钡,1,
390,A3,Logistic,0.615705131081567,铅钡,1,
390,A4,Logistic,0.6484118151444209,铅钡,1,
390,A5,Logistic,0.2963516747981412,高钾,1,
390,A6,Logistic,0.8801026185118592,铅钡,1,
390,A7,Logistic,0.7736445119432762,铅钡,1,
390,A8,Logistic,0.914410197649942,铅钡,1,
391,A1,Logistic,0.5265827741279572,铅钡,1,
391,A2,Logistic,0.7507524248445077,铅钡,1,
391,A3,Logistic,0.534149942624436,铅钡,1,
391,A4,Logistic,0.7478452214496061,铅钡,1,
391,A5,Logistic,0.6257536747061292,铅钡,1,
391,A6,Logistic,0.9434590627715967,铅钡,1,
391,A7,Logistic,0.8872036452295998,铅钡,1,
391,A8,Logistic,0.9845181963225204,铅钡,1,
392,A1,Logistic,0.35157163425947935,高钾,1,
392,A2,Logistic,0.8051087152011295,铅钡,1,
392,A3,Logistic,0.7166567862549673,铅钡,1,
392,A4,Logistic,0.7636034675513128,铅钡,1,
392,A5,Logistic,0.5275016640570636,铅钡,1,
392,A6,Logistic,0.8861039955741428,铅钡,1,
392,A7,Logistic,0.8141344810527964,铅钡,1,
392,A8,Logistic,0.9406353949441648,铅钡,1,
393,A1,Logistic,0.5413306173438219,铅钡,1,
393,A2,Logistic,0.8372233859804329,铅钡,1,
393,A3,Logistic,0.735640863663652,铅钡,1,
393,A4,Logistic,0.7924511611224578,铅钡,1,
393,A5,Logistic,0.5998652179878533,铅钡,1,
393,A6,Logistic,0.9238762043822193,铅钡,1,
393,A7,Logistic,0.8676312028783817,铅钡,1,
393,A8,Logistic,0.9563586992918428,铅钡,1,
394,A1,Logistic,0.34555066856273514,高钾,1,
394,A2,Logistic,0.8418854433323603,铅钡,1,
394,A3,Logistic,0.6289217295724661,铅钡,1,
394,A4,Logistic,0.7857579932373597,铅钡,1,
394,A5,Logistic,0.5609535545392708,铅钡,1,
394,A6,Logistic,0.9561128895629837,铅钡,1,
394,A7,Logistic,0.9152479752682624,铅钡,1,
394,A8,Logistic,0.988409620654075,铅钡,1,
395,A1,Logistic,0.48742210343364795,高钾,1,
395,A2,Logistic,0.7227659589644064,铅钡,1,
395,A3,Logistic,0.547673781004629,铅钡,1,
395,A4,Logistic,0.6554767092502563,铅钡,1,
395,A5,Logistic,0.4470522484698396,高钾,1,
395,A6,Logistic,0.8460986646760447,铅钡,1,
395,A7,Logistic,0.7760924127617619,铅钡,1,
395,A8,Logistic,0.9331687671253127,铅钡,1,
396,A1,Logistic,0.7022959387567095,铅钡,1,
396,A2,Logistic,0.7003808521686,铅钡,1,
396,A3,Logistic,0.5838745710763911,铅钡,1,
396,A4,Logistic,0.7119070705748672,铅钡,1,
396,A5,Logistic,0.6468258794509386,铅钡,1,
396,A6,Logistic,0.8616841353640506,铅钡,1,
396,A7,Logistic,0.8106125624315762,铅钡,1,
396,A8,Logistic,0.9323636305660643,铅钡,1,
397,A1,Logistic,0.3710993298181393,高钾,1,
397,A2,Logistic,0.7983435249802636,铅钡,1,
397,A3,Logistic,0.6775175189227464,铅钡,1,
397,A4,Logistic,0.6722352872991193,铅钡,1,
397,A5,Logistic,0.3036364874380289,高钾,1,
397,A6,Logistic,0.8754624792710131,铅钡,1,
397,A7,Logistic,0.7701063469062697,铅钡,1,
397,A8,Logistic,0.8938881962712213,铅钡,1,
398,A1,Logistic,0.2429967659139363,高钾,1,
398,A2,Logistic,0.8169873257800818,铅钡,1,
398,A3,Logistic,0.5906918638753346,铅钡,1,
398,A4,Logistic,0.7350060986790133,铅钡,1,
398,A5,Logistic,0.42915938717370006,高钾,1,
398,A6,Logistic,0.9408294304051272,铅钡,1,
398,A7,Logistic,0.862369527112581,铅钡,1,
398,A8,Logistic,0.982126075959289,铅钡,1,
399,A1,Logistic,0.45059258678037417,高钾,1,
399,A2,Logistic,0.8232442008929073,铅钡,1,
399,A3,Logistic,0.7394709417739765,铅钡,1,
399,A4,Logistic,0.7705330201479358,铅钡,1,
399,A5,Logistic,0.5531816903144888,铅钡,1,
399,A6,Logistic,0.8796323798848832,铅钡,1,
399,A7,Logistic,0.8107693662618632,铅钡,1,
399,A8,Logistic,0.9324113141499496,铅钡,1,
400,A1,Logistic,0.33922981802717966,高钾,1,
400,A2,Logistic,0.7789880514146004,铅钡,1,
400,A3,Logistic,0.6494102675987892,铅钡,1,
400,A4,Logistic,0.7435863833082137,铅钡,1,
400,A5,Logistic,0.6029000276606227,铅钡,1,
400,A6,Logistic,0.8937746410273285,铅钡,1,
400,A7,Logistic,0.834029580274312,铅钡,1,
400,A8,Logistic,0.9445878026855692,铅钡,1,
401,A1,Logistic,0.3456136394159201,高钾,1,
401,A2,Logistic,0.8783318380728625,铅钡,1,
401,A3,Logistic,0.791483206465575,铅钡,1,
401,A4,Logistic,0.7465687373154634,铅钡,1,
401,A5,Logistic,0.24585117509795756,高钾,1,
401,A6,Logistic,0.9147023967365848,铅钡,1,
401,A7,Logistic,0.8093258776835803,铅钡,1,
401,A8,Logistic,0.9372034911719528,铅钡,1,
402,A1,Logistic,0.08741456111860385,高钾,1,
402,A2,Logistic,0.7958749555895529,铅钡,1,
402,A3,Logistic,0.611875645787071,铅钡,1,
402,A4,Logistic,0.7275347880887952,铅钡,1,
402,A5,Logistic,0.5990690900962431,铅钡,1,
402,A6,Logistic,0.9188081097851162,铅钡,1,
402,A7,Logistic,0.867280274673904,铅钡,1,
402,A8,Logistic,0.9496542182094696,铅钡,1,
403,A1,Logistic,0.21119143795230597,高钾,1,
403,A2,Logistic,0.7869580139926361,铅钡,1,
403,A3,Logistic,0.5834806983948603,铅钡,1,
403,A4,Logistic,0.7182896736255395,铅钡,1,
403,A5,Logistic,0.39909097301949753,高钾,1,
403,A6,Logistic,0.9372865670175768,铅钡,1,
403,A7,Logistic,0.8535106820387162,铅钡,1,
403,A8,Logistic,0.9773048172792329,铅钡,1,
404,A1,Logistic,0.5460041857076698,铅钡,1,
404,A2,Logistic,0.7261152533851919,铅钡,1,
404,A3,Logistic,0.5773130605855961,铅钡,1,
404,A4,Logistic,0.6333336947487186,铅钡,1,
404,A5,Logistic,0.2922456761367094,高钾,1,
404,A6,Logistic,0.8509443959981908,铅钡,1,
404,A7,Logistic,0.7410754309770771,铅钡,1,
404,A8,Logistic,0.9183873029350594,铅钡,1,
405,A1,Logistic,0.3529143850328045,高钾,1,
405,A2,Logistic,0.8102377452475726,铅钡,1,
405,A3,Logistic,0.7100530306452059,铅钡,1,
405,A4,Logistic,0.7731478895130891,铅钡,1,
405,A5,Logistic,0.5424400107515891,铅钡,1,
405,A6,Logistic,0.9169792037165713,铅钡,1,
405,A7,Logistic,0.8495143476955921,铅钡,1,
405,A8,Logistic,0.9596471448595881,铅钡,1,
406,A1,Logistic,0.21978327495493452,高钾,1,
406,A2,Logistic,0.9004774985804834,铅钡,1,
406,A3,Logistic,0.7626813122006286,铅钡,1,
406,A4,Logistic,0.8073038440219041,铅钡,1,
406,A5,Logistic,0.40343381725944755,高钾,1,
406,A6,Logistic,0.9514554426487972,铅钡,1,
406,A7,Logistic,0.883499465507939,铅钡,1,
406,A8,Logistic,0.9826406337635505,铅钡,1,
407,A1,Logistic,0.40715167381601153,高钾,1,
407,A2,Logistic,0.8110234358115235,铅钡,1,
407,A3,Logistic,0.6326636205557898,铅钡,1,
407,A4,Logistic,0.724746444042216,铅钡,1,
407,A5,Logistic,0.5306462769817292,铅钡,1,
407,A6,Logistic,0.9204642450877452,铅钡,1,
407,A7,Logistic,0.8645186905657226,铅钡,1,
407,A8,Logistic,0.9446053612364822,铅钡,1,
408,A1,Logistic,0.33444555277057597,高钾,1,
408,A2,Logistic,0.6982639070118155,铅钡,1,
408,A3,Logistic,0.5644870017877267,铅钡,1,
408,A4,Logistic,0.6191273269357273,铅钡,1,
408,A5,Logistic,0.3461048036548234,高钾,1,
408,A6,Logistic,0.7983414668521779,铅钡,1,
408,A7,Logistic,0.6719200388046221,铅钡,1,
408,A8,Logistic,0.8969117591587458,铅钡,1,
409,A1,Logistic,0.099919835650115,高钾,1,
409,A2,Logistic,0.7829971466469465,铅钡,1,
409,A3,Logistic,0.6450569749400218,铅钡,1,
409,A4,Logistic,0.6021331438097168,铅钡,1,
409,A5,Logistic,0.1624601812883414,高钾,1,
409,A6,Logistic,0.8531011213034145,铅钡,1,
409,A7,Logistic,0.6981585113147235,铅钡,1,
409,A8,Logistic,0.8766370582120786,铅钡,1,
410,A1,Logistic,0.08528778443167732,高钾,1,
410,A2,Logistic,0.8693430103678463,铅钡,1,
410,A3,Logistic,0.796017465607614,铅钡,1,
410,A4,Logistic,0.7727345164929312,铅钡,1,
410,A5,Logistic,0.3898082176809264,高钾,1,
410,A6,Logistic,0.9084125603683567,铅钡,1,
410,A7,Logistic,0.8223339530199226,铅钡,1,
410,A8,Logistic,0.9276759789490107,铅钡,1,
411,A1,Logistic,0.37137779146082533,高钾,1,
411,A2,Logistic,0.8019562066918816,铅钡,1,
411,A3,Logistic,0.6212863142736089,铅钡,1,
411,A4,Logistic,0.7191225299128328,铅钡,1,
411,A5,Logistic,0.43716356085821895,高钾,1,
411,A6,Logistic,0.9259281247247907,铅钡,1,
411,A7,Logistic,0.8528534846852941,铅钡,1,
411,A8,Logistic,0.9621285766784566,铅钡,1,
412,A1,Logistic,0.25189741401863647,高钾,1,
412,A2,Logistic,0.7361512759826804,铅钡,1,
412,A3,Logistic,0.5899005782721991,铅钡,1,
412,A4,Logistic,0.6080249153278567,铅钡,1,
412,A5,Logistic,0.26584456653755917,高钾,1,
412,A6,Logistic,0.8338485746369103,铅钡,1,
412,A7,Logistic,0.7106642905770577,铅钡,1,
412,A8,Logistic,0.8818881105077228,铅钡,1,
413,A1,Logistic,0.07522298153043186,高钾,1,
413,A2,Logistic,0.8300228749134633,铅钡,1,
413,A3,Logistic,0.6812414625393318,铅钡,1,
413,A4,Logistic,0.8205459041848573,铅钡,1,
413,A5,Logistic,0.704121107920681,铅钡,1,
413,A6,Logistic,0.943485991019391,铅钡,1,
413,A7,Logistic,0.9020568229778086,铅钡,1,
413,A8,Logistic,0.9826080471501053,铅钡,1,
414,A1,Logistic,0.3263040216859333,高钾,1,
414,A2,Logistic,0.811071016852535,铅钡,1,
414,A3,Logistic,0.7296639468249283,铅钡,1,
414,A4,Logistic,0.6806373893087484,铅钡,1,
414,A5,Logistic,0.30648125032583134,高钾,1,
414,A6,Logistic,0.8128118468008103,铅钡,1,
414,A7,Logistic,0.6952901873412811,铅钡,1,
414,A8,Logistic,0.8478891718212158,铅钡,1,
415,A1,Logistic,0.31043353140017443,高钾,1,
415,A2,Logistic,0.8297225447312249,铅钡,1,
415,A3,Logistic,0.6507633739931965,铅钡,1,
415,A4,Logistic,0.7615205206077547,铅钡,1,
415,A5,Logistic,0.552534718061693,铅钡,1,
415,A6,Logistic,0.934613342640058,铅钡,1,
415,A7,Logistic,0.8727803695578963,铅钡,1,
415,A8,Logistic,0.971489904539964,铅钡,1,
416,A1,Logistic,0.2674875081441105,高钾,1,
416,A2,Logistic,0.7913671337119997,铅钡,1,
416,A3,Logistic,0.6334627714767974,铅钡,1,
416,A4,Logistic,0.6843071761328253,铅钡,1,
416,A5,Logistic,0.3687253318729468,高钾,1,
416,A6,Logistic,0.866451875128562,铅钡,1,
416,A7,Logistic,0.7782226605630262,铅钡,1,
416,A8,Logistic,0.9372168750269628,铅钡,1,
417,A1,Logistic,0.1403576866022027,高钾,1,
417,A2,Logistic,0.8755663598676146,铅钡,1,
417,A3,Logistic,0.6752210848363782,铅钡,1,
417,A4,Logistic,0.7576415960263874,铅钡,1,
417,A5,Logistic,0.3106650106281942,高钾,1,
417,A6,Logistic,0.9635723950591171,铅钡,1,
417,A7,Logistic,0.8982437992571871,铅钡,1,
417,A8,Logistic,0.98249793059316,铅钡,1,
418,A1,Logistic,0.35192290260301623,高钾,1,
418,A2,Logistic,0.73956316196381,铅钡,1,
418,A3,Logistic,0.6154652692749703,铅钡,1,
418,A4,Logistic,0.6768935604982778,铅钡,1,
418,A5,Logistic,0.4365513360048267,高钾,1,
418,A6,Logistic,0.8598727529093547,铅钡,1,
418,A7,Logistic,0.7711173676386112,铅钡,1,
418,A8,Logistic,0.9186962733638324,铅钡,1,
419,A1,Logistic,0.6184155845736633,铅钡,1,
419,A2,Logistic,0.8040018039457052,铅钡,1,
419,A3,Logistic,0.7139950014162437,铅钡,1,
419,A4,Logistic,0.7240287034540993,铅钡,1,
419,A5,Logistic,0.43308334849600555,高钾,1,
419,A6,Logistic,0.8698113870878269,铅钡,1,
419,A7,Logistic,0.779410470165475,铅钡,1,
419,A8,Logistic,0.9177717407002618,铅钡,1,
420,A1,Logistic,0.3139414192418653,高钾,1,
420,A2,Logistic,0.7849313514616002,铅钡,1,
420,A3,Logistic,0.7368664574402136,铅钡,1,
420,A4,Logistic,0.6333173305384561,铅钡,1,
420,A5,Logistic,0.15777180184982567,高钾,1,
420,A6,Logistic,0.79452511016501,铅钡,1,
420,A7,Logistic,0.6197572340865667,铅钡,1,
420,A8,Logistic,0.8299171137315798,铅钡,1,
421,A1,Logistic,0.561310757389766,铅钡,1,
421,A2,Logistic,0.6741813465000032,铅钡,1,
421,A3,Logistic,0.6165449984126357,铅钡,1,
421,A4,Logistic,0.6570935472308866,铅钡,1,
421,A5,Logistic,0.5397551415904028,铅钡,1,
421,A6,Logistic,0.7687550472697248,铅钡,1,
421,A7,Logistic,0.7082502444092186,铅钡,1,
421,A8,Logistic,0.8264550969714778,铅钡,1,
422,A1,Logistic,0.060889129894366754,高钾,1,
422,A2,Logistic,0.842580640801876,铅钡,1,
422,A3,Logistic,0.7481506313472039,铅钡,1,
422,A4,Logistic,0.7409282398825097,铅钡,1,
422,A5,Logistic,0.40833655170576694,高钾,1,
422,A6,Logistic,0.872063616348843,铅钡,1,
422,A7,Logistic,0.7738126183244006,铅钡,1,
422,A8,Logistic,0.9226348019673819,铅钡,1,
423,A1,Logistic,0.6625314946633544,铅钡,1,
423,A2,Logistic,0.7648637786451671,铅钡,1,
423,A3,Logistic,0.6215250705011635,铅钡,1,
423,A4,Logistic,0.760159773985529,铅钡,1,
423,A5,Logistic,0.5825954328551425,铅钡,1,
423,A6,Logistic,0.9180823913254732,铅钡,1,
423,A7,Logistic,0.8509519345088865,铅钡,1,
423,A8,Logistic,0.973783357395498,铅钡,1,
424,A1,Logistic,0.40236957385332417,高钾,1,
424,A2,Logistic,0.8371593312001302,铅钡,1,
424,A3,Logistic,0.6841980885209844,铅钡,1,
424,A4,Logistic,0.7832128671795242,铅钡,1,
424,A5,Logistic,0.5850873428181201,铅钡,1,
424,A6,Logistic,0.9396166737124128,铅钡,1,
424,A7,Logistic,0.8879759256808661,铅钡,1,
424,A8,Logistic,0.9712153956315389,铅钡,1,
425,A1,Logistic,0.4442957786588145,高钾,1,
425,A2,Logistic,0.7463839822471882,铅钡,1,
425,A3,Logistic,0.5666837312979464,铅钡,1,
425,A4,Logistic,0.6794874584493756,铅钡,1,
425,A5,Logistic,0.49293336450215175,高钾,1,
425,A6,Logistic,0.8904483809635403,铅钡,1,
425,A7,Logistic,0.8157348209782476,铅钡,1,
425,A8,Logistic,0.940485650629969,铅钡,1,
426,A1,Logistic,0.5282175401328897,铅钡,1,
426,A2,Logistic,0.6682321525654763,铅钡,1,
426,A3,Logistic,0.5034109246841981,铅钡,1,
426,A4,Logistic,0.6764830888702955,铅钡,1,
426,A5,Logistic,0.6195130712773627,铅钡,1,
426,A6,Logistic,0.8684247459206519,铅钡,1,
426,A7,Logistic,0.8109264329001079,铅钡,1,
426,A8,Logistic,0.9498509108797011,铅钡,1,
427,A1,Logistic,0.5458175634311229,铅钡,1,
427,A2,Logistic,0.739813330177209,铅钡,1,
427,A3,Logistic,0.46409685600220285,高钾,1,
427,A4,Logistic,0.7262219218310453,铅钡,1,
427,A5,Logistic,0.7085285505461638,铅钡,1,
427,A6,Logistic,0.9401763404804517,铅钡,1,
427,A7,Logistic,0.8876957973061308,铅钡,1,
427,A8,Logistic,0.9889586918607562,铅钡,1,
428,A1,Logistic,0.6766788262954014,铅钡,1,
428,A2,Logistic,0.8518266326224325,铅钡,1,
428,A3,Logistic,0.5659514002447424,铅钡,1,
428,A4,Logistic,0.8289211581526692,铅钡,1,
428,A5,Logistic,0.7606519814208554,铅钡,1,
428,A6,Logistic,0.9776405209629012,铅钡,1,
428,A7,Logistic,0.9477867667039795,铅钡,1,
428,A8,Logistic,0.997715365067349,铅钡,1,
429,A1,Logistic,0.49448760863859725,高钾,1,
429,A2,Logistic,0.731614417363973,铅钡,1,
429,A3,Logistic,0.609158905088154,铅钡,1,
429,A4,Logistic,0.6518965724780773,铅钡,1,
429,A5,Logistic,0.3753162681830997,高钾,1,
429,A6,Logistic,0.8390566533633663,铅钡,1,
429,A7,Logistic,0.7426929046370863,铅钡,1,
429,A8,Logistic,0.8985091652724594,铅钡,1,
430,A1,Logistic,0.3006854275187498,高钾,1,
430,A2,Logistic,0.8694504649059069,铅钡,1,
430,A3,Logistic,0.8030383248817401,铅钡,1,
430,A4,Logistic,0.669128422670707,铅钡,1,
430,A5,Logistic,0.13494612096222522,高钾,1,
430,A6,Logistic,0.8448154183408885,铅钡,1,
430,A7,Logistic,0.6797716024375818,铅钡,1,
430,A8,Logistic,0.8254430370482176,铅钡,1,
431,A1,Logistic,0.1637615391063677,高钾,1,
431,A2,Logistic,0.9110656665348823,铅钡,1,
431,A3,Logistic,0.8221398632929792,铅钡,1,
431,A4,Logistic,0.8238375218998599,铅钡,1,
431,A5,Logistic,0.1882835731891057,高钾,1,
431,A6,Logistic,0.9712595311955697,铅钡,1,
431,A7,Logistic,0.8852808381072226,铅钡,1,
431,A8,Logistic,0.9879677432376802,铅钡,1,
432,A1,Logistic,0.41081128450991816,高钾,1,
432,A2,Logistic,0.8721563931474205,铅钡,1,
432,A3,Logistic,0.8104529520544406,铅钡,1,
432,A4,Logistic,0.6790032845412313,铅钡,1,
432,A5,Logistic,0.12193616450654705,高钾,1,
432,A6,Logistic,0.8521447208140823,铅钡,1,
432,A7,Logistic,0.6764889958955732,铅钡,1,
432,A8,Logistic,0.8511145005073466,铅钡,1,
433,A1,Logistic,0.29811338748085137,高钾,1,
433,A2,Logistic,0.8894223159784269,铅钡,1,
433,A3,Logistic,0.6481536052030077,铅钡,1,
433,A4,Logistic,0.820137051762979,铅钡,1,
433,A5,Logistic,0.6065520580166208,铅钡,1,
433,A6,Logistic,0.9705517490063569,铅钡,1,
433,A7,Logistic,0.9393593347086374,铅钡,1,
433,A8,Logistic,0.9936275709479231,铅钡,1,
434,A1,Logistic,0.4920153458316875,高钾,1,
434,A2,Logistic,0.8827579655247986,铅钡,1,
434,A3,Logistic,0.8201581663991577,铅钡,1,
434,A4,Logistic,0.6997106107112468,铅钡,1,
434,A5,Logistic,0.17139779792271903,高钾,1,
434,A6,Logistic,0.8611618013701964,铅钡,1,
434,A7,Logistic,0.7182578147302249,铅钡,1,
434,A8,Logistic,0.8360583641997488,铅钡,1,
435,A1,Logistic,0.673647974374582,铅钡,1,
435,A2,Logistic,0.7631572996721275,铅钡,1,
435,A3,Logistic,0.5970438657393838,铅钡,1,
435,A4,Logistic,0.7696114558747383,铅钡,1,
435,A5,Logistic,0.6586416505793147,铅钡,1,
435,A6,Logistic,0.9323382720496904,铅钡,1,
435,A7,Logistic,0.8772349315321484,铅钡,1,
435,A8,Logistic,0.9777185850477378,铅钡,1,
436,A1,Logistic,0.4081771628024024,高钾,1,
436,A2,Logistic,0.800139629721703,铅钡,1,
436,A3,Logistic,0.6747401797297965,铅钡,1,
436,A4,Logistic,0.7433327807097339,铅钡,1,
436,A5,Logistic,0.5636743429953444,铅钡,1,
436,A6,Logistic,0.8888022232707498,铅钡,1,
436,A7,Logistic,0.8284031326678114,铅钡,1,
436,A8,Logistic,0.9285544600785334,铅钡,1,
437,A1,Logistic,0.40031227791150026,高钾,1,
437,A2,Logistic,0.7902912291300963,铅钡,1,
437,A3,Logistic,0.5590976526240468,铅钡,1,
437,A4,Logistic,0.7577980492788351,铅钡,1,
437,A5,Logistic,0.6542077971392659,铅钡,1,
437,A6,Logistic,0.9403913143716617,铅钡,1,
437,A7,Logistic,0.891024968294337,铅钡,1,
437,A8,Logistic,0.9812306511125439,铅钡,1,
438,A1,Logistic,0.466326254126896,高钾,1,
438,A2,Logistic,0.8858160395143501,铅钡,1,
438,A3,Logistic,0.7639184853241586,铅钡,1,
438,A4,Logistic,0.7583834159379604,铅钡,1,
438,A5,Logistic,0.39438805947726796,高钾,1,
438,A6,Logistic,0.9274488738161065,铅钡,1,
438,A7,Logistic,0.8590496702821977,铅钡,1,
438,A8,Logistic,0.9386177816827381,铅钡,1,
439,A1,Logistic,0.28547170814283135,高钾,1,
439,A2,Logistic,0.738038422567572,铅钡,1,
439,A3,Logistic,0.5969826293546556,铅钡,1,
439,A4,Logistic,0.676015860580133,铅钡,1,
439,A5,Logistic,0.4563895694325349,高钾,1,
439,A6,Logistic,0.853918307404089,铅钡,1,
439,A7,Logistic,0.7855758336994116,铅钡,1,
439,A8,Logistic,0.9219080307746298,铅钡,1,
440,A1,Logistic,0.3439049423949472,高钾,1,
440,A2,Logistic,0.8610855489502417,铅钡,1,
440,A3,Logistic,0.7039947890135979,铅钡,1,
440,A4,Logistic,0.8356437772566069,铅钡,1,
440,A5,Logistic,0.7020078725862408,铅钡,1,
440,A6,Logistic,0.9639869535825927,铅钡,1,
440,A7,Logistic,0.9280833443317099,铅钡,1,
440,A8,Logistic,0.9873463996814362,铅钡,1,
441,A1,Logistic,0.33810123444414447,高钾,1,
441,A2,Logistic,0.8509841889298273,铅钡,1,
441,A3,Logistic,0.6696261506564353,铅钡,1,
441,A4,Logistic,0.7834104047678052,铅钡,1,
441,A5,Logistic,0.3027160838564411,高钾,1,
441,A6,Logistic,0.9471861697256647,铅钡,1,
441,A7,Logistic,0.8352704761322114,铅钡,1,
441,A8,Logistic,0.9924426401827569,铅钡,1,
442,A1,Logistic,0.28846454208305783,高钾,1,
442,A2,Logistic,0.8077395145667203,铅钡,1,
442,A3,Logistic,0.6350504013215722,铅钡,1,
442,A4,Logistic,0.74948104381144,铅钡,1,
442,A5,Logistic,0.5319235155641286,铅钡,1,
442,A6,Logistic,0.9294794661416333,铅钡,1,
442,A7,Logistic,0.8683726138078034,铅钡,1,
442,A8,Logistic,0.968534552513804,铅钡,1,
443,A1,Logistic,0.3997050810609563,高钾,1,
443,A2,Logistic,0.7873323113617188,铅钡,1,
443,A3,Logistic,0.6172291661669123,铅钡,1,
443,A4,Logistic,0.6375512486327594,铅钡,1,
443,A5,Logistic,0.3082209982148364,高钾,1,
443,A6,Logistic,0.8482976713936268,铅钡,1,
443,A7,Logistic,0.7295301098861825,铅钡,1,
443,A8,Logistic,0.9055922387033883,铅钡,1,
444,A1,Logistic,0.7948005640124494,铅钡,1,
444,A2,Logistic,0.8756710839372457,铅钡,1,
444,A3,Logistic,0.7973327215347211,铅钡,1,
444,A4,Logistic,0.8225159866176619,铅钡,1,
444,A5,Logistic,0.5962669914657835,铅钡,1,
444,A6,Logistic,0.9295287654121519,铅钡,1,
444,A7,Logistic,0.8777394394186371,铅钡,1,
444,A8,Logistic,0.953286903106725,铅钡,1,
445,A1,Logistic,0.07131080669352327,高钾,1,
445,A2,Logistic,0.9448178822823559,铅钡,1,
445,A3,Logistic,0.8510501176675964,铅钡,1,
445,A4,Logistic,0.9287376592042319,铅钡,1,
445,A5,Logistic,0.8034852200965592,铅钡,1,
445,A6,Logistic,0.9865749062146065,铅钡,1,
445,A7,Logistic,0.9668682768819206,铅钡,1,
445,A8,Logistic,0.9969400772027928,铅钡,1,
446,A1,Logistic,0.3646122742151547,高钾,1,
446,A2,Logistic,0.8058018801388388,铅钡,1,
446,A3,Logistic,0.665419535197454,铅钡,1,
446,A4,Logistic,0.7226435321019448,铅钡,1,
446,A5,Logistic,0.5102850004396565,铅钡,1,
446,A6,Logistic,0.8958405160763719,铅钡,1,
446,A7,Logistic,0.8304211928547113,铅钡,1,
446,A8,Logistic,0.9285145859729301,铅钡,1,
447,A1,Logistic,0.4078053891140644,高钾,1,
447,A2,Logistic,0.7687036667516214,铅钡,1,
447,A3,Logistic,0.6083926868739904,铅钡,1,
447,A4,Logistic,0.6880428541635998,铅钡,1,
447,A5,Logistic,0.45780556658237287,高钾,1,
447,A6,Logistic,0.8825461076602051,铅钡,1,
447,A7,Logistic,0.8098191595137616,铅钡,1,
447,A8,Logistic,0.9336963939946835,铅钡,1,
448,A1,Logistic,0.2669215471366431,高钾,1,
448,A2,Logistic,0.8015390939718521,铅钡,1,
448,A3,Logistic,0.7381846271364761,铅钡,1,
448,A4,Logistic,0.5923123012505537,铅钡,1,
448,A5,Logistic,0.14927893848926094,高钾,1,
448,A6,Logistic,0.722652773729803,铅钡,1,
448,A7,Logistic,0.5489272300433696,铅钡,1,
448,A8,Logistic,0.7058639187662219,铅钡,1,
449,A1,Logistic,0.6371957663759056,铅钡,1,
449,A2,Logistic,0.7805562911374183,铅钡,1,
449,A3,Logistic,0.6310787575205095,铅钡,1,
449,A4,Logistic,0.7847075374566207,铅钡,1,
449,A5,Logistic,0.6943342404445975,铅钡,1,
449,A6,Logistic,0.9185932881492676,铅钡,1,
449,A7,Logistic,0.8666426741867785,铅钡,1,
449,A8,Logistic,0.9745607520966906,铅钡,1,
450,A1,Logistic,0.09198672511669516,高钾,1,
450,A2,Logistic,0.8379653866139268,铅钡,1,
450,A3,Logistic,0.7397675906502822,铅钡,1,
450,A4,Logistic,0.7324302794510076,铅钡,1,
450,A5,Logistic,0.3881448145108735,高钾,1,
450,A6,Logistic,0.8756978238036598,铅钡,1,
450,A7,Logistic,0.7811796777774659,铅钡,1,
450,A8,Logistic,0.9181789759919771,铅钡,1,
451,A1,Logistic,0.111072770026383,高钾,1,
451,A2,Logistic,0.8869946692942634,铅钡,1,
451,A3,Logistic,0.7824737074493558,铅钡,1,
451,A4,Logistic,0.8036143030625292,铅钡,1,
451,A5,Logistic,0.5262250869415028,铅钡,1,
451,A6,Logistic,0.9233625744101362,铅钡,1,
451,A7,Logistic,0.863584381055127,铅钡,1,
451,A8,Logistic,0.9561476587900137,铅钡,1,
452,A1,Logistic,0.5135205639988765,铅钡,1,
452,A2,Logistic,0.7691653436521622,铅钡,1,
452,A3,Logistic,0.5923736215152882,铅钡,1,
452,A4,Logistic,0.6524785299618366,铅钡,1,
452,A5,Logistic,0.41758076609012384,高钾,1,
452,A6,Logistic,0.8778274602657474,铅钡,1,
452,A7,Logistic,0.8087108187464925,铅钡,1,
452,A8,Logistic,0.9027009025575808,铅钡,1,
453,A1,Logistic,0.25255850886384196,高钾,1,
453,A2,Logistic,0.7823834788438417,铅钡,1,
453,A3,Logistic,0.6511324195909228,铅钡,1,
453,A4,Logistic,0.7167765266995678,铅钡,1,
453,A5,Logistic,0.46894261155106803,高钾,1,
453,A6,Logistic,0.8736740739519312,铅钡,1,
453,A7,Logistic,0.7895886682941844,铅钡,1,
453,A8,Logistic,0.9421664267323402,铅钡,1,
454,A1,Logistic,0.2690220854163548,高钾,1,
454,A2,Logistic,0.7833695823813034,铅钡,1,
454,A3,Logistic,0.536406668627008,铅钡,1,
454,A4,Logistic,0.7150859190256054,铅钡,1,
454,A5,Logistic,0.4471395188673952,高钾,1,
454,A6,Logistic,0.9348942105036985,铅钡,1,
454,A7,Logistic,0.8769569756113099,铅钡,1,
454,A8,Logistic,0.9766421603200736,铅钡,1,
455,A1,Logistic,0.4606152700594543,高钾,1,
455,A2,Logistic,0.7955828729653521,铅钡,1,
455,A3,Logistic,0.7325113515944842,铅钡,1,
455,A4,Logistic,0.7018963395666833,铅钡,1,
455,A5,Logistic,0.44515008335788964,高钾,1,
455,A6,Logistic,0.8160093267446638,铅钡,1,
455,A7,Logistic,0.7374313100316666,铅钡,1,
455,A8,Logistic,0.8257885156167767,铅钡,1,
456,A1,Logistic,0.16820199449625203,高钾,1,
456,A2,Logistic,0.8288068582473839,铅钡,1,
456,A3,Logistic,0.628062650177742,铅钡,1,
456,A4,Logistic,0.7461239119396184,铅钡,1,
456,A5,Logistic,0.4678274773326633,高钾,1,
456,A6,Logistic,0.9456068114863192,铅钡,1,
456,A7,Logistic,0.8847429384146814,铅钡,1,
456,A8,Logistic,0.9722722727789391,铅钡,1,
457,A1,Logistic,0.31641499280325447,高钾,1,
457,A2,Logistic,0.8941216535644212,铅钡,1,
457,A3,Logistic,0.7194365799395781,铅钡,1,
457,A4,Logistic,0.7896516149215725,铅钡,1,
457,A5,Logistic,0.3919986345454616,高钾,1,
457,A6,Logistic,0.9645244931704816,铅钡,1,
457,A7,Logistic,0.8974043302044645,铅钡,1,
457,A8,Logistic,0.9895482377743212,铅钡,1,
458,A1,Logistic,0.31334100015988997,高钾,1,
458,A2,Logistic,0.7523213880189074,铅钡,1,
458,A3,Logistic,0.6311257591746633,铅钡,1,
458,A4,Logistic,0.6952830337037111,铅钡,1,
458,A5,Logistic,0.4544673230032477,高钾,1,
458,A6,Logistic,0.8719656012855925,铅钡,1,
458,A7,Logistic,0.7838182669471058,铅钡,1,
458,A8,Logistic,0.9313733008307867,铅钡,1,
459,A1,Logistic,0.2750013392856956,高钾,1,
459,A2,Logistic,0.8152519207780758,铅钡,1,
459,A3,Logistic,0.6719831792877139,铅钡,1,
459,A4,Logistic,0.7073243240778697,铅钡,1,
459,A5,Logistic,0.4064339703556441,高钾,1,
459,A6,Logistic,0.8953861476244559,铅钡,1,
459,A7,Logistic,0.8157490657479447,铅钡,1,
459,A8,Logistic,0.9299754989802419,铅钡,1,
460,A1,Logistic,0.4230243862625114,高钾,1,
460,A2,Logistic,0.741282482159578,铅钡,1,
460,A3,Logistic,0.6157283827073294,铅钡,1,
460,A4,Logistic,0.6862933793972501,铅钡,1,
460,A5,Logistic,0.5216303591230583,铅钡,1,
460,A6,Logistic,0.8559303355372611,铅钡,1,
460,A7,Logistic,0.7888032810038341,铅钡,1,
460,A8,Logistic,0.9038230339636918,铅钡,1,
461,A1,Logistic,0.5297298168146422,铅钡,1,
461,A2,Logistic,0.7292058729568067,铅钡,1,
461,A3,Logistic,0.48385877117229736,高钾,1,
461,A4,Logistic,0.7270004229213299,铅钡,1,
461,A5,Logistic,0.6725338854568809,铅钡,1,
461,A6,Logistic,0.9239844083534832,铅钡,1,
461,A7,Logistic,0.8774092413229068,铅钡,1,
461,A8,Logistic,0.9803574606888976,铅钡,1,
462,A1,Logistic,0.23183684453948322,高钾,1,
462,A2,Logistic,0.8667308271276929,铅钡,1,
462,A3,Logistic,0.6914936325390042,铅钡,1,
462,A4,Logistic,0.8088829985524812,铅钡,1,
462,A5,Logistic,0.53374347692563,铅钡,1,
462,A6,Logistic,0.9575618183195428,铅钡,1,
462,A7,Logistic,0.91039288593611,铅钡,1,
462,A8,Logistic,0.985397014094332,铅钡,1,
463,A1,Logistic,0.24186636425773722,高钾,1,
463,A2,Logistic,0.9011047566525732,铅钡,1,
463,A3,Logistic,0.834239126246674,铅钡,1,
463,A4,Logistic,0.8421936480919131,铅钡,1,
463,A5,Logistic,0.5775655527096697,铅钡,1,
463,A6,Logistic,0.9299167096443116,铅钡,1,
463,A7,Logistic,0.8687907235072596,铅钡,1,
463,A8,Logistic,0.9610403234178546,铅钡,1,
464,A1,Logistic,0.08390869248076543,高钾,1,
464,A2,Logistic,0.7923017489799926,铅钡,1,
464,A3,Logistic,0.6790115989125501,铅钡,1,
464,A4,Logistic,0.7089603376103429,铅钡,1,
464,A5,Logistic,0.4350487255394893,高钾,1,
464,A6,Logistic,0.8822893436587949,铅钡,1,
464,A7,Logistic,0.7965923059865951,铅钡,1,
464,A8,Logistic,0.9182504808195168,铅钡,1,
465,A1,Logistic,0.45657495662861824,高钾,1,
465,A2,Logistic,0.8068098886406296,铅钡,1,
465,A3,Logistic,0.7043373982953189,铅钡,1,
465,A4,Logistic,0.7356015883583712,铅钡,1,
465,A5,Logistic,0.4540090570384927,高钾,1,
465,A6,Logistic,0.8877651534373184,铅钡,1,
465,A7,Logistic,0.8033861206208032,铅钡,1,
465,A8,Logistic,0.9300350579639328,铅钡,1,
466,A1,Logistic,0.20522876992536954,高钾,1,
466,A2,Logistic,0.853846753840106,铅钡,1,
466,A3,Logistic,0.7265027749425468,铅钡,1,
466,A4,Logistic,0.6811655159110697,铅钡,1,
466,A5,Logistic,0.17404844031716776,高钾,1,
466,A6,Logistic,0.8684295896633184,铅钡,1,
466,A7,Logistic,0.7154893622065627,铅钡,1,
466,A8,Logistic,0.9288502660815875,铅钡,1,
467,A1,Logistic,0.13458105955475716,高钾,1,
467,A2,Logistic,0.8902487004445231,铅钡,1,
467,A3,Logistic,0.7772213775282404,铅钡,1,
467,A4,Logistic,0.8346456291398636,铅钡,1,
467,A5,Logistic,0.6380059727744223,铅钡,1,
467,A6,Logistic,0.9535605634424,铅钡,1,
467,A7,Logistic,0.912584011660295,铅钡,1,
467,A8,Logistic,0.9733273034284039,铅钡,1,
468,A1,Logistic,0.12238065534193433,高钾,1,
468,A2,Logistic,0.8728323613226342,铅钡,1,
468,A3,Logistic,0.8108423300529162,铅钡,1,
468,A4,Logistic,0.7864631973146095,铅钡,1,
468,A5,Logistic,0.47863463928915406,高钾,1,
468,A6,Logistic,0.8972221408634136,铅钡,1,
468,A7,Logistic,0.8292950001214038,铅钡,1,
468,A8,Logistic,0.9097060769760871,铅钡,1,
469,A1,Logistic,0.5979778084394511,铅钡,1,
469,A2,Logistic,0.8838946380763641,铅钡,1,
469,A3,Logistic,0.7759521208099225,铅钡,1,
469,A4,Logistic,0.8380119698739238,铅钡,1,
469,A5,Logistic,0.7054076982707669,铅钡,1,
469,A6,Logistic,0.9408800364113707,铅钡,1,
469,A7,Logistic,0.9022400118829409,铅钡,1,
469,A8,Logistic,0.9686095203375263,铅钡,1,
470,A1,Logistic,0.3973225537762541,高钾,1,
470,A2,Logistic,0.733969382967228,铅钡,1,
470,A3,Logistic,0.5842388733745196,铅钡,1,
470,A4,Logistic,0.7553764473584347,铅钡,1,
470,A5,Logistic,0.6264655318996126,铅钡,1,
470,A6,Logistic,0.921760367832996,铅钡,1,
470,A7,Logistic,0.8584983192779911,铅钡,1,
470,A8,Logistic,0.9773533092369954,铅钡,1,
471,A1,Logistic,0.2854541871620314,高钾,1,
471,A2,Logistic,0.7273249272118582,铅钡,1,
471,A3,Logistic,0.5763868858697154,铅钡,1,
471,A4,Logistic,0.7088269951712757,铅钡,1,
471,A5,Logistic,0.6096873487695492,铅钡,1,
471,A6,Logistic,0.8753518507150824,铅钡,1,
471,A7,Logistic,0.8064092058207267,铅钡,1,
471,A8,Logistic,0.9501164557768157,铅钡,1,
472,A1,Logistic,0.7060573282274276,铅钡,1,
472,A2,Logistic,0.6207508692719278,铅钡,1,
472,A3,Logistic,0.40400116111078294,高钾,1,
472,A4,Logistic,0.6871820051178769,铅钡,1,
472,A5,Logistic,0.6996699969982686,铅钡,1,
472,A6,Logistic,0.8993899778405718,铅钡,1,
472,A7,Logistic,0.8405331429349208,铅钡,1,
472,A8,Logistic,0.9780309646656764,铅钡,1,
473,A1,Logistic,0.26050402688192126,高钾,1,
473,A2,Logistic,0.9018918494085499,铅钡,1,
473,A3,Logistic,0.7156734156312877,铅钡,1,
473,A4,Logistic,0.8480891693978425,铅钡,1,
473,A5,Logistic,0.6245907541651812,铅钡,1,
473,A6,Logistic,0.9739199980443259,铅钡,1,
473,A7,Logistic,0.9432738527929501,铅钡,1,
473,A8,Logistic,0.990637053839539,铅钡,1,
474,A1,Logistic,0.19300670010621934,高钾,1,
474,A2,Logistic,0.7419450882660685,铅钡,1,
474,A3,Logistic,0.548855866387774,铅钡,1,
474,A4,Logistic,0.7060434735474973,铅钡,1,
474,A5,Logistic,0.5398245487288477,铅钡,1,
474,A6,Logistic,0.8977100623270738,铅钡,1,
474,A7,Logistic,0.8141532407720767,铅钡,1,
474,A8,Logistic,0.968555591281283,铅钡,1,
475,A1,Logistic,0.3040141110178715,高钾,1,
475,A2,Logistic,0.7782234712726815,铅钡,1,
475,A3,Logistic,0.6123853883825209,铅钡,1,
475,A4,Logistic,0.7234013193207827,铅钡,1,
475,A5,Logistic,0.46644958586181623,高钾,1,
475,A6,Logistic,0.920886012571329,铅钡,1,
475,A7,Logistic,0.8421721874058948,铅钡,1,
475,A8,Logistic,0.9645132446779077,铅钡,1,
476,A1,Logistic,0.36890627766400896,高钾,1,
476,A2,Logistic,0.8727287109874178,铅钡,1,
476,A3,Logistic,0.8240785965021921,铅钡,1,
476,A4,Logistic,0.6823819295351637,铅钡,1,
476,A5,Logistic,0.1421643234306983,高钾,1,
476,A6,Logistic,0.8317871198156332,铅钡,1,
476,A7,Logistic,0.6651860331859791,铅钡,1,
476,A8,Logistic,0.802810130786497,铅钡,1,
477,A1,Logistic,0.7022625349549412,铅钡,1,
477,A2,Logistic,0.8575981925008755,铅钡,1,
477,A3,Logistic,0.6910001395287054,铅钡,1,
477,A4,Logistic,0.836022063371351,铅钡,1,
477,A5,Logistic,0.7062449534900844,铅钡,1,
477,A6,Logistic,0.954024863051181,铅钡,1,
477,A7,Logistic,0.9104184843841504,铅钡,1,
477,A8,Logistic,0.9882766319496512,铅钡,1,
478,A1,Logistic,0.24008507927409983,高钾,1,
478,A2,Logistic,0.7363002289065227,铅钡,1,
478,A3,Logistic,0.5793767653296475,铅钡,1,
478,A4,Logistic,0.598456207233841,铅钡,1,
478,A5,Logistic,0.22164699517321063,高钾,1,
478,A6,Logistic,0.817714337167818,铅钡,1,
478,A7,Logistic,0.6719958259320106,铅钡,1,
478,A8,Logistic,0.9052222352578422,铅钡,1,
479,A1,Logistic,0.28159827406756405,高钾,1,
479,A2,Logistic,0.8457678365653328,铅钡,1,
479,A3,Logistic,0.7342971620567499,铅钡,1,
479,A4,Logistic,0.8186471374416922,铅钡,1,
479,A5,Logistic,0.5243518420312321,铅钡,1,
479,A6,Logistic,0.9480292791499144,铅钡,1,
479,A7,Logistic,0.8830575238085785,铅钡,1,
479,A8,Logistic,0.9838372960752078,铅钡,1,
480,A1,Logistic,0.12083379071269505,高钾,1,
480,A2,Logistic,0.901490349762353,铅钡,1,
480,A3,Logistic,0.9100949026293116,铅钡,1,
480,A4,Logistic,0.634231672726223,铅钡,1,
480,A5,Logistic,0.03665560099510549,高钾,1,
480,A6,Logistic,0.7144537069388552,铅钡,1,
480,A7,Logistic,0.4035195434737489,高钾,1,
480,A8,Logistic,0.5400590464916504,铅钡,1,
481,A1,Logistic,0.509950882776448,铅钡,1,
481,A2,Logistic,0.8611185255400714,铅钡,1,
481,A3,Logistic,0.753662485070847,铅钡,1,
481,A4,Logistic,0.7549676737576237,铅钡,1,
481,A5,Logistic,0.4407248475178635,高钾,1,
481,A6,Logistic,0.902522803151748,铅钡,1,
481,A7,Logistic,0.8373120291551363,铅钡,1,
481,A8,Logistic,0.9220849080304412,铅钡,1,
482,A1,Logistic,0.06380885158881804,高钾,1,
482,A2,Logistic,0.9136987493251323,铅钡,1,
482,A3,Logistic,0.8642406529209015,铅钡,1,
482,A4,Logistic,0.6980642700969697,铅钡,1,
482,A5,Logistic,0.09985314294787284,高钾,1,
482,A6,Logistic,0.8506736255110572,铅钡,1,
482,A7,Logistic,0.667777692057152,铅钡,1,
482,A8,Logistic,0.8049576137998691,铅钡,1,
483,A1,Logistic,0.46027630270387054,高钾,1,
483,A2,Logistic,0.8010502488685588,铅钡,1,
483,A3,Logistic,0.728458109145314,铅钡,1,
483,A4,Logistic,0.7085881507017533,铅钡,1,
483,A5,Logistic,0.3284588526697548,高钾,1,
483,A6,Logistic,0.8650632707845576,铅钡,1,
483,A7,Logistic,0.7590056354653963,铅钡,1,
483,A8,Logistic,0.9066139350807989,铅钡,1,
484,A1,Logistic,0.33322633323657874,高钾,1,
484,A2,Logistic,0.7881999655376972,铅钡,1,
484,A3,Logistic,0.6980247000085679,铅钡,1,
484,A4,Logistic,0.7477522269627189,铅钡,1,
484,A5,Logistic,0.574121537014429,铅钡,1,
484,A6,Logistic,0.8767713035485011,铅钡,1,
484,A7,Logistic,0.81183986201125,铅钡,1,
484,A8,Logistic,0.9264511421964153,铅钡,1,
485,A1,Logistic,0.698034675852623,铅钡,1,
485,A2,Logistic,0.7820970050180371,铅钡,1,
485,A3,Logistic,0.4060556808951415,高钾,1,
485,A4,Logistic,0.6720257557597137,铅钡,1,
485,A5,Logistic,0.558605564984484,铅钡,1,
485,A6,Logistic,0.9584970295057013,铅钡,1,
485,A7,Logistic,0.907633229579608,铅钡,1,
485,A8,Logistic,0.9865118347124765,铅钡,1,
486,A1,Logistic,0.4394814068190478,高钾,1,
486,A2,Logistic,0.901340095754426,铅钡,1,
486,A3,Logistic,0.7807529862375315,铅钡,1,
486,A4,Logistic,0.8482751725234059,铅钡,1,
486,A5,Logistic,0.6607996323461098,铅钡,1,
486,A6,Logistic,0.9535674224986492,铅钡,1,
486,A7,Logistic,0.9110407666824593,铅钡,1,
486,A8,Logistic,0.9833924751743666,铅钡,1,
487,A1,Logistic,0.35411108207835046,高钾,1,
487,A2,Logistic,0.777476658643188,铅钡,1,
487,A3,Logistic,0.6049714591832519,铅钡,1,
487,A4,Logistic,0.7037677568248744,铅钡,1,
487,A5,Logistic,0.46052854083129185,高钾,1,
487,A6,Logistic,0.9111491623937547,铅钡,1,
487,A7,Logistic,0.8403585010912622,铅钡,1,
487,A8,Logistic,0.9592865356139979,铅钡,1,
488,A1,Logistic,0.3150620688337035,高钾,1,
488,A2,Logistic,0.8728783161071703,铅钡,1,
488,A3,Logistic,0.7144247213969859,铅钡,1,
488,A4,Logistic,0.7957795373242242,铅钡,1,
488,A5,Logistic,0.3941286019114337,高钾,1,
488,A6,Logistic,0.9597792468186885,铅钡,1,
488,A7,Logistic,0.8907972382189985,铅钡,1,
488,A8,Logistic,0.9830989459012205,铅钡,1,
489,A1,Logistic,0.22987783286823563,高钾,1,
489,A2,Logistic,0.6488415487265958,铅钡,1,
489,A3,Logistic,0.4476984189442306,高钾,1,
489,A4,Logistic,0.6691053221110594,铅钡,1,
489,A5,Logistic,0.6081097501463157,铅钡,1,
489,A6,Logistic,0.9011279202960016,铅钡,1,
489,A7,Logistic,0.8400908839920753,铅钡,1,
489,A8,Logistic,0.9610215376870497,铅钡,1,
490,A1,Logistic,0.29379626909162465,高钾,1,
490,A2,Logistic,0.7563008752912649,铅钡,1,
490,A3,Logistic,0.6356738429290769,铅钡,1,
490,A4,Logistic,0.6838169057495126,铅钡,1,
490,A5,Logistic,0.4509044674943279,高钾,1,
490,A6,Logistic,0.8395104401762759,铅钡,1,
490,A7,Logistic,0.746755557134758,铅钡,1,
490,A8,Logistic,0.9120936736585555,铅钡,1,
491,A1,Logistic,0.3374952439981041,高钾,1,
491,A2,Logistic,0.8128578073480008,铅钡,1,
491,A3,Logistic,0.6578080571804883,铅钡,1,
491,A4,Logistic,0.7796649236862491,铅钡,1,
491,A5,Logistic,0.6643563728814533,铅钡,1,
491,A6,Logistic,0.9290775031676101,铅钡,1,
491,A7,Logistic,0.8838643850414452,铅钡,1,
491,A8,Logistic,0.9705051292892197,铅钡,1,
492,A1,Logistic,0.384642042954149,高钾,1,
492,A2,Logistic,0.7630257195283686,铅钡,1,
492,A3,Logistic,0.6079205346554262,铅钡,1,
492,A4,Logistic,0.7278086490934577,铅钡,1,
492,A5,Logistic,0.5604788076884896,铅钡,1,
492,A6,Logistic,0.9036596028847125,铅钡,1,
492,A7,Logistic,0.8331176728731507,铅钡,1,
492,A8,Logistic,0.9630459939369681,铅钡,1,
493,A1,Logistic,0.4184810274903643,高钾,1,
493,A2,Logistic,0.8298108014327495,铅钡,1,
493,A3,Logistic,0.755624247805838,铅钡,1,
493,A4,Logistic,0.6997026942662028,铅钡,1,
493,A5,Logistic,0.3001449265886399,高钾,1,
493,A6,Logistic,0.846051684021834,铅钡,1,
493,A7,Logistic,0.7319879227556131,铅钡,1,
493,A8,Logistic,0.8651834840712176,铅钡,1,
494,A1,Logistic,0.09512172802672261,高钾,1,
494,A2,Logistic,0.8582918459575901,铅钡,1,
494,A3,Logistic,0.8073587790347411,铅钡,1,
494,A4,Logistic,0.7209216670727631,铅钡,1,
494,A5,Logistic,0.24117745365936782,高钾,1,
494,A6,Logistic,0.8305385542157113,铅钡,1,
494,A7,Logistic,0.6889626772792758,铅钡,1,
494,A8,Logistic,0.8663869775064337,铅钡,1,
495,A1,Logistic,0.40761399179280344,高钾,1,
495,A2,Logistic,0.7461581169926749,铅钡,1,
495,A3,Logistic,0.6174053903062947,铅钡,1,
495,A4,Logistic,0.7309995685050568,铅钡,1,
495,A5,Logistic,0.6033940615321484,铅钡,1,
495,A6,Logistic,0.8680776410928549,铅钡,1,
495,A7,Logistic,0.8057944932558159,铅钡,1,
495,A8,Logistic,0.9468178109511898,铅钡,1,
496,A1,Logistic,0.48121520023104264,高钾,1,
496,A2,Logistic,0.8834645960942176,铅钡,1,
496,A3,Logistic,0.8095680125800236,铅钡,1,
496,A4,Logistic,0.8001629505895729,铅钡,1,
496,A5,Logistic,0.44504503044973026,高钾,1,
496,A6,Logistic,0.9226063313013082,铅钡,1,
496,A7,Logistic,0.8508091409273028,铅钡,1,
496,A8,Logistic,0.9467918343619991,铅钡,1,
497,A1,Logistic,0.42310193793418277,高钾,1,
497,A2,Logistic,0.7140740883404196,铅钡,1,
497,A3,Logistic,0.5810164516707989,铅钡,1,
497,A4,Logistic,0.6632253914463792,铅钡,1,
497,A5,Logistic,0.46461451596824044,高钾,1,
497,A6,Logistic,0.8492648536381958,铅钡,1,
497,A7,Logistic,0.774723819767287,铅钡,1,
497,A8,Logistic,0.9181222012018139,铅钡,1,
498,A1,Logistic,0.3842894825393481,高钾,1,
498,A2,Logistic,0.7518460272267958,铅钡,1,
498,A3,Logistic,0.6205591732261875,铅钡,1,
498,A4,Logistic,0.7159511142505003,铅钡,1,
498,A5,Logistic,0.37733510963511835,高钾,1,
498,A6,Logistic,0.9139495692270794,铅钡,1,
498,A7,Logistic,0.814808123146864,铅钡,1,
498,A8,Logistic,0.9689184204151904,铅钡,1,
499,A1,Logistic,0.27832552896958773,高钾,1,
499,A2,Logistic,0.8509422963853073,铅钡,1,
499,A3,Logistic,0.6645882366942166,铅钡,1,
499,A4,Logistic,0.8208988744783399,铅钡,1,
499,A5,Logistic,0.7112659754640002,铅钡,1,
499,A6,Logistic,0.9642357355144867,铅钡,1,
499,A7,Logistic,0.9325960714877567,铅钡,1,
499,A8,Logistic,0.984711290572876,铅钡,1,
500,A1,Logistic,0.7056631696764989,铅钡,1,
500,A2,Logistic,0.706524927729239,铅钡,1,
500,A3,Logistic,0.5813248075729935,铅钡,1,
500,A4,Logistic,0.7678467738472492,铅钡,1,
500,A5,Logistic,0.7576576868610069,铅钡,1,
500,A6,Logistic,0.9035313294057883,铅钡,1,
500,A7,Logistic,0.864536248161478,铅钡,1,
500,A8,Logistic,0.9618602839755908,铅钡,1,
501,A1,Logistic,0.4914273103590525,高钾,1,
501,A2,Logistic,0.8263366064822625,铅钡,1,
501,A3,Logistic,0.6861373786312672,铅钡,1,
501,A4,Logistic,0.7753679696688147,铅钡,1,
501,A5,Logistic,0.5775068812841259,铅钡,1,
501,A6,Logistic,0.9180928664893614,铅钡,1,
501,A7,Logistic,0.850850578839749,铅钡,1,
501,A8,Logistic,0.9677414579247706,铅钡,1,
502,A1,Logistic,0.6376755831779395,铅钡,1,
502,A2,Logistic,0.7612592226385475,铅钡,1,
502,A3,Logistic,0.5860974414931363,铅钡,1,
502,A4,Logistic,0.7157685763959994,铅钡,1,
502,A5,Logistic,0.6632721038424481,铅钡,1,
502,A6,Logistic,0.9004799072708708,铅钡,1,
502,A7,Logistic,0.8522197209956855,铅钡,1,
502,A8,Logistic,0.9489837457468681,铅钡,1,
503,A1,Logistic,0.26160929005261085,高钾,1,
503,A2,Logistic,0.7729358391831247,铅钡,1,
503,A3,Logistic,0.5977681183919755,铅钡,1,
503,A4,Logistic,0.7188389372033192,铅钡,1,
503,A5,Logistic,0.48308254828329034,高钾,1,
503,A6,Logistic,0.9133457434572774,铅钡,1,
503,A7,Logistic,0.8449972976795571,铅钡,1,
503,A8,Logistic,0.9620086723091422,铅钡,1,
504,A1,Logistic,0.6445783201302311,铅钡,1,
504,A2,Logistic,0.8628854496927922,铅钡,1,
504,A3,Logistic,0.778387458457153,铅钡,1,
504,A4,Logistic,0.7698080291359539,铅钡,1,
504,A5,Logistic,0.4827161420668016,高钾,1,
504,A6,Logistic,0.8991327965681034,铅钡,1,
504,A7,Logistic,0.83338227627368,铅钡,1,
504,A8,Logistic,0.916060366106494,铅钡,1,
505,A1,Logistic,0.3989867649153772,高钾,1,
505,A2,Logistic,0.8365675486572575,铅钡,1,
505,A3,Logistic,0.7167873902354565,铅钡,1,
505,A4,Logistic,0.7976198982541213,铅钡,1,
505,A5,Logistic,0.568962305088885,铅钡,1,
505,A6,Logistic,0.924940620211999,铅钡,1,
505,A7,Logistic,0.8582169361130878,铅钡,1,
505,A8,Logistic,0.9741379441231317,铅钡,1,
506,A1,Logistic,0.3464434781910267,高钾,1,
506,A2,Logistic,0.7941726561649791,铅钡,1,
506,A3,Logistic,0.6919262247554965,铅钡,1,
506,A4,Logistic,0.6245510262338302,铅钡,1,
506,A5,Logistic,0.23160909699698293,高钾,1,
506,A6,Logistic,0.8077549888631363,铅钡,1,
506,A7,Logistic,0.6741443987126597,铅钡,1,
506,A8,Logistic,0.8114930043601326,铅钡,1,
507,A1,Logistic,0.2475557928785072,高钾,1,
507,A2,Logistic,0.7983252533672016,铅钡,1,
507,A3,Logistic,0.7239511960613094,铅钡,1,
507,A4,Logistic,0.6571393821181755,铅钡,1,
507,A5,Logistic,0.2361966389281423,高钾,1,
507,A6,Logistic,0.8217745430834998,铅钡,1,
507,A7,Logistic,0.6849009954686199,铅钡,1,
507,A8,Logistic,0.8485579981287977,铅钡,1,
508,A1,Logistic,0.14924920067241093,高钾,1,
508,A2,Logistic,0.8145606810700916,铅钡,1,
508,A3,Logistic,0.767544923426542,铅钡,1,
508,A4,Logistic,0.710272536072047,铅钡,1,
508,A5,Logistic,0.342911797624791,高钾,1,
508,A6,Logistic,0.8260909219674497,铅钡,1,
508,A7,Logistic,0.7178748573065571,铅钡,1,
508,A8,Logistic,0.849217355023109,铅钡,1,
509,A1,Logistic,0.20373847257818953,高钾,1,
509,A2,Logistic,0.8337440274222244,铅钡,1,
509,A3,Logistic,0.6505493798312788,铅钡,1,
509,A4,Logistic,0.7782084071205837,铅钡,1,
509,A5,Logistic,0.5229905316652267,铅钡,1,
509,A6,Logistic,0.9440961766909453,铅钡,1,
509,A7,Logistic,0.8755044596871683,铅钡,1,
509,A8,Logistic,0.9856378194236011,铅钡,1,
510,A1,Logistic,0.5509861027551589,铅钡,1,
510,A2,Logistic,0.857787721093463,铅钡,1,
510,A3,Logistic,0.8300234022493513,铅钡,1,
510,A4,Logistic,0.6770077251917017,铅钡,1,
510,A5,Logistic,0.20682986050549107,高钾,1,
510,A6,Logistic,0.7728365638154494,铅钡,1,
510,A7,Logistic,0.6277128079866632,铅钡,1,
510,A8,Logistic,0.6884793149064184,铅钡,1,
511,A1,Logistic,0.5493407039616159,铅钡,1,
511,A2,Logistic,0.8287328916846548,铅钡,1,
511,A3,Logistic,0.6980439219932648,铅钡,1,
511,A4,Logistic,0.6740569039310078,铅钡,1,
511,A5,Logistic,0.2882459378266856,高钾,1,
511,A6,Logistic,0.8540565616596871,铅钡,1,
511,A7,Logistic,0.7454111088337639,铅钡,1,
511,A8,Logistic,0.8770988638293024,铅钡,1,
512,A1,Logistic,0.5734461036677656,铅钡,1,
512,A2,Logistic,0.771785892939805,铅钡,1,
512,A3,Logistic,0.6645184961636418,铅钡,1,
512,A4,Logistic,0.690325985082981,铅钡,1,
512,A5,Logistic,0.48455187716949244,高钾,1,
512,A6,Logistic,0.8456782420540526,铅钡,1,
512,A7,Logistic,0.7738735091347645,铅钡,1,
512,A8,Logistic,0.8800696117482344,铅钡,1,
513,A1,Logistic,0.40397493328261735,高钾,1,
513,A2,Logistic,0.7234375831480231,铅钡,1,
513,A3,Logistic,0.6185370602009528,铅钡,1,
513,A4,Logistic,0.645391345292402,铅钡,1,
513,A5,Logistic,0.45885704094058455,高钾,1,
513,A6,Logistic,0.7865261743446657,铅钡,1,
513,A7,Logistic,0.7243350968778068,铅钡,1,
513,A8,Logistic,0.8430086713352752,铅钡,1,
514,A1,Logistic,0.37785459125646903,高钾,1,
514,A2,Logistic,0.7351473659598387,铅钡,1,
514,A3,Logistic,0.6779260204969147,铅钡,1,
514,A4,Logistic,0.6236799656087739,铅钡,1,
514,A5,Logistic,0.28977035644438015,高钾,1,
514,A6,Logistic,0.7575322068136863,铅钡,1,
514,A7,Logistic,0.638808876786722,铅钡,1,
514,A8,Logistic,0.7908854686741263,铅钡,1,
515,A1,Logistic,0.38575554515366833,高钾,1,
515,A2,Logistic,0.7694436284921693,铅钡,1,
515,A3,Logistic,0.6447053662579504,铅钡,1,
515,A4,Logistic,0.7332585821607345,铅钡,1,
515,A5,Logistic,0.5587346837301672,铅钡,1,
515,A6,Logistic,0.8768121791509045,铅钡,1,
515,A7,Logistic,0.8079180895124038,铅钡,1,
515,A8,Logistic,0.9455080156547669,铅钡,1,
516,A1,Logistic,0.5650447105976316,铅钡,1,
516,A2,Logistic,0.7864480366413474,铅钡,1,
516,A3,Logistic,0.7054618624579143,铅钡,1,
516,A4,Logistic,0.6944270105304672,铅钡,1,
516,A5,Logistic,0.4047717407850427,高钾,1,
516,A6,Logistic,0.8124135406621936,铅钡,1,
516,A7,Logistic,0.7175323406055166,铅钡,1,
516,A8,Logistic,0.8695678482510043,铅钡,1,
517,A1,Logistic,0.41815307002827856,高钾,1,
517,A2,Logistic,0.8550587313929011,铅钡,1,
517,A3,Logistic,0.6879467872479808,铅钡,1,
517,A4,Logistic,0.7987401992533292,铅钡,1,
517,A5,Logistic,0.5374640632917059,铅钡,1,
517,A6,Logistic,0.946172612144121,铅钡,1,
517,A7,Logistic,0.8827423307431544,铅钡,1,
517,A8,Logistic,0.9865778473118633,铅钡,1,
518,A1,Logistic,0.38178832322474326,高钾,1,
518,A2,Logistic,0.7684152745683285,铅钡,1,
518,A3,Logistic,0.6216759561648992,铅钡,1,
518,A4,Logistic,0.7052472279060578,铅钡,1,
518,A5,Logistic,0.517080342642938,铅钡,1,
518,A6,Logistic,0.8879142183221161,铅钡,1,
518,A7,Logistic,0.8174622522733082,铅钡,1,
518,A8,Logistic,0.9321294482640137,铅钡,1,
519,A1,Logistic,0.2701924329063474,高钾,1,
519,A2,Logistic,0.7904216110852196,铅钡,1,
519,A3,Logistic,0.7150128418838664,铅钡,1,
519,A4,Logistic,0.6983613565974207,铅钡,1,
519,A5,Logistic,0.41857562619066135,高钾,1,
519,A6,Logistic,0.8312051270612996,铅钡,1,
519,A7,Logistic,0.7469860395420764,铅钡,1,
519,A8,Logistic,0.8597709201564734,铅钡,1,
520,A1,Logistic,0.5799338769942931,铅钡,1,
520,A2,Logistic,0.709151892594974,铅钡,1,
520,A3,Logistic,0.4928446599989073,高钾,1,
520,A4,Logistic,0.6914818729290039,铅钡,1,
520,A5,Logistic,0.5598872398114064,铅钡,1,
520,A6,Logistic,0.9179657349174285,铅钡,1,
520,A7,Logistic,0.8513055258875154,铅钡,1,
520,A8,Logistic,0.9718719250300623,铅钡,1,
521,A1,Logistic,0.6593287278203691,铅钡,1,
521,A2,Logistic,0.841070888235804,铅钡,1,
521,A3,Logistic,0.8104670018798158,铅钡,1,
521,A4,Logistic,0.7407860690226238,铅钡,1,
521,A5,Logistic,0.4166411982239293,高钾,1,
521,A6,Logistic,0.8226761187550593,铅钡,1,
521,A7,Logistic,0.7372604111153577,铅钡,1,
521,A8,Logistic,0.8105396640421121,铅钡,1,
522,A1,Logistic,0.245231852404479,高钾,1,
522,A2,Logistic,0.7600628774304126,铅钡,1,
522,A3,Logistic,0.6358754158554233,铅钡,1,
522,A4,Logistic,0.7025174932325581,铅钡,1,
522,A5,Logistic,0.4720013769733172,高钾,1,
522,A6,Logistic,0.874164149411303,铅钡,1,
522,A7,Logistic,0.7955464617415815,铅钡,1,
522,A8,Logistic,0.9252436478831964,铅钡,1,
523,A1,Logistic,0.5271835400065885,铅钡,1,
523,A2,Logistic,0.7813469301193838,铅钡,1,
523,A3,Logistic,0.7279689561128748,铅钡,1,
523,A4,Logistic,0.6998611447987666,铅钡,1,
523,A5,Logistic,0.4856677254725957,高钾,1,
523,A6,Logistic,0.7968001510896195,铅钡,1,
523,A7,Logistic,0.7297683157872292,铅钡,1,
523,A8,Logistic,0.8052779315380585,铅钡,1,
524,A1,Logistic,0.41600327551300664,高钾,1,
524,A2,Logistic,0.7822437974330769,铅钡,1,
524,A3,Logistic,0.6554981256439943,铅钡,1,
524,A4,Logistic,0.749926668781875,铅钡,1,
524,A5,Logistic,0.6340247960329154,铅钡,1,
524,A6,Logistic,0.8977323212846641,铅钡,1,
524,A7,Logistic,0.8461298429708203,铅钡,1,
524,A8,Logistic,0.9401810169745433,铅钡,1,
525,A1,Logistic,0.43171367472456973,高钾,1,
525,A2,Logistic,0.8269807888683586,铅钡,1,
525,A3,Logistic,0.7226823053366856,铅钡,1,
525,A4,Logistic,0.7485473502459182,铅钡,1,
525,A5,Logistic,0.4586147080006967,高钾,1,
525,A6,Logistic,0.8935627007325552,铅钡,1,
525,A7,Logistic,0.8126256035941791,铅钡,1,
525,A8,Logistic,0.9354600683464197,铅钡,1,
526,A1,Logistic,0.6892177617264653,铅钡,1,
526,A2,Logistic,0.7650049677499194,铅钡,1,
526,A3,Logistic,0.6528852302797243,铅钡,1,
526,A4,Logistic,0.7740954423821509,铅钡,1,
526,A5,Logistic,0.7129811176514237,铅钡,1,
526,A6,Logistic,0.9002156584489028,铅钡,1,
526,A7,Logistic,0.8590636733755884,铅钡,1,
526,A8,Logistic,0.9454397078025316,铅钡,1,
527,A1,Logistic,0.5699168681540133,铅钡,1,
527,A2,Logistic,0.9233508629913525,铅钡,1,
527,A3,Logistic,0.8926479192318654,铅钡,1,
527,A4,Logistic,0.8156692679019617,铅钡,1,
527,A5,Logistic,0.36052292558088833,高钾,1,
527,A6,Logistic,0.9040588846124161,铅钡,1,
527,A7,Logistic,0.8173009844282314,铅钡,1,
527,A8,Logistic,0.8826182790617618,铅钡,1,
528,A1,Logistic,0.5246090273403429,铅钡,1,
528,A2,Logistic,0.7825167768290214,铅钡,1,
528,A3,Logistic,0.6940788182604842,铅钡,1,
528,A4,Logistic,0.687261070343586,铅钡,1,
528,A5,Logistic,0.3504231057507154,高钾,1,
528,A6,Logistic,0.8529984746477075,铅钡,1,
528,A7,Logistic,0.7503529840163943,铅钡,1,
528,A8,Logistic,0.8942768216571318,铅钡,1,
529,A1,Logistic,0.20249018516823936,高钾,1,
529,A2,Logistic,0.8828229910725686,铅钡,1,
529,A3,Logistic,0.7560049496120557,铅钡,1,
529,A4,Logistic,0.6998983623038345,铅钡,1,
529,A5,Logistic,0.17118609083370448,高钾,1,
529,A6,Logistic,0.8990384826410655,铅钡,1,
529,A7,Logistic,0.7547364124208656,铅钡,1,
529,A8,Logistic,0.9285605089321178,铅钡,1,
530,A1,Logistic,0.3153343245484304,高钾,1,
530,A2,Logistic,0.712749910645783,铅钡,1,
530,A3,Logistic,0.563909645621057,铅钡,1,
530,A4,Logistic,0.7001619243426359,铅钡,1,
530,A5,Logistic,0.48318483932946704,高钾,1,
530,A6,Logistic,0.8745751894580701,铅钡,1,
530,A7,Logistic,0.7837233559196858,铅钡,1,
530,A8,Logistic,0.9628714644933786,铅钡,1,
531,A1,Logistic,0.406988217597987,高钾,1,
531,A2,Logistic,0.7254947209748075,铅钡,1,
531,A3,Logistic,0.6022533989259603,铅钡,1,
531,A4,Logistic,0.6986607231118042,铅钡,1,
531,A5,Logistic,0.5434885508619933,铅钡,1,
531,A6,Logistic,0.8655411389711836,铅钡,1,
531,A7,Logistic,0.7984124171547318,铅钡,1,
531,A8,Logistic,0.920094094081147,铅钡,1,
532,A1,Logistic,0.5274819353508969,铅钡,1,
532,A2,Logistic,0.7113583501855311,铅钡,1,
532,A3,Logistic,0.5456089994632065,铅钡,1,
532,A4,Logistic,0.6783032317776999,铅钡,1,
532,A5,Logistic,0.49290707946153317,高钾,1,
532,A6,Logistic,0.8784394924173888,铅钡,1,
532,A7,Logistic,0.8009717409361353,铅钡,1,
532,A8,Logistic,0.9650013058369113,铅钡,1,
533,A1,Logistic,0.3947711340949255,高钾,1,
533,A2,Logistic,0.8579430229563726,铅钡,1,
533,A3,Logistic,0.7429032383308161,铅钡,1,
533,A4,Logistic,0.7703078232551985,铅钡,1,
533,A5,Logistic,0.5010154497380207,铅钡,1,
533,A6,Logistic,0.9168831605000745,铅钡,1,
533,A7,Logistic,0.8556711167603109,铅钡,1,
533,A8,Logistic,0.9465644447728647,铅钡,1,
534,A1,Logistic,0.5803851216155016,铅钡,1,
534,A2,Logistic,0.8441224142232691,铅钡,1,
534,A3,Logistic,0.718581507219246,铅钡,1,
534,A4,Logistic,0.7607216935946761,铅钡,1,
534,A5,Logistic,0.5333175224458138,铅钡,1,
534,A6,Logistic,0.9225940235423078,铅钡,1,
534,A7,Logistic,0.8674482113302527,铅钡,1,
534,A8,Logistic,0.9392372260373617,铅钡,1,
535,A1,Logistic,0.34797095391196353,高钾,1,
535,A2,Logistic,0.7147806364152017,铅钡,1,
535,A3,Logistic,0.5867553917104082,铅钡,1,
535,A4,Logistic,0.6820282655124628,铅钡,1,
535,A5,Logistic,0.46701495753581795,高钾,1,
535,A6,Logistic,0.8419587961337703,铅钡,1,
535,A7,Logistic,0.7423806984245556,铅钡,1,
535,A8,Logistic,0.9357509161758573,铅钡,1,
536,A1,Logistic,0.6305649649030579,铅钡,1,
536,A2,Logistic,0.7537761733147874,铅钡,1,
536,A3,Logistic,0.57895918844341,铅钡,1,
536,A4,Logistic,0.7696994991836807,铅钡,1,
536,A5,Logistic,0.6475057540812331,铅钡,1,
536,A6,Logistic,0.9240877147026935,铅钡,1,
536,A7,Logistic,0.8889771030513177,铅钡,1,
536,A8,Logistic,0.9681404055024031,铅钡,1,
537,A1,Logistic,0.15862845655169616,高钾,1,
537,A2,Logistic,0.77376686561244,铅钡,1,
537,A3,Logistic,0.6958703397791293,铅钡,1,
537,A4,Logistic,0.6662239758085086,铅钡,1,
537,A5,Logistic,0.40441034451987545,高钾,1,
537,A6,Logistic,0.780283655103989,铅钡,1,
537,A7,Logistic,0.6936962237224596,铅钡,1,
537,A8,Logistic,0.8089859304171577,铅钡,1,
538,A1,Logistic,0.33874274984334546,高钾,1,
538,A2,Logistic,0.8234344798213028,铅钡,1,
538,A3,Logistic,0.6697928695625107,铅钡,1,
538,A4,Logistic,0.7460618039418491,铅钡,1,
538,A5,Logistic,0.48246048036000977,高钾,1,
538,A6,Logistic,0.9287070508044462,铅钡,1,
538,A7,Logistic,0.8671328446323096,铅钡,1,
538,A8,Logistic,0.9574305380436634,铅钡,1,
539,A1,Logistic,0.3997996694797278,高钾,1,
539,A2,Logistic,0.8367408993944763,铅钡,1,
539,A3,Logistic,0.719856202528027,铅钡,1,
539,A4,Logistic,0.734476484720922,铅钡,1,
539,A5,Logistic,0.35717460333170964,高钾,1,
539,A6,Logistic,0.9043294443203636,铅钡,1,
539,A7,Logistic,0.8170388963478028,铅钡,1,
539,A8,Logistic,0.9391540468400537,铅钡,1,
540,A1,Logistic,0.3580971809604934,高钾,1,
540,A2,Logistic,0.7630830753749395,铅钡,1,
540,A3,Logistic,0.679474436466991,铅钡,1,
540,A4,Logistic,0.7359348053727484,铅钡,1,
540,A5,Logistic,0.5070548764170082,铅钡,1,
540,A6,Logistic,0.8706548508726896,铅钡,1,
540,A7,Logistic,0.7884666014160698,铅钡,1,
540,A8,Logistic,0.9307475669308066,铅钡,1,
541,A1,Logistic,0.24575347764887537,高钾,1,
541,A2,Logistic,0.8535662428204286,铅钡,1,
541,A3,Logistic,0.7562812037248188,铅钡,1,
541,A4,Logistic,0.776460030674414,铅钡,1,
541,A5,Logistic,0.3906109710049049,高钾,1,
541,A6,Logistic,0.9115694845778268,铅钡,1,
541,A7,Logistic,0.811123120460045,铅钡,1,
541,A8,Logistic,0.9616231415012908,铅钡,1,
542,A1,Logistic,0.24538623138678764,高钾,1,
542,A2,Logistic,0.8484581037407659,铅钡,1,
542,A3,Logistic,0.6310256995962257,铅钡,1,
542,A4,Logistic,0.8261388702503584,铅钡,1,
542,A5,Logistic,0.7068968884352204,铅钡,1,
542,A6,Logistic,0.9701581950477616,铅钡,1,
542,A7,Logistic,0.9335996829145945,铅钡,1,
542,A8,Logistic,0.9929878901352628,铅钡,1,
543,A1,Logistic,0.10878335713263369,高钾,1,
543,A2,Logistic,0.8251547062513859,铅钡,1,
543,A3,Logistic,0.7533884552661434,铅钡,1,
543,A4,Logistic,0.7374272681380225,铅钡,1,
543,A5,Logistic,0.4653445759156152,高钾,1,
543,A6,Logistic,0.8561564950976684,铅钡,1,
543,A7,Logistic,0.7805508793308985,铅钡,1,
543,A8,Logistic,0.8792611894430361,铅钡,1,
544,A1,Logistic,0.1919079622361909,高钾,1,
544,A2,Logistic,0.7896735921559792,铅钡,1,
544,A3,Logistic,0.6013553243319618,铅钡,1,
544,A4,Logistic,0.7619460956908064,铅钡,1,
544,A5,Logistic,0.6329483189047409,铅钡,1,
544,A6,Logistic,0.9402947893212623,铅钡,1,
544,A7,Logistic,0.8919683530797873,铅钡,1,
544,A8,Logistic,0.977598298374376,铅钡,1,
545,A1,Logistic,0.3121839781730731,高钾,1,
545,A2,Logistic,0.9337888780120385,铅钡,1,
545,A3,Logistic,0.8487472690486325,铅钡,1,
545,A4,Logistic,0.83990638958135,铅钡,1,
545,A5,Logistic,0.47491092371988064,高钾,1,
545,A6,Logistic,0.9515085669931798,铅钡,1,
545,A7,Logistic,0.9007878965906166,铅钡,1,
545,A8,Logistic,0.9626217124822305,铅钡,1,
546,A1,Logistic,0.11275381797754129,高钾,1,
546,A2,Logistic,0.8265898673150015,铅钡,1,
546,A3,Logistic,0.7462301344602267,铅钡,1,
546,A4,Logistic,0.7422287513356174,铅钡,1,
546,A5,Logistic,0.4267387993256706,高钾,1,
546,A6,Logistic,0.8650903139625601,铅钡,1,
546,A7,Logistic,0.7690945999826495,铅钡,1,
546,A8,Logistic,0.915291610318371,铅钡,1,
547,A1,Logistic,0.13890046419722654,高钾,1,
547,A2,Logistic,0.8168821758410694,铅钡,1,
547,A3,Logistic,0.6860532902831542,铅钡,1,
547,A4,Logistic,0.6960001412561873,铅钡,1,
547,A5,Logistic,0.38317462215131187,高钾,1,
547,A6,Logistic,0.8601767413785044,铅钡,1,
547,A7,Logistic,0.7484861314825628,铅钡,1,
547,A8,Logistic,0.9302907672672976,铅钡,1,
548,A1,Logistic,0.3914756047360509,高钾,1,
548,A2,Logistic,0.8637875534288858,铅钡,1,
548,A3,Logistic,0.7953462745687073,铅钡,1,
548,A4,Logistic,0.7195752476786681,铅钡,1,
548,A5,Logistic,0.23047642245973177,高钾,1,
548,A6,Logistic,0.8772695565564359,铅钡,1,
548,A7,Logistic,0.7497580201268232,铅钡,1,
548,A8,Logistic,0.8860575784595228,铅钡,1,
549,A1,Logistic,0.32615562353967337,高钾,1,
549,A2,Logistic,0.7171790381441292,铅钡,1,
549,A3,Logistic,0.5475120009294593,铅钡,1,
549,A4,Logistic,0.6452746924350747,铅钡,1,
549,A5,Logistic,0.46925397376322053,高钾,1,
549,A6,Logistic,0.8599393852056676,铅钡,1,
549,A7,Logistic,0.7867885078895211,铅钡,1,
549,A8,Logistic,0.9119522076646482,铅钡,1,
550,A1,Logistic,0.159447549367649,高钾,1,
550,A2,Logistic,0.9007618266996742,铅钡,1,
550,A3,Logistic,0.8408809632704224,铅钡,1,
550,A4,Logistic,0.8347900764342686,铅钡,1,
550,A5,Logistic,0.5361428586951876,铅钡,1,
550,A6,Logistic,0.9324862458912955,铅钡,1,
550,A7,Logistic,0.8717463979880359,铅钡,1,
550,A8,Logistic,0.9534876727620109,铅钡,1,
551,A1,Logistic,0.18854403757291394,高钾,1,
551,A2,Logistic,0.8027495205670371,铅钡,1,
551,A3,Logistic,0.7366436432146847,铅钡,1,
551,A4,Logistic,0.7109683012132766,铅钡,1,
551,A5,Logistic,0.34000154177162467,高钾,1,
551,A6,Logistic,0.8535168950826947,铅钡,1,
551,A7,Logistic,0.7423358823139758,铅钡,1,
551,A8,Logistic,0.8936204183597284,铅钡,1,
552,A1,Logistic,0.5314008089297648,铅钡,1,
552,A2,Logistic,0.7011429579650102,铅钡,1,
552,A3,Logistic,0.5820469621124545,铅钡,1,
552,A4,Logistic,0.7049825106797605,铅钡,1,
552,A5,Logistic,0.39595749490371124,高钾,1,
552,A6,Logistic,0.8657751070982406,铅钡,1,
552,A7,Logistic,0.7465971616647692,铅钡,1,
552,A8,Logistic,0.9588169155110371,铅钡,1,
553,A1,Logistic,0.3594916111467948,高钾,1,
553,A2,Logistic,0.8230217997104178,铅钡,1,
553,A3,Logistic,0.7162016176759198,铅钡,1,
553,A4,Logistic,0.726844192912602,铅钡,1,
553,A5,Logistic,0.45104260094527515,高钾,1,
553,A6,Logistic,0.879817757032272,铅钡,1,
553,A7,Logistic,0.806535723000689,铅钡,1,
553,A8,Logistic,0.9065263687963019,铅钡,1,
554,A1,Logistic,0.2301449403718634,高钾,1,
554,A2,Logistic,0.8592068248600793,铅钡,1,
554,A3,Logistic,0.7590140317102221,铅钡,1,
554,A4,Logistic,0.805030449069062,铅钡,1,
554,A5,Logistic,0.5172920330696721,铅钡,1,
554,A6,Logistic,0.9390216138466686,铅钡,1,
554,A7,Logistic,0.8785913117332229,铅钡,1,
554,A8,Logistic,0.9673006033483371,铅钡,1,
555,A1,Logistic,0.6818177791471678,铅钡,1,
555,A2,Logistic,0.914725622555142,铅钡,1,
555,A3,Logistic,0.7367905018075701,铅钡,1,
555,A4,Logistic,0.8705997484373936,铅钡,1,
555,A5,Logistic,0.7499088233431951,铅钡,1,
555,A6,Logistic,0.9780018995325962,铅钡,1,
555,A7,Logistic,0.9517099243159418,铅钡,1,
555,A8,Logistic,0.9938348706436901,铅钡,1,
556,A1,Logistic,0.09025838481120806,高钾,1,
556,A2,Logistic,0.9293759852386675,铅钡,1,
556,A3,Logistic,0.7923091271874392,铅钡,1,
556,A4,Logistic,0.8949850919572614,铅钡,1,
556,A5,Logistic,0.8063689502799966,铅钡,1,
556,A6,Logistic,0.9791380894876192,铅钡,1,
556,A7,Logistic,0.9594146336833917,铅钡,1,
556,A8,Logistic,0.9924560107018304,铅钡,1,
557,A1,Logistic,0.6304119922707543,铅钡,1,
557,A2,Logistic,0.7976443080399248,铅钡,1,
557,A3,Logistic,0.6484985715429644,铅钡,1,
557,A4,Logistic,0.7660468558844481,铅钡,1,
557,A5,Logistic,0.6035304174926885,铅钡,1,
557,A6,Logistic,0.9266383288786343,铅钡,1,
557,A7,Logistic,0.8697731920692587,铅钡,1,
557,A8,Logistic,0.964290257601811,铅钡,1,
558,A1,Logistic,0.2485405305614117,高钾,1,
558,A2,Logistic,0.7492954456506509,铅钡,1,
558,A3,Logistic,0.6176785276185505,铅钡,1,
558,A4,Logistic,0.6626866828600467,铅钡,1,
558,A5,Logistic,0.39865203976106445,高钾,1,
558,A6,Logistic,0.8502780237061002,铅钡,1,
558,A7,Logistic,0.7640792385120373,铅钡,1,
558,A8,Logistic,0.9073167285020248,铅钡,1,
559,A1,Logistic,0.2846629015248102,高钾,1,
559,A2,Logistic,0.7608117925567242,铅钡,1,
559,A3,Logistic,0.6750680300156926,铅钡,1,
559,A4,Logistic,0.6085693008840725,铅钡,1,
559,A5,Logistic,0.24478369025868574,高钾,1,
559,A6,Logistic,0.7710064983510253,铅钡,1,
559,A7,Logistic,0.6416153078097825,铅钡,1,
559,A8,Logistic,0.8011256132239646,铅钡,1,
560,A1,Logistic,0.3103997560536638,高钾,1,
560,A2,Logistic,0.8650110142487263,铅钡,1,
560,A3,Logistic,0.674746878542495,铅钡,1,
560,A4,Logistic,0.7130949360996923,铅钡,1,
560,A5,Logistic,0.3216214057945386,高钾,1,
560,A6,Logistic,0.926917229345552,铅钡,1,
560,A7,Logistic,0.8605477839068479,铅钡,1,
560,A8,Logistic,0.9468887469671734,铅钡,1,
561,A1,Logistic,0.1551467202024928,高钾,1,
561,A2,Logistic,0.7473409198140548,铅钡,1,
561,A3,Logistic,0.4927082552756376,高钾,1,
561,A4,Logistic,0.6260256003775685,铅钡,1,
561,A5,Logistic,0.38728834410599383,高钾,1,
561,A6,Logistic,0.8578144970940783,铅钡,1,
561,A7,Logistic,0.771025028751295,铅钡,1,
561,A8,Logistic,0.9482242363570984,铅钡,1,
562,A1,Logistic,0.7341678835956056,铅钡,1,
562,A2,Logistic,0.8518877365591231,铅钡,1,
562,A3,Logistic,0.7672068358422391,铅钡,1,
562,A4,Logistic,0.780437207120612,铅钡,1,
562,A5,Logistic,0.5439538604510222,铅钡,1,
562,A6,Logistic,0.8943646122366042,铅钡,1,
562,A7,Logistic,0.8278928904449442,铅钡,1,
562,A8,Logistic,0.9282650702337114,铅钡,1,
563,A1,Logistic,0.22760133236258193,高钾,1,
563,A2,Logistic,0.9370120931383702,铅钡,1,
563,A3,Logistic,0.8649428144205326,铅钡,1,
563,A4,Logistic,0.8211604066094377,铅钡,1,
563,A5,Logistic,0.30703008545334937,高钾,1,
563,A6,Logistic,0.9489485510722085,铅钡,1,
563,A7,Logistic,0.8767457011216218,铅钡,1,
563,A8,Logistic,0.9574375305543272,铅钡,1,
564,A1,Logistic,0.5359566533458602,铅钡,1,
564,A2,Logistic,0.7278153620319101,铅钡,1,
564,A3,Logistic,0.5904781440228694,铅钡,1,
564,A4,Logistic,0.7022109609397927,铅钡,1,
564,A5,Logistic,0.4757549482576728,高钾,1,
564,A6,Logistic,0.8905693096348453,铅钡,1,
564,A7,Logistic,0.808692225586703,铅钡,1,
564,A8,Logistic,0.9510715450730597,铅钡,1,
565,A1,Logistic,0.5005909008859061,铅钡,1,
565,A2,Logistic,0.8238894023189319,铅钡,1,
565,A3,Logistic,0.732481145092964,铅钡,1,
565,A4,Logistic,0.7386870107750242,铅钡,1,
565,A5,Logistic,0.4705237257224494,高钾,1,
565,A6,Logistic,0.8712608476305691,铅钡,1,
565,A7,Logistic,0.7971909553847625,铅钡,1,
565,A8,Logistic,0.9039778700347811,铅钡,1,
566,A1,Logistic,0.3202555052173098,高钾,1,
566,A2,Logistic,0.7147942823489796,铅钡,1,
566,A3,Logistic,0.6081935074173327,铅钡,1,
566,A4,Logistic,0.6036973878229978,铅钡,1,
566,A5,Logistic,0.3292821489365559,高钾,1,
566,A6,Logistic,0.7865228490054355,铅钡,1,
566,A7,Logistic,0.6818006131169432,铅钡,1,
566,A8,Logistic,0.8321807024594063,铅钡,1,
567,A1,Logistic,0.44239404951233874,高钾,1,
567,A2,Logistic,0.6967317781510476,铅钡,1,
567,A3,Logistic,0.6311975467543347,铅钡,1,
567,A4,Logistic,0.6034614559689468,铅钡,1,
567,A5,Logistic,0.36213402979759063,高钾,1,
567,A6,Logistic,0.7168900253317352,铅钡,1,
567,A7,Logistic,0.6274769057023251,铅钡,1,
567,A8,Logistic,0.7555816439978641,铅钡,1,
568,A1,Logistic,0.49574791691222214,高钾,1,
568,A2,Logistic,0.7308602854233597,铅钡,1,
568,A3,Logistic,0.5945264177923719,铅钡,1,
568,A4,Logistic,0.6669789529793017,铅钡,1,
568,A5,Logistic,0.4221955385960765,高钾,1,
568,A6,Logistic,0.8420271792914396,铅钡,1,
568,A7,Logistic,0.7388907749788155,铅钡,1,
568,A8,Logistic,0.9286090805394325,铅钡,1,
569,A1,Logistic,0.6256690829155971,铅钡,1,
569,A2,Logistic,0.7802441610986417,铅钡,1,
569,A3,Logistic,0.6352628861717768,铅钡,1,
569,A4,Logistic,0.6513206030959525,铅钡,1,
569,A5,Logistic,0.2870603146577293,高钾,1,
569,A6,Logistic,0.833241215881476,铅钡,1,
569,A7,Logistic,0.7138477057034316,铅钡,1,
569,A8,Logistic,0.8940247384137899,铅钡,1,
570,A1,Logistic,0.3931772383589699,高钾,1,
570,A2,Logistic,0.7409499785550444,铅钡,1,
570,A3,Logistic,0.6699449930877954,铅钡,1,
570,A4,Logistic,0.6360574605750223,铅钡,1,
570,A5,Logistic,0.28398612899372605,高钾,1,
570,A6,Logistic,0.7943442888493618,铅钡,1,
570,A7,Logistic,0.6715701324922769,铅钡,1,
570,A8,Logistic,0.8370799105948077,铅钡,1,
571,A1,Logistic,0.523931533302206,铅钡,1,
571,A2,Logistic,0.8105485128215224,铅钡,1,
571,A3,Logistic,0.725015630103631,铅钡,1,
571,A4,Logistic,0.7506279189043041,铅钡,1,
571,A5,Logistic,0.585468868898587,铅钡,1,
571,A6,Logistic,0.8664630878247346,铅钡,1,
571,A7,Logistic,0.8126705312890196,铅钡,1,
571,A8,Logistic,0.9020248256610548,铅钡,1,
572,A1,Logistic,0.558739133770472,铅钡,1,
572,A2,Logistic,0.8526655589508674,铅钡,1,
572,A3,Logistic,0.733228046522989,铅钡,1,
572,A4,Logistic,0.7342407932703806,铅钡,1,
572,A5,Logistic,0.37765760864206116,高钾,1,
572,A6,Logistic,0.8991155519206135,铅钡,1,
572,A7,Logistic,0.8191644370255237,铅钡,1,
572,A8,Logistic,0.9311732054295373,铅钡,1,
573,A1,Logistic,0.31776864641919655,高钾,1,
573,A2,Logistic,0.8204618785168893,铅钡,1,
573,A3,Logistic,0.7445155712442121,铅钡,1,
573,A4,Logistic,0.6993946555869744,铅钡,1,
573,A5,Logistic,0.3246716219308118,高钾,1,
573,A6,Logistic,0.8497052630691116,铅钡,1,
573,A7,Logistic,0.7426555932519419,铅钡,1,
573,A8,Logistic,0.8695968512878095,铅钡,1,
574,A1,Logistic,0.3066448372660148,高钾,1,
574,A2,Logistic,0.8144822129976692,铅钡,1,
574,A3,Logistic,0.6825948750225004,铅钡,1,
574,A4,Logistic,0.7255492848714846,铅钡,1,
574,A5,Logistic,0.42773092404308977,高钾,1,
574,A6,Logistic,0.8956393505649254,铅钡,1,
574,A7,Logistic,0.8088797617183825,铅钡,1,
574,A8,Logistic,0.9408762869011194,铅钡,1,
575,A1,Logistic,0.666912560849614,铅钡,1,
575,A2,Logistic,0.7776556217277568,铅钡,1,
575,A3,Logistic,0.43824090075673305,高钾,1,
575,A4,Logistic,0.7008352348359713,铅钡,1,
575,A5,Logistic,0.561967666642217,铅钡,1,
575,A6,Logistic,0.9600332465500588,铅钡,1,
575,A7,Logistic,0.9166878808331002,铅钡,1,
575,A8,Logistic,0.9882819902746958,铅钡,1,
576,A1,Logistic,0.2350240922886411,高钾,1,
576,A2,Logistic,0.7792160398416532,铅钡,1,
576,A3,Logistic,0.6117161832445369,铅钡,1,
576,A4,Logistic,0.7082008164451167,铅钡,1,
576,A5,Logistic,0.4636746798005121,高钾,1,
576,A6,Logistic,0.9068165333103664,铅钡,1,
576,A7,Logistic,0.8298076069664219,铅钡,1,
576,A8,Logistic,0.9527138796927838,铅钡,1,
577,A1,Logistic,0.4030042070206569,高钾,1,
577,A2,Logistic,0.706202496030056,铅钡,1,
577,A3,Logistic,0.6057090509185081,铅钡,1,
577,A4,Logistic,0.6849007566782384,铅钡,1,
577,A5,Logistic,0.4705920459646657,高钾,1,
577,A6,Logistic,0.8570122671286885,铅钡,1,
577,A7,Logistic,0.7650173366486552,铅钡,1,
577,A8,Logistic,0.9282046548615487,铅钡,1,
578,A1,Logistic,0.77253430815961,铅钡,1,
578,A2,Logistic,0.7700535642990941,铅钡,1,
578,A3,Logistic,0.5596973759103071,铅钡,1,
578,A4,Logistic,0.7293467782573534,铅钡,1,
578,A5,Logistic,0.563708882249862,铅钡,1,
578,A6,Logistic,0.9260123891560268,铅钡,1,
578,A7,Logistic,0.861783529843384,铅钡,1,
578,A8,Logistic,0.9728675200360819,铅钡,1,
579,A1,Logistic,0.18135909942964407,高钾,1,
579,A2,Logistic,0.8152091368446368,铅钡,1,
579,A3,Logistic,0.7554106763668683,铅钡,1,
579,A4,Logistic,0.7447467024263771,铅钡,1,
579,A5,Logistic,0.47230278469801285,高钾,1,
579,A6,Logistic,0.8448485460581271,铅钡,1,
579,A7,Logistic,0.7597704847110544,铅钡,1,
579,A8,Logistic,0.8967684637610949,铅钡,1,
580,A1,Logistic,0.28418963593123986,高钾,1,
580,A2,Logistic,0.8073530164117817,铅钡,1,
580,A3,Logistic,0.6571995671216059,铅钡,1,
580,A4,Logistic,0.8157551725642332,铅钡,1,
580,A5,Logistic,0.6511590704178298,铅钡,1,
580,A6,Logistic,0.9414330526849586,铅钡,1,
580,A7,Logistic,0.8858364028277361,铅钡,1,
580,A8,Logistic,0.9865805004420826,铅钡,1,
581,A1,Logistic,0.589246883882252,铅钡,1,
581,A2,Logistic,0.8529962059782574,铅钡,1,
581,A3,Logistic,0.7580111911606119,铅钡,1,
581,A4,Logistic,0.7988343809019489,铅钡,1,
581,A5,Logistic,0.6049250188453633,铅钡,1,
581,A6,Logistic,0.9212131726565118,铅钡,1,
581,A7,Logistic,0.8674442809962639,铅钡,1,
581,A8,Logistic,0.9510364990042527,铅钡,1,
582,A1,Logistic,0.4268373792583923,高钾,1,
582,A2,Logistic,0.7399003616982219,铅钡,1,
582,A3,Logistic,0.5741594600577896,铅钡,1,
582,A4,Logistic,0.7424726978913568,铅钡,1,
582,A5,Logistic,0.6881028740435919,铅钡,1,
582,A6,Logistic,0.8990175432657549,铅钡,1,
582,A7,Logistic,0.8426990308049713,铅钡,1,
582,A8,Logistic,0.9636823496532252,铅钡,1,
583,A1,Logistic,0.3323913670564346,高钾,1,
583,A2,Logistic,0.7977612523846662,铅钡,1,
583,A3,Logistic,0.6736928655221902,铅钡,1,
583,A4,Logistic,0.7845105476973401,铅钡,1,
583,A5,Logistic,0.6471474673394537,铅钡,1,
583,A6,Logistic,0.923462079965873,铅钡,1,
583,A7,Logistic,0.8723950477053162,铅钡,1,
583,A8,Logistic,0.9674920155179545,铅钡,1,
584,A1,Logistic,0.35542359424462716,高钾,1,
584,A2,Logistic,0.7633148657984807,铅钡,1,
584,A3,Logistic,0.6842897471741461,铅钡,1,
584,A4,Logistic,0.6577387011162519,铅钡,1,
584,A5,Logistic,0.3088595936340303,高钾,1,
584,A6,Logistic,0.8322982429268713,铅钡,1,
584,A7,Logistic,0.7187127692791402,铅钡,1,
584,A8,Logistic,0.8641303837119684,铅钡,1,
585,A1,Logistic,0.42745387691831477,高钾,1,
585,A2,Logistic,0.806878609227418,铅钡,1,
585,A3,Logistic,0.6663827646467368,铅钡,1,
585,A4,Logistic,0.78261873555019,铅钡,1,
585,A5,Logistic,0.6577093141741112,铅钡,1,
585,A6,Logistic,0.9252787013411635,铅钡,1,
585,A7,Logistic,0.8809262678843293,铅钡,1,
585,A8,Logistic,0.9660630371329698,铅钡,1,
586,A1,Logistic,0.5100904411019264,铅钡,1,
586,A2,Logistic,0.8398314360877219,铅钡,1,
586,A3,Logistic,0.7472349964025231,铅钡,1,
586,A4,Logistic,0.7677205135471135,铅钡,1,
586,A5,Logistic,0.5427798550541904,铅钡,1,
586,A6,Logistic,0.8833055929223212,铅钡,1,
586,A7,Logistic,0.8200311945376622,铅钡,1,
586,A8,Logistic,0.9259053169826851,铅钡,1,
587,A1,Logistic,0.2897863345818721,高钾,1,
587,A2,Logistic,0.7634628062127611,铅钡,1,
587,A3,Logistic,0.6756173248874099,铅钡,1,
587,A4,Logistic,0.667626022337175,铅钡,1,
587,A5,Logistic,0.37539047848438317,高钾,1,
587,A6,Logistic,0.7929405855193966,铅钡,1,
587,A7,Logistic,0.7032353587964064,铅钡,1,
587,A8,Logistic,0.8377463817560677,铅钡,1,
588,A1,Logistic,0.5674645870648382,铅钡,1,
588,A2,Logistic,0.7913599581338766,铅钡,1,
588,A3,Logistic,0.6907931621133819,铅钡,1,
588,A4,Logistic,0.6786197652790837,铅钡,1,
588,A5,Logistic,0.3645732503132422,高钾,1,
588,A6,Logistic,0.8181820223233565,铅钡,1,
588,A7,Logistic,0.7146970724181144,铅钡,1,
588,A8,Logistic,0.8710875797328615,铅钡,1,
589,A1,Logistic,0.1684374054290864,高钾,1,
589,A2,Logistic,0.820754189855868,铅钡,1,
589,A3,Logistic,0.6085737329506176,铅钡,1,
589,A4,Logistic,0.7439039600048554,铅钡,1,
589,A5,Logistic,0.5822945656365475,铅钡,1,
589,A6,Logistic,0.9263087372288048,铅钡,1,
589,A7,Logistic,0.8705134688201273,铅钡,1,
589,A8,Logistic,0.9682440627413312,铅钡,1,
590,A1,Logistic,0.1982537029910895,高钾,1,
590,A2,Logistic,0.8574940174033658,铅钡,1,
590,A3,Logistic,0.7435941162867198,铅钡,1,
590,A4,Logistic,0.6784776589662385,铅钡,1,
590,A5,Logistic,0.20832515008667746,高钾,1,
590,A6,Logistic,0.8795532920076643,铅钡,1,
590,A7,Logistic,0.7545676361019987,铅钡,1,
590,A8,Logistic,0.8837861325921996,铅钡,1,
591,A1,Logistic,0.4300821405878484,高钾,1,
591,A2,Logistic,0.7639179917230295,铅钡,1,
591,A3,Logistic,0.6488348946567791,铅钡,1,
591,A4,Logistic,0.8187182570482067,铅钡,1,
591,A5,Logistic,0.615665461108207,铅钡,1,
591,A6,Logistic,0.9410665127458642,铅钡,1,
591,A7,Logistic,0.8655237335939207,铅钡,1,
591,A8,Logistic,0.9919617074421676,铅钡,1,
592,A1,Logistic,0.14787070115708714,高钾,1,
592,A2,Logistic,0.8963557000790622,铅钡,1,
592,A3,Logistic,0.7616827085083712,铅钡,1,
592,A4,Logistic,0.8751852950480257,铅钡,1,
592,A5,Logistic,0.793000005784055,铅钡,1,
592,A6,Logistic,0.9697411451739626,铅钡,1,
592,A7,Logistic,0.9465292812152994,铅钡,1,
592,A8,Logistic,0.9861653271843549,铅钡,1,
593,A1,Logistic,0.3329956736143462,高钾,1,
593,A2,Logistic,0.7358130076599562,铅钡,1,
593,A3,Logistic,0.5975509823471354,铅钡,1,
593,A4,Logistic,0.7352828448022063,铅钡,1,
593,A5,Logistic,0.5531127596187112,铅钡,1,
593,A6,Logistic,0.8854354520306487,铅钡,1,
593,A7,Logistic,0.7953284427970908,铅钡,1,
593,A8,Logistic,0.9693020199994126,铅钡,1,
594,A1,Logistic,0.6550643123541384,铅钡,1,
594,A2,Logistic,0.8224038747129312,铅钡,1,
594,A3,Logistic,0.6514817571351963,铅钡,1,
594,A4,Logistic,0.7228489476517695,铅钡,1,
594,A5,Logistic,0.4336885001132281,高钾,1,
594,A6,Logistic,0.9115109831904655,铅钡,1,
594,A7,Logistic,0.8503930707846151,铅钡,1,
594,A8,Logistic,0.9466669170959654,铅钡,1,
595,A1,Logistic,0.40081868705839263,高钾,1,
595,A2,Logistic,0.7580074158048565,铅钡,1,
595,A3,Logistic,0.5609686465769844,铅钡,1,
595,A4,Logistic,0.7070644904988572,铅钡,1,
595,A5,Logistic,0.6103040141271195,铅钡,1,
595,A6,Logistic,0.9068828358910941,铅钡,1,
595,A7,Logistic,0.8552266036464775,铅钡,1,
595,A8,Logistic,0.9488352264451488,铅钡,1,
596,A1,Logistic,0.3771822341666319,高钾,1,
596,A2,Logistic,0.6968924629741432,铅钡,1,
596,A3,Logistic,0.5266282146407182,铅钡,1,
596,A4,Logistic,0.7170959515285111,铅钡,1,
596,A5,Logistic,0.6227835005635415,铅钡,1,
596,A6,Logistic,0.8871399557276894,铅钡,1,
596,A7,Logistic,0.827368379091272,铅钡,1,
596,A8,Logistic,0.9639421163295641,铅钡,1,
597,A1,Logistic,0.21744851832838433,高钾,1,
597,A2,Logistic,0.7565696592076417,铅钡,1,
597,A3,Logistic,0.5740457357061605,铅钡,1,
597,A4,Logistic,0.7644356675136246,铅钡,1,
597,A5,Logistic,0.6035456235069474,铅钡,1,
597,A6,Logistic,0.9176802798885618,铅钡,1,
597,A7,Logistic,0.8537399979713484,铅钡,1,
597,A8,Logistic,0.9852088341741408,铅钡,1,
598,A1,Logistic,0.11929708911561071,高钾,1,
598,A2,Logistic,0.8765787312303139,铅钡,1,
598,A3,Logistic,0.7138225138817341,铅钡,1,
598,A4,Logistic,0.6827032718061438,铅钡,1,
598,A5,Logistic,0.2348703181896459,高钾,1,
598,A6,Logistic,0.9037356535903956,铅钡,1,
598,A7,Logistic,0.795551348073107,铅钡,1,
598,A8,Logistic,0.9214324609812035,铅钡,1,
599,A1,Logistic,0.14933393346926907,高钾,1,
599,A2,Logistic,0.8472666022831689,铅钡,1,
599,A3,Logistic,0.7724733548932448,铅钡,1,
599,A4,Logistic,0.7506833355528392,铅钡,1,
599,A5,Logistic,0.4351166289584934,高钾,1,
599,A6,Logistic,0.8713209060558382,铅钡,1,
599,A7,Logistic,0.7929218413696618,铅钡,1,
599,A8,Logistic,0.8918580028007901,铅钡,1,
600,A1,Logistic,0.4898821586995028,高钾,1,
600,A2,Logistic,0.7566249717620005,铅钡,1,
600,A3,Logistic,0.6954892816273007,铅钡,1,
600,A4,Logistic,0.6529197334615391,铅钡,1,
600,A5,Logistic,0.36664835181248656,高钾,1,
600,A6,Logistic,0.7651488880091527,铅钡,1,
600,A7,Logistic,0.6771653203690213,铅钡,1,
600,A8,Logistic,0.7885002412299303,铅钡,1,
601,A1,Logistic,0.19933893829904853,高钾,1,
601,A2,Logistic,0.8323979082724166,铅钡,1,
601,A3,Logistic,0.6727225272349119,铅钡,1,
601,A4,Logistic,0.7565356871289064,铅钡,1,
601,A5,Logistic,0.4382094765468133,高钾,1,
601,A6,Logistic,0.9325900550918081,铅钡,1,
601,A7,Logistic,0.855931495064149,铅钡,1,
601,A8,Logistic,0.9724673901030022,铅钡,1,
602,A1,Logistic,0.6578807626888507,铅钡,1,
602,A2,Logistic,0.8193536083984774,铅钡,1,
602,A3,Logistic,0.7248467659850462,铅钡,1,
602,A4,Logistic,0.7052132111565089,铅钡,1,
602,A5,Logistic,0.4613244183231053,高钾,1,
602,A6,Logistic,0.8482728459330996,铅钡,1,
602,A7,Logistic,0.7778510642353164,铅钡,1,
602,A8,Logistic,0.8558900638745026,铅钡,1,
603,A1,Logistic,0.2655834442583913,高钾,1,
603,A2,Logistic,0.9037054736399409,铅钡,1,
603,A3,Logistic,0.7573958674888953,铅钡,1,
603,A4,Logistic,0.7746893524995097,铅钡,1,
603,A5,Logistic,0.2722450893547594,高钾,1,
603,A6,Logistic,0.9533783089705219,铅钡,1,
603,A7,Logistic,0.8823706761023558,铅钡,1,
603,A8,Logistic,0.9730996971640404,铅钡,1,
604,A1,Logistic,0.4497071076481888,高钾,1,
604,A2,Logistic,0.7713894832316679,铅钡,1,
604,A3,Logistic,0.7349086962895419,铅钡,1,
604,A4,Logistic,0.6881210591327163,铅钡,1,
604,A5,Logistic,0.4002010364161185,高钾,1,
604,A6,Logistic,0.7793989583007824,铅钡,1,
604,A7,Logistic,0.6851750787015819,铅钡,1,
604,A8,Logistic,0.8061556046491163,铅钡,1,
605,A1,Logistic,0.5316510879730455,铅钡,1,
605,A2,Logistic,0.7851615816911388,铅钡,1,
605,A3,Logistic,0.6096334139352604,铅钡,1,
605,A4,Logistic,0.6950027370324273,铅钡,1,
605,A5,Logistic,0.48353870289899376,高钾,1,
605,A6,Logistic,0.8851716706817109,铅钡,1,
605,A7,Logistic,0.8172866833052387,铅钡,1,
605,A8,Logistic,0.9346827483795419,铅钡,1,
606,A1,Logistic,0.6162313870932329,铅钡,1,
606,A2,Logistic,0.7989884577145484,铅钡,1,
606,A3,Logistic,0.6504863826751396,铅钡,1,
606,A4,Logistic,0.7363601687884043,铅钡,1,
606,A5,Logistic,0.5738370236680399,铅钡,1,
606,A6,Logistic,0.9071204319850452,铅钡,1,
606,A7,Logistic,0.850682186592047,铅钡,1,
606,A8,Logistic,0.9434263189603618,铅钡,1,
607,A1,Logistic,0.7131418003215253,铅钡,1,
607,A2,Logistic,0.8106139432768795,铅钡,1,
607,A3,Logistic,0.6242449951197312,铅钡,1,
607,A4,Logistic,0.8185450305601364,铅钡,1,
607,A5,Logistic,0.7134803878458092,铅钡,1,
607,A6,Logistic,0.952161847132885,铅钡,1,
607,A7,Logistic,0.9074890206221843,铅钡,1,
607,A8,Logistic,0.9882730248259364,铅钡,1,
608,A1,Logistic,0.3370459032546895,高钾,1,
608,A2,Logistic,0.8723459196891409,铅钡,1,
608,A3,Logistic,0.7271505987058372,铅钡,1,
608,A4,Logistic,0.8423317410606159,铅钡,1,
608,A5,Logistic,0.6954962205781727,铅钡,1,
608,A6,Logistic,0.9585680428815974,铅钡,1,
608,A7,Logistic,0.9156071890246272,铅钡,1,
608,A8,Logistic,0.9872945973759697,铅钡,1,
609,A1,Logistic,0.3124276675466758,高钾,1,
609,A2,Logistic,0.8265021080575399,铅钡,1,
609,A3,Logistic,0.7184042809097266,铅钡,1,
609,A4,Logistic,0.6730526774005401,铅钡,1,
609,A5,Logistic,0.275453782903028,高钾,1,
609,A6,Logistic,0.8374046880952278,铅钡,1,
609,A7,Logistic,0.7160390605711027,铅钡,1,
609,A8,Logistic,0.8763869398623558,铅钡,1,
610,A1,Logistic,0.3703645334956465,高钾,1,
610,A2,Logistic,0.8168092774331088,铅钡,1,
610,A3,Logistic,0.7051571135573491,铅钡,1,
610,A4,Logistic,0.7586082771856624,铅钡,1,
610,A5,Logistic,0.4610017756416254,高钾,1,
610,A6,Logistic,0.9020683545490257,铅钡,1,
610,A7,Logistic,0.8138355816124269,铅钡,1,
610,A8,Logistic,0.9574922792304482,铅钡,1,
611,A1,Logistic,0.44322848506196755,高钾,1,
611,A2,Logistic,0.8112025306123157,铅钡,1,
611,A3,Logistic,0.6769907109620392,铅钡,1,
611,A4,Logistic,0.7163899294732363,铅钡,1,
611,A5,Logistic,0.47114460538272696,高钾,1,
611,A6,Logistic,0.8792153794585245,铅钡,1,
611,A7,Logistic,0.8038139123786334,铅钡,1,
611,A8,Logistic,0.9176167559056708,铅钡,1,
612,A1,Logistic,0.12681235553147735,高钾,1,
612,A2,Logistic,0.9215819484510525,铅钡,1,
612,A3,Logistic,0.8506741212530443,铅钡,1,
612,A4,Logistic,0.8583737667651072,铅钡,1,
612,A5,Logistic,0.5780295435971499,铅钡,1,
612,A6,Logistic,0.9535418999240696,铅钡,1,
612,A7,Logistic,0.9057453576370573,铅钡,1,
612,A8,Logistic,0.9703813829937189,铅钡,1,
613,A1,Logistic,0.1406231409601156,高钾,1,
613,A2,Logistic,0.9198985525677416,铅钡,1,
613,A3,Logistic,0.8542879419682485,铅钡,1,
613,A4,Logistic,0.8768741479299001,铅钡,1,
613,A5,Logistic,0.6732455652854371,铅钡,1,
613,A6,Logistic,0.9595862923463844,铅钡,1,
613,A7,Logistic,0.9207229045286695,铅钡,1,
613,A8,Logistic,0.9774655052296066,铅钡,1,
614,A1,Logistic,0.4641523013840317,高钾,1,
614,A2,Logistic,0.8131404918412336,铅钡,1,
614,A3,Logistic,0.6796611994048253,铅钡,1,
614,A4,Logistic,0.6529685313944923,铅钡,1,
614,A5,Logistic,0.24661630447699964,高钾,1,
614,A6,Logistic,0.8463535623983987,铅钡,1,
614,A7,Logistic,0.7228367333352869,铅钡,1,
614,A8,Logistic,0.877479611371178,铅钡,1,
615,A1,Logistic,0.5610397623899949,铅钡,1,
615,A2,Logistic,0.7326704742722593,铅钡,1,
615,A3,Logistic,0.5745319480508574,铅钡,1,
615,A4,Logistic,0.7048662445077432,铅钡,1,
615,A5,Logistic,0.5509857155727725,铅钡,1,
615,A6,Logistic,0.8786385856798895,铅钡,1,
615,A7,Logistic,0.8199706004585969,铅钡,1,
615,A8,Logistic,0.9550513566331166,铅钡,1,
616,A1,Logistic,0.4559364003670731,高钾,1,
616,A2,Logistic,0.7838232162075373,铅钡,1,
616,A3,Logistic,0.686003700119523,铅钡,1,
616,A4,Logistic,0.7327673421840546,铅钡,1,
616,A5,Logistic,0.5736320650431155,铅钡,1,
616,A6,Logistic,0.8619989666814719,铅钡,1,
616,A7,Logistic,0.8062110387125263,铅钡,1,
616,A8,Logistic,0.9095106956853808,铅钡,1,
617,A1,Logistic,0.33005084316833566,高钾,1,
617,A2,Logistic,0.8216106571432847,铅钡,1,
617,A3,Logistic,0.6914062317894323,铅钡,1,
617,A4,Logistic,0.7350223390109683,铅钡,1,
617,A5,Logistic,0.48332234388770784,高钾,1,
617,A6,Logistic,0.8930532921888927,铅钡,1,
617,A7,Logistic,0.8209706780415476,铅钡,1,
617,A8,Logistic,0.9340830714731803,铅钡,1,
618,A1,Logistic,0.4880598950860608,高钾,1,
618,A2,Logistic,0.8803532477092191,铅钡,1,
618,A3,Logistic,0.6994208962015239,铅钡,1,
618,A4,Logistic,0.8523024770555324,铅钡,1,
618,A5,Logistic,0.7402181020397386,铅钡,1,
618,A6,Logistic,0.9686570693415886,铅钡,1,
618,A7,Logistic,0.9346313275273657,铅钡,1,
618,A8,Logistic,0.9914563864669046,铅钡,1,
619,A1,Logistic,0.2696661460853734,高钾,1,
619,A2,Logistic,0.7313193030703261,铅钡,1,
619,A3,Logistic,0.6412782322436738,铅钡,1,
619,A4,Logistic,0.6171798404155773,铅钡,1,
619,A5,Logistic,0.2680281753333062,高钾,1,
619,A6,Logistic,0.7830704241939974,铅钡,1,
619,A7,Logistic,0.6588566053886988,铅钡,1,
619,A8,Logistic,0.8488968398080584,铅钡,1,
620,A1,Logistic,0.5014870405117176,铅钡,1,
620,A2,Logistic,0.711220407160003,铅钡,1,
620,A3,Logistic,0.5796831556582572,铅钡,1,
620,A4,Logistic,0.6398985547350061,铅钡,1,
620,A5,Logistic,0.45114174899338433,高钾,1,
620,A6,Logistic,0.8102218655399287,铅钡,1,
620,A7,Logistic,0.7332772817054409,铅钡,1,
620,A8,Logistic,0.8805853399315656,铅钡,1,
621,A1,Logistic,0.14792407337553484,高钾,1,
621,A2,Logistic,0.8445397097305971,铅钡,1,
621,A3,Logistic,0.8088239408275154,铅钡,1,
621,A4,Logistic,0.7369407598144677,铅钡,1,
621,A5,Logistic,0.32921316084218816,高钾,1,
621,A6,Logistic,0.8233595391903827,铅钡,1,
621,A7,Logistic,0.7055194317533294,铅钡,1,
621,A8,Logistic,0.8541184407055074,铅钡,1,
622,A1,Logistic,0.23420659508121006,高钾,1,
622,A2,Logistic,0.7289329140441244,铅钡,1,
622,A3,Logistic,0.5605413355659985,铅钡,1,
622,A4,Logistic,0.5842978691773434,铅钡,1,
622,A5,Logistic,0.2091812984191939,高钾,1,
622,A6,Logistic,0.8025583378405002,铅钡,1,
622,A7,Logistic,0.6534777696565904,铅钡,1,
622,A8,Logistic,0.8845893521257623,铅钡,1,
623,A1,Logistic,0.35823536565056247,高钾,1,
623,A2,Logistic,0.7685855411850168,铅钡,1,
623,A3,Logistic,0.6079017417575341,铅钡,1,
623,A4,Logistic,0.6891919001674816,铅钡,1,
623,A5,Logistic,0.381760241830977,高钾,1,
623,A6,Logistic,0.8945876063975388,铅钡,1,
623,A7,Logistic,0.7951938580836501,铅钡,1,
623,A8,Logistic,0.9328298159202056,铅钡,1,
624,A1,Logistic,0.29947724294246103,高钾,1,
624,A2,Logistic,0.8116098940062516,铅钡,1,
624,A3,Logistic,0.7000227569811195,铅钡,1,
624,A4,Logistic,0.5546089912090411,铅钡,1,
624,A5,Logistic,0.08583530164396598,高钾,1,
624,A6,Logistic,0.8076550224802675,铅钡,1,
624,A7,Logistic,0.6128911236149021,铅钡,1,
624,A8,Logistic,0.7794767074755551,铅钡,1,
625,A1,Logistic,0.24293426770647034,高钾,1,
625,A2,Logistic,0.8955141320761182,铅钡,1,
625,A3,Logistic,0.7550424867155255,铅钡,1,
625,A4,Logistic,0.8940277202036861,铅钡,1,
625,A5,Logistic,0.7635015490976019,铅钡,1,
625,A6,Logistic,0.9832570493863724,铅钡,1,
625,A7,Logistic,0.9557872057676153,铅钡,1,
625,A8,Logistic,0.9972697320961751,铅钡,1,
626,A1,Logistic,0.40391682593075057,高钾,1,
626,A2,Logistic,0.7480663672181443,铅钡,1,
626,A3,Logistic,0.5902027871356869,铅钡,1,
626,A4,Logistic,0.6771619616880541,铅钡,1,
626,A5,Logistic,0.3805629129232899,高钾,1,
626,A6,Logistic,0.8857987194944899,铅钡,1,
626,A7,Logistic,0.7919165602215997,铅钡,1,
626,A8,Logistic,0.9509902114651233,铅钡,1,
627,A1,Logistic,0.7387002790061634,铅钡,1,
627,A2,Logistic,0.8874513234396126,铅钡,1,
627,A3,Logistic,0.7278355560564923,铅钡,1,
627,A4,Logistic,0.917297942963949,铅钡,1,
627,A5,Logistic,0.864655935486533,铅钡,1,
627,A6,Logistic,0.9859925211565482,铅钡,1,
627,A7,Logistic,0.9650002913545608,铅钡,1,
627,A8,Logistic,0.9987725639039118,铅钡,1,
628,A1,Logistic,0.46909104671087465,高钾,1,
628,A2,Logistic,0.8657269784160497,铅钡,1,
628,A3,Logistic,0.7259552568224767,铅钡,1,
628,A4,Logistic,0.7991965285405451,铅钡,1,
628,A5,Logistic,0.5516005669114845,铅钡,1,
628,A6,Logistic,0.9477224291152784,铅钡,1,
628,A7,Logistic,0.8965861370403683,铅钡,1,
628,A8,Logistic,0.9744937064403539,铅钡,1,
629,A1,Logistic,0.5141770220219395,铅钡,1,
629,A2,Logistic,0.9139439574099446,铅钡,1,
629,A3,Logistic,0.7891204908824844,铅钡,1,
629,A4,Logistic,0.8795480884269407,铅钡,1,
629,A5,Logistic,0.7373018286329736,铅钡,1,
629,A6,Logistic,0.972537779181705,铅钡,1,
629,A7,Logistic,0.9495721846704238,铅钡,1,
629,A8,Logistic,0.9901505230488133,铅钡,1,
630,A1,Logistic,0.4364175693042262,高钾,1,
630,A2,Logistic,0.8779353837123461,铅钡,1,
630,A3,Logistic,0.7900616216009028,铅钡,1,
630,A4,Logistic,0.7982140095618047,铅钡,1,
630,A5,Logistic,0.4706135825735559,高钾,1,
630,A6,Logistic,0.9274398005170887,铅钡,1,
630,A7,Logistic,0.8583379481503283,铅钡,1,
630,A8,Logistic,0.9549998154369843,铅钡,1,
631,A1,Logistic,0.45203145210919904,高钾,1,
631,A2,Logistic,0.7987686802622176,铅钡,1,
631,A3,Logistic,0.6164401411678178,铅钡,1,
631,A4,Logistic,0.7019020410922101,铅钡,1,
631,A5,Logistic,0.28167044578938605,高钾,1,
631,A6,Logistic,0.9233157514054835,铅钡,1,
631,A7,Logistic,0.8230399835735758,铅钡,1,
631,A8,Logistic,0.9707325215962842,铅钡,1,
632,A1,Logistic,0.20511027104540763,高钾,1,
632,A2,Logistic,0.7594983010697158,铅钡,1,
632,A3,Logistic,0.6222580081938771,铅钡,1,
632,A4,Logistic,0.5876233935973566,铅钡,1,
632,A5,Logistic,0.24064224299254133,高钾,1,
632,A6,Logistic,0.8058235623830168,铅钡,1,
632,A7,Logistic,0.6849063999042851,铅钡,1,
632,A8,Logistic,0.8102962159666866,铅钡,1,
633,A1,Logistic,0.4325537963625129,高钾,1,
633,A2,Logistic,0.8602839361768237,铅钡,1,
633,A3,Logistic,0.6730028857979524,铅钡,1,
633,A4,Logistic,0.874464458755052,铅钡,1,
633,A5,Logistic,0.7399127812758985,铅钡,1,
633,A6,Logistic,0.973215325191892,铅钡,1,
633,A7,Logistic,0.9439990908889401,铅钡,1,
633,A8,Logistic,0.9927041893036382,铅钡,1,
634,A1,Logistic,0.2743222405822354,高钾,1,
634,A2,Logistic,0.7792139577311906,铅钡,1,
634,A3,Logistic,0.5391523192199541,铅钡,1,
634,A4,Logistic,0.6673229893526302,铅钡,1,
634,A5,Logistic,0.43182134160903396,高钾,1,
634,A6,Logistic,0.9115963249718227,铅钡,1,
634,A7,Logistic,0.8324118090340406,铅钡,1,
634,A8,Logistic,0.9622249132972148,铅钡,1,
635,A1,Logistic,0.43269411034232913,高钾,1,
635,A2,Logistic,0.9026970168128349,铅钡,1,
635,A3,Logistic,0.6553374368879853,铅钡,1,
635,A4,Logistic,0.8000608474595622,铅钡,1,
635,A5,Logistic,0.5365642233394007,铅钡,1,
635,A6,Logistic,0.9801885724377426,铅钡,1,
635,A7,Logistic,0.9472991755657517,铅钡,1,
635,A8,Logistic,0.9907052393737856,铅钡,1,
636,A1,Logistic,0.34126374414666644,高钾,1,
636,A2,Logistic,0.8038306585219841,铅钡,1,
636,A3,Logistic,0.661926663758124,铅钡,1,
636,A4,Logistic,0.6452811109567362,铅钡,1,
636,A5,Logistic,0.192035801256359,高钾,1,
636,A6,Logistic,0.8826339863165643,铅钡,1,
636,A7,Logistic,0.7432075252973045,铅钡,1,
636,A8,Logistic,0.9087089859680033,铅钡,1,
637,A1,Logistic,0.4631076887696157,高钾,1,
637,A2,Logistic,0.711372136520572,铅钡,1,
637,A3,Logistic,0.5394109166222166,铅钡,1,
637,A4,Logistic,0.7434535248457433,铅钡,1,
637,A5,Logistic,0.6526833921204821,铅钡,1,
637,A6,Logistic,0.9033376714518837,铅钡,1,
637,A7,Logistic,0.8302580746451397,铅钡,1,
637,A8,Logistic,0.9789506871400241,铅钡,1,
638,A1,Logistic,0.3060196809034236,高钾,1,
638,A2,Logistic,0.8424558400995313,铅钡,1,
638,A3,Logistic,0.5837512083834131,铅钡,1,
638,A4,Logistic,0.7268023587492418,铅钡,1,
638,A5,Logistic,0.3829263341978834,高钾,1,
638,A6,Logistic,0.9365574020833657,铅钡,1,
638,A7,Logistic,0.8671729191201517,铅钡,1,
638,A8,Logistic,0.9802109878180192,铅钡,1,
639,A1,Logistic,0.35860157661536013,高钾,1,
639,A2,Logistic,0.7862212384951859,铅钡,1,
639,A3,Logistic,0.6425604645764396,铅钡,1,
639,A4,Logistic,0.748984482969102,铅钡,1,
639,A5,Logistic,0.5318456960941523,铅钡,1,
639,A6,Logistic,0.9219110806280162,铅钡,1,
639,A7,Logistic,0.8537779445558031,铅钡,1,
639,A8,Logistic,0.9654306399462446,铅钡,1,
640,A1,Logistic,0.31482357282669854,高钾,1,
640,A2,Logistic,0.7251744674178243,铅钡,1,
640,A3,Logistic,0.5578439525546797,铅钡,1,
640,A4,Logistic,0.6997268701426979,铅钡,1,
640,A5,Logistic,0.5514270637802767,铅钡,1,
640,A6,Logistic,0.8917905844341193,铅钡,1,
640,A7,Logistic,0.8295190112543112,铅钡,1,
640,A8,Logistic,0.9513137672714244,铅钡,1,
641,A1,Logistic,0.5200987270357347,铅钡,1,
641,A2,Logistic,0.7993273830955465,铅钡,1,
641,A3,Logistic,0.646381306719887,铅钡,1,
641,A4,Logistic,0.7892443605712721,铅钡,1,
641,A5,Logistic,0.5942370556891887,铅钡,1,
641,A6,Logistic,0.9289997179426052,铅钡,1,
641,A7,Logistic,0.8678257685573035,铅钡,1,
641,A8,Logistic,0.9820606465978858,铅钡,1,
642,A1,Logistic,0.3868340752097889,高钾,1,
642,A2,Logistic,0.846706826470624,铅钡,1,
642,A3,Logistic,0.6823382847305332,铅钡,1,
642,A4,Logistic,0.7937901311402599,铅钡,1,
642,A5,Logistic,0.45048923399243795,高钾,1,
642,A6,Logistic,0.9571527365778187,铅钡,1,
642,A7,Logistic,0.8887615280421286,铅钡,1,
642,A8,Logistic,0.9862237394374116,铅钡,1,
643,A1,Logistic,0.44470143194230277,高钾,1,
643,A2,Logistic,0.7145499493098997,铅钡,1,
643,A3,Logistic,0.4543958568188535,高钾,1,
643,A4,Logistic,0.7037344653431072,铅钡,1,
643,A5,Logistic,0.6874658876694444,铅钡,1,
643,A6,Logistic,0.9243184759732082,铅钡,1,
643,A7,Logistic,0.8876277705204602,铅钡,1,
643,A8,Logistic,0.9729105227070876,铅钡,1,
644,A1,Logistic,0.4161213324330854,高钾,1,
644,A2,Logistic,0.7892384153516055,铅钡,1,
644,A3,Logistic,0.6720798244396285,铅钡,1,
644,A4,Logistic,0.6630285355993762,铅钡,1,
644,A5,Logistic,0.3100282597699369,高钾,1,
644,A6,Logistic,0.8583021113066945,铅钡,1,
644,A7,Logistic,0.7461062683404057,铅钡,1,
644,A8,Logistic,0.8920786203475733,铅钡,1,
645,A1,Logistic,0.40104007718176043,高钾,1,
645,A2,Logistic,0.84737518684855,铅钡,1,
645,A3,Logistic,0.7145893971626988,铅钡,1,
645,A4,Logistic,0.8734347883000035,铅钡,1,
645,A5,Logistic,0.7545966823226943,铅钡,1,
645,A6,Logistic,0.9690114244782865,铅钡,1,
645,A7,Logistic,0.9326155133242876,铅钡,1,
645,A8,Logistic,0.9934611161894377,铅钡,1,
646,A1,Logistic,0.41235199969341807,高钾,1,
646,A2,Logistic,0.736322682410482,铅钡,1,
646,A3,Logistic,0.6024924942445851,铅钡,1,
646,A4,Logistic,0.6657471259514082,铅钡,1,
646,A5,Logistic,0.47145781009655424,高钾,1,
646,A6,Logistic,0.8438517571852857,铅钡,1,
646,A7,Logistic,0.7684081319640365,铅钡,1,
646,A8,Logistic,0.9014823244275418,铅钡,1,
647,A1,Logistic,0.23193950720935425,高钾,1,
647,A2,Logistic,0.8407670579418044,铅钡,1,
647,A3,Logistic,0.7592959524870777,铅钡,1,
647,A4,Logistic,0.8454200786891134,铅钡,1,
647,A5,Logistic,0.582330614660675,铅钡,1,
647,A6,Logistic,0.9541803563825387,铅钡,1,
647,A7,Logistic,0.8923390259357973,铅钡,1,
647,A8,Logistic,0.9875435074733069,铅钡,1,
648,A1,Logistic,0.35097607315574136,高钾,1,
648,A2,Logistic,0.7741954294382835,铅钡,1,
648,A3,Logistic,0.5618063965309651,铅钡,1,
648,A4,Logistic,0.7536961818390746,铅钡,1,
648,A5,Logistic,0.6533878126494044,铅钡,1,
648,A6,Logistic,0.9319069336746022,铅钡,1,
648,A7,Logistic,0.8792504124222166,铅钡,1,
648,A8,Logistic,0.9772863003223119,铅钡,1,
649,A1,Logistic,0.47661342361641085,高钾,1,
649,A2,Logistic,0.7996377360035245,铅钡,1,
649,A3,Logistic,0.6904295116592458,铅钡,1,
649,A4,Logistic,0.7342782653597235,铅钡,1,
649,A5,Logistic,0.5259354638810984,铅钡,1,
649,A6,Logistic,0.8614486006527561,铅钡,1,
649,A7,Logistic,0.7917594483489885,铅钡,1,
649,A8,Logistic,0.922406819510116,铅钡,1,
650,A1,Logistic,0.4043769925714591,高钾,1,
650,A2,Logistic,0.7828810143976949,铅钡,1,
650,A3,Logistic,0.676898743566851,铅钡,1,
650,A4,Logistic,0.683266187088859,铅钡,1,
650,A5,Logistic,0.45050752326276666,高钾,1,
650,A6,Logistic,0.8371820646862206,铅钡,1,
650,A7,Logistic,0.7646573506307224,铅钡,1,
650,A8,Logistic,0.8630388607197631,铅钡,1,
651,A1,Logistic,0.43795191140779616,高钾,1,
651,A2,Logistic,0.818779489753713,铅钡,1,
651,A3,Logistic,0.6711248595530463,铅钡,1,
651,A4,Logistic,0.7214084570265156,铅钡,1,
651,A5,Logistic,0.5030658933820824,铅钡,1,
651,A6,Logistic,0.8814344788482186,铅钡,1,
651,A7,Logistic,0.8255080330798242,铅钡,1,
651,A8,Logistic,0.9218954236342807,铅钡,1,
652,A1,Logistic,0.533332290863658,铅钡,1,
652,A2,Logistic,0.7828937800231015,铅钡,1,
652,A3,Logistic,0.6175009215766938,铅钡,1,
652,A4,Logistic,0.7217197631109381,铅钡,1,
652,A5,Logistic,0.47669553644826834,高钾,1,
652,A6,Logistic,0.8996144341272474,铅钡,1,
652,A7,Logistic,0.8206472199727209,铅钡,1,
652,A8,Logistic,0.9623379840063817,铅钡,1,
653,A1,Logistic,0.20742186571450213,高钾,1,
653,A2,Logistic,0.8282732320433236,铅钡,1,
653,A3,Logistic,0.6275445035711446,铅钡,1,
653,A4,Logistic,0.7298885760052234,铅钡,1,
653,A5,Logistic,0.5201732623886983,铅钡,1,
653,A6,Logistic,0.9233554974139153,铅钡,1,
653,A7,Logistic,0.8666019956615929,铅钡,1,
653,A8,Logistic,0.9571187012218741,铅钡,1,
654,A1,Logistic,0.5054381806937999,铅钡,1,
654,A2,Logistic,0.7334595381506906,铅钡,1,
654,A3,Logistic,0.6372198185827346,铅钡,1,
654,A4,Logistic,0.6181486090511819,铅钡,1,
654,A5,Logistic,0.37849008037502935,高钾,1,
654,A6,Logistic,0.74843951345858,铅钡,1,
654,A7,Logistic,0.665959493719356,铅钡,1,
654,A8,Logistic,0.7818425020760904,铅钡,1,
655,A1,Logistic,0.5436305666540787,铅钡,1,
655,A2,Logistic,0.7733280181475937,铅钡,1,
655,A3,Logistic,0.5429523100696256,铅钡,1,
655,A4,Logistic,0.7097397491839266,铅钡,1,
655,A5,Logistic,0.5184935577235236,铅钡,1,
655,A6,Logistic,0.9354000466249023,铅钡,1,
655,A7,Logistic,0.8771557480305688,铅钡,1,
655,A8,Logistic,0.9767333422332104,铅钡,1,
656,A1,Logistic,0.6077334296598161,铅钡,1,
656,A2,Logistic,0.8186612349428645,铅钡,1,
656,A3,Logistic,0.6737311126625738,铅钡,1,
656,A4,Logistic,0.7585696704236143,铅钡,1,
656,A5,Logistic,0.523325087442045,铅钡,1,
656,A6,Logistic,0.9143065925840456,铅钡,1,
656,A7,Logistic,0.8408703218741972,铅钡,1,
656,A8,Logistic,0.962568748986111,铅钡,1,
657,A1,Logistic,0.24285168699710818,高钾,1,
657,A2,Logistic,0.7501574744344396,铅钡,1,
657,A3,Logistic,0.5259661203568633,铅钡,1,
657,A4,Logistic,0.665228685061876,铅钡,1,
657,A5,Logistic,0.3845932420039557,高钾,1,
657,A6,Logistic,0.9174964490392598,铅钡,1,
657,A7,Logistic,0.8286869028830206,铅钡,1,
657,A8,Logistic,0.9654563408671193,铅钡,1,
658,A1,Logistic,0.6035632250422347,铅钡,1,
658,A2,Logistic,0.8930256493085321,铅钡,1,
658,A3,Logistic,0.8038688524681249,铅钡,1,
658,A4,Logistic,0.8382563956198508,铅钡,1,
658,A5,Logistic,0.6821288000531978,铅钡,1,
658,A6,Logistic,0.9313806449472226,铅钡,1,
658,A7,Logistic,0.8939210895159518,铅钡,1,
658,A8,Logistic,0.9601244216198245,铅钡,1,
659,A1,Logistic,0.33307505044833585,高钾,1,
659,A2,Logistic,0.8005021561663148,铅钡,1,
659,A3,Logistic,0.5344627955417205,铅钡,1,
659,A4,Logistic,0.6747060770380368,铅钡,1,
659,A5,Logistic,0.4108020699301398,高钾,1,
659,A6,Logistic,0.9112306869847252,铅钡,1,
659,A7,Logistic,0.8468689631894518,铅钡,1,
659,A8,Logistic,0.9629089466426676,铅钡,1,
660,A1,Logistic,0.6514223443470982,铅钡,1,
660,A2,Logistic,0.7820933107590754,铅钡,1,
660,A3,Logistic,0.6977360225720198,铅钡,1,
660,A4,Logistic,0.71287006749272,铅钡,1,
660,A5,Logistic,0.512265762700625,铅钡,1,
660,A6,Logistic,0.8399198624953395,铅钡,1,
660,A7,Logistic,0.7741752563727649,铅钡,1,
660,A8,Logistic,0.873274401822203,铅钡,1,
661,A1,Logistic,0.6015777669931207,铅钡,1,
661,A2,Logistic,0.735223144033069,铅钡,1,
661,A3,Logistic,0.610982358160215,铅钡,1,
661,A4,Logistic,0.6511659734058409,铅钡,1,
661,A5,Logistic,0.42367172399523784,高钾,1,
661,A6,Logistic,0.8332112515945952,铅钡,1,
661,A7,Logistic,0.7541694418999643,铅钡,1,
661,A8,Logistic,0.8750295722817418,铅钡,1,
662,A1,Logistic,0.5948180072063525,铅钡,1,
662,A2,Logistic,0.8502012612288415,铅钡,1,
662,A3,Logistic,0.7845359886388508,铅钡,1,
662,A4,Logistic,0.7733849315214487,铅钡,1,
662,A5,Logistic,0.47831655797778716,高钾,1,
662,A6,Logistic,0.889813228870387,铅钡,1,
662,A7,Logistic,0.8137236856150852,铅钡,1,
662,A8,Logistic,0.9055290434283297,铅钡,1,
663,A1,Logistic,0.40524411125422954,高钾,1,
663,A2,Logistic,0.6990644561383836,铅钡,1,
663,A3,Logistic,0.5857185201886038,铅钡,1,
663,A4,Logistic,0.6893556888782714,铅钡,1,
663,A5,Logistic,0.5602179192315212,铅钡,1,
663,A6,Logistic,0.8281733227486477,铅钡,1,
663,A7,Logistic,0.7427416432675286,铅钡,1,
663,A8,Logistic,0.9355492374393225,铅钡,1,
664,A1,Logistic,0.4833250454855309,高钾,1,
664,A2,Logistic,0.6223426258153141,铅钡,1,
664,A3,Logistic,0.5840359447758386,铅钡,1,
664,A4,Logistic,0.5257579394120413,铅钡,1,
664,A5,Logistic,0.29733214671147445,高钾,1,
664,A6,Logistic,0.6202636646292593,铅钡,1,
664,A7,Logistic,0.5317044392848685,铅钡,1,
664,A8,Logistic,0.6200814702190327,铅钡,1,
665,A1,Logistic,0.055790617429295926,高钾,1,
665,A2,Logistic,0.9348184741699489,铅钡,1,
665,A3,Logistic,0.9030853362558696,铅钡,1,
665,A4,Logistic,0.8626062345987772,铅钡,1,
665,A5,Logistic,0.38384598128012837,高钾,1,
665,A6,Logistic,0.9444381574322371,铅钡,1,
665,A7,Logistic,0.8683924315036912,铅钡,1,
665,A8,Logistic,0.9597042040177809,铅钡,1,
666,A1,Logistic,0.23728103024734643,高钾,1,
666,A2,Logistic,0.833266804791552,铅钡,1,
666,A3,Logistic,0.7114250329822454,铅钡,1,
666,A4,Logistic,0.7068079845721761,铅钡,1,
666,A5,Logistic,0.3258157848862532,高钾,1,
666,A6,Logistic,0.8632246909450072,铅钡,1,
666,A7,Logistic,0.7572962682107935,铅钡,1,
666,A8,Logistic,0.9135153555746104,铅钡,1,
667,A1,Logistic,0.3210925795004509,高钾,1,
667,A2,Logistic,0.8980170863235523,铅钡,1,
667,A3,Logistic,0.706144826779187,铅钡,1,
667,A4,Logistic,0.8180221300235817,铅钡,1,
667,A5,Logistic,0.4924894854714062,高钾,1,
667,A6,Logistic,0.9614933697637784,铅钡,1,
667,A7,Logistic,0.9092234074421898,铅钡,1,
667,A8,Logistic,0.9897211476637159,铅钡,1,
668,A1,Logistic,0.3180153801399643,高钾,1,
668,A2,Logistic,0.8135076442918378,铅钡,1,
668,A3,Logistic,0.6646091771527362,铅钡,1,
668,A4,Logistic,0.7326284796951343,铅钡,1,
668,A5,Logistic,0.41626108159598724,高钾,1,
668,A6,Logistic,0.9185749792574865,铅钡,1,
668,A7,Logistic,0.833984311387972,铅钡,1,
668,A8,Logistic,0.9616656205047635,铅钡,1,
669,A1,Logistic,0.45192869009327524,高钾,1,
669,A2,Logistic,0.7813160626537472,铅钡,1,
669,A3,Logistic,0.6563008460750095,铅钡,1,
669,A4,Logistic,0.711262696838917,铅钡,1,
669,A5,Logistic,0.490186461941781,高钾,1,
669,A6,Logistic,0.8818004083521631,铅钡,1,
669,A7,Logistic,0.8090141899180172,铅钡,1,
669,A8,Logistic,0.9347753283342555,铅钡,1,
670,A1,Logistic,0.2663453456275716,高钾,1,
670,A2,Logistic,0.8353349755968084,铅钡,1,
670,A3,Logistic,0.6568360973283642,铅钡,1,
670,A4,Logistic,0.7548225585960519,铅钡,1,
670,A5,Logistic,0.34159003097547863,高钾,1,
670,A6,Logistic,0.9513394038599342,铅钡,1,
670,A7,Logistic,0.8696802867636663,铅钡,1,
670,A8,Logistic,0.983172382137906,铅钡,1,
671,A1,Logistic,0.30786438391133997,高钾,1,
671,A2,Logistic,0.7902650334816776,铅钡,1,
671,A3,Logistic,0.6302290393838788,铅钡,1,
671,A4,Logistic,0.6885726549999802,铅钡,1,
671,A5,Logistic,0.41117253973963375,高钾,1,
671,A6,Logistic,0.8744793510718496,铅钡,1,
671,A7,Logistic,0.7805545779018568,铅钡,1,
671,A8,Logistic,0.9289181634820225,铅钡,1,
672,A1,Logistic,0.45922962159685865,高钾,1,
672,A2,Logistic,0.7981107379055465,铅钡,1,
672,A3,Logistic,0.684281437451031,铅钡,1,
672,A4,Logistic,0.7538688509535755,铅钡,1,
672,A5,Logistic,0.4878945657467135,高钾,1,
672,A6,Logistic,0.8885926552058155,铅钡,1,
672,A7,Logistic,0.7970633665975932,铅钡,1,
672,A8,Logistic,0.9579679902917269,铅钡,1,
673,A1,Logistic,0.38155597390143803,高钾,1,
673,A2,Logistic,0.8275644803772864,铅钡,1,
673,A3,Logistic,0.7045193339365075,铅钡,1,
673,A4,Logistic,0.7024766543311202,铅钡,1,
673,A5,Logistic,0.30369943006035066,高钾,1,
673,A6,Logistic,0.8764453037756408,铅钡,1,
673,A7,Logistic,0.7560177055149258,铅钡,1,
673,A8,Logistic,0.9160836823325603,铅钡,1,
674,A1,Logistic,0.4061247618011744,高钾,1,
674,A2,Logistic,0.7887933243499912,铅钡,1,
674,A3,Logistic,0.6875698279829279,铅钡,1,
674,A4,Logistic,0.6892214104821375,铅钡,1,
674,A5,Logistic,0.4048189195739988,高钾,1,
674,A6,Logistic,0.8336294857279145,铅钡,1,
674,A7,Logistic,0.7410225931579425,铅钡,1,
674,A8,Logistic,0.8825755845332217,铅钡,1,
675,A1,Logistic,0.6792377490126699,铅钡,1,
675,A2,Logistic,0.7874357827795307,铅钡,1,
675,A3,Logistic,0.4870987317062941,高钾,1,
675,A4,Logistic,0.8496843554381159,铅钡,1,
675,A5,Logistic,0.8292729927845481,铅钡,1,
675,A6,Logistic,0.9794011903339991,铅钡,1,
675,A7,Logistic,0.9509136456288989,铅钡,1,
675,A8,Logistic,0.9983272105980592,铅钡,1,
676,A1,Logistic,0.2622298682886766,高钾,1,
676,A2,Logistic,0.7731178735267388,铅钡,1,
676,A3,Logistic,0.6468163421604628,铅钡,1,
676,A4,Logistic,0.7247146839282014,铅钡,1,
676,A5,Logistic,0.4583818747186924,高钾,1,
676,A6,Logistic,0.8766274327592557,铅钡,1,
676,A7,Logistic,0.7787550087452748,铅钡,1,
676,A8,Logistic,0.9543582355332738,铅钡,1,
677,A1,Logistic,0.7528842008506145,铅钡,1,
677,A2,Logistic,0.7222995466159267,铅钡,1,
677,A3,Logistic,0.4092896131504135,高钾,1,
677,A4,Logistic,0.6983294415168139,铅钡,1,
677,A5,Logistic,0.7021755692196748,铅钡,1,
677,A6,Logistic,0.9383368880930321,铅钡,1,
677,A7,Logistic,0.8968597991747748,铅钡,1,
677,A8,Logistic,0.9801046120411777,铅钡,1,
678,A1,Logistic,0.4743254653941829,高钾,1,
678,A2,Logistic,0.8743261586721754,铅钡,1,
678,A3,Logistic,0.7818236737791789,铅钡,1,
678,A4,Logistic,0.8473151681089435,铅钡,1,
678,A5,Logistic,0.6362551398419529,铅钡,1,
678,A6,Logistic,0.9528848530977958,铅钡,1,
678,A7,Logistic,0.9036571264642995,铅钡,1,
678,A8,Logistic,0.9814192774358153,铅钡,1,
679,A1,Logistic,0.6067442668978058,铅钡,1,
679,A2,Logistic,0.8455741428123835,铅钡,1,
679,A3,Logistic,0.642226020020198,铅钡,1,
679,A4,Logistic,0.7515764516294476,铅钡,1,
679,A5,Logistic,0.4832464988162284,高钾,1,
679,A6,Logistic,0.943324273561715,铅钡,1,
679,A7,Logistic,0.8907359398047615,铅钡,1,
679,A8,Logistic,0.9700741803564157,铅钡,1,
680,A1,Logistic,0.22997294023671225,高钾,1,
680,A2,Logistic,0.7924227993668287,铅钡,1,
680,A3,Logistic,0.7006353255475429,铅钡,1,
680,A4,Logistic,0.5974129836965342,铅钡,1,
680,A5,Logistic,0.15634546759698886,高钾,1,
680,A6,Logistic,0.7687272909412607,铅钡,1,
680,A7,Logistic,0.598054182895856,铅钡,1,
680,A8,Logistic,0.7943943895843464,铅钡,1,
681,A1,Logistic,0.414471838385588,高钾,1,
681,A2,Logistic,0.8989546813917569,铅钡,1,
681,A3,Logistic,0.867732036141775,铅钡,1,
681,A4,Logistic,0.7385414386386682,铅钡,1,
681,A5,Logistic,0.21566977301967893,高钾,1,
681,A6,Logistic,0.8443137118818693,铅钡,1,
681,A7,Logistic,0.7129933335653909,铅钡,1,
681,A8,Logistic,0.7976735594786403,铅钡,1,
682,A1,Logistic,0.30668739964803826,高钾,1,
682,A2,Logistic,0.9167121362203722,铅钡,1,
682,A3,Logistic,0.7201992730585944,铅钡,1,
682,A4,Logistic,0.8709959981059964,铅钡,1,
682,A5,Logistic,0.7875539635969359,铅钡,1,
682,A6,Logistic,0.9823295340604701,铅钡,1,
682,A7,Logistic,0.9668054925410884,铅钡,1,
682,A8,Logistic,0.9932236337576802,铅钡,1,
683,A1,Logistic,0.37699878789015795,高钾,1,
683,A2,Logistic,0.7874250770816776,铅钡,1,
683,A3,Logistic,0.6437366771938863,铅钡,1,
683,A4,Logistic,0.7576766538335945,铅钡,1,
683,A5,Logistic,0.6362049346889249,铅钡,1,
683,A6,Logistic,0.903189672374893,铅钡,1,
683,A7,Logistic,0.8441587989393967,铅钡,1,
683,A8,Logistic,0.9584186227785146,铅钡,1,
684,A1,Logistic,0.061763979562024986,高钾,1,
684,A2,Logistic,0.9014628544041341,铅钡,1,
684,A3,Logistic,0.8744126677127991,铅钡,1,
684,A4,Logistic,0.7225630695837212,铅钡,1,
684,A5,Logistic,0.11122521264504423,高钾,1,
684,A6,Logistic,0.8505542057565898,铅钡,1,
684,A7,Logistic,0.6631667535020105,铅钡,1,
684,A8,Logistic,0.8297051536388802,铅钡,1,
685,A1,Logistic,0.4274849029588571,高钾,1,
685,A2,Logistic,0.8924321773223106,铅钡,1,
685,A3,Logistic,0.8228150965847941,铅钡,1,
685,A4,Logistic,0.8721150772544429,铅钡,1,
685,A5,Logistic,0.7036940479019478,铅钡,1,
685,A6,Logistic,0.947459183033684,铅钡,1,
685,A7,Logistic,0.8990899049820524,铅钡,1,
685,A8,Logistic,0.9829257231360456,铅钡,1,
686,A1,Logistic,0.2953853566501968,高钾,1,
686,A2,Logistic,0.8637273465996942,铅钡,1,
686,A3,Logistic,0.7674334322474331,铅钡,1,
686,A4,Logistic,0.7834309873811772,铅钡,1,
686,A5,Logistic,0.4444151675112051,高钾,1,
686,A6,Logistic,0.9242709584025194,铅钡,1,
686,A7,Logistic,0.8482022614140915,铅钡,1,
686,A8,Logistic,0.9523451710446789,铅钡,1,
687,A1,Logistic,0.6032639245272666,铅钡,1,
687,A2,Logistic,0.8178388946418981,铅钡,1,
687,A3,Logistic,0.6425090949558036,铅钡,1,
687,A4,Logistic,0.7803987213556243,铅钡,1,
687,A5,Logistic,0.6677409873180046,铅钡,1,
687,A6,Logistic,0.930467525393619,铅钡,1,
687,A7,Logistic,0.8790031029316712,铅钡,1,
687,A8,Logistic,0.9766303489589084,铅钡,1,
688,A1,Logistic,0.656124711589471,铅钡,1,
688,A2,Logistic,0.8525807717022613,铅钡,1,
688,A3,Logistic,0.7685126236592746,铅钡,1,
688,A4,Logistic,0.7604484594701778,铅钡,1,
688,A5,Logistic,0.4959039430859503,高钾,1,
688,A6,Logistic,0.8831593706944367,铅钡,1,
688,A7,Logistic,0.8225675511762277,铅钡,1,
688,A8,Logistic,0.9002054512963924,铅钡,1,
689,A1,Logistic,0.45158494059892584,高钾,1,
689,A2,Logistic,0.7778336239055621,铅钡,1,
689,A3,Logistic,0.6398050211624068,铅钡,1,
689,A4,Logistic,0.7755008259394838,铅钡,1,
689,A5,Logistic,0.610547221440919,铅钡,1,
689,A6,Logistic,0.9316938235974804,铅钡,1,
689,A7,Logistic,0.8717851540294361,铅钡,1,
689,A8,Logistic,0.9781822773927736,铅钡,1,
690,A1,Logistic,0.7222893309462748,铅钡,1,
690,A2,Logistic,0.8372936997710967,铅钡,1,
690,A3,Logistic,0.7261897123231216,铅钡,1,
690,A4,Logistic,0.7683347189376837,铅钡,1,
690,A5,Logistic,0.5142011413016114,铅钡,1,
690,A6,Logistic,0.9090689866300922,铅钡,1,
690,A7,Logistic,0.8469810049057167,铅钡,1,
690,A8,Logistic,0.9433505922795093,铅钡,1,
691,A1,Logistic,0.6557409782983071,铅钡,1,
691,A2,Logistic,0.8656262379503744,铅钡,1,
691,A3,Logistic,0.7563884475370093,铅钡,1,
691,A4,Logistic,0.7873528704179654,铅钡,1,
691,A5,Logistic,0.4895073552381579,高钾,1,
691,A6,Logistic,0.9299274773680082,铅钡,1,
691,A7,Logistic,0.8678472834967333,铅钡,1,
691,A8,Logistic,0.957801972644989,铅钡,1,
692,A1,Logistic,0.5938669699357784,铅钡,1,
692,A2,Logistic,0.7878953469123094,铅钡,1,
692,A3,Logistic,0.6135647311504034,铅钡,1,
692,A4,Logistic,0.7593167723646677,铅钡,1,
692,A5,Logistic,0.6321589382853086,铅钡,1,
692,A6,Logistic,0.9088938187895124,铅钡,1,
692,A7,Logistic,0.8618262086025849,铅钡,1,
692,A8,Logistic,0.9662763568960572,铅钡,1,
693,A1,Logistic,0.6940568566433201,铅钡,1,
693,A2,Logistic,0.8533530302703705,铅钡,1,
693,A3,Logistic,0.623409053746008,铅钡,1,
693,A4,Logistic,0.8390080388543546,铅钡,1,
693,A5,Logistic,0.7276170035456102,铅钡,1,
693,A6,Logistic,0.9777775147216191,铅钡,1,
693,A7,Logistic,0.9502249249929279,铅钡,1,
693,A8,Logistic,0.994363002415975,铅钡,1,
694,A1,Logistic,0.21737442868457962,高钾,1,
694,A2,Logistic,0.7472956117035789,铅钡,1,
694,A3,Logistic,0.5251452237601703,铅钡,1,
694,A4,Logistic,0.6931763915919849,铅钡,1,
694,A5,Logistic,0.5432926641879108,铅钡,1,
694,A6,Logistic,0.9029475779124719,铅钡,1,
694,A7,Logistic,0.8335941816303397,铅钡,1,
694,A8,Logistic,0.9643680432600377,铅钡,1,
695,A1,Logistic,0.5925571366147501,铅钡,1,
695,A2,Logistic,0.7512911024387634,铅钡,1,
695,A3,Logistic,0.6138338813597547,铅钡,1,
695,A4,Logistic,0.769593465281969,铅钡,1,
695,A5,Logistic,0.6640221221465216,铅钡,1,
695,A6,Logistic,0.9101800447743708,铅钡,1,
695,A7,Logistic,0.8515299217043815,铅钡,1,
695,A8,Logistic,0.9757217673324374,铅钡,1,
696,A1,Logistic,0.44770533577130583,高钾,1,
696,A2,Logistic,0.8217914855500311,铅钡,1,
696,A3,Logistic,0.7619004561076714,铅钡,1,
696,A4,Logistic,0.6454171496001104,铅钡,1,
696,A5,Logistic,0.2098480160644394,高钾,1,
696,A6,Logistic,0.7888859394368221,铅钡,1,
696,A7,Logistic,0.6510978600615431,铅钡,1,
696,A8,Logistic,0.7579208828216313,铅钡,1,
697,A1,Logistic,0.6463594012059652,铅钡,1,
697,A2,Logistic,0.7841573528336054,铅钡,1,
697,A3,Logistic,0.6715031992704583,铅钡,1,
697,A4,Logistic,0.7882384130383528,铅钡,1,
697,A5,Logistic,0.6028637635219788,铅钡,1,
697,A6,Logistic,0.9245245935315051,铅钡,1,
697,A7,Logistic,0.8552486408204465,铅钡,1,
697,A8,Logistic,0.9766475985068768,铅钡,1,
698,A1,Logistic,0.06412482597775787,高钾,1,
698,A2,Logistic,0.9419806648311503,铅钡,1,
698,A3,Logistic,0.867620615519531,铅钡,1,
698,A4,Logistic,0.8796570764119984,铅钡,1,
698,A5,Logistic,0.5347765843440362,铅钡,1,
698,A6,Logistic,0.9741319707757224,铅钡,1,
698,A7,Logistic,0.9379057106298221,铅钡,1,
698,A8,Logistic,0.9848486436699365,铅钡,1,
699,A1,Logistic,0.5970673036432148,铅钡,1,
699,A2,Logistic,0.8728956456602113,铅钡,1,
699,A3,Logistic,0.8072589658444815,铅钡,1,
699,A4,Logistic,0.8398874054569825,铅钡,1,
699,A5,Logistic,0.6485376902678124,铅钡,1,
699,A6,Logistic,0.931715396826179,铅钡,1,
699,A7,Logistic,0.8815374082019303,铅钡,1,
699,A8,Logistic,0.9625951509688935,铅钡,1,
700,A1,Logistic,0.48924002505793646,高钾,1,
700,A2,Logistic,0.8649345642203777,铅钡,1,
700,A3,Logistic,0.7448089177335948,铅钡,1,
700,A4,Logistic,0.7826062130388538,铅钡,1,
700,A5,Logistic,0.5101884848492712,铅钡,1,
700,A6,Logistic,0.9293834148452103,铅钡,1,
700,A7,Logistic,0.8767076642348189,铅钡,1,
700,A8,Logistic,0.9532534099860526,铅钡,1,
701,A1,Logistic,0.4078425401477752,高钾,1,
701,A2,Logistic,0.7754417499976173,铅钡,1,
701,A3,Logistic,0.5925435775766575,铅钡,1,
701,A4,Logistic,0.7350378251242745,铅钡,1,
701,A5,Logistic,0.5701397626758486,铅钡,1,
701,A6,Logistic,0.9319799923256347,铅钡,1,
701,A7,Logistic,0.8774131156519128,铅钡,1,
701,A8,Logistic,0.9675583463862301,铅钡,1,
702,A1,Logistic,0.4033810678497743,高钾,1,
702,A2,Logistic,0.6819307511717018,铅钡,1,
702,A3,Logistic,0.5864326386886982,铅钡,1,
702,A4,Logistic,0.6623294905115019,铅钡,1,
702,A5,Logistic,0.5920197714769059,铅钡,1,
702,A6,Logistic,0.7980192585838572,铅钡,1,
702,A7,Logistic,0.7460969068682067,铅钡,1,
702,A8,Logistic,0.8595354201996439,铅钡,1,
703,A1,Logistic,0.3238374137356997,高钾,1,
703,A2,Logistic,0.8013926999119291,铅钡,1,
703,A3,Logistic,0.7162109604712321,铅钡,1,
703,A4,Logistic,0.746009407743456,铅钡,1,
703,A5,Logistic,0.4877696079592527,高钾,1,
703,A6,Logistic,0.8714414559099352,铅钡,1,
703,A7,Logistic,0.7896945406261252,铅钡,1,
703,A8,Logistic,0.9220532525086294,铅钡,1,
704,A1,Logistic,0.5479854525405706,铅钡,1,
704,A2,Logistic,0.793438377716212,铅钡,1,
704,A3,Logistic,0.7169585627079517,铅钡,1,
704,A4,Logistic,0.6454423853916289,铅钡,1,
704,A5,Logistic,0.2405912706379997,高钾,1,
704,A6,Logistic,0.7905673825971122,铅钡,1,
704,A7,Logistic,0.6495775407914923,铅钡,1,
704,A8,Logistic,0.819015888168282,铅钡,1,
705,A1,Logistic,0.26933827570666447,高钾,1,
705,A2,Logistic,0.7914753446716849,铅钡,1,
705,A3,Logistic,0.5913969426629047,铅钡,1,
705,A4,Logistic,0.7508883477269777,铅钡,1,
705,A5,Logistic,0.5839593333709785,铅钡,1,
705,A6,Logistic,0.9209247286559042,铅钡,1,
705,A7,Logistic,0.8765605689616051,铅钡,1,
705,A8,Logistic,0.9758651684242448,铅钡,1,
706,A1,Logistic,0.4619228743966176,高钾,1,
706,A2,Logistic,0.8259229527766255,铅钡,1,
706,A3,Logistic,0.721041416514414,铅钡,1,
706,A4,Logistic,0.767857531482885,铅钡,1,
706,A5,Logistic,0.522977172642271,铅钡,1,
706,A6,Logistic,0.9168130619574735,铅钡,1,
706,A7,Logistic,0.8507352455718361,铅钡,1,
706,A8,Logistic,0.9507076202731704,铅钡,1,
707,A1,Logistic,0.11827084150388871,高钾,1,
707,A2,Logistic,0.8514923308415153,铅钡,1,
707,A3,Logistic,0.8051644549429205,铅钡,1,
707,A4,Logistic,0.7612854044434731,铅钡,1,
707,A5,Logistic,0.3737315087094015,高钾,1,
707,A6,Logistic,0.8730930597580698,铅钡,1,
707,A7,Logistic,0.7728141652883476,铅钡,1,
707,A8,Logistic,0.9021254316454353,铅钡,1,
708,A1,Logistic,0.619628660463752,铅钡,1,
708,A2,Logistic,0.8344068083417352,铅钡,1,
708,A3,Logistic,0.593022057518321,铅钡,1,
708,A4,Logistic,0.7355034808122639,铅钡,1,
708,A5,Logistic,0.5511803624563516,铅钡,1,
708,A6,Logistic,0.9466903228541177,铅钡,1,
708,A7,Logistic,0.9044556511396131,铅钡,1,
708,A8,Logistic,0.9687782326372667,铅钡,1,
709,A1,Logistic,0.3850700806248429,高钾,1,
709,A2,Logistic,0.7340404104777927,铅钡,1,
709,A3,Logistic,0.6200883329428357,铅钡,1,
709,A4,Logistic,0.6149819715348533,铅钡,1,
709,A5,Logistic,0.3000490115371492,高钾,1,
709,A6,Logistic,0.7827896675077218,铅钡,1,
709,A7,Logistic,0.6617860841494276,铅钡,1,
709,A8,Logistic,0.8513378528815335,铅钡,1,
710,A1,Logistic,0.2988993265232548,高钾,1,
710,A2,Logistic,0.9171130100971884,铅钡,1,
710,A3,Logistic,0.7609861341257593,铅钡,1,
710,A4,Logistic,0.8374694407621911,铅钡,1,
710,A5,Logistic,0.3336129580304846,高钾,1,
710,A6,Logistic,0.97638752579514,铅钡,1,
710,A7,Logistic,0.9131162673327472,铅钡,1,
710,A8,Logistic,0.9931572691761419,铅钡,1,
711,A1,Logistic,0.6433283263826651,铅钡,1,
711,A2,Logistic,0.7948519870975269,铅钡,1,
711,A3,Logistic,0.6140324049215571,铅钡,1,
711,A4,Logistic,0.795380987731496,铅钡,1,
711,A5,Logistic,0.6958953159344673,铅钡,1,
711,A6,Logistic,0.9503940830053572,铅钡,1,
711,A7,Logistic,0.9105284222066373,铅钡,1,
711,A8,Logistic,0.9843609743365265,铅钡,1,
712,A1,Logistic,0.3987624483392807,高钾,1,
712,A2,Logistic,0.8704495508774084,铅钡,1,
712,A3,Logistic,0.8139390232536257,铅钡,1,
712,A4,Logistic,0.7724289051808477,铅钡,1,
712,A5,Logistic,0.3673446691577341,高钾,1,
712,A6,Logistic,0.8977463763898056,铅钡,1,
712,A7,Logistic,0.8089875728541562,铅钡,1,
712,A8,Logistic,0.9147465655720403,铅钡,1,
713,A1,Logistic,0.716724296799247,铅钡,1,
713,A2,Logistic,0.7620967942510137,铅钡,1,
713,A3,Logistic,0.674145461326234,铅钡,1,
713,A4,Logistic,0.7634394675116167,铅钡,1,
713,A5,Logistic,0.7367540934578086,铅钡,1,
713,A6,Logistic,0.8695974827186665,铅钡,1,
713,A7,Logistic,0.8365499434336411,铅钡,1,
713,A8,Logistic,0.9193715488792348,铅钡,1,
714,A1,Logistic,0.27018728456054597,高钾,1,
714,A2,Logistic,0.8800016480494451,铅钡,1,
714,A3,Logistic,0.7771561153624003,铅钡,1,
714,A4,Logistic,0.7902934604432814,铅钡,1,
714,A5,Logistic,0.3873463051740465,高钾,1,
714,A6,Logistic,0.9292123193563684,铅钡,1,
714,A7,Logistic,0.8415826872111903,铅钡,1,
714,A8,Logistic,0.9630598427541649,铅钡,1,
715,A1,Logistic,0.7421856864296911,铅钡,1,
715,A2,Logistic,0.9125548992992293,铅钡,1,
715,A3,Logistic,0.8831870465727057,铅钡,1,
715,A4,Logistic,0.8371219594216507,铅钡,1,
715,A5,Logistic,0.4405859332287876,高钾,1,
715,A6,Logistic,0.9165230487242789,铅钡,1,
715,A7,Logistic,0.8384315758740588,铅钡,1,
715,A8,Logistic,0.9300847788251004,铅钡,1,
716,A1,Logistic,0.6952490347870891,铅钡,1,
716,A2,Logistic,0.8371149567577767,铅钡,1,
716,A3,Logistic,0.6585877090831123,铅钡,1,
716,A4,Logistic,0.7536927596371843,铅钡,1,
716,A5,Logistic,0.6186850688896147,铅钡,1,
716,A6,Logistic,0.9243290532567415,铅钡,1,
716,A7,Logistic,0.8805069745509642,铅钡,1,
716,A8,Logistic,0.9530701097774378,铅钡,1,
717,A1,Logistic,0.727267852661802,铅钡,1,
717,A2,Logistic,0.7605452800332934,铅钡,1,
717,A3,Logistic,0.657221107840206,铅钡,1,
717,A4,Logistic,0.7903020188460375,铅钡,1,
717,A5,Logistic,0.6590173813259048,铅钡,1,
717,A6,Logistic,0.9032410953593615,铅钡,1,
717,A7,Logistic,0.836035339011979,铅钡,1,
717,A8,Logistic,0.9757435478083648,铅钡,1,
718,A1,Logistic,0.4966788285035994,高钾,1,
718,A2,Logistic,0.7619103409343139,铅钡,1,
718,A3,Logistic,0.6987107176891567,铅钡,1,
718,A4,Logistic,0.6478212123114582,铅钡,1,
718,A5,Logistic,0.32265671451875444,高钾,1,
718,A6,Logistic,0.7845969990044562,铅钡,1,
718,A7,Logistic,0.6766692965587987,铅钡,1,
718,A8,Logistic,0.7992946927977165,铅钡,1,
719,A1,Logistic,0.5116561732160156,铅钡,1,
719,A2,Logistic,0.7769398320024112,铅钡,1,
719,A3,Logistic,0.6375137368695252,铅钡,1,
719,A4,Logistic,0.7490595488636923,铅钡,1,
719,A5,Logistic,0.580822824523746,铅钡,1,
719,A6,Logistic,0.9289948438153507,铅钡,1,
719,A7,Logistic,0.8773321105329374,铅钡,1,
719,A8,Logistic,0.9620954794530377,铅钡,1,
720,A1,Logistic,0.3266875072791584,高钾,1,
720,A2,Logistic,0.7617819968954075,铅钡,1,
720,A3,Logistic,0.5380311121641824,铅钡,1,
720,A4,Logistic,0.7428133752261656,铅钡,1,
720,A5,Logistic,0.6477055950651028,铅钡,1,
720,A6,Logistic,0.9301500848668859,铅钡,1,
720,A7,Logistic,0.872391065048907,铅钡,1,
720,A8,Logistic,0.9822390171605542,铅钡,1,
721,A1,Logistic,0.4311201686948424,高钾,1,
721,A2,Logistic,0.801181461465302,铅钡,1,
721,A3,Logistic,0.6746374075852776,铅钡,1,
721,A4,Logistic,0.7518856138897436,铅钡,1,
721,A5,Logistic,0.6013111391801071,铅钡,1,
721,A6,Logistic,0.9019587340989895,铅钡,1,
721,A7,Logistic,0.8448856127656869,铅钡,1,
721,A8,Logistic,0.9403651494462684,铅钡,1,
722,A1,Logistic,0.7625883984390205,铅钡,1,
722,A2,Logistic,0.8116076473775108,铅钡,1,
722,A3,Logistic,0.7008595986047811,铅钡,1,
722,A4,Logistic,0.8014200656771571,铅钡,1,
722,A5,Logistic,0.662278028404565,铅钡,1,
722,A6,Logistic,0.9253537498655271,铅钡,1,
722,A7,Logistic,0.8757861985709589,铅钡,1,
722,A8,Logistic,0.9685438713215498,铅钡,1,
723,A1,Logistic,0.4052887277745887,高钾,1,
723,A2,Logistic,0.8473275743876282,铅钡,1,
723,A3,Logistic,0.6391923828037565,铅钡,1,
723,A4,Logistic,0.7973466238517769,铅钡,1,
723,A5,Logistic,0.6388092285423044,铅钡,1,
723,A6,Logistic,0.9487826932164029,铅钡,1,
723,A7,Logistic,0.9033427949784448,铅钡,1,
723,A8,Logistic,0.9836401343372692,铅钡,1,
724,A1,Logistic,0.07938887008824967,高钾,1,
724,A2,Logistic,0.8371606178725578,铅钡,1,
724,A3,Logistic,0.7353433416299405,铅钡,1,
724,A4,Logistic,0.7619189720229353,铅钡,1,
724,A5,Logistic,0.4683882396390505,高钾,1,
724,A6,Logistic,0.9084444077574483,铅钡,1,
724,A7,Logistic,0.8342820079465364,铅钡,1,
724,A8,Logistic,0.9400754209461287,铅钡,1,
725,A1,Logistic,0.3165629195882158,高钾,1,
725,A2,Logistic,0.7140604056661071,铅钡,1,
725,A3,Logistic,0.5773868968631508,铅钡,1,
725,A4,Logistic,0.6650090439836683,铅钡,1,
725,A5,Logistic,0.4582852660023625,高钾,1,
725,A6,Logistic,0.8698614874553009,铅钡,1,
725,A7,Logistic,0.7976033353255836,铅钡,1,
725,A8,Logistic,0.9215007621792309,铅钡,1,
726,A1,Logistic,0.717135037943206,铅钡,1,
726,A2,Logistic,0.8523415146004722,铅钡,1,
726,A3,Logistic,0.7102687670350538,铅钡,1,
726,A4,Logistic,0.7603245103500151,铅钡,1,
726,A5,Logistic,0.5134581354462919,铅钡,1,
726,A6,Logistic,0.917843510079001,铅钡,1,
726,A7,Logistic,0.8578031313695818,铅钡,1,
726,A8,Logistic,0.9486982668168841,铅钡,1,
727,A1,Logistic,0.2956397465534996,高钾,1,
727,A2,Logistic,0.7862801748147001,铅钡,1,
727,A3,Logistic,0.7131362934041445,铅钡,1,
727,A4,Logistic,0.707006931603449,铅钡,1,
727,A5,Logistic,0.36824680054248005,高钾,1,
727,A6,Logistic,0.8511342251002189,铅钡,1,
727,A7,Logistic,0.7457517287933584,铅钡,1,
727,A8,Logistic,0.8998724529948945,铅钡,1,
728,A1,Logistic,0.2770378220730713,高钾,1,
728,A2,Logistic,0.8476752952188437,铅钡,1,
728,A3,Logistic,0.6690015377746702,铅钡,1,
728,A4,Logistic,0.7796462014710641,铅钡,1,
728,A5,Logistic,0.5311350884279753,铅钡,1,
728,A6,Logistic,0.9307127798309436,铅钡,1,
728,A7,Logistic,0.8757068264432126,铅钡,1,
728,A8,Logistic,0.9800626183221319,铅钡,1,
729,A1,Logistic,0.6958885045543823,铅钡,1,
729,A2,Logistic,0.8681321203682533,铅钡,1,
729,A3,Logistic,0.7333107146919641,铅钡,1,
729,A4,Logistic,0.7977188714472881,铅钡,1,
729,A5,Logistic,0.5313281137736516,铅钡,1,
729,A6,Logistic,0.9392232869576929,铅钡,1,
729,A7,Logistic,0.8761175539123596,铅钡,1,
729,A8,Logistic,0.9714719392454825,铅钡,1,
730,A1,Logistic,0.430074219434267,高钾,1,
730,A2,Logistic,0.7804628427274805,铅钡,1,
730,A3,Logistic,0.7291408866803369,铅钡,1,
730,A4,Logistic,0.7044890120344884,铅钡,1,
730,A5,Logistic,0.43832760237346036,高钾,1,
730,A6,Logistic,0.8171198698003165,铅钡,1,
730,A7,Logistic,0.7311498394435139,铅钡,1,
730,A8,Logistic,0.8443651584324133,铅钡,1,
731,A1,Logistic,0.5740151987136789,铅钡,1,
731,A2,Logistic,0.7684079211921723,铅钡,1,
731,A3,Logistic,0.6634154241705278,铅钡,1,
731,A4,Logistic,0.797748785697854,铅钡,1,
731,A5,Logistic,0.7328793846018536,铅钡,1,
731,A6,Logistic,0.908853735656638,铅钡,1,
731,A7,Logistic,0.8602927379765419,铅钡,1,
731,A8,Logistic,0.9680268258545104,铅钡,1,
732,A1,Logistic,0.4332112938627656,高钾,1,
732,A2,Logistic,0.8737663664014228,铅钡,1,
732,A3,Logistic,0.7662212938295239,铅钡,1,
732,A4,Logistic,0.7777872543256508,铅钡,1,
732,A5,Logistic,0.48276448873499106,高钾,1,
732,A6,Logistic,0.9060345911842279,铅钡,1,
732,A7,Logistic,0.8359705849221771,铅钡,1,
732,A8,Logistic,0.939336434585283,铅钡,1,
733,A1,Logistic,0.4033695983698555,高钾,1,
733,A2,Logistic,0.928747003766378,铅钡,1,
733,A3,Logistic,0.7961545917130702,铅钡,1,
733,A4,Logistic,0.863342484790718,铅钡,1,
733,A5,Logistic,0.6136904846555838,铅钡,1,
733,A6,Logistic,0.9710446980516054,铅钡,1,
733,A7,Logistic,0.9339338865475513,铅钡,1,
733,A8,Logistic,0.9882613955909741,铅钡,1,
734,A1,Logistic,0.2408588243942054,高钾,1,
734,A2,Logistic,0.8204276048665995,铅钡,1,
734,A3,Logistic,0.6651780103860663,铅钡,1,
734,A4,Logistic,0.7315531868160167,铅钡,1,
734,A5,Logistic,0.4480913251531635,高钾,1,
734,A6,Logistic,0.912670922535716,铅钡,1,
734,A7,Logistic,0.8445373692488276,铅钡,1,
734,A8,Logistic,0.9536115398806769,铅钡,1,
735,A1,Logistic,0.32936872654445676,高钾,1,
735,A2,Logistic,0.7949358151301259,铅钡,1,
735,A3,Logistic,0.6888129720844581,铅钡,1,
735,A4,Logistic,0.6784322619153376,铅钡,1,
735,A5,Logistic,0.38229184536227406,高钾,1,
735,A6,Logistic,0.8275981522539966,铅钡,1,
735,A7,Logistic,0.7311901644990694,铅钡,1,
735,A8,Logistic,0.8706116734153556,铅钡,1,
736,A1,Logistic,0.38397551719215106,高钾,1,
736,A2,Logistic,0.8400742868028838,铅钡,1,
736,A3,Logistic,0.7561108780284378,铅钡,1,
736,A4,Logistic,0.7335646720931629,铅钡,1,
736,A5,Logistic,0.34574207461524076,高钾,1,
736,A6,Logistic,0.8831278564131617,铅钡,1,
736,A7,Logistic,0.7873395025726677,铅钡,1,
736,A8,Logistic,0.9158928514971738,铅钡,1,
737,A1,Logistic,0.44881428929588135,高钾,1,
737,A2,Logistic,0.757798547443977,铅钡,1,
737,A3,Logistic,0.6468191726544974,铅钡,1,
737,A4,Logistic,0.6552803979236366,铅钡,1,
737,A5,Logistic,0.32088606149146337,高钾,1,
737,A6,Logistic,0.8401131219413336,铅钡,1,
737,A7,Logistic,0.7253644949858533,铅钡,1,
737,A8,Logistic,0.8941546538248245,铅钡,1,
738,A1,Logistic,0.5973917686720006,铅钡,1,
738,A2,Logistic,0.7246673302860605,铅钡,1,
738,A3,Logistic,0.6246489460542828,铅钡,1,
738,A4,Logistic,0.6495231677222609,铅钡,1,
738,A5,Logistic,0.4494633524072767,高钾,1,
738,A6,Logistic,0.7814567439678777,铅钡,1,
738,A7,Logistic,0.70211260419765,铅钡,1,
738,A8,Logistic,0.8398329957144295,铅钡,1,
739,A1,Logistic,0.7214305823356632,铅钡,1,
739,A2,Logistic,0.7708716252864894,铅钡,1,
739,A3,Logistic,0.6041724688028958,铅钡,1,
739,A4,Logistic,0.7421510774015779,铅钡,1,
739,A5,Logistic,0.5892936471209773,铅钡,1,
739,A6,Logistic,0.90162566112779,铅钡,1,
739,A7,Logistic,0.838609308664786,铅钡,1,
739,A8,Logistic,0.9674737682014896,铅钡,1,
740,A1,Logistic,0.37038197040541126,高钾,1,
740,A2,Logistic,0.8311322912984764,铅钡,1,
740,A3,Logistic,0.747678003168659,铅钡,1,
740,A4,Logistic,0.765519859228015,铅钡,1,
740,A5,Logistic,0.44532724153205366,高钾,1,
740,A6,Logistic,0.9022979913455424,铅钡,1,
740,A7,Logistic,0.8254231800414791,铅钡,1,
740,A8,Logistic,0.938435542768754,铅钡,1,
741,A1,Logistic,0.47964184148345745,高钾,1,
741,A2,Logistic,0.8339037241614546,铅钡,1,
741,A3,Logistic,0.4948248701973321,高钾,1,
741,A4,Logistic,0.7148134967303144,铅钡,1,
741,A5,Logistic,0.24601478405973695,高钾,1,
741,A6,Logistic,0.9783971636156145,铅钡,1,
741,A7,Logistic,0.9252061742706129,铅钡,1,
741,A8,Logistic,0.9952241923187097,铅钡,1,
742,A1,Logistic,0.06913426776632031,高钾,1,
742,A2,Logistic,0.8651436879433675,铅钡,1,
742,A3,Logistic,0.8113369877399309,铅钡,1,
742,A4,Logistic,0.6975125111404894,铅钡,1,
742,A5,Logistic,0.19596565816159217,高钾,1,
742,A6,Logistic,0.8396711070090435,铅钡,1,
742,A7,Logistic,0.6967700723626311,铅钡,1,
742,A8,Logistic,0.8265227530256882,铅钡,1,
743,A1,Logistic,0.21654616354078843,高钾,1,
743,A2,Logistic,0.8316279139887878,铅钡,1,
743,A3,Logistic,0.696838526491442,铅钡,1,
743,A4,Logistic,0.6303250728178628,铅钡,1,
743,A5,Logistic,0.17448509259632614,高钾,1,
743,A6,Logistic,0.8638274012855773,铅钡,1,
743,A7,Logistic,0.7325920423379542,铅钡,1,
743,A8,Logistic,0.870651600299402,铅钡,1,
744,A1,Logistic,0.3876859531579745,高钾,1,
744,A2,Logistic,0.8241811712609973,铅钡,1,
744,A3,Logistic,0.6458827658238231,铅钡,1,
744,A4,Logistic,0.8193889273087952,铅钡,1,
744,A5,Logistic,0.657521639510766,铅钡,1,
744,A6,Logistic,0.9618970893673149,铅钡,1,
744,A7,Logistic,0.9178582954348389,铅钡,1,
744,A8,Logistic,0.9904969872106397,铅钡,1,
745,A1,Logistic,0.5430884514878214,铅钡,1,
745,A2,Logistic,0.7341265794162275,铅钡,1,
745,A3,Logistic,0.6481943094639354,铅钡,1,
745,A4,Logistic,0.7205243744534362,铅钡,1,
745,A5,Logistic,0.573227041935187,铅钡,1,
745,A6,Logistic,0.8435225052384088,铅钡,1,
745,A7,Logistic,0.7855682899257556,铅钡,1,
745,A8,Logistic,0.8951615993632625,铅钡,1,
746,A1,Logistic,0.3471358840596276,高钾,1,
746,A2,Logistic,0.8214224875901619,铅钡,1,
746,A3,Logistic,0.7680480415918892,铅钡,1,
746,A4,Logistic,0.6681116015145905,铅钡,1,
746,A5,Logistic,0.2048442463355203,高钾,1,
746,A6,Logistic,0.8192138084867161,铅钡,1,
746,A7,Logistic,0.6752891933585842,铅钡,1,
746,A8,Logistic,0.8238429402956232,铅钡,1,
747,A1,Logistic,0.11651882175523233,高钾,1,
747,A2,Logistic,0.8484834339050037,铅钡,1,
747,A3,Logistic,0.7630406873003317,铅钡,1,
747,A4,Logistic,0.7601953916113112,铅钡,1,
747,A5,Logistic,0.40826486015306185,高钾,1,
747,A6,Logistic,0.8874903220836797,铅钡,1,
747,A7,Logistic,0.7903051241101885,铅钡,1,
747,A8,Logistic,0.9339316688064363,铅钡,1,
748,A1,Logistic,0.3523901685661791,高钾,1,
748,A2,Logistic,0.8818463996217853,铅钡,1,
748,A3,Logistic,0.7079901506568578,铅钡,1,
748,A4,Logistic,0.821375350738712,铅钡,1,
748,A5,Logistic,0.5209686166078301,铅钡,1,
748,A6,Logistic,0.9621006720681359,铅钡,1,
748,A7,Logistic,0.903957776296196,铅钡,1,
748,A8,Logistic,0.9898252887677187,铅钡,1,
749,A1,Logistic,0.4713350279761475,高钾,1,
749,A2,Logistic,0.7712076987277154,铅钡,1,
749,A3,Logistic,0.6812875489537455,铅钡,1,
749,A4,Logistic,0.711484503503238,铅钡,1,
749,A5,Logistic,0.527667618960547,铅钡,1,
749,A6,Logistic,0.8377506376500761,铅钡,1,
749,A7,Logistic,0.7656277317628233,铅钡,1,
749,A8,Logistic,0.8853462932393563,铅钡,1,
750,A1,Logistic,0.3702531315737324,高钾,1,
750,A2,Logistic,0.833765279489012,铅钡,1,
750,A3,Logistic,0.6487873095438451,铅钡,1,
750,A4,Logistic,0.8135675278153328,铅钡,1,
750,A5,Logistic,0.5291678231408894,铅钡,1,
750,A6,Logistic,0.9681091407129663,铅钡,1,
750,A7,Logistic,0.913339012997732,铅钡,1,
750,A8,Logistic,0.9933111886065701,铅钡,1,
751,A1,Logistic,0.4668509144886016,高钾,1,
751,A2,Logistic,0.7647186857819901,铅钡,1,
751,A3,Logistic,0.6730795592066164,铅钡,1,
751,A4,Logistic,0.7018130304920096,铅钡,1,
751,A5,Logistic,0.43744477883175364,高钾,1,
751,A6,Logistic,0.8462960907158628,铅钡,1,
751,A7,Logistic,0.76182214470702,铅钡,1,
751,A8,Logistic,0.9032745078175571,铅钡,1,
752,A1,Logistic,0.35662511391036694,高钾,1,
752,A2,Logistic,0.8205033890591824,铅钡,1,
752,A3,Logistic,0.5912397520948817,铅钡,1,
752,A4,Logistic,0.6945305468397556,铅钡,1,
752,A5,Logistic,0.497347450072486,高钾,1,
752,A6,Logistic,0.9195688283308094,铅钡,1,
752,A7,Logistic,0.8628301552146219,铅钡,1,
752,A8,Logistic,0.9487392175180214,铅钡,1,
753,A1,Logistic,0.7168743243758161,铅钡,1,
753,A2,Logistic,0.665396504302478,铅钡,1,
753,A3,Logistic,0.5046710874222148,铅钡,1,
753,A4,Logistic,0.7519931393181454,铅钡,1,
753,A5,Logistic,0.7258949643679631,铅钡,1,
753,A6,Logistic,0.9060889534427544,铅钡,1,
753,A7,Logistic,0.847218760437897,铅钡,1,
753,A8,Logistic,0.9805216894437573,铅钡,1,
754,A1,Logistic,0.5156591582167244,铅钡,1,
754,A2,Logistic,0.8188760785569695,铅钡,1,
754,A3,Logistic,0.7146809983094138,铅钡,1,
754,A4,Logistic,0.6460421374174143,铅钡,1,
754,A5,Logistic,0.2472197210364404,高钾,1,
754,A6,Logistic,0.8258193094827965,铅钡,1,
754,A7,Logistic,0.7108522349929169,铅钡,1,
754,A8,Logistic,0.8219438002757734,铅钡,1,
755,A1,Logistic,0.6095439903910148,铅钡,1,
755,A2,Logistic,0.8268053003860668,铅钡,1,
755,A3,Logistic,0.6929667772818127,铅钡,1,
755,A4,Logistic,0.8290649481151753,铅钡,1,
755,A5,Logistic,0.7637191826694882,铅钡,1,
755,A6,Logistic,0.9444760195142461,铅钡,1,
755,A7,Logistic,0.9124078362722421,铅钡,1,
755,A8,Logistic,0.9810824464489071,铅钡,1,
756,A1,Logistic,0.31686612441675566,高钾,1,
756,A2,Logistic,0.737063509271959,铅钡,1,
756,A3,Logistic,0.58746504523317,铅钡,1,
756,A4,Logistic,0.6889522417205223,铅钡,1,
756,A5,Logistic,0.4136520385110739,高钾,1,
756,A6,Logistic,0.8995961468385913,铅钡,1,
756,A7,Logistic,0.8103737779428967,铅钡,1,
756,A8,Logistic,0.9547247945179177,铅钡,1,
757,A1,Logistic,0.3529651125913118,高钾,1,
757,A2,Logistic,0.8505319480465715,铅钡,1,
757,A3,Logistic,0.6370763987660149,铅钡,1,
757,A4,Logistic,0.7942980350254206,铅钡,1,
757,A5,Logistic,0.5932165445561106,铅钡,1,
757,A6,Logistic,0.9533822083572917,铅钡,1,
757,A7,Logistic,0.8973113298959933,铅钡,1,
757,A8,Logistic,0.9868248753408848,铅钡,1,
758,A1,Logistic,0.3025484856878391,高钾,1,
758,A2,Logistic,0.7704804938578989,铅钡,1,
758,A3,Logistic,0.5934549856682065,铅钡,1,
758,A4,Logistic,0.5930279410062791,铅钡,1,
758,A5,Logistic,0.2361025861968761,高钾,1,
758,A6,Logistic,0.8500711006351522,铅钡,1,
758,A7,Logistic,0.736320539449209,铅钡,1,
758,A8,Logistic,0.8797645183898916,铅钡,1,
759,A1,Logistic,0.47739260834259156,高钾,1,
759,A2,Logistic,0.8315190535983094,铅钡,1,
759,A3,Logistic,0.64938798483826,铅钡,1,
759,A4,Logistic,0.7719179894063639,铅钡,1,
759,A5,Logistic,0.5781409139515948,铅钡,1,
759,A6,Logistic,0.936480965823873,铅钡,1,
759,A7,Logistic,0.8791627487003079,铅钡,1,
759,A8,Logistic,0.9756046007780459,铅钡,1,
760,A1,Logistic,0.2511278834041723,高钾,1,
760,A2,Logistic,0.6890164236833632,铅钡,1,
760,A3,Logistic,0.5768190641013561,铅钡,1,
760,A4,Logistic,0.6551778029416855,铅钡,1,
760,A5,Logistic,0.46576848851021346,高钾,1,
760,A6,Logistic,0.7971988474299422,铅钡,1,
760,A7,Logistic,0.7157648410953625,铅钡,1,
760,A8,Logistic,0.9050031100975939,铅钡,1,
761,A1,Logistic,0.11247341641081253,高钾,1,
761,A2,Logistic,0.8720745551074148,铅钡,1,
761,A3,Logistic,0.7892393974010588,铅钡,1,
761,A4,Logistic,0.8153770129337297,铅钡,1,
761,A5,Logistic,0.5680106213661854,铅钡,1,
761,A6,Logistic,0.9156321471059246,铅钡,1,
761,A7,Logistic,0.8494618166523238,铅钡,1,
761,A8,Logistic,0.957105843201176,铅钡,1,
762,A1,Logistic,0.7087804358867604,铅钡,1,
762,A2,Logistic,0.9387656754222994,铅钡,1,
762,A3,Logistic,0.6500801285854239,铅钡,1,
762,A4,Logistic,0.9069412302749366,铅钡,1,
762,A5,Logistic,0.8451929872569836,铅钡,1,
762,A6,Logistic,0.9959335872387923,铅钡,1,
762,A7,Logistic,0.9875216631745449,铅钡,1,
762,A8,Logistic,0.9994324856107427,铅钡,1,
763,A1,Logistic,0.726176870832627,铅钡,1,
763,A2,Logistic,0.8477527949774214,铅钡,1,
763,A3,Logistic,0.6807098870387572,铅钡,1,
763,A4,Logistic,0.810461335890303,铅钡,1,
763,A5,Logistic,0.6297859963782648,铅钡,1,
763,A6,Logistic,0.9498593395787099,铅钡,1,
763,A7,Logistic,0.9073581227309112,铅钡,1,
763,A8,Logistic,0.9831515150129915,铅钡,1,
764,A1,Logistic,0.37066327250927045,高钾,1,
764,A2,Logistic,0.7881474765995162,铅钡,1,
764,A3,Logistic,0.7185817017834196,铅钡,1,
764,A4,Logistic,0.6724887315087628,铅钡,1,
764,A5,Logistic,0.3044151389363244,高钾,1,
764,A6,Logistic,0.8113947872280416,铅钡,1,
764,A7,Logistic,0.6965233711648459,铅钡,1,
764,A8,Logistic,0.8496577590366118,铅钡,1,
765,A1,Logistic,0.24907007426744532,高钾,1,
765,A2,Logistic,0.774164390954137,铅钡,1,
765,A3,Logistic,0.6613726085653423,铅钡,1,
765,A4,Logistic,0.5481382468255735,铅钡,1,
765,A5,Logistic,0.12890653433413948,高钾,1,
765,A6,Logistic,0.7716347695411427,铅钡,1,
765,A7,Logistic,0.6009792236752893,铅钡,1,
765,A8,Logistic,0.7603421040350105,铅钡,1,
766,A1,Logistic,0.283650118564965,高钾,1,
766,A2,Logistic,0.7463318646452256,铅钡,1,
766,A3,Logistic,0.6036922953850076,铅钡,1,
766,A4,Logistic,0.7142396657626349,铅钡,1,
766,A5,Logistic,0.42018999101743154,高钾,1,
766,A6,Logistic,0.8973576551283919,铅钡,1,
766,A7,Logistic,0.7914201876120835,铅钡,1,
766,A8,Logistic,0.9687477666066431,铅钡,1,
767,A1,Logistic,0.3572557501407898,高钾,1,
767,A2,Logistic,0.841637811039507,铅钡,1,
767,A3,Logistic,0.6423765020023574,铅钡,1,
767,A4,Logistic,0.8001907867890655,铅钡,1,
767,A5,Logistic,0.5882735412897102,铅钡,1,
767,A6,Logistic,0.9638731209105791,铅钡,1,
767,A7,Logistic,0.919975356738494,铅钡,1,
767,A8,Logistic,0.9855492319737236,铅钡,1,
768,A1,Logistic,0.3572758567607108,高钾,1,
768,A2,Logistic,0.7215230679108484,铅钡,1,
768,A3,Logistic,0.6076129470784071,铅钡,1,
768,A4,Logistic,0.7316211037443644,铅钡,1,
768,A5,Logistic,0.6016246911506057,铅钡,1,
768,A6,Logistic,0.884703494525927,铅钡,1,
768,A7,Logistic,0.8161702575143818,铅钡,1,
768,A8,Logistic,0.9530345194654157,铅钡,1,
769,A1,Logistic,0.07709420054847704,高钾,1,
769,A2,Logistic,0.8796129924701167,铅钡,1,
769,A3,Logistic,0.8105300681461218,铅钡,1,
769,A4,Logistic,0.7686968154085652,铅钡,1,
769,A5,Logistic,0.3238285564416888,高钾,1,
769,A6,Logistic,0.9029419957027818,铅钡,1,
769,A7,Logistic,0.8092769768692389,铅钡,1,
769,A8,Logistic,0.9257195306996739,铅钡,1,
770,A1,Logistic,0.3759149503776957,高钾,1,
770,A2,Logistic,0.8966023719778964,铅钡,1,
770,A3,Logistic,0.7487917546763395,铅钡,1,
770,A4,Logistic,0.8619695351246849,铅钡,1,
770,A5,Logistic,0.640650072976607,铅钡,1,
770,A6,Logistic,0.9743870104619975,铅钡,1,
770,A7,Logistic,0.9368474763630098,铅钡,1,
770,A8,Logistic,0.9929957100856537,铅钡,1,
771,A1,Logistic,0.22515656102680845,高钾,1,
771,A2,Logistic,0.7332737142349673,铅钡,1,
771,A3,Logistic,0.6432570451472626,铅钡,1,
771,A4,Logistic,0.4637299582525878,高钾,1,
771,A5,Logistic,0.07362634037832999,高钾,1,
771,A6,Logistic,0.666576040450911,铅钡,1,
771,A7,Logistic,0.45845236319677113,高钾,1,
771,A8,Logistic,0.6104864315721166,铅钡,1,
772,A1,Logistic,0.5595088952753636,铅钡,1,
772,A2,Logistic,0.8832623574769921,铅钡,1,
772,A3,Logistic,0.7783592142183722,铅钡,1,
772,A4,Logistic,0.8311729089884237,铅钡,1,
772,A5,Logistic,0.5658241871845408,铅钡,1,
772,A6,Logistic,0.9450307202787284,铅钡,1,
772,A7,Logistic,0.8974308088953111,铅钡,1,
772,A8,Logistic,0.9778870320020657,铅钡,1,
773,A1,Logistic,0.2572039237857856,高钾,1,
773,A2,Logistic,0.581349931312789,铅钡,1,
773,A3,Logistic,0.46711970215697274,高钾,1,
773,A4,Logistic,0.6536083328471314,铅钡,1,
773,A5,Logistic,0.6482311000194934,铅钡,1,
773,A6,Logistic,0.8216582632373389,铅钡,1,
773,A7,Logistic,0.7694264827658165,铅钡,1,
773,A8,Logistic,0.9165731768051781,铅钡,1,
774,A1,Logistic,0.5809372747512173,铅钡,1,
774,A2,Logistic,0.8499751572243097,铅钡,1,
774,A3,Logistic,0.8099888748946656,铅钡,1,
774,A4,Logistic,0.7256899577116285,铅钡,1,
774,A5,Logistic,0.33482731624823586,高钾,1,
774,A6,Logistic,0.8272734903082676,铅钡,1,
774,A7,Logistic,0.7237531935259327,铅钡,1,
774,A8,Logistic,0.8129800243027517,铅钡,1,
775,A1,Logistic,0.1865834060173335,高钾,1,
775,A2,Logistic,0.8657317095843957,铅钡,1,
775,A3,Logistic,0.6807767025026769,铅钡,1,
775,A4,Logistic,0.7150940184315593,铅钡,1,
775,A5,Logistic,0.21397403727857175,高钾,1,
775,A6,Logistic,0.9328424850187804,铅钡,1,
775,A7,Logistic,0.8222707985491053,铅钡,1,
775,A8,Logistic,0.9697834545393407,铅钡,1,
776,A1,Logistic,0.4451715286828446,高钾,1,
776,A2,Logistic,0.8218929762619986,铅钡,1,
776,A3,Logistic,0.7167632626923595,铅钡,1,
776,A4,Logistic,0.7268403634462985,铅钡,1,
776,A5,Logistic,0.48016173987194344,高钾,1,
776,A6,Logistic,0.8714297409140765,铅钡,1,
776,A7,Logistic,0.8008470120433427,铅钡,1,
776,A8,Logistic,0.8987974618511695,铅钡,1,
777,A1,Logistic,0.24045787253999718,高钾,1,
777,A2,Logistic,0.7671546954727756,铅钡,1,
777,A3,Logistic,0.5560932556087961,铅钡,1,
777,A4,Logistic,0.7517443508336984,铅钡,1,
777,A5,Logistic,0.6975652740108667,铅钡,1,
777,A6,Logistic,0.934504084817603,铅钡,1,
777,A7,Logistic,0.8945339110827012,铅钡,1,
777,A8,Logistic,0.9727821194285585,铅钡,1,
778,A1,Logistic,0.5919568152433327,铅钡,1,
778,A2,Logistic,0.8227607625960831,铅钡,1,
778,A3,Logistic,0.6733428974235556,铅钡,1,
778,A4,Logistic,0.7489128241559411,铅钡,1,
778,A5,Logistic,0.5833144457243178,铅钡,1,
778,A6,Logistic,0.9044745283796272,铅钡,1,
778,A7,Logistic,0.8453183037605446,铅钡,1,
778,A8,Logistic,0.9414620886266386,铅钡,1,
779,A1,Logistic,0.06513334238271931,高钾,1,
779,A2,Logistic,0.9841027892524379,铅钡,1,
779,A3,Logistic,0.9511211497884323,铅钡,1,
779,A4,Logistic,0.9711409881401961,铅钡,1,
779,A5,Logistic,0.8211653033086644,铅钡,1,
779,A6,Logistic,0.9956576526183578,铅钡,1,
779,A7,Logistic,0.9852638815798027,铅钡,1,
779,A8,Logistic,0.9989312730754076,铅钡,1,
780,A1,Logistic,0.2842632200105867,高钾,1,
780,A2,Logistic,0.8362573132541792,铅钡,1,
780,A3,Logistic,0.6720678665964828,铅钡,1,
780,A4,Logistic,0.8367332540850078,铅钡,1,
780,A5,Logistic,0.6873507963900645,铅钡,1,
780,A6,Logistic,0.9566222660558827,铅钡,1,
780,A7,Logistic,0.907421317790084,铅钡,1,
780,A8,Logistic,0.9915467607174416,铅钡,1,
781,A1,Logistic,0.5021178870555705,铅钡,1,
781,A2,Logistic,0.7368502395539221,铅钡,1,
781,A3,Logistic,0.6084081481450825,铅钡,1,
781,A4,Logistic,0.709399560513827,铅钡,1,
781,A5,Logistic,0.5829719469769642,铅钡,1,
781,A6,Logistic,0.8563218796655905,铅钡,1,
781,A7,Logistic,0.7903677204639429,铅钡,1,
781,A8,Logistic,0.9301078936285162,铅钡,1,
782,A1,Logistic,0.2345201226360208,高钾,1,
782,A2,Logistic,0.8462734278564639,铅钡,1,
782,A3,Logistic,0.6865283279129801,铅钡,1,
782,A4,Logistic,0.6976085698390176,铅钡,1,
782,A5,Logistic,0.3246181249397308,高钾,1,
782,A6,Logistic,0.8841228252620335,铅钡,1,
782,A7,Logistic,0.7760956203295895,铅钡,1,
782,A8,Logistic,0.9500539933683811,铅钡,1,
783,A1,Logistic,0.4776349233057084,高钾,1,
783,A2,Logistic,0.8608054006727678,铅钡,1,
783,A3,Logistic,0.7470063763733632,铅钡,1,
783,A4,Logistic,0.7898718287933788,铅钡,1,
783,A5,Logistic,0.554546920081036,铅钡,1,
783,A6,Logistic,0.9096256425107179,铅钡,1,
783,A7,Logistic,0.8427393059494896,铅钡,1,
783,A8,Logistic,0.9429933405494666,铅钡,1,
784,A1,Logistic,0.3025929839849954,高钾,1,
784,A2,Logistic,0.8272257974032707,铅钡,1,
784,A3,Logistic,0.6714059807373634,铅钡,1,
784,A4,Logistic,0.7540216560988269,铅钡,1,
784,A5,Logistic,0.4167204023559735,高钾,1,
784,A6,Logistic,0.9195640102199422,铅钡,1,
784,A7,Logistic,0.8257172826632357,铅钡,1,
784,A8,Logistic,0.9731775023538235,铅钡,1,
785,A1,Logistic,0.5841909272870918,铅钡,1,
785,A2,Logistic,0.7612256137041069,铅钡,1,
785,A3,Logistic,0.6316729350475869,铅钡,1,
785,A4,Logistic,0.7310593066910968,铅钡,1,
785,A5,Logistic,0.6487987626284669,铅钡,1,
785,A6,Logistic,0.8666789740403691,铅钡,1,
785,A7,Logistic,0.8128176299402128,铅钡,1,
785,A8,Logistic,0.9256606039224771,铅钡,1,
786,A1,Logistic,0.18880698676952062,高钾,1,
786,A2,Logistic,0.6889908001998852,铅钡,1,
786,A3,Logistic,0.4278290712435035,高钾,1,
786,A4,Logistic,0.655119555938803,铅钡,1,
786,A5,Logistic,0.5477588618809969,铅钡,1,
786,A6,Logistic,0.9045093135522188,铅钡,1,
786,A7,Logistic,0.8418226366305966,铅钡,1,
786,A8,Logistic,0.9668347375163108,铅钡,1,
787,A1,Logistic,0.33563719089693406,高钾,1,
787,A2,Logistic,0.7919784533339596,铅钡,1,
787,A3,Logistic,0.6558642097903239,铅钡,1,
787,A4,Logistic,0.6258928226238779,铅钡,1,
787,A5,Logistic,0.21512988761671537,高钾,1,
787,A6,Logistic,0.8237698653844957,铅钡,1,
787,A7,Logistic,0.6878380066772114,铅钡,1,
787,A8,Logistic,0.8801062300121926,铅钡,1,
788,A1,Logistic,0.24613627506513866,高钾,1,
788,A2,Logistic,0.7909409160753471,铅钡,1,
788,A3,Logistic,0.6065499846978984,铅钡,1,
788,A4,Logistic,0.7672560416471058,铅钡,1,
788,A5,Logistic,0.6488541778147506,铅钡,1,
788,A6,Logistic,0.9211585467312147,铅钡,1,
788,A7,Logistic,0.8625686050220815,铅钡,1,
788,A8,Logistic,0.9767579852776137,铅钡,1,
789,A1,Logistic,0.09919618210289799,高钾,1,
789,A2,Logistic,0.8643031041950244,铅钡,1,
789,A3,Logistic,0.764335864962402,铅钡,1,
789,A4,Logistic,0.8104829787977642,铅钡,1,
789,A5,Logistic,0.544415736893358,铅钡,1,
789,A6,Logistic,0.9344782163472881,铅钡,1,
789,A7,Logistic,0.8848484779334128,铅钡,1,
789,A8,Logistic,0.9555411493671173,铅钡,1,
790,A1,Logistic,0.23926140679460128,高钾,1,
790,A2,Logistic,0.9179498872213769,铅钡,1,
790,A3,Logistic,0.7900129722955371,铅钡,1,
790,A4,Logistic,0.8803376242959673,铅钡,1,
790,A5,Logistic,0.7332343925516202,铅钡,1,
790,A6,Logistic,0.9724724080167579,铅钡,1,
790,A7,Logistic,0.9396702882586423,铅钡,1,
790,A8,Logistic,0.9920787770405138,铅钡,1,
791,A1,Logistic,0.11534033416669418,高钾,1,
791,A2,Logistic,0.7446929755654617,铅钡,1,
791,A3,Logistic,0.553303633832855,铅钡,1,
791,A4,Logistic,0.5612092245419161,铅钡,1,
791,A5,Logistic,0.13029318617737207,高钾,1,
791,A6,Logistic,0.8346049479419188,铅钡,1,
791,A7,Logistic,0.6337466428816464,铅钡,1,
791,A8,Logistic,0.9247065926578966,铅钡,1,
792,A1,Logistic,0.3063195072867943,高钾,1,
792,A2,Logistic,0.8582795758729015,铅钡,1,
792,A3,Logistic,0.6903789458649994,铅钡,1,
792,A4,Logistic,0.7814312210748022,铅钡,1,
792,A5,Logistic,0.5010958538458907,铅钡,1,
792,A6,Logistic,0.940708720897791,铅钡,1,
792,A7,Logistic,0.8752847727054478,铅钡,1,
792,A8,Logistic,0.9765667789995871,铅钡,1,
793,A1,Logistic,0.4080598397671087,高钾,1,
793,A2,Logistic,0.7861382678685747,铅钡,1,
793,A3,Logistic,0.6389816424469904,铅钡,1,
793,A4,Logistic,0.6836979268398895,铅钡,1,
793,A5,Logistic,0.3330292966936903,高钾,1,
793,A6,Logistic,0.9010699164282189,铅钡,1,
793,A7,Logistic,0.8016351512949628,铅钡,1,
793,A8,Logistic,0.9329772095579851,铅钡,1,
794,A1,Logistic,0.09900102849046187,高钾,1,
794,A2,Logistic,0.898005864305225,铅钡,1,
794,A3,Logistic,0.8697377563833969,铅钡,1,
794,A4,Logistic,0.6895467682813294,铅钡,1,
794,A5,Logistic,0.13128891258376682,高钾,1,
794,A6,Logistic,0.7947467563469879,铅钡,1,
794,A7,Logistic,0.6287988469104989,铅钡,1,
794,A8,Logistic,0.6816178538347568,铅钡,1,
795,A1,Logistic,0.7136701636996766,铅钡,1,
795,A2,Logistic,0.8079128469989831,铅钡,1,
795,A3,Logistic,0.6142969481163952,铅钡,1,
795,A4,Logistic,0.8563960313844153,铅钡,1,
795,A5,Logistic,0.8437147592383489,铅钡,1,
795,A6,Logistic,0.9708203062672236,铅钡,1,
795,A7,Logistic,0.9488750183908061,铅钡,1,
795,A8,Logistic,0.9928820624513481,铅钡,1,
796,A1,Logistic,0.47464250104538075,高钾,1,
796,A2,Logistic,0.7330590897066701,铅钡,1,
796,A3,Logistic,0.6195790376122988,铅钡,1,
796,A4,Logistic,0.7509254318435296,铅钡,1,
796,A5,Logistic,0.7354872481864594,铅钡,1,
796,A6,Logistic,0.8781632108015578,铅钡,1,
796,A7,Logistic,0.8409860927223444,铅钡,1,
796,A8,Logistic,0.9334969351897234,铅钡,1,
797,A1,Logistic,0.5504067756598692,铅钡,1,
797,A2,Logistic,0.7859963374841369,铅钡,1,
797,A3,Logistic,0.7162699594078207,铅钡,1,
797,A4,Logistic,0.6261940647718799,铅钡,1,
797,A5,Logistic,0.2503082805395803,高钾,1,
797,A6,Logistic,0.7503962707617815,铅钡,1,
797,A7,Logistic,0.6223644369735813,铅钡,1,
797,A8,Logistic,0.755997010987666,铅钡,1,
798,A1,Logistic,0.158904194298697,高钾,1,
798,A2,Logistic,0.743166072240381,铅钡,1,
798,A3,Logistic,0.6202566011622183,铅钡,1,
798,A4,Logistic,0.6845749688534429,铅钡,1,
798,A5,Logistic,0.5196740112740377,铅钡,1,
798,A6,Logistic,0.8351666988166405,铅钡,1,
798,A7,Logistic,0.7572884073790226,铅钡,1,
798,A8,Logistic,0.9053444816432643,铅钡,1,
799,A1,Logistic,0.47396300824471355,高钾,1,
799,A2,Logistic,0.8848839033264757,铅钡,1,
799,A3,Logistic,0.8316698887125352,铅钡,1,
799,A4,Logistic,0.7773325974144846,铅钡,1,
799,A5,Logistic,0.39405761310284054,高钾,1,
799,A6,Logistic,0.8695132719642078,铅钡,1,
799,A7,Logistic,0.7787612958550519,铅钡,1,
799,A8,Logistic,0.8897395459416219,铅钡,1,
800,A1,Logistic,0.1328283308381168,高钾,1,
800,A2,Logistic,0.7613861755869304,铅钡,1,
800,A3,Logistic,0.6500439516103004,铅钡,1,
800,A4,Logistic,0.7043424902267673,铅钡,1,
800,A5,Logistic,0.4975625585111529,高钾,1,
800,A6,Logistic,0.8419493409898389,铅钡,1,
800,A7,Logistic,0.758005269313372,铅钡,1,
800,A8,Logistic,0.9132902713763068,铅钡,1,
801,A1,Logistic,0.5500572019325125,铅钡,1,
801,A2,Logistic,0.8075790185778571,铅钡,1,
801,A3,Logistic,0.6193815254275764,铅钡,1,
801,A4,Logistic,0.6827532607868266,铅钡,1,
801,A5,Logistic,0.3663242560317054,高钾,1,
801,A6,Logistic,0.903980059977672,铅钡,1,
801,A7,Logistic,0.8253962737546824,铅钡,1,
801,A8,Logistic,0.9421166608734607,铅钡,1,
802,A1,Logistic,0.6865421470859062,铅钡,1,
802,A2,Logistic,0.8666283163723263,铅钡,1,
802,A3,Logistic,0.835607030372809,铅钡,1,
802,A4,Logistic,0.7474932087091085,铅钡,1,
802,A5,Logistic,0.33574115798005477,高钾,1,
802,A6,Logistic,0.8389677964763492,铅钡,1,
802,A7,Logistic,0.7343594152561033,铅钡,1,
802,A8,Logistic,0.8230278810881199,铅钡,1,
803,A1,Logistic,0.27840328601360864,高钾,1,
803,A2,Logistic,0.8671553719369126,铅钡,1,
803,A3,Logistic,0.6111963478374907,铅钡,1,
803,A4,Logistic,0.8069653338969526,铅钡,1,
803,A5,Logistic,0.6724060540960214,铅钡,1,
803,A6,Logistic,0.9669407414017961,铅钡,1,
803,A7,Logistic,0.9317440665746807,铅钡,1,
803,A8,Logistic,0.990026282767687,铅钡,1,
804,A1,Logistic,0.2465789333530078,高钾,1,
804,A2,Logistic,0.8074220313894768,铅钡,1,
804,A3,Logistic,0.6547739297577041,铅钡,1,
804,A4,Logistic,0.7410058791462598,铅钡,1,
804,A5,Logistic,0.3620913673147658,高钾,1,
804,A6,Logistic,0.9152503936756761,铅钡,1,
804,A7,Logistic,0.8063772482831082,铅钡,1,
804,A8,Logistic,0.9750569183794378,铅钡,1,
805,A1,Logistic,0.3877218449010153,高钾,1,
805,A2,Logistic,0.8691399197368015,铅钡,1,
805,A3,Logistic,0.6960131733499504,铅钡,1,
805,A4,Logistic,0.8044228206311691,铅钡,1,
805,A5,Logistic,0.5891791870892866,铅钡,1,
805,A6,Logistic,0.9541848803713688,铅钡,1,
805,A7,Logistic,0.9033745498228133,铅钡,1,
805,A8,Logistic,0.9812990566047645,铅钡,1,
806,A1,Logistic,0.3742785891582517,高钾,1,
806,A2,Logistic,0.7858230438927583,铅钡,1,
806,A3,Logistic,0.7076254798324759,铅钡,1,
806,A4,Logistic,0.6869039332631688,铅钡,1,
806,A5,Logistic,0.3341384304848527,高钾,1,
806,A6,Logistic,0.8168189060312077,铅钡,1,
806,A7,Logistic,0.7047523633409466,铅钡,1,
806,A8,Logistic,0.8789444747395124,铅钡,1,
807,A1,Logistic,0.5528201642350289,铅钡,1,
807,A2,Logistic,0.8200600028225284,铅钡,1,
807,A3,Logistic,0.5964230553024169,铅钡,1,
807,A4,Logistic,0.8189169976008343,铅钡,1,
807,A5,Logistic,0.7063733887362184,铅钡,1,
807,A6,Logistic,0.9704751784693012,铅钡,1,
807,A7,Logistic,0.9353433485715932,铅钡,1,
807,A8,Logistic,0.9933892013687772,铅钡,1,
808,A1,Logistic,0.6693073598158226,铅钡,1,
808,A2,Logistic,0.8754954455682641,铅钡,1,
808,A3,Logistic,0.7716588650071171,铅钡,1,
808,A4,Logistic,0.8378220283643014,铅钡,1,
808,A5,Logistic,0.5544264460307023,铅钡,1,
808,A6,Logistic,0.9550535473627005,铅钡,1,
808,A7,Logistic,0.9015905284140363,铅钡,1,
808,A8,Logistic,0.9816469405985608,铅钡,1,
809,A1,Logistic,0.47635112408362945,高钾,1,
809,A2,Logistic,0.6747248949748996,铅钡,1,
809,A3,Logistic,0.385657127504541,高钾,1,
809,A4,Logistic,0.5948568135273752,铅钡,1,
809,A5,Logistic,0.48366792936490927,高钾,1,
809,A6,Logistic,0.9046618461055421,铅钡,1,
809,A7,Logistic,0.8478437945591273,铅钡,1,
809,A8,Logistic,0.9478602985796241,铅钡,1,
810,A1,Logistic,0.40093848911707114,高钾,1,
810,A2,Logistic,0.7679332787218854,铅钡,1,
810,A3,Logistic,0.7097899277491956,铅钡,1,
810,A4,Logistic,0.5565594720408019,铅钡,1,
810,A5,Logistic,0.11619987270469691,高钾,1,
810,A6,Logistic,0.7252329393711531,铅钡,1,
810,A7,Logistic,0.5374745041055045,铅钡,1,
810,A8,Logistic,0.7027123422736776,铅钡,1,
811,A1,Logistic,0.617067184751841,铅钡,1,
811,A2,Logistic,0.8683013636273007,铅钡,1,
811,A3,Logistic,0.6767821923116277,铅钡,1,
811,A4,Logistic,0.7899366089540136,铅钡,1,
811,A5,Logistic,0.5860186826300905,铅钡,1,
811,A6,Logistic,0.9590070289644684,铅钡,1,
811,A7,Logistic,0.9169843382609127,铅钡,1,
811,A8,Logistic,0.9781881687295728,铅钡,1,
812,A1,Logistic,0.4513272270063257,高钾,1,
812,A2,Logistic,0.8141858379314835,铅钡,1,
812,A3,Logistic,0.7611992444470859,铅钡,1,
812,A4,Logistic,0.594278565707531,铅钡,1,
812,A5,Logistic,0.14350525392487948,高钾,1,
812,A6,Logistic,0.7300632340936382,铅钡,1,
812,A7,Logistic,0.5678960290905416,铅钡,1,
812,A8,Logistic,0.6664527136587682,铅钡,1,
813,A1,Logistic,0.3948368515565611,高钾,1,
813,A2,Logistic,0.6890286656814285,铅钡,1,
813,A3,Logistic,0.5338349067108743,铅钡,1,
813,A4,Logistic,0.721888446815096,铅钡,1,
813,A5,Logistic,0.6650224189243834,铅钡,1,
813,A6,Logistic,0.8880275394565051,铅钡,1,
813,A7,Logistic,0.8293050636977825,铅钡,1,
813,A8,Logistic,0.9634352204296628,铅钡,1,
814,A1,Logistic,0.294948248939497,高钾,1,
814,A2,Logistic,0.825360400485807,铅钡,1,
814,A3,Logistic,0.694438977867298,铅钡,1,
814,A4,Logistic,0.7538068920549247,铅钡,1,
814,A5,Logistic,0.5167282549757238,铅钡,1,
814,A6,Logistic,0.9122458339073716,铅钡,1,
814,A7,Logistic,0.8488601376165132,铅钡,1,
814,A8,Logistic,0.9490472479261017,铅钡,1,
815,A1,Logistic,0.5247676562298781,铅钡,1,
815,A2,Logistic,0.7739589012003605,铅钡,1,
815,A3,Logistic,0.597698865918972,铅钡,1,
815,A4,Logistic,0.715712771716904,铅钡,1,
815,A5,Logistic,0.5749058101831608,铅钡,1,
815,A6,Logistic,0.8981660246591302,铅钡,1,
815,A7,Logistic,0.8350229768225568,铅钡,1,
815,A8,Logistic,0.9469463883366358,铅钡,1,
816,A1,Logistic,0.44607287150970854,高钾,1,
816,A2,Logistic,0.7011166244684055,铅钡,1,
816,A3,Logistic,0.5791837357000574,铅钡,1,
816,A4,Logistic,0.64124802844867,铅钡,1,
816,A5,Logistic,0.44793053285187595,高钾,1,
816,A6,Logistic,0.8194069973126996,铅钡,1,
816,A7,Logistic,0.7357085681901505,铅钡,1,
816,A8,Logistic,0.8784802371007653,铅钡,1,
817,A1,Logistic,0.2342660336126685,高钾,1,
817,A2,Logistic,0.8507374753498229,铅钡,1,
817,A3,Logistic,0.6650363914377885,铅钡,1,
817,A4,Logistic,0.8084268593921962,铅钡,1,
817,A5,Logistic,0.5403927632626084,铅钡,1,
817,A6,Logistic,0.965121588603456,铅钡,1,
817,A7,Logistic,0.9237266696462101,铅钡,1,
817,A8,Logistic,0.984955798017241,铅钡,1,
818,A1,Logistic,0.5777268555727452,铅钡,1,
818,A2,Logistic,0.7632362463327401,铅钡,1,
818,A3,Logistic,0.6303057665389035,铅钡,1,
818,A4,Logistic,0.7426600420675761,铅钡,1,
818,A5,Logistic,0.5220016827817484,铅钡,1,
818,A6,Logistic,0.9030845059458372,铅钡,1,
818,A7,Logistic,0.8224485672247274,铅钡,1,
818,A8,Logistic,0.9668538752709127,铅钡,1,
819,A1,Logistic,0.22864632053041917,高钾,1,
819,A2,Logistic,0.7775452778823378,铅钡,1,
819,A3,Logistic,0.627653966915708,铅钡,1,
819,A4,Logistic,0.704229221448711,铅钡,1,
819,A5,Logistic,0.4176140253455521,高钾,1,
819,A6,Logistic,0.8990950519062741,铅钡,1,
819,A7,Logistic,0.8091986144217914,铅钡,1,
819,A8,Logistic,0.9538252540748503,铅钡,1,
820,A1,Logistic,0.5757012502296608,铅钡,1,
820,A2,Logistic,0.8752094886250106,铅钡,1,
820,A3,Logistic,0.6971390459366438,铅钡,1,
820,A4,Logistic,0.7989246794719128,铅钡,1,
820,A5,Logistic,0.6808798054406197,铅钡,1,
820,A6,Logistic,0.9501653426825527,铅钡,1,
820,A7,Logistic,0.919945805779407,铅钡,1,
820,A8,Logistic,0.9715626258909038,铅钡,1,
821,A1,Logistic,0.4458627214933037,高钾,1,
821,A2,Logistic,0.7814956996636089,铅钡,1,
821,A3,Logistic,0.6484470275797225,铅钡,1,
821,A4,Logistic,0.7105851700076089,铅钡,1,
821,A5,Logistic,0.49130703777133744,高钾,1,
821,A6,Logistic,0.8799915565181332,铅钡,1,
821,A7,Logistic,0.8069759578205181,铅钡,1,
821,A8,Logistic,0.9358054839907797,铅钡,1,
822,A1,Logistic,0.32879744337478956,高钾,1,
822,A2,Logistic,0.8176943557739326,铅钡,1,
822,A3,Logistic,0.6512851060905163,铅钡,1,
822,A4,Logistic,0.7685059852515842,铅钡,1,
822,A5,Logistic,0.5247470236855916,铅钡,1,
822,A6,Logistic,0.9301495926999935,铅钡,1,
822,A7,Logistic,0.8570831636102757,铅钡,1,
822,A8,Logistic,0.9763944992752508,铅钡,1,
823,A1,Logistic,0.26488135871377433,高钾,1,
823,A2,Logistic,0.8137730841866025,铅钡,1,
823,A3,Logistic,0.6132542961316327,铅钡,1,
823,A4,Logistic,0.7907942814207856,铅钡,1,
823,A5,Logistic,0.5220421630780449,铅钡,1,
823,A6,Logistic,0.9556593713823995,铅钡,1,
823,A7,Logistic,0.8876848954240744,铅钡,1,
823,A8,Logistic,0.9920394012190493,铅钡,1,
824,A1,Logistic,0.41062677171027245,高钾,1,
824,A2,Logistic,0.8132584762504683,铅钡,1,
824,A3,Logistic,0.5878887307154568,铅钡,1,
824,A4,Logistic,0.8110181820130042,铅钡,1,
824,A5,Logistic,0.7575971433101067,铅钡,1,
824,A6,Logistic,0.9665262696793777,铅钡,1,
824,A7,Logistic,0.9346204850347962,铅钡,1,
824,A8,Logistic,0.9888576501687438,铅钡,1,
825,A1,Logistic,0.35607502859989026,高钾,1,
825,A2,Logistic,0.7447389459854368,铅钡,1,
825,A3,Logistic,0.6206621828124089,铅钡,1,
825,A4,Logistic,0.7376955833791874,铅钡,1,
825,A5,Logistic,0.583907165091935,铅钡,1,
825,A6,Logistic,0.8975848496743073,铅钡,1,
825,A7,Logistic,0.8400771054076495,铅钡,1,
825,A8,Logistic,0.9549980172939945,铅钡,1,
826,A1,Logistic,0.2433996384398728,高钾,1,
826,A2,Logistic,0.7516777977571384,铅钡,1,
826,A3,Logistic,0.5694287101421156,铅钡,1,
826,A4,Logistic,0.5965361819415436,铅钡,1,
826,A5,Logistic,0.21920764502774115,高钾,1,
826,A6,Logistic,0.8683770284197395,铅钡,1,
826,A7,Logistic,0.7358524284237812,铅钡,1,
826,A8,Logistic,0.9187918635387378,铅钡,1,
827,A1,Logistic,0.2410914436965437,高钾,1,
827,A2,Logistic,0.8094701342420775,铅钡,1,
827,A3,Logistic,0.6417889977183945,铅钡,1,
827,A4,Logistic,0.7664476056991532,铅钡,1,
827,A5,Logistic,0.586484376692851,铅钡,1,
827,A6,Logistic,0.9167323161688727,铅钡,1,
827,A7,Logistic,0.8579045366488279,铅钡,1,
827,A8,Logistic,0.9733211629841239,铅钡,1,
828,A1,Logistic,0.5771801098208948,铅钡,1,
828,A2,Logistic,0.8143890310241121,铅钡,1,
828,A3,Logistic,0.6868864622434275,铅钡,1,
828,A4,Logistic,0.770824334254931,铅钡,1,
828,A5,Logistic,0.6546392246881328,铅钡,1,
828,A6,Logistic,0.9086643314784753,铅钡,1,
828,A7,Logistic,0.8686298394123532,铅钡,1,
828,A8,Logistic,0.9440269537482968,铅钡,1,
829,A1,Logistic,0.6064440164145438,铅钡,1,
829,A2,Logistic,0.764989437209844,铅钡,1,
829,A3,Logistic,0.5929283369083201,铅钡,1,
829,A4,Logistic,0.6685361263373722,铅钡,1,
829,A5,Logistic,0.4384055707808234,高钾,1,
829,A6,Logistic,0.8573809753257852,铅钡,1,
829,A7,Logistic,0.7751465814727662,铅钡,1,
829,A8,Logistic,0.9210791180759123,铅钡,1,
830,A1,Logistic,0.3246883737318248,高钾,1,
830,A2,Logistic,0.8120044338798387,铅钡,1,
830,A3,Logistic,0.6911876462760053,铅钡,1,
830,A4,Logistic,0.7139176053054046,铅钡,1,
830,A5,Logistic,0.28979041197622113,高钾,1,
830,A6,Logistic,0.9109030865957494,铅钡,1,
830,A7,Logistic,0.8014804344995708,铅钡,1,
830,A8,Logistic,0.9488410579069942,铅钡,1,
831,A1,Logistic,0.47681465741293694,高钾,1,
831,A2,Logistic,0.7152215136682841,铅钡,1,
831,A3,Logistic,0.5509000907053319,铅钡,1,
831,A4,Logistic,0.693720635133506,铅钡,1,
831,A5,Logistic,0.3578942773054794,高钾,1,
831,A6,Logistic,0.9094654742863734,铅钡,1,
831,A7,Logistic,0.8004853771428866,铅钡,1,
831,A8,Logistic,0.9775847783829548,铅钡,1,
832,A1,Logistic,0.5354613189002992,铅钡,1,
832,A2,Logistic,0.78478342877816,铅钡,1,
832,A3,Logistic,0.7259344301025649,铅钡,1,
832,A4,Logistic,0.6506985886198956,铅钡,1,
832,A5,Logistic,0.3018349004340597,高钾,1,
832,A6,Logistic,0.7589266565868237,铅钡,1,
832,A7,Logistic,0.6425187787294767,铅钡,1,
832,A8,Logistic,0.7758859117571328,铅钡,1,
833,A1,Logistic,0.06634265473565515,高钾,1,
833,A2,Logistic,0.7927969826270621,铅钡,1,
833,A3,Logistic,0.6485878281445067,铅钡,1,
833,A4,Logistic,0.7285776904016357,铅钡,1,
833,A5,Logistic,0.5055564304666755,铅钡,1,
833,A6,Logistic,0.8890971838239794,铅钡,1,
833,A7,Logistic,0.8116069301031896,铅钡,1,
833,A8,Logistic,0.9514142155873092,铅钡,1,
834,A1,Logistic,0.45931134340479873,高钾,1,
834,A2,Logistic,0.8526530310146797,铅钡,1,
834,A3,Logistic,0.7620736337020688,铅钡,1,
834,A4,Logistic,0.754418145005094,铅钡,1,
834,A5,Logistic,0.4464967534863469,高钾,1,
834,A6,Logistic,0.8797460439194433,铅钡,1,
834,A7,Logistic,0.7982167401193236,铅钡,1,
834,A8,Logistic,0.9133439696715504,铅钡,1,
835,A1,Logistic,0.7324041318479108,铅钡,1,
835,A2,Logistic,0.936972322669499,铅钡,1,
835,A3,Logistic,0.5064068393707526,铅钡,1,
835,A4,Logistic,0.923290201706652,铅钡,1,
835,A5,Logistic,0.8493219070319611,铅钡,1,
835,A6,Logistic,0.9986850571705908,铅钡,1,
835,A7,Logistic,0.9947611882784716,铅钡,1,
835,A8,Logistic,0.9999288246494993,铅钡,1,
836,A1,Logistic,0.44395390651525657,高钾,1,
836,A2,Logistic,0.8718569356925776,铅钡,1,
836,A3,Logistic,0.8106878844659865,铅钡,1,
836,A4,Logistic,0.7527014100119419,铅钡,1,
836,A5,Logistic,0.3719095738937656,高钾,1,
836,A6,Logistic,0.8582653957167703,铅钡,1,
836,A7,Logistic,0.7609752040028007,铅钡,1,
836,A8,Logistic,0.8719312800358752,铅钡,1,
837,A1,Logistic,0.2529469411829295,高钾,1,
837,A2,Logistic,0.7044857729464078,铅钡,1,
837,A3,Logistic,0.4921023312928067,高钾,1,
837,A4,Logistic,0.6678229551069037,铅钡,1,
837,A5,Logistic,0.516998061963013,铅钡,1,
837,A6,Logistic,0.9025569009797401,铅钡,1,
837,A7,Logistic,0.828611889457682,铅钡,1,
837,A8,Logistic,0.9694551869387763,铅钡,1,
838,A1,Logistic,0.2395457197408689,高钾,1,
838,A2,Logistic,0.8607582023496257,铅钡,1,
838,A3,Logistic,0.7018890375313331,铅钡,1,
838,A4,Logistic,0.7873342593920952,铅钡,1,
838,A5,Logistic,0.5268363144746586,铅钡,1,
838,A6,Logistic,0.9535986608010472,铅钡,1,
838,A7,Logistic,0.9041242407564675,铅钡,1,
838,A8,Logistic,0.9738944508805066,铅钡,1,
839,A1,Logistic,0.5984959685606319,铅钡,1,
839,A2,Logistic,0.888914011464034,铅钡,1,
839,A3,Logistic,0.7806129606247109,铅钡,1,
839,A4,Logistic,0.8547393353021389,铅钡,1,
839,A5,Logistic,0.7106240153568546,铅钡,1,
839,A6,Logistic,0.9513061043576635,铅钡,1,
839,A7,Logistic,0.9130096034003411,铅钡,1,
839,A8,Logistic,0.9786907141389218,铅钡,1,
840,A1,Logistic,0.5900081955442181,铅钡,1,
840,A2,Logistic,0.7533848716806071,铅钡,1,
840,A3,Logistic,0.6218360334313312,铅钡,1,
840,A4,Logistic,0.7785948683917315,铅钡,1,
840,A5,Logistic,0.6845146108755925,铅钡,1,
840,A6,Logistic,0.9121984210575683,铅钡,1,
840,A7,Logistic,0.8572608713352031,铅钡,1,
840,A8,Logistic,0.9694687626950738,铅钡,1,
841,A1,Logistic,0.2026126382788554,高钾,1,
841,A2,Logistic,0.7585974015037561,铅钡,1,
841,A3,Logistic,0.6085560949480628,铅钡,1,
841,A4,Logistic,0.6774394854551027,铅钡,1,
841,A5,Logistic,0.37300757892296893,高钾,1,
841,A6,Logistic,0.8708997007853193,铅钡,1,
841,A7,Logistic,0.7581928872895244,铅钡,1,
841,A8,Logistic,0.9429213953650062,铅钡,1,
842,A1,Logistic,0.08282058387749475,高钾,1,
842,A2,Logistic,0.8168034957351142,铅钡,1,
842,A3,Logistic,0.7383151376865242,铅钡,1,
842,A4,Logistic,0.7019494234706223,铅钡,1,
842,A5,Logistic,0.32510126717964116,高钾,1,
842,A6,Logistic,0.861108696180561,铅钡,1,
842,A7,Logistic,0.7547475530989101,铅钡,1,
842,A8,Logistic,0.8751127139619811,铅钡,1,
843,A1,Logistic,0.3919371978343375,高钾,1,
843,A2,Logistic,0.8396123406121139,铅钡,1,
843,A3,Logistic,0.6453675082396435,铅钡,1,
843,A4,Logistic,0.7611814368945198,铅钡,1,
843,A5,Logistic,0.5283671662824203,铅钡,1,
843,A6,Logistic,0.9505348781674384,铅钡,1,
843,A7,Logistic,0.8973794827448801,铅钡,1,
843,A8,Logistic,0.9755182244851628,铅钡,1,
844,A1,Logistic,0.4628048767682688,高钾,1,
844,A2,Logistic,0.8361592065722712,铅钡,1,
844,A3,Logistic,0.6655166097372377,铅钡,1,
844,A4,Logistic,0.7659665747730369,铅钡,1,
844,A5,Logistic,0.5144436634314462,铅钡,1,
844,A6,Logistic,0.935303600752049,铅钡,1,
844,A7,Logistic,0.8738764209173356,铅钡,1,
844,A8,Logistic,0.9693863159609845,铅钡,1,
845,A1,Logistic,0.2607730190519724,高钾,1,
845,A2,Logistic,0.7424986978270157,铅钡,1,
845,A3,Logistic,0.6155057542104753,铅钡,1,
845,A4,Logistic,0.7053519344783971,铅钡,1,
845,A5,Logistic,0.4867342053825153,高钾,1,
845,A6,Logistic,0.8689202845284284,铅钡,1,
845,A7,Logistic,0.7794281215042728,铅钡,1,
845,A8,Logistic,0.9455170234549184,铅钡,1,
846,A1,Logistic,0.49910389195213467,高钾,1,
846,A2,Logistic,0.8000668302871985,铅钡,1,
846,A3,Logistic,0.733505883480803,铅钡,1,
846,A4,Logistic,0.6808531185316123,铅钡,1,
846,A5,Logistic,0.3666212915934151,高钾,1,
846,A6,Logistic,0.8107769456089794,铅钡,1,
846,A7,Logistic,0.7166731638217984,铅钡,1,
846,A8,Logistic,0.8131683930021777,铅钡,1,
847,A1,Logistic,0.3510237046346354,高钾,1,
847,A2,Logistic,0.7500559485785017,铅钡,1,
847,A3,Logistic,0.5810474604947063,铅钡,1,
847,A4,Logistic,0.7144721748881058,铅钡,1,
847,A5,Logistic,0.4572409588381984,高钾,1,
847,A6,Logistic,0.9209687056147364,铅钡,1,
847,A7,Logistic,0.837140652551719,铅钡,1,
847,A8,Logistic,0.975678398369096,铅钡,1,
848,A1,Logistic,0.4300937606410859,高钾,1,
848,A2,Logistic,0.9214140349447285,铅钡,1,
848,A3,Logistic,0.7285819382472465,铅钡,1,
848,A4,Logistic,0.8812493509191767,铅钡,1,
848,A5,Logistic,0.6238088187228141,铅钡,1,
848,A6,Logistic,0.9880726071981671,铅钡,1,
848,A7,Logistic,0.9653337933082415,铅钡,1,
848,A8,Logistic,0.997855662107056,铅钡,1,
849,A1,Logistic,0.4473857027442623,高钾,1,
849,A2,Logistic,0.773924689560085,铅钡,1,
849,A3,Logistic,0.6072944649920315,铅钡,1,
849,A4,Logistic,0.6820506689138657,铅钡,1,
849,A5,Logistic,0.31036238474441624,高钾,1,
849,A6,Logistic,0.9094717134343985,铅钡,1,
849,A7,Logistic,0.7994409864243782,铅钡,1,
849,A8,Logistic,0.9549909767353303,铅钡,1,
850,A1,Logistic,0.5995458705205453,铅钡,1,
850,A2,Logistic,0.8444526072462308,铅钡,1,
850,A3,Logistic,0.7102589308727892,铅钡,1,
850,A4,Logistic,0.7994588902803099,铅钡,1,
850,A5,Logistic,0.5250228199439649,铅钡,1,
850,A6,Logistic,0.9472703766571601,铅钡,1,
850,A7,Logistic,0.8846729708038349,铅钡,1,
850,A8,Logistic,0.98040729320254,铅钡,1,
851,A1,Logistic,0.6032705838129112,铅钡,1,
851,A2,Logistic,0.8316721300281955,铅钡,1,
851,A3,Logistic,0.7910848319626506,铅钡,1,
851,A4,Logistic,0.7796715473760546,铅钡,1,
851,A5,Logistic,0.562950276070835,铅钡,1,
851,A6,Logistic,0.861757412952636,铅钡,1,
851,A7,Logistic,0.7974073999944536,铅钡,1,
851,A8,Logistic,0.8920124060070256,铅钡,1,
852,A1,Logistic,0.39086463830686174,高钾,1,
852,A2,Logistic,0.8496605852587908,铅钡,1,
852,A3,Logistic,0.7531759705874995,铅钡,1,
852,A4,Logistic,0.824908847040678,铅钡,1,
852,A5,Logistic,0.5956332964842448,铅钡,1,
852,A6,Logistic,0.9337524763292694,铅钡,1,
852,A7,Logistic,0.8756721223572411,铅钡,1,
852,A8,Logistic,0.977406958930393,铅钡,1,
853,A1,Logistic,0.559913522814472,铅钡,1,
853,A2,Logistic,0.8310442508753462,铅钡,1,
853,A3,Logistic,0.6862996051037203,铅钡,1,
853,A4,Logistic,0.7896070375495523,铅钡,1,
853,A5,Logistic,0.5244111939447959,铅钡,1,
853,A6,Logistic,0.9453681845194495,铅钡,1,
853,A7,Logistic,0.8795753643389423,铅钡,1,
853,A8,Logistic,0.9789314814495571,铅钡,1,
854,A1,Logistic,0.5673949164779343,铅钡,1,
854,A2,Logistic,0.843252041751251,铅钡,1,
854,A3,Logistic,0.6880377540316681,铅钡,1,
854,A4,Logistic,0.7855364046226604,铅钡,1,
854,A5,Logistic,0.632835243809057,铅钡,1,
854,A6,Logistic,0.9286769377644972,铅钡,1,
854,A7,Logistic,0.8734536390954569,铅钡,1,
854,A8,Logistic,0.9694925971357049,铅钡,1,
855,A1,Logistic,0.38302411367680206,高钾,1,
855,A2,Logistic,0.7484617032498171,铅钡,1,
855,A3,Logistic,0.70682759495274,铅钡,1,
855,A4,Logistic,0.6511420394443188,铅钡,1,
855,A5,Logistic,0.3433997292971426,高钾,1,
855,A6,Logistic,0.737261940816668,铅钡,1,
855,A7,Logistic,0.6334929042451345,铅钡,1,
855,A8,Logistic,0.7717703815364415,铅钡,1,
856,A1,Logistic,0.432830959795449,高钾,1,
856,A2,Logistic,0.8546293408252678,铅钡,1,
856,A3,Logistic,0.7414952523627717,铅钡,1,
856,A4,Logistic,0.8297910589645343,铅钡,1,
856,A5,Logistic,0.728048667085092,铅钡,1,
856,A6,Logistic,0.9390959270725319,铅钡,1,
856,A7,Logistic,0.9044673618009923,铅钡,1,
856,A8,Logistic,0.9730557813659528,铅钡,1,
857,A1,Logistic,0.16935789124415856,高钾,1,
857,A2,Logistic,0.8490677774997685,铅钡,1,
857,A3,Logistic,0.7973064866118649,铅钡,1,
857,A4,Logistic,0.7187268418352332,铅钡,1,
857,A5,Logistic,0.329612049252135,高钾,1,
857,A6,Logistic,0.8408428801699388,铅钡,1,
857,A7,Logistic,0.7409311257592113,铅钡,1,
857,A8,Logistic,0.822688904696726,铅钡,1,
858,A1,Logistic,0.5040866605981903,铅钡,1,
858,A2,Logistic,0.7937943113311935,铅钡,1,
858,A3,Logistic,0.715686392980394,铅钡,1,
858,A4,Logistic,0.7298490693331181,铅钡,1,
858,A5,Logistic,0.48696944266890313,高钾,1,
858,A6,Logistic,0.850306468923559,铅钡,1,
858,A7,Logistic,0.7673042000549027,铅钡,1,
858,A8,Logistic,0.9032357581069023,铅钡,1,
859,A1,Logistic,0.6259064753388882,铅钡,1,
859,A2,Logistic,0.7683389508151858,铅钡,1,
859,A3,Logistic,0.5972158029154324,铅钡,1,
859,A4,Logistic,0.7223759647977372,铅钡,1,
859,A5,Logistic,0.5632308656560719,铅钡,1,
859,A6,Logistic,0.9085076550730805,铅钡,1,
859,A7,Logistic,0.853781247081568,铅钡,1,
859,A8,Logistic,0.955296328827616,铅钡,1,
860,A1,Logistic,0.7048342750528518,铅钡,1,
860,A2,Logistic,0.833004646781569,铅钡,1,
860,A3,Logistic,0.6955774623964744,铅钡,1,
860,A4,Logistic,0.7904508133040034,铅钡,1,
860,A5,Logistic,0.6280346148142296,铅钡,1,
860,A6,Logistic,0.9196508805853666,铅钡,1,
860,A7,Logistic,0.86727213685843,铅钡,1,
860,A8,Logistic,0.965693453201312,铅钡,1,
861,A1,Logistic,0.670536561639758,铅钡,1,
861,A2,Logistic,0.8195036937284418,铅钡,1,
861,A3,Logistic,0.7536007762546942,铅钡,1,
861,A4,Logistic,0.7795411441529105,铅钡,1,
861,A5,Logistic,0.5873024527526626,铅钡,1,
861,A6,Logistic,0.884646383076343,铅钡,1,
861,A7,Logistic,0.824171161168539,铅钡,1,
861,A8,Logistic,0.9225105501056041,铅钡,1,
862,A1,Logistic,0.38021469869722563,高钾,1,
862,A2,Logistic,0.8768856451866262,铅钡,1,
862,A3,Logistic,0.7231693030093242,铅钡,1,
862,A4,Logistic,0.845240701731197,铅钡,1,
862,A5,Logistic,0.7596156667493054,铅钡,1,
862,A6,Logistic,0.9630340639463985,铅钡,1,
862,A7,Logistic,0.9314644132456859,铅钡,1,
862,A8,Logistic,0.985992742769684,铅钡,1,
863,A1,Logistic,0.5769313755665192,铅钡,1,
863,A2,Logistic,0.7920281288578036,铅钡,1,
863,A3,Logistic,0.6491444478803262,铅钡,1,
863,A4,Logistic,0.7356546431332475,铅钡,1,
863,A5,Logistic,0.5378425885963566,铅钡,1,
863,A6,Logistic,0.8954164616077013,铅钡,1,
863,A7,Logistic,0.8233874161492575,铅钡,1,
863,A8,Logistic,0.947518798402736,铅钡,1,
864,A1,Logistic,0.5562475194359889,铅钡,1,
864,A2,Logistic,0.7218128140824829,铅钡,1,
864,A3,Logistic,0.5207793887603449,铅钡,1,
864,A4,Logistic,0.6710250988150992,铅钡,1,
864,A5,Logistic,0.5726808121359678,铅钡,1,
864,A6,Logistic,0.8918775612334141,铅钡,1,
864,A7,Logistic,0.8318869130886579,铅钡,1,
864,A8,Logistic,0.9423771086002057,铅钡,1,
865,A1,Logistic,0.7151729036608093,铅钡,1,
865,A2,Logistic,0.8444179059367174,铅钡,1,
865,A3,Logistic,0.5673294805915371,铅钡,1,
865,A4,Logistic,0.7980337342381147,铅钡,1,
865,A5,Logistic,0.7573316239677872,铅钡,1,
865,A6,Logistic,0.9695293703754075,铅钡,1,
865,A7,Logistic,0.941481282090636,铅钡,1,
865,A8,Logistic,0.9868109204012501,铅钡,1,
866,A1,Logistic,0.3256715119377151,高钾,1,
866,A2,Logistic,0.7740218678005646,铅钡,1,
866,A3,Logistic,0.6275085328520855,铅钡,1,
866,A4,Logistic,0.7266602267247331,铅钡,1,
866,A5,Logistic,0.48889064431594365,高钾,1,
866,A6,Logistic,0.9073388410724508,铅钡,1,
866,A7,Logistic,0.8290166580518405,铅钡,1,
866,A8,Logistic,0.9577724526470034,铅钡,1,
867,A1,Logistic,0.4713767504541344,高钾,1,
867,A2,Logistic,0.8073236201828177,铅钡,1,
867,A3,Logistic,0.6968695279371327,铅钡,1,
867,A4,Logistic,0.768089714062604,铅钡,1,
867,A5,Logistic,0.5398849109599279,铅钡,1,
867,A6,Logistic,0.897992223784638,铅钡,1,
867,A7,Logistic,0.8246354912458401,铅钡,1,
867,A8,Logistic,0.9584963374095058,铅钡,1,
868,A1,Logistic,0.43984419411556064,高钾,1,
868,A2,Logistic,0.8080295442806008,铅钡,1,
868,A3,Logistic,0.7271155223630023,铅钡,1,
868,A4,Logistic,0.7404233603685878,铅钡,1,
868,A5,Logistic,0.4625414499861498,高钾,1,
868,A6,Logistic,0.854100778167113,铅钡,1,
868,A7,Logistic,0.7641344538290458,铅钡,1,
868,A8,Logistic,0.9217709175386791,铅钡,1,
869,A1,Logistic,0.3698529180781952,高钾,1,
869,A2,Logistic,0.8385774880108774,铅钡,1,
869,A3,Logistic,0.6483963896550232,铅钡,1,
869,A4,Logistic,0.8112932072186799,铅钡,1,
869,A5,Logistic,0.6643554343165202,铅钡,1,
869,A6,Logistic,0.9551870872844279,铅钡,1,
869,A7,Logistic,0.9081472607127035,铅钡,1,
869,A8,Logistic,0.9866842331970832,铅钡,1,
870,A1,Logistic,0.3865511920351969,高钾,1,
870,A2,Logistic,0.7823381266286294,铅钡,1,
870,A3,Logistic,0.6021307623424899,铅钡,1,
870,A4,Logistic,0.7343728225844117,铅钡,1,
870,A5,Logistic,0.5949623703990423,铅钡,1,
870,A6,Logistic,0.9060989393413406,铅钡,1,
870,A7,Logistic,0.8429643532420915,铅钡,1,
870,A8,Logistic,0.9610508523389356,铅钡,1,
871,A1,Logistic,0.3215966565688914,高钾,1,
871,A2,Logistic,0.8271968471042922,铅钡,1,
871,A3,Logistic,0.7016133124125429,铅钡,1,
871,A4,Logistic,0.6703274037410144,铅钡,1,
871,A5,Logistic,0.21746795326716073,高钾,1,
871,A6,Logistic,0.874203115785836,铅钡,1,
871,A7,Logistic,0.7522635082800225,铅钡,1,
871,A8,Logistic,0.9129106256069691,铅钡,1,
872,A1,Logistic,0.36401409262679657,高钾,1,
872,A2,Logistic,0.8473854862082516,铅钡,1,
872,A3,Logistic,0.6889948841300009,铅钡,1,
872,A4,Logistic,0.7965005528173251,铅钡,1,
872,A5,Logistic,0.6606972216222727,铅钡,1,
872,A6,Logistic,0.9437981072977456,铅钡,1,
872,A7,Logistic,0.9056259064606846,铅钡,1,
872,A8,Logistic,0.964057240844308,铅钡,1,
873,A1,Logistic,0.3544578925195119,高钾,1,
873,A2,Logistic,0.6962110970079518,铅钡,1,
873,A3,Logistic,0.49380731119171495,高钾,1,
873,A4,Logistic,0.6049693704650244,铅钡,1,
873,A5,Logistic,0.4046187412820153,高钾,1,
873,A6,Logistic,0.8656858342638547,铅钡,1,
873,A7,Logistic,0.7770845933691125,铅钡,1,
873,A8,Logistic,0.9178922277005094,铅钡,1,
874,A1,Logistic,0.6135143065220993,铅钡,1,
874,A2,Logistic,0.687021292931619,铅钡,1,
874,A3,Logistic,0.532240870009395,铅钡,1,
874,A4,Logistic,0.7254016271006776,铅钡,1,
874,A5,Logistic,0.64634770709164,铅钡,1,
874,A6,Logistic,0.8999672208650065,铅钡,1,
874,A7,Logistic,0.8406586948379666,铅钡,1,
874,A8,Logistic,0.968756153117796,铅钡,1,
875,A1,Logistic,0.41565535855962416,高钾,1,
875,A2,Logistic,0.8616394574747083,铅钡,1,
875,A3,Logistic,0.6773290500609364,铅钡,1,
875,A4,Logistic,0.7646052944262487,铅钡,1,
875,A5,Logistic,0.5312980711629771,铅钡,1,
875,A6,Logistic,0.9377751769087485,铅钡,1,
875,A7,Logistic,0.8906263081311666,铅钡,1,
875,A8,Logistic,0.9609208911842242,铅钡,1,
876,A1,Logistic,0.3590121010458193,高钾,1,
876,A2,Logistic,0.7585724443177754,铅钡,1,
876,A3,Logistic,0.6266038863231645,铅钡,1,
876,A4,Logistic,0.6650876525452467,铅钡,1,
876,A5,Logistic,0.3683014004362864,高钾,1,
876,A6,Logistic,0.8617707964928321,铅钡,1,
876,A7,Logistic,0.7634682543181215,铅钡,1,
876,A8,Logistic,0.9109420778957404,铅钡,1,
877,A1,Logistic,0.5496380922415927,铅钡,1,
877,A2,Logistic,0.8078899269137382,铅钡,1,
877,A3,Logistic,0.7614701853420077,铅钡,1,
877,A4,Logistic,0.7144649851292975,铅钡,1,
877,A5,Logistic,0.368854608971405,高钾,1,
877,A6,Logistic,0.8084647185798748,铅钡,1,
877,A7,Logistic,0.6996450303116056,铅钡,1,
877,A8,Logistic,0.8486060273052498,铅钡,1,
878,A1,Logistic,0.40328688180253386,高钾,1,
878,A2,Logistic,0.690971128093881,铅钡,1,
878,A3,Logistic,0.6029127022389948,铅钡,1,
878,A4,Logistic,0.6420706237085222,铅钡,1,
878,A5,Logistic,0.44783093998871554,高钾,1,
878,A6,Logistic,0.7954179528965812,铅钡,1,
878,A7,Logistic,0.7179215463206498,铅钡,1,
878,A8,Logistic,0.8519779632986384,铅钡,1,
879,A1,Logistic,0.662507330657606,铅钡,1,
879,A2,Logistic,0.8055909879802119,铅钡,1,
879,A3,Logistic,0.604128959578618,铅钡,1,
879,A4,Logistic,0.773715077320744,铅钡,1,
879,A5,Logistic,0.6012873507337047,铅钡,1,
879,A6,Logistic,0.9502672021666296,铅钡,1,
879,A7,Logistic,0.9112393836636322,铅钡,1,
879,A8,Logistic,0.9777186350660296,铅钡,1,
880,A1,Logistic,0.3710321886316481,高钾,1,
880,A2,Logistic,0.8268304016350406,铅钡,1,
880,A3,Logistic,0.5585194524831755,铅钡,1,
880,A4,Logistic,0.7771188640742349,铅钡,1,
880,A5,Logistic,0.6840189290418012,铅钡,1,
880,A6,Logistic,0.9651049254492364,铅钡,1,
880,A7,Logistic,0.9314435869886116,铅钡,1,
880,A8,Logistic,0.9863697804431807,铅钡,1,
881,A1,Logistic,0.22344765909347003,高钾,1,
881,A2,Logistic,0.7584077108754042,铅钡,1,
881,A3,Logistic,0.6250407270903725,铅钡,1,
881,A4,Logistic,0.6969868283603389,铅钡,1,
881,A5,Logistic,0.3563459697427493,高钾,1,
881,A6,Logistic,0.8787224198776823,铅钡,1,
881,A7,Logistic,0.7582056891567978,铅钡,1,
881,A8,Logistic,0.9562843585850325,铅钡,1,
882,A1,Logistic,0.7435725855481985,铅钡,1,
882,A2,Logistic,0.8966747212392391,铅钡,1,
882,A3,Logistic,0.5426748205321947,铅钡,1,
882,A4,Logistic,0.859626830344909,铅钡,1,
882,A5,Logistic,0.7760397057382824,铅钡,1,
882,A6,Logistic,0.9893854306703547,铅钡,1,
882,A7,Logistic,0.9738582904900381,铅钡,1,
882,A8,Logistic,0.9984386252913422,铅钡,1,
883,A1,Logistic,0.44006138523321303,高钾,1,
883,A2,Logistic,0.7808054729073165,铅钡,1,
883,A3,Logistic,0.6944052197736107,铅钡,1,
883,A4,Logistic,0.6223591103989079,铅钡,1,
883,A5,Logistic,0.2615564589273445,高钾,1,
883,A6,Logistic,0.7836046777351594,铅钡,1,
883,A7,Logistic,0.6643777587489885,铅钡,1,
883,A8,Logistic,0.7744315506112586,铅钡,1,
884,A1,Logistic,0.17900359121888398,高钾,1,
884,A2,Logistic,0.701624004705727,铅钡,1,
884,A3,Logistic,0.6062695655851101,铅钡,1,
884,A4,Logistic,0.6848701844518744,铅钡,1,
884,A5,Logistic,0.4753529900381491,高钾,1,
884,A6,Logistic,0.8342956251447607,铅钡,1,
884,A7,Logistic,0.7388422107326662,铅钡,1,
884,A8,Logistic,0.9243608965837177,铅钡,1,
885,A1,Logistic,0.41604972143294333,高钾,1,
885,A2,Logistic,0.775770604719246,铅钡,1,
885,A3,Logistic,0.6769552058321338,铅钡,1,
885,A4,Logistic,0.7093696010834895,铅钡,1,
885,A5,Logistic,0.46545425063759976,高钾,1,
885,A6,Logistic,0.8726467832749832,铅钡,1,
885,A7,Logistic,0.7988003448790602,铅钡,1,
885,A8,Logistic,0.9018418339365569,铅钡,1,
886,A1,Logistic,0.5311860910353748,铅钡,1,
886,A2,Logistic,0.738642481674745,铅钡,1,
886,A3,Logistic,0.6663960908814277,铅钡,1,
886,A4,Logistic,0.6699188255354012,铅钡,1,
886,A5,Logistic,0.44019313174489255,高钾,1,
886,A6,Logistic,0.7983265011115074,铅钡,1,
886,A7,Logistic,0.7166333526583079,铅钡,1,
886,A8,Logistic,0.8479507227110378,铅钡,1,
887,A1,Logistic,0.4948329608183125,高钾,1,
887,A2,Logistic,0.800147836855412,铅钡,1,
887,A3,Logistic,0.6879406386814373,铅钡,1,
887,A4,Logistic,0.7480623745658949,铅钡,1,
887,A5,Logistic,0.5519951928290696,铅钡,1,
887,A6,Logistic,0.8999766044783383,铅钡,1,
887,A7,Logistic,0.8365672789492319,铅钡,1,
887,A8,Logistic,0.9360650661535724,铅钡,1,
888,A1,Logistic,0.3926705266624377,高钾,1,
888,A2,Logistic,0.8414792385376162,铅钡,1,
888,A3,Logistic,0.7300161819599021,铅钡,1,
888,A4,Logistic,0.7967360842441583,铅钡,1,
888,A5,Logistic,0.5996122235384617,铅钡,1,
888,A6,Logistic,0.9205284125104697,铅钡,1,
888,A7,Logistic,0.8641227613036735,铅钡,1,
888,A8,Logistic,0.9578840521592289,铅钡,1,
889,A1,Logistic,0.33207496152722327,高钾,1,
889,A2,Logistic,0.7633840051025623,铅钡,1,
889,A3,Logistic,0.4321220029852327,高钾,1,
889,A4,Logistic,0.7586257353100179,铅钡,1,
889,A5,Logistic,0.7732849683277989,铅钡,1,
889,A6,Logistic,0.9632528571708494,铅钡,1,
889,A7,Logistic,0.9268352266824308,铅钡,1,
889,A8,Logistic,0.992664892986262,铅钡,1,
890,A1,Logistic,0.07513982121491275,高钾,1,
890,A2,Logistic,0.8153434669714207,铅钡,1,
890,A3,Logistic,0.7500616525336821,铅钡,1,
890,A4,Logistic,0.7040297590300154,铅钡,1,
890,A5,Logistic,0.3632106703475142,高钾,1,
890,A6,Logistic,0.8176077909060286,铅钡,1,
890,A7,Logistic,0.7127716695160687,铅钡,1,
890,A8,Logistic,0.8500357909866963,铅钡,1,
891,A1,Logistic,0.04566459919264443,高钾,1,
891,A2,Logistic,0.8564444529687346,铅钡,1,
891,A3,Logistic,0.7701206140038184,铅钡,1,
891,A4,Logistic,0.7748695456774483,铅钡,1,
891,A5,Logistic,0.3914642530519375,高钾,1,
891,A6,Logistic,0.9019660966357658,铅钡,1,
891,A7,Logistic,0.8008883156363016,铅钡,1,
891,A8,Logistic,0.9530262310274521,铅钡,1,
892,A1,Logistic,0.7504103416448796,铅钡,1,
892,A2,Logistic,0.7750859857218859,铅钡,1,
892,A3,Logistic,0.6201803751816481,铅钡,1,
892,A4,Logistic,0.769846039053154,铅钡,1,
892,A5,Logistic,0.5529484179223512,铅钡,1,
892,A6,Logistic,0.9351043598307299,铅钡,1,
892,A7,Logistic,0.8746440453030138,铅钡,1,
892,A8,Logistic,0.978098094818327,铅钡,1,
893,A1,Logistic,0.4774872507265672,高钾,1,
893,A2,Logistic,0.8105356664535703,铅钡,1,
893,A3,Logistic,0.6149872293569922,铅钡,1,
893,A4,Logistic,0.8556549900984431,铅钡,1,
893,A5,Logistic,0.8101346830346835,铅钡,1,
893,A6,Logistic,0.9716901949241614,铅钡,1,
893,A7,Logistic,0.9445344458679296,铅钡,1,
893,A8,Logistic,0.9938182245161783,铅钡,1,
894,A1,Logistic,0.5030096503707154,铅钡,1,
894,A2,Logistic,0.7677674778795706,铅钡,1,
894,A3,Logistic,0.7200757836774245,铅钡,1,
894,A4,Logistic,0.7045797329770972,铅钡,1,
894,A5,Logistic,0.4686610964045743,高钾,1,
894,A6,Logistic,0.7850378222807936,铅钡,1,
894,A7,Logistic,0.6979771671785663,铅钡,1,
894,A8,Logistic,0.8474876726627543,铅钡,1,
895,A1,Logistic,0.6919501673687374,铅钡,1,
895,A2,Logistic,0.834356392074004,铅钡,1,
895,A3,Logistic,0.7441054313974702,铅钡,1,
895,A4,Logistic,0.7738835936384704,铅钡,1,
895,A5,Logistic,0.6073820510659627,铅钡,1,
895,A6,Logistic,0.8831609257544238,铅钡,1,
895,A7,Logistic,0.8234099182655666,铅钡,1,
895,A8,Logistic,0.9250243951061556,铅钡,1,
896,A1,Logistic,0.09270902948735361,高钾,1,
896,A2,Logistic,0.9145468727051471,铅钡,1,
896,A3,Logistic,0.8326488191337014,铅钡,1,
896,A4,Logistic,0.8955760578326528,铅钡,1,
896,A5,Logistic,0.6920671118115724,铅钡,1,
896,A6,Logistic,0.9733463983555687,铅钡,1,
896,A7,Logistic,0.940829874368573,铅钡,1,
896,A8,Logistic,0.9921098139759501,铅钡,1,
897,A1,Logistic,0.3202693793067401,高钾,1,
897,A2,Logistic,0.9311304939251779,铅钡,1,
897,A3,Logistic,0.7688619221652894,铅钡,1,
897,A4,Logistic,0.9185790937823657,铅钡,1,
897,A5,Logistic,0.7972798040691175,铅钡,1,
897,A6,Logistic,0.9901332519858693,铅钡,1,
897,A7,Logistic,0.9733237944249206,铅钡,1,
897,A8,Logistic,0.9982118118060656,铅钡,1,
898,A1,Logistic,0.399324990721209,高钾,1,
898,A2,Logistic,0.7973083235526662,铅钡,1,
898,A3,Logistic,0.7095066876655541,铅钡,1,
898,A4,Logistic,0.7148782409214731,铅钡,1,
898,A5,Logistic,0.45283208225966093,高钾,1,
898,A6,Logistic,0.8409750059187912,铅钡,1,
898,A7,Logistic,0.755318787220545,铅钡,1,
898,A8,Logistic,0.885871111813234,铅钡,1,
899,A1,Logistic,0.45061989330918445,高钾,1,
899,A2,Logistic,0.7760130327261312,铅钡,1,
899,A3,Logistic,0.5891609981340442,铅钡,1,
899,A4,Logistic,0.7110017091119115,铅钡,1,
899,A5,Logistic,0.5157547874838626,铅钡,1,
899,A6,Logistic,0.9093107579720854,铅钡,1,
899,A7,Logistic,0.8388259962938026,铅钡,1,
899,A8,Logistic,0.9585132791120253,铅钡,1,
900,A1,Logistic,0.3226530359995735,高钾,1,
900,A2,Logistic,0.8918802652970585,铅钡,1,
900,A3,Logistic,0.7767040549086889,铅钡,1,
900,A4,Logistic,0.83034267611774,铅钡,1,
900,A5,Logistic,0.5691054348040027,铅钡,1,
900,A6,Logistic,0.9574903050198817,铅钡,1,
900,A7,Logistic,0.9103081669848602,铅钡,1,
900,A8,Logistic,0.9772551204015245,铅钡,1,
901,A1,Logistic,0.4147756358559328,高钾,1,
901,A2,Logistic,0.7793951634765212,铅钡,1,
901,A3,Logistic,0.6499497869476405,铅钡,1,
901,A4,Logistic,0.7009295898368191,铅钡,1,
901,A5,Logistic,0.3615079191787791,高钾,1,
901,A6,Logistic,0.8975311493776653,铅钡,1,
901,A7,Logistic,0.8026950837771925,铅钡,1,
901,A8,Logistic,0.9455837197441068,铅钡,1,
902,A1,Logistic,0.36448121972946,高钾,1,
902,A2,Logistic,0.845707414828513,铅钡,1,
902,A3,Logistic,0.6899224861800174,铅钡,1,
902,A4,Logistic,0.7511898271942469,铅钡,1,
902,A5,Logistic,0.5087888379162795,铅钡,1,
902,A6,Logistic,0.9175129247959537,铅钡,1,
902,A7,Logistic,0.8589355794943287,铅钡,1,
902,A8,Logistic,0.9469299431094887,铅钡,1,
903,A1,Logistic,0.21211769776726963,高钾,1,
903,A2,Logistic,0.7874888871060887,铅钡,1,
903,A3,Logistic,0.6330539855114984,铅钡,1,
903,A4,Logistic,0.7124101858456797,铅钡,1,
903,A5,Logistic,0.4678514877633015,高钾,1,
903,A6,Logistic,0.8813005959371063,铅钡,1,
903,A7,Logistic,0.8037080929421485,铅钡,1,
903,A8,Logistic,0.9436001670771335,铅钡,1,
904,A1,Logistic,0.6661896438633624,铅钡,1,
904,A2,Logistic,0.8508067126169265,铅钡,1,
904,A3,Logistic,0.4950043203157885,高钾,1,
904,A4,Logistic,0.7757490531747289,铅钡,1,
904,A5,Logistic,0.6058631362698725,铅钡,1,
904,A6,Logistic,0.9623308176463954,铅钡,1,
904,A7,Logistic,0.9301820048319621,铅钡,1,
904,A8,Logistic,0.9919193642994479,铅钡,1,
905,A1,Logistic,0.7420342170505545,铅钡,1,
905,A2,Logistic,0.8901070319393611,铅钡,1,
905,A3,Logistic,0.7733716463496473,铅钡,1,
905,A4,Logistic,0.879089304057183,铅钡,1,
905,A5,Logistic,0.7126095872110962,铅钡,1,
905,A6,Logistic,0.972723266752699,铅钡,1,
905,A7,Logistic,0.9447685014390511,铅钡,1,
905,A8,Logistic,0.9916129324330776,铅钡,1,
906,A1,Logistic,0.057313641802621655,高钾,1,
906,A2,Logistic,0.7925703654465637,铅钡,1,
906,A3,Logistic,0.6956803313883863,铅钡,1,
906,A4,Logistic,0.7119969282992521,铅钡,1,
906,A5,Logistic,0.3769303337241017,高钾,1,
906,A6,Logistic,0.8628216322246969,铅钡,1,
906,A7,Logistic,0.7502314043511971,铅钡,1,
906,A8,Logistic,0.9309795242325916,铅钡,1,
907,A1,Logistic,0.175155488725537,高钾,1,
907,A2,Logistic,0.7022372130289579,铅钡,1,
907,A3,Logistic,0.5503189091971553,铅钡,1,
907,A4,Logistic,0.6023821127616404,铅钡,1,
907,A5,Logistic,0.1533824545751298,高钾,1,
907,A6,Logistic,0.8531029087376875,铅钡,1,
907,A7,Logistic,0.6496323791278169,铅钡,1,
907,A8,Logistic,0.9571982999655492,铅钡,1,
908,A1,Logistic,0.3536361745291827,高钾,1,
908,A2,Logistic,0.754749149160913,铅钡,1,
908,A3,Logistic,0.6389939442963399,铅钡,1,
908,A4,Logistic,0.6586006891575749,铅钡,1,
908,A5,Logistic,0.3828436283108792,高钾,1,
908,A6,Logistic,0.8419274985629968,铅钡,1,
908,A7,Logistic,0.748730012949492,铅钡,1,
908,A8,Logistic,0.8855576562718368,铅钡,1,
909,A1,Logistic,0.29156700747418085,高钾,1,
909,A2,Logistic,0.840589468404856,铅钡,1,
909,A3,Logistic,0.7110624082833316,铅钡,1,
909,A4,Logistic,0.7433030599058283,铅钡,1,
909,A5,Logistic,0.3710707048226131,高钾,1,
909,A6,Logistic,0.9213851869436517,铅钡,1,
909,A7,Logistic,0.8435981933160104,铅钡,1,
909,A8,Logistic,0.9524122684637741,铅钡,1,
910,A1,Logistic,0.23982193850983471,高钾,1,
910,A2,Logistic,0.8215269336180477,铅钡,1,
910,A3,Logistic,0.7184290684548076,铅钡,1,
910,A4,Logistic,0.7257559479953698,铅钡,1,
910,A5,Logistic,0.4452604242574545,高钾,1,
910,A6,Logistic,0.8774170765772837,铅钡,1,
910,A7,Logistic,0.8039395278007494,铅钡,1,
910,A8,Logistic,0.9031019477065317,铅钡,1,
911,A1,Logistic,0.17650791842032487,高钾,1,
911,A2,Logistic,0.8427873556369871,铅钡,1,
911,A3,Logistic,0.720680862837113,铅钡,1,
911,A4,Logistic,0.7472503590139715,铅钡,1,
911,A5,Logistic,0.4845586964633477,高钾,1,
911,A6,Logistic,0.907115229733023,铅钡,1,
911,A7,Logistic,0.8397533811137381,铅钡,1,
911,A8,Logistic,0.9303360451352847,铅钡,1,
912,A1,Logistic,0.27953314932239276,高钾,1,
912,A2,Logistic,0.9468113933828473,铅钡,1,
912,A3,Logistic,0.862981048342951,铅钡,1,
912,A4,Logistic,0.9210996504761672,铅钡,1,
912,A5,Logistic,0.7198288833634727,铅钡,1,
912,A6,Logistic,0.985837739875134,铅钡,1,
912,A7,Logistic,0.9645806383266357,铅钡,1,
912,A8,Logistic,0.9950251381015195,铅钡,1,
913,A1,Logistic,0.51491066423023,铅钡,1,
913,A2,Logistic,0.760254183440508,铅钡,1,
913,A3,Logistic,0.664021907198507,铅钡,1,
913,A4,Logistic,0.7289767704024365,铅钡,1,
913,A5,Logistic,0.5337409669190174,铅钡,1,
913,A6,Logistic,0.8677281738683819,铅钡,1,
913,A7,Logistic,0.7991430234577588,铅钡,1,
913,A8,Logistic,0.9249394780723874,铅钡,1,
914,A1,Logistic,0.558560546140452,铅钡,1,
914,A2,Logistic,0.9684513927105333,铅钡,1,
914,A3,Logistic,0.8831193557619069,铅钡,1,
914,A4,Logistic,0.9579088608251956,铅钡,1,
914,A5,Logistic,0.8789007063533558,铅钡,1,
914,A6,Logistic,0.9957804900369668,铅钡,1,
914,A7,Logistic,0.9881253627784805,铅钡,1,
914,A8,Logistic,0.9990774982172632,铅钡,1,
915,A1,Logistic,0.5074509471114109,铅钡,1,
915,A2,Logistic,0.6979491640538728,铅钡,1,
915,A3,Logistic,0.6238187206888863,铅钡,1,
915,A4,Logistic,0.7124360302040316,铅钡,1,
915,A5,Logistic,0.5906224650144056,铅钡,1,
915,A6,Logistic,0.8129231633111095,铅钡,1,
915,A7,Logistic,0.7589455959872888,铅钡,1,
915,A8,Logistic,0.8769920672395665,铅钡,1,
916,A1,Logistic,0.17551565965213378,高钾,1,
916,A2,Logistic,0.7222828807692192,铅钡,1,
916,A3,Logistic,0.5669617009537549,铅钡,1,
916,A4,Logistic,0.6857378128571581,铅钡,1,
916,A5,Logistic,0.3787670259888359,高钾,1,
916,A6,Logistic,0.903814169554093,铅钡,1,
916,A7,Logistic,0.7996489744397639,铅钡,1,
916,A8,Logistic,0.9718099698435111,铅钡,1,
917,A1,Logistic,0.06495598048268111,高钾,1,
917,A2,Logistic,0.8259708567865087,铅钡,1,
917,A3,Logistic,0.7309674873218974,铅钡,1,
917,A4,Logistic,0.6775816853562876,铅钡,1,
917,A5,Logistic,0.2624737294290518,高钾,1,
917,A6,Logistic,0.8321302667068504,铅钡,1,
917,A7,Logistic,0.7000322532192154,铅钡,1,
917,A8,Logistic,0.8637280997089855,铅钡,1,
918,A1,Logistic,0.508546752445699,铅钡,1,
918,A2,Logistic,0.8955011347894566,铅钡,1,
918,A3,Logistic,0.8112725810422836,铅钡,1,
918,A4,Logistic,0.8478521044147236,铅钡,1,
918,A5,Logistic,0.5836174814029869,铅钡,1,
918,A6,Logistic,0.9511428034825379,铅钡,1,
918,A7,Logistic,0.9008993268785792,铅钡,1,
918,A8,Logistic,0.9793141847892387,铅钡,1,
919,A1,Logistic,0.6293427139481288,铅钡,1,
919,A2,Logistic,0.8166462552302935,铅钡,1,
919,A3,Logistic,0.5958396556595204,铅钡,1,
919,A4,Logistic,0.7560144712640825,铅钡,1,
919,A5,Logistic,0.6206211300867477,铅钡,1,
919,A6,Logistic,0.9406105025681886,铅钡,1,
919,A7,Logistic,0.9005474941561086,铅钡,1,
919,A8,Logistic,0.9734332517034333,铅钡,1,
920,A1,Logistic,0.6178401058130445,铅钡,1,
920,A2,Logistic,0.7836124943570447,铅钡,1,
920,A3,Logistic,0.7298576838255654,铅钡,1,
920,A4,Logistic,0.7206117594283697,铅钡,1,
920,A5,Logistic,0.5306279066563638,铅钡,1,
920,A6,Logistic,0.814904826172316,铅钡,1,
920,A7,Logistic,0.7524040334876945,铅钡,1,
920,A8,Logistic,0.841129855884025,铅钡,1,
921,A1,Logistic,0.2649025371974001,高钾,1,
921,A2,Logistic,0.7751581055054781,铅钡,1,
921,A3,Logistic,0.6339286656930541,铅钡,1,
921,A4,Logistic,0.7752617783249864,铅钡,1,
921,A5,Logistic,0.6326169436554232,铅钡,1,
921,A6,Logistic,0.9063897930480743,铅钡,1,
921,A7,Logistic,0.83954762001251,铅钡,1,
921,A8,Logistic,0.9717476554320117,铅钡,1,
922,A1,Logistic,0.32000389383079436,高钾,1,
922,A2,Logistic,0.7839716870729565,铅钡,1,
922,A3,Logistic,0.6668770486913115,铅钡,1,
922,A4,Logistic,0.6595087527314638,铅钡,1,
922,A5,Logistic,0.309509412629198,高钾,1,
922,A6,Logistic,0.8506439106599732,铅钡,1,
922,A7,Logistic,0.7377682721867639,铅钡,1,
922,A8,Logistic,0.880518835559987,铅钡,1,
923,A1,Logistic,0.5005425167817609,铅钡,1,
923,A2,Logistic,0.8426401582464422,铅钡,1,
923,A3,Logistic,0.7603942057083095,铅钡,1,
923,A4,Logistic,0.771169899836749,铅钡,1,
923,A5,Logistic,0.49053774025538893,高钾,1,
923,A6,Logistic,0.8888427323968984,铅钡,1,
923,A7,Logistic,0.8092787988553997,铅钡,1,
923,A8,Logistic,0.9316049938101243,铅钡,1,
924,A1,Logistic,0.7547645113883772,铅钡,1,
924,A2,Logistic,0.8499305239454964,铅钡,1,
924,A3,Logistic,0.774019041755403,铅钡,1,
924,A4,Logistic,0.7979145067876804,铅钡,1,
924,A5,Logistic,0.6630766561183727,铅钡,1,
924,A6,Logistic,0.8999432615641986,铅钡,1,
924,A7,Logistic,0.8551130945816392,铅钡,1,
924,A8,Logistic,0.9299050675432671,铅钡,1,
925,A1,Logistic,0.2955942298982669,高钾,1,
925,A2,Logistic,0.8453294591189839,铅钡,1,
925,A3,Logistic,0.6932111344533405,铅钡,1,
925,A4,Logistic,0.6893682624334824,铅钡,1,
925,A5,Logistic,0.2794988173673078,高钾,1,
925,A6,Logistic,0.9048426185159331,铅钡,1,
925,A7,Logistic,0.813973572870279,铅钡,1,
925,A8,Logistic,0.9188975619543361,铅钡,1,
926,A1,Logistic,0.11798111181690084,高钾,1,
926,A2,Logistic,0.8350405616868481,铅钡,1,
926,A3,Logistic,0.731442030023529,铅钡,1,
926,A4,Logistic,0.6993398587381328,铅钡,1,
926,A5,Logistic,0.3542314761326775,高钾,1,
926,A6,Logistic,0.8435043310924888,铅钡,1,
926,A7,Logistic,0.7486237959966859,铅钡,1,
926,A8,Logistic,0.8777743157334748,铅钡,1,
927,A1,Logistic,0.6711649152935228,铅钡,1,
927,A2,Logistic,0.8165422541463333,铅钡,1,
927,A3,Logistic,0.583885479855528,铅钡,1,
927,A4,Logistic,0.7930496766840653,铅钡,1,
927,A5,Logistic,0.6841938471907607,铅钡,1,
927,A6,Logistic,0.9568568809671174,铅钡,1,
927,A7,Logistic,0.9137821613563304,铅钡,1,
927,A8,Logistic,0.9876116622688643,铅钡,1,
928,A1,Logistic,0.44726122964141585,高钾,1,
928,A2,Logistic,0.738014385313312,铅钡,1,
928,A3,Logistic,0.6218910054379994,铅钡,1,
928,A4,Logistic,0.6998488220463175,铅钡,1,
928,A5,Logistic,0.5482712488372693,铅钡,1,
928,A6,Logistic,0.8370868094375052,铅钡,1,
928,A7,Logistic,0.762137606641709,铅钡,1,
928,A8,Logistic,0.9134970965484169,铅钡,1,
929,A1,Logistic,0.1275821812544723,高钾,1,
929,A2,Logistic,0.8706640260815385,铅钡,1,
929,A3,Logistic,0.823968942359849,铅钡,1,
929,A4,Logistic,0.7999555748162616,铅钡,1,
929,A5,Logistic,0.44026162953120274,高钾,1,
929,A6,Logistic,0.9049993650772509,铅钡,1,
929,A7,Logistic,0.8229570999437718,铅钡,1,
929,A8,Logistic,0.9302059867922537,铅钡,1,
930,A1,Logistic,0.6219511201606065,铅钡,1,
930,A2,Logistic,0.8762192220006707,铅钡,1,
930,A3,Logistic,0.7736816100957792,铅钡,1,
930,A4,Logistic,0.8229840631131262,铅钡,1,
930,A5,Logistic,0.6699993816282324,铅钡,1,
930,A6,Logistic,0.9380697561451361,铅钡,1,
930,A7,Logistic,0.8982469191007834,铅钡,1,
930,A8,Logistic,0.9579741879161737,铅钡,1,
931,A1,Logistic,0.5695392793686184,铅钡,1,
931,A2,Logistic,0.8751862131330989,铅钡,1,
931,A3,Logistic,0.5862887060599279,铅钡,1,
931,A4,Logistic,0.7808262315210694,铅钡,1,
931,A5,Logistic,0.3876853058323625,高钾,1,
931,A6,Logistic,0.9777801114782882,铅钡,1,
931,A7,Logistic,0.9346618478929563,铅钡,1,
931,A8,Logistic,0.9940687423676092,铅钡,1,
932,A1,Logistic,0.7107018793029285,铅钡,1,
932,A2,Logistic,0.800395510867331,铅钡,1,
932,A3,Logistic,0.7310878300318234,铅钡,1,
932,A4,Logistic,0.7554030722117483,铅钡,1,
932,A5,Logistic,0.5469441483447198,铅钡,1,
932,A6,Logistic,0.8696692644838064,铅钡,1,
932,A7,Logistic,0.8068673010852757,铅钡,1,
932,A8,Logistic,0.9103474959774059,铅钡,1,
933,A1,Logistic,0.7863287353419598,铅钡,1,
933,A2,Logistic,0.8118318838716801,铅钡,1,
933,A3,Logistic,0.5509743392280354,铅钡,1,
933,A4,Logistic,0.8057798826681568,铅钡,1,
933,A5,Logistic,0.7279542821766958,铅钡,1,
933,A6,Logistic,0.9637458945188739,铅钡,1,
933,A7,Logistic,0.9350036148316865,铅钡,1,
933,A8,Logistic,0.9895828072730465,铅钡,1,
934,A1,Logistic,0.7246428641568603,铅钡,1,
934,A2,Logistic,0.8894315138946345,铅钡,1,
934,A3,Logistic,0.720056423705804,铅钡,1,
934,A4,Logistic,0.8305007160616096,铅钡,1,
934,A5,Logistic,0.6991193996551307,铅钡,1,
934,A6,Logistic,0.9583577804832325,铅钡,1,
934,A7,Logistic,0.9276896017150607,铅钡,1,
934,A8,Logistic,0.9810252100697989,铅钡,1,
935,A1,Logistic,0.32949967448123607,高钾,1,
935,A2,Logistic,0.7234864764719373,铅钡,1,
935,A3,Logistic,0.5345260147855518,铅钡,1,
935,A4,Logistic,0.6935724972149219,铅钡,1,
935,A5,Logistic,0.5354099243573944,铅钡,1,
935,A6,Logistic,0.90545333213421,铅钡,1,
935,A7,Logistic,0.8354223008459036,铅钡,1,
935,A8,Logistic,0.9619963219971608,铅钡,1,
936,A1,Logistic,0.3482439490499975,高钾,1,
936,A2,Logistic,0.8650901402775482,铅钡,1,
936,A3,Logistic,0.7837559750023173,铅钡,1,
936,A4,Logistic,0.7632946135362965,铅钡,1,
936,A5,Logistic,0.3838288496362395,高钾,1,
936,A6,Logistic,0.9051668858498831,铅钡,1,
936,A7,Logistic,0.818306553080789,铅钡,1,
936,A8,Logistic,0.9281946854706703,铅钡,1,
937,A1,Logistic,0.27057659367983267,高钾,1,
937,A2,Logistic,0.7950094531291243,铅钡,1,
937,A3,Logistic,0.567819369812393,铅钡,1,
937,A4,Logistic,0.7552810794819926,铅钡,1,
937,A5,Logistic,0.4626461167926365,高钾,1,
937,A6,Logistic,0.957920859357171,铅钡,1,
937,A7,Logistic,0.8947266625075657,铅钡,1,
937,A8,Logistic,0.9920014566788713,铅钡,1,
938,A1,Logistic,0.3152704788744022,高钾,1,
938,A2,Logistic,0.8192230871695616,铅钡,1,
938,A3,Logistic,0.5321472657489442,铅钡,1,
938,A4,Logistic,0.7554788516372317,铅钡,1,
938,A5,Logistic,0.6449363664194154,铅钡,1,
938,A6,Logistic,0.9611084340688566,铅钡,1,
938,A7,Logistic,0.927612669561091,铅钡,1,
938,A8,Logistic,0.9874780766241754,铅钡,1,
939,A1,Logistic,0.25148374564204296,高钾,1,
939,A2,Logistic,0.806174953938587,铅钡,1,
939,A3,Logistic,0.6836969694168757,铅钡,1,
939,A4,Logistic,0.6757903058213494,铅钡,1,
939,A5,Logistic,0.2447967172581482,高钾,1,
939,A6,Logistic,0.8536978065090463,铅钡,1,
939,A7,Logistic,0.7218683973910955,铅钡,1,
939,A8,Logistic,0.9101161722824654,铅钡,1,
940,A1,Logistic,0.3249333743005836,高钾,1,
940,A2,Logistic,0.7985399230900367,铅钡,1,
940,A3,Logistic,0.5970724346882004,铅钡,1,
940,A4,Logistic,0.7423843684779629,铅钡,1,
940,A5,Logistic,0.5832673863985098,铅钡,1,
940,A6,Logistic,0.926730030976295,铅钡,1,
940,A7,Logistic,0.8657677640925973,铅钡,1,
940,A8,Logistic,0.9715506422587505,铅钡,1,
941,A1,Logistic,0.3722688752022426,高钾,1,
941,A2,Logistic,0.7839742235847954,铅钡,1,
941,A3,Logistic,0.7061925978625823,铅钡,1,
941,A4,Logistic,0.648700473818021,铅钡,1,
941,A5,Logistic,0.2905792949701169,高钾,1,
941,A6,Logistic,0.8109970433852545,铅钡,1,
941,A7,Logistic,0.6974082737276658,铅钡,1,
941,A8,Logistic,0.8108363688697865,铅钡,1,
942,A1,Logistic,0.2024102110965871,高钾,1,
942,A2,Logistic,0.7675719120769998,铅钡,1,
942,A3,Logistic,0.6129690134921778,铅钡,1,
942,A4,Logistic,0.7674877697254888,铅钡,1,
942,A5,Logistic,0.5568072777068047,铅钡,1,
942,A6,Logistic,0.9173025052601633,铅钡,1,
942,A7,Logistic,0.8287159259065477,铅钡,1,
942,A8,Logistic,0.9840549999457096,铅钡,1,
943,A1,Logistic,0.6485785125712592,铅钡,1,
943,A2,Logistic,0.7769663102604406,铅钡,1,
943,A3,Logistic,0.6763172578503386,铅钡,1,
943,A4,Logistic,0.7224522287458988,铅钡,1,
943,A5,Logistic,0.5675392498193395,铅钡,1,
943,A6,Logistic,0.8660047018844808,铅钡,1,
943,A7,Logistic,0.8092060967061573,铅钡,1,
943,A8,Logistic,0.8998803818253792,铅钡,1,
944,A1,Logistic,0.25871321522208773,高钾,1,
944,A2,Logistic,0.8793012542693245,铅钡,1,
944,A3,Logistic,0.7628881574624051,铅钡,1,
944,A4,Logistic,0.893669716722523,铅钡,1,
944,A5,Logistic,0.7634856868849823,铅钡,1,
944,A6,Logistic,0.9789993766516539,铅钡,1,
944,A7,Logistic,0.9532600056820253,铅钡,1,
944,A8,Logistic,0.9944923606111374,铅钡,1,
945,A1,Logistic,0.47490723523050077,高钾,1,
945,A2,Logistic,0.888241065831786,铅钡,1,
945,A3,Logistic,0.8215548247239192,铅钡,1,
945,A4,Logistic,0.779555924309723,铅钡,1,
945,A5,Logistic,0.387141544796167,高钾,1,
945,A6,Logistic,0.9060321209964168,铅钡,1,
945,A7,Logistic,0.8289847200170758,铅钡,1,
945,A8,Logistic,0.9094725360405225,铅钡,1,
946,A1,Logistic,0.3513235503951835,高钾,1,
946,A2,Logistic,0.7316448631754046,铅钡,1,
946,A3,Logistic,0.6769071962116149,铅钡,1,
946,A4,Logistic,0.6820222999415326,铅钡,1,
946,A5,Logistic,0.4125796445605753,高钾,1,
946,A6,Logistic,0.8162297760439766,铅钡,1,
946,A7,Logistic,0.7257521213985656,铅钡,1,
946,A8,Logistic,0.869215762974692,铅钡,1,
947,A1,Logistic,0.3176499149038061,高钾,1,
947,A2,Logistic,0.8182513826931295,铅钡,1,
947,A3,Logistic,0.6630157100657141,铅钡,1,
947,A4,Logistic,0.656906586070698,铅钡,1,
947,A5,Logistic,0.2006678832890915,高钾,1,
947,A6,Logistic,0.8945403692168264,铅钡,1,
947,A7,Logistic,0.7625962132234244,铅钡,1,
947,A8,Logistic,0.9335029282044669,铅钡,1,
948,A1,Logistic,0.3765356942566206,高钾,1,
948,A2,Logistic,0.798606907150307,铅钡,1,
948,A3,Logistic,0.6948150621478433,铅钡,1,
948,A4,Logistic,0.7471277001133488,铅钡,1,
948,A5,Logistic,0.4473857765519397,高钾,1,
948,A6,Logistic,0.885628596905957,铅钡,1,
948,A7,Logistic,0.7870866933743076,铅钡,1,
948,A8,Logistic,0.9537616738867101,铅钡,1,
949,A1,Logistic,0.14249238651893364,高钾,1,
949,A2,Logistic,0.8967744283713605,铅钡,1,
949,A3,Logistic,0.8017309441722604,铅钡,1,
949,A4,Logistic,0.8041878798202545,铅钡,1,
949,A5,Logistic,0.5241250850525885,铅钡,1,
949,A6,Logistic,0.9262349089885624,铅钡,1,
949,A7,Logistic,0.8710971967619174,铅钡,1,
949,A8,Logistic,0.9412456998181574,铅钡,1,
950,A1,Logistic,0.2847548010969612,高钾,1,
950,A2,Logistic,0.7291569389507472,铅钡,1,
950,A3,Logistic,0.589937086934458,铅钡,1,
950,A4,Logistic,0.7182686360170207,铅钡,1,
950,A5,Logistic,0.5483274692956748,铅钡,1,
950,A6,Logistic,0.8952075567758512,铅钡,1,
950,A7,Logistic,0.8208399418365481,铅钡,1,
950,A8,Logistic,0.9559089434720839,铅钡,1,
951,A1,Logistic,0.5159274088096644,铅钡,1,
951,A2,Logistic,0.6616049360456276,铅钡,1,
951,A3,Logistic,0.4558197494130448,高钾,1,
951,A4,Logistic,0.6455859226362787,铅钡,1,
951,A5,Logistic,0.38640509543289386,高钾,1,
951,A6,Logistic,0.8917576738136807,铅钡,1,
951,A7,Logistic,0.7748629387557644,铅钡,1,
951,A8,Logistic,0.9691195899760887,铅钡,1,
952,A1,Logistic,0.36157981514499854,高钾,1,
952,A2,Logistic,0.7899633971002408,铅钡,1,
952,A3,Logistic,0.6742000694154869,铅钡,1,
952,A4,Logistic,0.7227545805806309,铅钡,1,
952,A5,Logistic,0.4629386066586851,高钾,1,
952,A6,Logistic,0.8889112152815982,铅钡,1,
952,A7,Logistic,0.8080562955885137,铅钡,1,
952,A8,Logistic,0.9350545938953801,铅钡,1,
953,A1,Logistic,0.5180524550611632,铅钡,1,
953,A2,Logistic,0.8390731188797046,铅钡,1,
953,A3,Logistic,0.7619395392490388,铅钡,1,
953,A4,Logistic,0.7473385852997759,铅钡,1,
953,A5,Logistic,0.4376479425495599,高钾,1,
953,A6,Logistic,0.8767148787332361,铅钡,1,
953,A7,Logistic,0.7944644388054968,铅钡,1,
953,A8,Logistic,0.9054808891131456,铅钡,1,
954,A1,Logistic,0.7432040092259417,铅钡,1,
954,A2,Logistic,0.8138213139357238,铅钡,1,
954,A3,Logistic,0.6514226966977705,铅钡,1,
954,A4,Logistic,0.8608746247940872,铅钡,1,
954,A5,Logistic,0.8396475702952886,铅钡,1,
954,A6,Logistic,0.9643726015822471,铅钡,1,
954,A7,Logistic,0.9283633498472806,铅钡,1,
954,A8,Logistic,0.9958278942605874,铅钡,1,
955,A1,Logistic,0.4014848440246575,高钾,1,
955,A2,Logistic,0.8825341913299458,铅钡,1,
955,A3,Logistic,0.6848668689773568,铅钡,1,
955,A4,Logistic,0.8644938816880314,铅钡,1,
955,A5,Logistic,0.7192446120861679,铅钡,1,
955,A6,Logistic,0.971656220808066,铅钡,1,
955,A7,Logistic,0.9378814031087208,铅钡,1,
955,A8,Logistic,0.9960905599519174,铅钡,1,
956,A1,Logistic,0.4458015942101589,高钾,1,
956,A2,Logistic,0.8119568941469839,铅钡,1,
956,A3,Logistic,0.6808086153196093,铅钡,1,
956,A4,Logistic,0.7761906171088998,铅钡,1,
956,A5,Logistic,0.5292833176652412,铅钡,1,
956,A6,Logistic,0.9355252843837845,铅钡,1,
956,A7,Logistic,0.8722512680766796,铅钡,1,
956,A8,Logistic,0.973488927856162,铅钡,1,
957,A1,Logistic,0.11121742663100485,高钾,1,
957,A2,Logistic,0.7862322371411881,铅钡,1,
957,A3,Logistic,0.6765410985140774,铅钡,1,
957,A4,Logistic,0.7010834847730515,铅钡,1,
957,A5,Logistic,0.38094937649537647,高钾,1,
957,A6,Logistic,0.8540406556458675,铅钡,1,
957,A7,Logistic,0.7423664314761826,铅钡,1,
957,A8,Logistic,0.924049705943113,铅钡,1,
958,A1,Logistic,0.3232412909234637,高钾,1,
958,A2,Logistic,0.8454579084482658,铅钡,1,
958,A3,Logistic,0.8034573008763266,铅钡,1,
958,A4,Logistic,0.7079844362829406,铅钡,1,
958,A5,Logistic,0.20878529418895844,高钾,1,
958,A6,Logistic,0.8419795126475034,铅钡,1,
958,A7,Logistic,0.6942902116328549,铅钡,1,
958,A8,Logistic,0.858155313888366,铅钡,1,
959,A1,Logistic,0.5183277430089859,铅钡,1,
959,A2,Logistic,0.8223131381387959,铅钡,1,
959,A3,Logistic,0.7411705336018544,铅钡,1,
959,A4,Logistic,0.7482962415765256,铅钡,1,
959,A5,Logistic,0.5098554062578783,铅钡,1,
959,A6,Logistic,0.8733598963898701,铅钡,1,
959,A7,Logistic,0.8078249253574157,铅钡,1,
959,A8,Logistic,0.8973565299721531,铅钡,1,
960,A1,Logistic,0.43787907111818924,高钾,1,
960,A2,Logistic,0.6949502950687506,铅钡,1,
960,A3,Logistic,0.6068670569494213,铅钡,1,
960,A4,Logistic,0.6127816470507522,铅钡,1,
960,A5,Logistic,0.3339343783832292,高钾,1,
960,A6,Logistic,0.7785013962740411,铅钡,1,
960,A7,Logistic,0.6669569399814153,铅钡,1,
960,A8,Logistic,0.8502723679305927,铅钡,1,
961,A1,Logistic,0.6403915977070075,铅钡,1,
961,A2,Logistic,0.855153148176746,铅钡,1,
961,A3,Logistic,0.7166756547937553,铅钡,1,
961,A4,Logistic,0.792965310631022,铅钡,1,
961,A5,Logistic,0.6333840154963927,铅钡,1,
961,A6,Logistic,0.9429900528215129,铅钡,1,
961,A7,Logistic,0.901462241489855,铅钡,1,
961,A8,Logistic,0.9635879448882589,铅钡,1,
962,A1,Logistic,0.5842680093300009,铅钡,1,
962,A2,Logistic,0.8883315923967041,铅钡,1,
962,A3,Logistic,0.8196355299101783,铅钡,1,
962,A4,Logistic,0.7983565697457676,铅钡,1,
962,A5,Logistic,0.4569306656121271,高钾,1,
962,A6,Logistic,0.9159455677992225,铅钡,1,
962,A7,Logistic,0.8444701085023488,铅钡,1,
962,A8,Logistic,0.9301654541194666,铅钡,1,
963,A1,Logistic,0.6782481305357339,铅钡,1,
963,A2,Logistic,0.8090125615526328,铅钡,1,
963,A3,Logistic,0.6659172169257589,铅钡,1,
963,A4,Logistic,0.7902450440145452,铅钡,1,
963,A5,Logistic,0.6871947507548463,铅钡,1,
963,A6,Logistic,0.9235823753617725,铅钡,1,
963,A7,Logistic,0.8849632335828689,铅钡,1,
963,A8,Logistic,0.969491151519603,铅钡,1,
964,A1,Logistic,0.33640601079046545,高钾,1,
964,A2,Logistic,0.7432124694057214,铅钡,1,
964,A3,Logistic,0.6395931165942209,铅钡,1,
964,A4,Logistic,0.6887667934265946,铅钡,1,
964,A5,Logistic,0.4352636489821864,高钾,1,
964,A6,Logistic,0.8550301619110574,铅钡,1,
964,A7,Logistic,0.7602106305510375,铅钡,1,
964,A8,Logistic,0.9178618823896249,铅钡,1,
965,A1,Logistic,0.5526538442888523,铅钡,1,
965,A2,Logistic,0.7419075105688414,铅钡,1,
965,A3,Logistic,0.5825094890814463,铅钡,1,
965,A4,Logistic,0.6605251627451376,铅钡,1,
965,A5,Logistic,0.40562851909811265,高钾,1,
965,A6,Logistic,0.869134622977095,铅钡,1,
965,A7,Logistic,0.7740482431780633,铅钡,1,
965,A8,Logistic,0.926669200175793,铅钡,1,
966,A1,Logistic,0.21594793573549004,高钾,1,
966,A2,Logistic,0.8854297170917559,铅钡,1,
966,A3,Logistic,0.7680153583361372,铅钡,1,
966,A4,Logistic,0.8276417021373402,铅钡,1,
966,A5,Logistic,0.5644538364049275,铅钡,1,
966,A6,Logistic,0.9582863305456174,铅钡,1,
966,A7,Logistic,0.912027216819745,铅钡,1,
966,A8,Logistic,0.9741081023124045,铅钡,1,
967,A1,Logistic,0.07202125755640801,高钾,1,
967,A2,Logistic,0.946622157864587,铅钡,1,
967,A3,Logistic,0.9019379291978403,铅钡,1,
967,A4,Logistic,0.8686378595705915,铅钡,1,
967,A5,Logistic,0.3994591861686317,高钾,1,
967,A6,Logistic,0.9587597526132895,铅钡,1,
967,A7,Logistic,0.8965460788754619,铅钡,1,
967,A8,Logistic,0.9684542401845408,铅钡,1,
968,A1,Logistic,0.4774452873457211,高钾,1,
968,A2,Logistic,0.7429384867043938,铅钡,1,
968,A3,Logistic,0.6699073008706717,铅钡,1,
968,A4,Logistic,0.6442215573895694,铅钡,1,
968,A5,Logistic,0.4089495940488652,高钾,1,
968,A6,Logistic,0.7646209823770741,铅钡,1,
968,A7,Logistic,0.6868307514223313,铅钡,1,
968,A8,Logistic,0.7813672793324699,铅钡,1,
969,A1,Logistic,0.5186040978193738,铅钡,1,
969,A2,Logistic,0.7572454275901097,铅钡,1,
969,A3,Logistic,0.7057387976629015,铅钡,1,
969,A4,Logistic,0.6455222157493307,铅钡,1,
969,A5,Logistic,0.35944597627918035,高钾,1,
969,A6,Logistic,0.7567239047756267,铅钡,1,
969,A7,Logistic,0.6645157477805378,铅钡,1,
969,A8,Logistic,0.750647001726691,铅钡,1,
970,A1,Logistic,0.07520805565270462,高钾,1,
970,A2,Logistic,0.8296882381139158,铅钡,1,
970,A3,Logistic,0.7698215043082688,铅钡,1,
970,A4,Logistic,0.6850230104914035,铅钡,1,
970,A5,Logistic,0.21953739868076932,高钾,1,
970,A6,Logistic,0.8228378508277641,铅钡,1,
970,A7,Logistic,0.6731539170815656,铅钡,1,
970,A8,Logistic,0.8548851904325547,铅钡,1,
971,A1,Logistic,0.3475588933927468,高钾,1,
971,A2,Logistic,0.8782635293015849,铅钡,1,
971,A3,Logistic,0.5129793977891143,铅钡,1,
971,A4,Logistic,0.8020381708721157,铅钡,1,
971,A5,Logistic,0.7352438588436522,铅钡,1,
971,A6,Logistic,0.9823935748774526,铅钡,1,
971,A7,Logistic,0.9618739406360738,铅钡,1,
971,A8,Logistic,0.9946457539751071,铅钡,1,
972,A1,Logistic,0.4857679737264664,高钾,1,
972,A2,Logistic,0.8052897475689457,铅钡,1,
972,A3,Logistic,0.57433757602616,铅钡,1,
972,A4,Logistic,0.7193324763967247,铅钡,1,
972,A5,Logistic,0.5352932790251735,铅钡,1,
972,A6,Logistic,0.9177679700180451,铅钡,1,
972,A7,Logistic,0.863948559013199,铅钡,1,
972,A8,Logistic,0.9719214366416082,铅钡,1,
973,A1,Logistic,0.387172802882994,高钾,1,
973,A2,Logistic,0.7300456973387933,铅钡,1,
973,A3,Logistic,0.6372030382319199,铅钡,1,
973,A4,Logistic,0.6031122482046274,铅钡,1,
973,A5,Logistic,0.28989003932378454,高钾,1,
973,A6,Logistic,0.7698445070971989,铅钡,1,
973,A7,Logistic,0.6531970242072759,铅钡,1,
973,A8,Logistic,0.7938281108668799,铅钡,1,
974,A1,Logistic,0.2551033302495617,高钾,1,
974,A2,Logistic,0.7417102999859891,铅钡,1,
974,A3,Logistic,0.5397984104228524,铅钡,1,
974,A4,Logistic,0.6798758683717734,铅钡,1,
974,A5,Logistic,0.479763289969166,高钾,1,
974,A6,Logistic,0.904359688105994,铅钡,1,
974,A7,Logistic,0.8314364182479725,铅钡,1,
974,A8,Logistic,0.9562606670945266,铅钡,1,
975,A1,Logistic,0.31832078408488956,高钾,1,
975,A2,Logistic,0.7649038603492789,铅钡,1,
975,A3,Logistic,0.5752810820423169,铅钡,1,
975,A4,Logistic,0.6438331109655814,铅钡,1,
975,A5,Logistic,0.30162703421701953,高钾,1,
975,A6,Logistic,0.879527190821507,铅钡,1,
975,A7,Logistic,0.7751728834439704,铅钡,1,
975,A8,Logistic,0.941934807318174,铅钡,1,
976,A1,Logistic,0.37391542392835003,高钾,1,
976,A2,Logistic,0.7801128740367814,铅钡,1,
976,A3,Logistic,0.7008335725866548,铅钡,1,
976,A4,Logistic,0.6553245993059093,铅钡,1,
976,A5,Logistic,0.27130466653038143,高钾,1,
976,A6,Logistic,0.8134145301854911,铅钡,1,
976,A7,Logistic,0.6884391584068323,铅钡,1,
976,A8,Logistic,0.8490047032419118,铅钡,1,
977,A1,Logistic,0.32715226061684993,高钾,1,
977,A2,Logistic,0.8931040996225597,铅钡,1,
977,A3,Logistic,0.75434233596603,铅钡,1,
977,A4,Logistic,0.785020856737327,铅钡,1,
977,A5,Logistic,0.42344389135925137,高钾,1,
977,A6,Logistic,0.9402520196795991,铅钡,1,
977,A7,Logistic,0.8787041349164694,铅钡,1,
977,A8,Logistic,0.962121129966855,铅钡,1,
978,A1,Logistic,0.5199516264216898,铅钡,1,
978,A2,Logistic,0.847800476719376,铅钡,1,
978,A3,Logistic,0.7170752809391067,铅钡,1,
978,A4,Logistic,0.7870368230764843,铅钡,1,
978,A5,Logistic,0.5611700259153967,铅钡,1,
978,A6,Logistic,0.9399587588282547,铅钡,1,
978,A7,Logistic,0.8865236605935438,铅钡,1,
978,A8,Logistic,0.9627564995299229,铅钡,1,
979,A1,Logistic,0.6589849764831858,铅钡,1,
979,A2,Logistic,0.6772819377336816,铅钡,1,
979,A3,Logistic,0.47193505324998053,高钾,1,
979,A4,Logistic,0.6803292889122069,铅钡,1,
979,A5,Logistic,0.6195716686182311,铅钡,1,
979,A6,Logistic,0.8966713182863993,铅钡,1,
979,A7,Logistic,0.8390731962765955,铅钡,1,
979,A8,Logistic,0.9603574195431489,铅钡,1,
980,A1,Logistic,0.36628373370415823,高钾,1,
980,A2,Logistic,0.8434853188382025,铅钡,1,
980,A3,Logistic,0.7225388241428824,铅钡,1,
980,A4,Logistic,0.7640312824029807,铅钡,1,
980,A5,Logistic,0.45255720060794064,高钾,1,
980,A6,Logistic,0.9213445313895907,铅钡,1,
980,A7,Logistic,0.8510872864480403,铅钡,1,
980,A8,Logistic,0.9557725419219025,铅钡,1,
981,A1,Logistic,0.4613859257160465,高钾,1,
981,A2,Logistic,0.9392315521605907,铅钡,1,
981,A3,Logistic,0.7948666664599963,铅钡,1,
981,A4,Logistic,0.8766761715338792,铅钡,1,
981,A5,Logistic,0.7406026753392229,铅钡,1,
981,A6,Logistic,0.9810441895317898,铅钡,1,
981,A7,Logistic,0.9596721241958518,铅钡,1,
981,A8,Logistic,0.9896158898147832,铅钡,1,
982,A1,Logistic,0.14595035071593634,高钾,1,
982,A2,Logistic,0.8846459556061108,铅钡,1,
982,A3,Logistic,0.8486202729292783,铅钡,1,
982,A4,Logistic,0.7669099404165625,铅钡,1,
982,A5,Logistic,0.272489744554457,高钾,1,
982,A6,Logistic,0.8672683287043107,铅钡,1,
982,A7,Logistic,0.7405508878678856,铅钡,1,
982,A8,Logistic,0.8876285030923134,铅钡,1,
983,A1,Logistic,0.47605394324006806,高钾,1,
983,A2,Logistic,0.7857904773616956,铅钡,1,
983,A3,Logistic,0.5479563403557639,铅钡,1,
983,A4,Logistic,0.7274357436265951,铅钡,1,
983,A5,Logistic,0.5147335003721469,铅钡,1,
983,A6,Logistic,0.9405069852607939,铅钡,1,
983,A7,Logistic,0.8752821907678366,铅钡,1,
983,A8,Logistic,0.9821523655235175,铅钡,1,
984,A1,Logistic,0.11317006338793766,高钾,1,
984,A2,Logistic,0.846768743531604,铅钡,1,
984,A3,Logistic,0.7610549710226211,铅钡,1,
984,A4,Logistic,0.7117298376336508,铅钡,1,
984,A5,Logistic,0.3225523077051936,高钾,1,
984,A6,Logistic,0.8674277436328784,铅钡,1,
984,A7,Logistic,0.7727556341330568,铅钡,1,
984,A8,Logistic,0.8740432654464884,铅钡,1,
985,A1,Logistic,0.14021815425698325,高钾,1,
985,A2,Logistic,0.8139155312601988,铅钡,1,
985,A3,Logistic,0.6996039339820884,铅钡,1,
985,A4,Logistic,0.7399123061454668,铅钡,1,
985,A5,Logistic,0.5128539912530169,铅钡,1,
985,A6,Logistic,0.8908792775143508,铅钡,1,
985,A7,Logistic,0.823934175247797,铅钡,1,
985,A8,Logistic,0.9325736030939671,铅钡,1,
986,A1,Logistic,0.06003504045207619,高钾,1,
986,A2,Logistic,0.7475736693001911,铅钡,1,
986,A3,Logistic,0.6184484584015041,铅钡,1,
986,A4,Logistic,0.7264102177082454,铅钡,1,
986,A5,Logistic,0.5588179007301908,铅钡,1,
986,A6,Logistic,0.8709088139289325,铅钡,1,
986,A7,Logistic,0.7948972387355061,铅钡,1,
986,A8,Logistic,0.9503044971966892,铅钡,1,
987,A1,Logistic,0.24229875413946095,高钾,1,
987,A2,Logistic,0.8354712396295729,铅钡,1,
987,A3,Logistic,0.6978360981887849,铅钡,1,
987,A4,Logistic,0.7444258876939264,铅钡,1,
987,A5,Logistic,0.4611240456174447,高钾,1,
987,A6,Logistic,0.9195503733119699,铅钡,1,
987,A7,Logistic,0.8461596462589149,铅钡,1,
987,A8,Logistic,0.9513161861819247,铅钡,1,
988,A1,Logistic,0.6557756614043402,铅钡,1,
988,A2,Logistic,0.8541783169120952,铅钡,1,
988,A3,Logistic,0.7532105644965676,铅钡,1,
988,A4,Logistic,0.8535870009706751,铅钡,1,
988,A5,Logistic,0.7358206852825476,铅钡,1,
988,A6,Logistic,0.941885811647922,铅钡,1,
988,A7,Logistic,0.9008165916355524,铅钡,1,
988,A8,Logistic,0.9801537951639651,铅钡,1,
989,A1,Logistic,0.3009826539189881,高钾,1,
989,A2,Logistic,0.7210384779863358,铅钡,1,
989,A3,Logistic,0.6376838579985517,铅钡,1,
989,A4,Logistic,0.5895576175854311,铅钡,1,
989,A5,Logistic,0.2757971734186212,高钾,1,
989,A6,Logistic,0.7435098029732948,铅钡,1,
989,A7,Logistic,0.6268494526829375,铅钡,1,
989,A8,Logistic,0.7621895803401042,铅钡,1,
990,A1,Logistic,0.3351522645917274,高钾,1,
990,A2,Logistic,0.8711544234077008,铅钡,1,
990,A3,Logistic,0.7476337880520036,铅钡,1,
990,A4,Logistic,0.7665586406727822,铅钡,1,
990,A5,Logistic,0.43121610126691035,高钾,1,
990,A6,Logistic,0.9384154015720122,铅钡,1,
990,A7,Logistic,0.8739615788886318,铅钡,1,
990,A8,Logistic,0.9521094207767432,铅钡,1,
991,A1,Logistic,0.5323098397712089,铅钡,1,
991,A2,Logistic,0.7589868530614178,铅钡,1,
991,A3,Logistic,0.6410412257001157,铅钡,1,
991,A4,Logistic,0.6643874093973139,铅钡,1,
991,A5,Logistic,0.33245659685400125,高钾,1,
991,A6,Logistic,0.856843861389279,铅钡,1,
991,A7,Logistic,0.7505771571982177,铅钡,1,
991,A8,Logistic,0.9010661193587617,铅钡,1,
992,A1,Logistic,0.06181981292305928,高钾,1,
992,A2,Logistic,0.7506096784011344,铅钡,1,
992,A3,Logistic,0.6421806579140444,铅钡,1,
992,A4,Logistic,0.628496803700249,铅钡,1,
992,A5,Logistic,0.32791306691498934,高钾,1,
992,A6,Logistic,0.8068832232438272,铅钡,1,
992,A7,Logistic,0.6993750736478149,铅钡,1,
992,A8,Logistic,0.8379463500697929,铅钡,1,
993,A1,Logistic,0.24995159940755912,高钾,1,
993,A2,Logistic,0.8602773679836277,铅钡,1,
993,A3,Logistic,0.7021923474620261,铅钡,1,
993,A4,Logistic,0.7709120625216036,铅钡,1,
993,A5,Logistic,0.46036413471834087,高钾,1,
993,A6,Logistic,0.9468426878624339,铅钡,1,
993,A7,Logistic,0.8920628005197084,铅钡,1,
993,A8,Logistic,0.9703453035912711,铅钡,1,
994,A1,Logistic,0.3539018860025685,高钾,1,
994,A2,Logistic,0.7490312724236006,铅钡,1,
994,A3,Logistic,0.6834553326538985,铅钡,1,
994,A4,Logistic,0.6341479325368491,铅钡,1,
994,A5,Logistic,0.2586496361564712,高钾,1,
994,A6,Logistic,0.7904152762292679,铅钡,1,
994,A7,Logistic,0.6650415369746813,铅钡,1,
994,A8,Logistic,0.8169019979794937,铅钡,1,
995,A1,Logistic,0.393543082833662,高钾,1,
995,A2,Logistic,0.8299126430445098,铅钡,1,
995,A3,Logistic,0.6177156660153562,铅钡,1,
995,A4,Logistic,0.7551640024561981,铅钡,1,
995,A5,Logistic,0.4948918894380985,高钾,1,
995,A6,Logistic,0.9364886780171572,铅钡,1,
995,A7,Logistic,0.8687939059212312,铅钡,1,
995,A8,Logistic,0.9786918329908239,铅钡,1,
996,A1,Logistic,0.6234726984509102,铅钡,1,
996,A2,Logistic,0.7818633273339247,铅钡,1,
996,A3,Logistic,0.5742208659166513,铅钡,1,
996,A4,Logistic,0.7420747845297875,铅钡,1,
996,A5,Logistic,0.6071012832203256,铅钡,1,
996,A6,Logistic,0.9390252258608421,铅钡,1,
996,A7,Logistic,0.8922310611246248,铅钡,1,
996,A8,Logistic,0.9715320787141714,铅钡,1,
997,A1,Logistic,0.7205723206579516,铅钡,1,
997,A2,Logistic,0.7707725131867201,铅钡,1,
997,A3,Logistic,0.5764438458564629,铅钡,1,
997,A4,Logistic,0.7057946287856592,铅钡,1,
997,A5,Logistic,0.539096099955752,铅钡,1,
997,A6,Logistic,0.8994081086006102,铅钡,1,
997,A7,Logistic,0.838643562283451,铅钡,1,
997,A8,Logistic,0.9551606509382301,铅钡,1,
998,A1,Logistic,0.5334622991592589,铅钡,1,
998,A2,Logistic,0.8338085581047241,铅钡,1,
998,A3,Logistic,0.6991051947551298,铅钡,1,
998,A4,Logistic,0.7355665994241203,铅钡,1,
998,A5,Logistic,0.4586618841607362,高钾,1,
998,A6,Logistic,0.898482955993873,铅钡,1,
998,A7,Logistic,0.8272865280623065,铅钡,1,
998,A8,Logistic,0.9374407816772639,铅钡,1,
999,A1,Logistic,0.5396495087090484,铅钡,1,
999,A2,Logistic,0.768859148618819,铅钡,1,
999,A3,Logistic,0.6933078857956113,铅钡,1,
999,A4,Logistic,0.7209628172761716,铅钡,1,
999,A5,Logistic,0.5988694198550489,铅钡,1,
999,A6,Logistic,0.8155574194276021,铅钡,1,
999,A7,Logistic,0.757732177254295,铅钡,1,
999,A8,Logistic,0.8807694934047434,铅钡,1,
