task,scenario,model,metric_or_claim,main_value,scenario_value,absolute_change,relative_change,sign_or_label_changed,conclusion_grade,source_file
1.1,color_unknown_level,task_main,reported_fields,,,,,,见原敏感性表,results/01_q1/q1_1_sensitivity.csv
1.1,color_complete_case,task_main,reported_fields,,,,,,见原敏感性表,results/01_q1/q1_1_sensitivity.csv
1.1,rare_color_merged,task_main,reported_fields,,,,,,见原敏感性表,results/01_q1/q1_1_sensitivity.csv
1.1,leave_one_artifact_out,task_main,reported_fields,,,,,,见原敏感性表,results/01_q1/q1_1_sensitivity.csv
1.1,leave_one_artifact_out,task_main,reported_fields,,,,,,见原敏感性表,results/01_q1/q1_1_sensitivity.csv
1.2,zero_c_0.25,task_main,reported_fields,,,,,,stable,results/01_q1/q1_2_sensitivity.csv
1.2,zero_c_0.5,task_main,reported_fields,,,,,,stable,results/01_q1/q1_2_sensitivity.csv
1.2,zero_c_0.75,task_main,reported_fields,,,,,,stable,results/01_q1/q1_2_sensitivity.csv
1.2,include_invalid_15_17,task_main,reported_fields,,,,,,stable,results/01_q1/q1_2_sensitivity.csv
1.2,all_points_inherit_artifact_weathering,task_main,reported_fields,,,,,,stable,results/01_q1/q1_2_sensitivity.csv
1.2,zero_c_0.25,task_main,reported_fields,,,,,,stable,results/01_q1/q1_2_sensitivity.csv
1.2,zero_c_0.5,task_main,reported_fields,,,,,,stable,results/01_q1/q1_2_sensitivity.csv
1.2,zero_c_0.75,task_main,reported_fields,,,,,,stable,results/01_q1/q1_2_sensitivity.csv
1.2,include_invalid_15_17,task_main,reported_fields,,,,,,stable,results/01_q1/q1_2_sensitivity.csv
1.2,all_points_inherit_artifact_weathering,task_main,reported_fields,,,,,,stable,results/01_q1/q1_2_sensitivity.csv
1.3,componentwise_pm_5pct_phase0,task_main,reported_fields,,,,0.0330865150730827,,见原敏感性表,results/01_q1/q1_3_sensitivity.csv
1.3,componentwise_pm_5pct_phase0,task_main,reported_fields,,,,-0.0161080808827784,,见原敏感性表,results/01_q1/q1_3_sensitivity.csv
1.3,componentwise_pm_5pct_phase0,task_main,reported_fields,,,,-0.0653026768386405,,见原敏感性表,results/01_q1/q1_3_sensitivity.csv
1.3,componentwise_pm_5pct_phase0,task_main,reported_fields,,,,-0.0161080808827784,,见原敏感性表,results/01_q1/q1_3_sensitivity.csv
1.3,componentwise_pm_5pct_phase0,task_main,reported_fields,,,,-0.06530267683864,,见原敏感性表,results/01_q1/q1_3_sensitivity.csv
1.3,componentwise_pm_5pct_phase0,task_main,reported_fields,,,,0.0330865150730829,,见原敏感性表,results/01_q1/q1_3_sensitivity.csv
1.3,componentwise_pm_5pct_phase0,task_main,reported_fields,,,,-0.0653026768386401,,见原敏感性表,results/01_q1/q1_3_sensitivity.csv
1.3,componentwise_pm_5pct_phase0,task_main,reported_fields,,,,-0.0161080808827781,,见原敏感性表,results/01_q1/q1_3_sensitivity.csv
1.3,componentwise_pm_5pct_phase0,task_main,reported_fields,,,,-0.0161080808827784,,见原敏感性表,results/01_q1/q1_3_sensitivity.csv
1.3,componentwise_pm_5pct_phase0,task_main,reported_fields,,,,0.0330865150730827,,见原敏感性表,results/01_q1/q1_3_sensitivity.csv
1.3,componentwise_pm_5pct_phase0,task_main,reported_fields,,,,-0.0161080808827793,,见原敏感性表,results/01_q1/q1_3_sensitivity.csv
1.3,componentwise_pm_5pct_phase1,task_main,reported_fields,,,,-0.0341879185887657,,见原敏感性表,results/01_q1/q1_3_sensitivity.csv
1.3,componentwise_pm_5pct_phase1,task_main,reported_fields,,,,0.0166442962223516,,见原敏感性表,results/01_q1/q1_3_sensitivity.csv
1.3,componentwise_pm_5pct_phase1,task_main,reported_fields,,,,0.0674765110334695,,见原敏感性表,results/01_q1/q1_3_sensitivity.csv
1.3,componentwise_pm_5pct_phase1,task_main,reported_fields,,,,0.0166442962223524,,见原敏感性表,results/01_q1/q1_3_sensitivity.csv
1.3,componentwise_pm_5pct_phase1,task_main,reported_fields,,,,0.067476511033469,,见原敏感性表,results/01_q1/q1_3_sensitivity.csv
1.3,componentwise_pm_5pct_phase1,task_main,reported_fields,,,,-0.0341879185887639,,见原敏感性表,results/01_q1/q1_3_sensitivity.csv
1.3,componentwise_pm_5pct_phase1,task_main,reported_fields,,,,0.0674765110334702,,见原敏感性表,results/01_q1/q1_3_sensitivity.csv
1.3,componentwise_pm_5pct_phase1,task_main,reported_fields,,,,0.0166442962223524,,见原敏感性表,results/01_q1/q1_3_sensitivity.csv
1.3,componentwise_pm_5pct_phase1,task_main,reported_fields,,,,0.0166442962223524,,见原敏感性表,results/01_q1/q1_3_sensitivity.csv
1.3,componentwise_pm_5pct_phase1,task_main,reported_fields,,,,-0.0341879185887649,,见原敏感性表,results/01_q1/q1_3_sensitivity.csv
1.3,componentwise_pm_5pct_phase1,task_main,reported_fields,,,,0.0166442962223523,,见原敏感性表,results/01_q1/q1_3_sensitivity.csv
1.3,componentwise_pm_10pct_phase0,task_main,reported_fields,,,,0.0651240073680698,,见原敏感性表,results/01_q1/q1_3_sensitivity.csv
1.3,componentwise_pm_10pct_phase0,task_main,reported_fields,,,,-0.0317054478472095,,见原敏感性表,results/01_q1/q1_3_sensitivity.csv
1.3,componentwise_pm_10pct_phase0,task_main,reported_fields,,,,-0.1285349030624884,,见原敏感性表,results/01_q1/q1_3_sensitivity.csv
1.3,componentwise_pm_10pct_phase0,task_main,reported_fields,,,,-0.0317054478472081,,见原敏感性表,results/01_q1/q1_3_sensitivity.csv
1.3,componentwise_pm_10pct_phase0,task_main,reported_fields,,,,-0.1285349030624884,,见原敏感性表,results/01_q1/q1_3_sensitivity.csv
1.3,componentwise_pm_10pct_phase0,task_main,reported_fields,,,,0.0651240073680698,,见原敏感性表,results/01_q1/q1_3_sensitivity.csv
1.3,componentwise_pm_10pct_phase0,task_main,reported_fields,,,,-0.1285349030624879,,见原敏感性表,results/01_q1/q1_3_sensitivity.csv
1.3,componentwise_pm_10pct_phase0,task_main,reported_fields,,,,-0.0317054478472091,,见原敏感性表,results/01_q1/q1_3_sensitivity.csv
1.3,componentwise_pm_10pct_phase0,task_main,reported_fields,,,,-0.0317054478472087,,见原敏感性表,results/01_q1/q1_3_sensitivity.csv
1.3,componentwise_pm_10pct_phase0,task_main,reported_fields,,,,0.0651240073680697,,见原敏感性表,results/01_q1/q1_3_sensitivity.csv
1.3,componentwise_pm_10pct_phase0,task_main,reported_fields,,,,-0.0317054478472091,,见原敏感性表,results/01_q1/q1_3_sensitivity.csv
1.3,componentwise_pm_10pct_phase1,task_main,reported_fields,,,,-0.0695331678200064,,见原敏感性表,results/01_q1/q1_3_sensitivity.csv
1.3,componentwise_pm_10pct_phase1,task_main,reported_fields,,,,0.0338520357555478,,见原敏感性表,results/01_q1/q1_3_sensitivity.csv
1.3,componentwise_pm_10pct_phase1,task_main,reported_fields,,,,0.1372372393311028,,见原敏感性表,results/01_q1/q1_3_sensitivity.csv
1.3,componentwise_pm_10pct_phase1,task_main,reported_fields,,,,0.0338520357555485,,见原敏感性表,results/01_q1/q1_3_sensitivity.csv
1.3,componentwise_pm_10pct_phase1,task_main,reported_fields,,,,0.1372372393311025,,见原敏感性表,results/01_q1/q1_3_sensitivity.csv
1.3,componentwise_pm_10pct_phase1,task_main,reported_fields,,,,-0.0695331678200063,,见原敏感性表,results/01_q1/q1_3_sensitivity.csv
1.3,componentwise_pm_10pct_phase1,task_main,reported_fields,,,,0.1372372393311026,,见原敏感性表,results/01_q1/q1_3_sensitivity.csv
1.3,componentwise_pm_10pct_phase1,task_main,reported_fields,,,,0.033852035755548,,见原敏感性表,results/01_q1/q1_3_sensitivity.csv
1.3,componentwise_pm_10pct_phase1,task_main,reported_fields,,,,0.0338520357555479,,见原敏感性表,results/01_q1/q1_3_sensitivity.csv
1.3,componentwise_pm_10pct_phase1,task_main,reported_fields,,,,-0.0695331678200061,,见原敏感性表,results/01_q1/q1_3_sensitivity.csv
1.3,componentwise_pm_10pct_phase1,task_main,reported_fields,,,,0.033852035755547,,见原敏感性表,results/01_q1/q1_3_sensitivity.csv
1.3,componentwise_pm_5pct_phase0,task_main,reported_fields,,,,0.0149802717282186,,见原敏感性表,results/01_q1/q1_3_sensitivity.csv
1.3,componentwise_pm_5pct_phase0,task_main,reported_fields,,,,0.0149802717282187,,见原敏感性表,results/01_q1/q1_3_sensitivity.csv
1.3,componentwise_pm_5pct_phase0,task_main,reported_fields,,,,-0.0816845160554222,,见原敏感性表,results/01_q1/q1_3_sensitivity.csv
1.3,componentwise_pm_5pct_phase0,task_main,reported_fields,,,,-0.0333521221636023,,见原敏感性表,results/01_q1/q1_3_sensitivity.csv
1.3,componentwise_pm_5pct_phase0,task_main,reported_fields,,,,-0.0816845160554218,,见原敏感性表,results/01_q1/q1_3_sensitivity.csv
1.3,componentwise_pm_5pct_phase0,task_main,reported_fields,,,,0.0149802717282172,,见原敏感性表,results/01_q1/q1_3_sensitivity.csv
1.3,componentwise_pm_5pct_phase0,task_main,reported_fields,,,,-0.0816845160554215,,见原敏感性表,results/01_q1/q1_3_sensitivity.csv
1.3,componentwise_pm_5pct_phase0,task_main,reported_fields,,,,-0.0333521221636015,,见原敏感性表,results/01_q1/q1_3_sensitivity.csv
1.3,componentwise_pm_5pct_phase0,task_main,reported_fields,,,,-0.033352122163601,,见原敏感性表,results/01_q1/q1_3_sensitivity.csv
1.3,componentwise_pm_5pct_phase0,task_main,reported_fields,,,,0.0149802717282175,,见原敏感性表,results/01_q1/q1_3_sensitivity.csv
1.3,componentwise_pm_5pct_phase0,task_main,reported_fields,,,,-0.0333521221636015,,见原敏感性表,results/01_q1/q1_3_sensitivity.csv
1.3,componentwise_pm_5pct_phase1,task_main,reported_fields,,,,-0.0160509373766725,,见原敏感性表,results/01_q1/q1_3_sensitivity.csv
1.3,componentwise_pm_5pct_phase1,task_main,reported_fields,,,,-0.0160509373766722,,见原敏感性表,results/01_q1/q1_3_sensitivity.csv
1.3,componentwise_pm_5pct_phase1,task_main,reported_fields,,,,0.0875226481626235,,见原敏感性表,results/01_q1/q1_3_sensitivity.csv
1.3,componentwise_pm_5pct_phase1,task_main,reported_fields,,,,0.0357358553929748,,见原敏感性表,results/01_q1/q1_3_sensitivity.csv
1.3,componentwise_pm_5pct_phase1,task_main,reported_fields,,,,0.0875226481626246,,见原敏感性表,results/01_q1/q1_3_sensitivity.csv
1.3,componentwise_pm_5pct_phase1,task_main,reported_fields,,,,-0.0160509373766734,,见原敏感性表,results/01_q1/q1_3_sensitivity.csv
1.3,componentwise_pm_5pct_phase1,task_main,reported_fields,,,,0.0875226481626252,,见原敏感性表,results/01_q1/q1_3_sensitivity.csv
1.3,componentwise_pm_5pct_phase1,task_main,reported_fields,,,,0.0357358553929775,,见原敏感性表,results/01_q1/q1_3_sensitivity.csv
1.3,componentwise_pm_5pct_phase1,task_main,reported_fields,,,,0.0357358553929757,,见原敏感性表,results/01_q1/q1_3_sensitivity.csv
1.3,componentwise_pm_5pct_phase1,task_main,reported_fields,,,,-0.0160509373766744,,见原敏感性表,results/01_q1/q1_3_sensitivity.csv
1.3,componentwise_pm_5pct_phase1,task_main,reported_fields,,,,0.0357358553929754,,见原敏感性表,results/01_q1/q1_3_sensitivity.csv
1.3,componentwise_pm_10pct_phase0,task_main,reported_fields,,,,0.0289935471305819,,见原敏感性表,results/01_q1/q1_3_sensitivity.csv
1.3,componentwise_pm_10pct_phase0,task_main,reported_fields,,,,0.0289935471305823,,见原敏感性表,results/01_q1/q1_3_sensitivity.csv
1.3,componentwise_pm_10pct_phase0,task_main,reported_fields,,,,-0.1580961887113433,,见原敏感性表,results/01_q1/q1_3_sensitivity.csv
1.3,componentwise_pm_10pct_phase0,task_main,reported_fields,,,,-0.0645513207903809,,见原敏感性表,results/01_q1/q1_3_sensitivity.csv
1.3,componentwise_pm_10pct_phase0,task_main,reported_fields,,,,-0.1580961887113428,,见原敏感性表,results/01_q1/q1_3_sensitivity.csv
1.3,componentwise_pm_10pct_phase0,task_main,reported_fields,,,,0.0289935471305811,,见原敏感性表,results/01_q1/q1_3_sensitivity.csv
1.3,componentwise_pm_10pct_phase0,task_main,reported_fields,,,,-0.158096188711342,,见原敏感性表,results/01_q1/q1_3_sensitivity.csv
1.3,componentwise_pm_10pct_phase0,task_main,reported_fields,,,,-0.0645513207903808,,见原敏感性表,results/01_q1/q1_3_sensitivity.csv
1.3,componentwise_pm_10pct_phase0,task_main,reported_fields,,,,-0.0645513207903809,,见原敏感性表,results/01_q1/q1_3_sensitivity.csv
1.3,componentwise_pm_10pct_phase0,task_main,reported_fields,,,,0.0289935471305799,,见原敏感性表,results/01_q1/q1_3_sensitivity.csv
1.3,componentwise_pm_10pct_phase0,task_main,reported_fields,,,,-0.0645513207903801,,见原敏感性表,results/01_q1/q1_3_sensitivity.csv
1.3,componentwise_pm_10pct_phase1,task_main,reported_fields,,,,-0.0332915777620544,,见原敏感性表,results/01_q1/q1_3_sensitivity.csv
1.3,componentwise_pm_10pct_phase1,task_main,reported_fields,,,,-0.033291577762054,,见原敏感性表,results/01_q1/q1_3_sensitivity.csv
1.3,componentwise_pm_10pct_phase1,task_main,reported_fields,,,,0.1815325160685995,,见原敏感性表,results/01_q1/q1_3_sensitivity.csv
1.3,componentwise_pm_10pct_phase1,task_main,reported_fields,,,,0.0741204691532724,,见原敏感性表,results/01_q1/q1_3_sensitivity.csv
1.3,componentwise_pm_10pct_phase1,task_main,reported_fields,,,,0.1815325160686004,,见原敏感性表,results/01_q1/q1_3_sensitivity.csv
1.3,componentwise_pm_10pct_phase1,task_main,reported_fields,,,,-0.0332915777620547,,见原敏感性表,results/01_q1/q1_3_sensitivity.csv
1.3,componentwise_pm_10pct_phase1,task_main,reported_fields,,,,0.1815325160685999,,见原敏感性表,results/01_q1/q1_3_sensitivity.csv
1.3,componentwise_pm_10pct_phase1,task_main,reported_fields,,,,0.0741204691532732,,见原敏感性表,results/01_q1/q1_3_sensitivity.csv
1.3,componentwise_pm_10pct_phase1,task_main,reported_fields,,,,0.0741204691532723,,见原敏感性表,results/01_q1/q1_3_sensitivity.csv
1.3,componentwise_pm_10pct_phase1,task_main,reported_fields,,,,-0.033291577762056,,见原敏感性表,results/01_q1/q1_3_sensitivity.csv
1.3,componentwise_pm_10pct_phase1,task_main,reported_fields,,,,0.0741204691532731,,见原敏感性表,results/01_q1/q1_3_sensitivity.csv
1.3,componentwise_pm_5pct_phase0,task_main,reported_fields,,,,0.0094302040812933,,见原敏感性表,results/01_q1/q1_3_sensitivity.csv
1.3,componentwise_pm_5pct_phase0,task_main,reported_fields,,,,0.009430204081294,,见原敏感性表,results/01_q1/q1_3_sensitivity.csv
1.3,componentwise_pm_5pct_phase0,task_main,reported_fields,,,,-0.0867060058312111,,见原敏感性表,results/01_q1/q1_3_sensitivity.csv
1.3,componentwise_pm_5pct_phase0,task_main,reported_fields,,,,-0.038637900874959,,见原敏感性表,results/01_q1/q1_3_sensitivity.csv
1.3,componentwise_pm_5pct_phase0,task_main,reported_fields,,,,-0.0867060058312102,,见原敏感性表,results/01_q1/q1_3_sensitivity.csv
1.3,componentwise_pm_5pct_phase0,task_main,reported_fields,,,,0.0094302040812926,,见原敏感性表,results/01_q1/q1_3_sensitivity.csv
1.3,componentwise_pm_5pct_phase0,task_main,reported_fields,,,,-0.0867060058312117,,见原敏感性表,results/01_q1/q1_3_sensitivity.csv
1.3,componentwise_pm_5pct_phase0,task_main,reported_fields,,,,-0.0386379008749589,,见原敏感性表,results/01_q1/q1_3_sensitivity.csv
1.3,componentwise_pm_5pct_phase0,task_main,reported_fields,,,,-0.0386379008749581,,见原敏感性表,results/01_q1/q1_3_sensitivity.csv
1.3,componentwise_pm_5pct_phase0,task_main,reported_fields,,,,-0.0386379008749581,,见原敏感性表,results/01_q1/q1_3_sensitivity.csv
1.3,componentwise_pm_5pct_phase0,task_main,reported_fields,,,,-0.038637900874959,,见原敏感性表,results/01_q1/q1_3_sensitivity.csv
1.3,componentwise_pm_5pct_phase1,task_main,reported_fields,,,,-0.0102199596576931,,见原敏感性表,results/01_q1/q1_3_sensitivity.csv
1.3,componentwise_pm_5pct_phase1,task_main,reported_fields,,,,-0.0102199596576932,,见原敏感性表,results/01_q1/q1_3_sensitivity.csv
1.3,componentwise_pm_5pct_phase1,task_main,reported_fields,,,,0.0939674130099166,,见原敏感性表,results/01_q1/q1_3_sensitivity.csv
1.3,componentwise_pm_5pct_phase1,task_main,reported_fields,,,,0.0418737266761133,,见原敏感性表,results/01_q1/q1_3_sensitivity.csv
1.3,componentwise_pm_5pct_phase1,task_main,reported_fields,,,,0.093967413009919,,见原敏感性表,results/01_q1/q1_3_sensitivity.csv
1.3,componentwise_pm_5pct_phase1,task_main,reported_fields,,,,-0.0102199596576933,,见原敏感性表,results/01_q1/q1_3_sensitivity.csv
1.3,componentwise_pm_5pct_phase1,task_main,reported_fields,,,,0.0939674130099172,,见原敏感性表,results/01_q1/q1_3_sensitivity.csv
1.3,componentwise_pm_5pct_phase1,task_main,reported_fields,,,,0.0418737266761128,,见原敏感性表,results/01_q1/q1_3_sensitivity.csv
1.3,componentwise_pm_5pct_phase1,task_main,reported_fields,,,,0.0418737266761122,,见原敏感性表,results/01_q1/q1_3_sensitivity.csv
1.3,componentwise_pm_5pct_phase1,task_main,reported_fields,,,,0.0418737266761116,,见原敏感性表,results/01_q1/q1_3_sensitivity.csv
1.3,componentwise_pm_5pct_phase1,task_main,reported_fields,,,,0.0418737266761117,,见原敏感性表,results/01_q1/q1_3_sensitivity.csv
1.3,componentwise_pm_10pct_phase0,task_main,reported_fields,,,,0.018158790610952,,见原敏感性表,results/01_q1/q1_3_sensitivity.csv
1.3,componentwise_pm_10pct_phase0,task_main,reported_fields,,,,0.0181587906109525,,见原敏感性表,results/01_q1/q1_3_sensitivity.csv
1.3,componentwise_pm_10pct_phase0,task_main,reported_fields,,,,-0.1669609895001315,,见原敏感性表,results/01_q1/q1_3_sensitivity.csv
1.3,componentwise_pm_10pct_phase0,task_main,reported_fields,,,,-0.0744010994445896,,见原敏感性表,results/01_q1/q1_3_sensitivity.csv
1.3,componentwise_pm_10pct_phase0,task_main,reported_fields,,,,-0.1669609895001297,,见原敏感性表,results/01_q1/q1_3_sensitivity.csv
1.3,componentwise_pm_10pct_phase0,task_main,reported_fields,,,,0.0181587906109513,,见原敏感性表,results/01_q1/q1_3_sensitivity.csv
1.3,componentwise_pm_10pct_phase0,task_main,reported_fields,,,,-0.1669609895001317,,见原敏感性表,results/01_q1/q1_3_sensitivity.csv
1.3,componentwise_pm_10pct_phase0,task_main,reported_fields,,,,-0.0744010994445892,,见原敏感性表,results/01_q1/q1_3_sensitivity.csv
1.3,componentwise_pm_10pct_phase0,task_main,reported_fields,,,,-0.0744010994445892,,见原敏感性表,results/01_q1/q1_3_sensitivity.csv
1.3,componentwise_pm_10pct_phase0,task_main,reported_fields,,,,-0.0744010994445891,,见原敏感性表,results/01_q1/q1_3_sensitivity.csv
1.3,componentwise_pm_10pct_phase0,task_main,reported_fields,,,,-0.07440109944459,,见原敏感性表,results/01_q1/q1_3_sensitivity.csv
1.3,componentwise_pm_10pct_phase1,task_main,reported_fields,,,,-0.0213332207710757,,见原敏感性表,results/01_q1/q1_3_sensitivity.csv
1.3,componentwise_pm_10pct_phase1,task_main,reported_fields,,,,-0.0213332207710758,,见原敏感性表,results/01_q1/q1_3_sensitivity.csv
1.3,componentwise_pm_10pct_phase1,task_main,reported_fields,,,,0.1961482857242399,,见原敏感性表,results/01_q1/q1_3_sensitivity.csv
1.3,componentwise_pm_10pct_phase1,task_main,reported_fields,,,,0.0874075324765817,,见原敏感性表,results/01_q1/q1_3_sensitivity.csv
1.3,componentwise_pm_10pct_phase1,task_main,reported_fields,,,,0.1961482857242411,,见原敏感性表,results/01_q1/q1_3_sensitivity.csv
1.3,componentwise_pm_10pct_phase1,task_main,reported_fields,,,,-0.0213332207710758,,见原敏感性表,results/01_q1/q1_3_sensitivity.csv
1.3,componentwise_pm_10pct_phase1,task_main,reported_fields,,,,0.1961482857242391,,见原敏感性表,results/01_q1/q1_3_sensitivity.csv
1.3,componentwise_pm_10pct_phase1,task_main,reported_fields,,,,0.0874075324765828,,见原敏感性表,results/01_q1/q1_3_sensitivity.csv
1.3,componentwise_pm_10pct_phase1,task_main,reported_fields,,,,0.0874075324765832,,见原敏感性表,results/01_q1/q1_3_sensitivity.csv
1.3,componentwise_pm_10pct_phase1,task_main,reported_fields,,,,0.087407532476582,,见原敏感性表,results/01_q1/q1_3_sensitivity.csv
1.3,componentwise_pm_10pct_phase1,task_main,reported_fields,,,,0.0874075324765809,,见原敏感性表,results/01_q1/q1_3_sensitivity.csv
1.3,componentwise_pm_5pct_phase0,task_main,reported_fields,,,,0.016134868546515,,见原敏感性表,results/01_q1/q1_3_sensitivity.csv
1.3,componentwise_pm_5pct_phase0,task_main,reported_fields,,,,0.0161348685465153,,见原敏感性表,results/01_q1/q1_3_sensitivity.csv
1.3,componentwise_pm_5pct_phase0,task_main,reported_fields,,,,-0.080639880838868,,见原敏感性表,results/01_q1/q1_3_sensitivity.csv
1.3,componentwise_pm_5pct_phase0,task_main,reported_fields,,,,-0.0322525061461768,,见原敏感性表,results/01_q1/q1_3_sensitivity.csv
1.3,componentwise_pm_5pct_phase0,task_main,reported_fields,,,,-0.0806398808388686,,见原敏感性表,results/01_q1/q1_3_sensitivity.csv
1.3,componentwise_pm_5pct_phase0,task_main,reported_fields,,,,0.016134868546514,,见原敏感性表,results/01_q1/q1_3_sensitivity.csv
1.3,componentwise_pm_5pct_phase0,task_main,reported_fields,,,,-0.0806398808388679,,见原敏感性表,results/01_q1/q1_3_sensitivity.csv
1.3,componentwise_pm_5pct_phase0,task_main,reported_fields,,,,-0.0322525061461763,,见原敏感性表,results/01_q1/q1_3_sensitivity.csv
1.3,componentwise_pm_5pct_phase0,task_main,reported_fields,,,,-0.0322525061461768,,见原敏感性表,results/01_q1/q1_3_sensitivity.csv
1.3,componentwise_pm_5pct_phase0,task_main,reported_fields,,,,0.0161348685465149,,见原敏感性表,results/01_q1/q1_3_sensitivity.csv
1.3,componentwise_pm_5pct_phase0,task_main,reported_fields,,,,-0.0322525061461781,,见原敏感性表,results/01_q1/q1_3_sensitivity.csv
1.3,componentwise_pm_5pct_phase1,task_main,reported_fields,,,,-0.0172474131433374,,见原敏感性表,results/01_q1/q1_3_sensitivity.csv
1.3,componentwise_pm_5pct_phase1,task_main,reported_fields,,,,-0.0172474131433364,,见原敏感性表,results/01_q1/q1_3_sensitivity.csv
1.3,componentwise_pm_5pct_phase1,task_main,reported_fields,,,,0.0862002275784163,,见原敏感性表,results/01_q1/q1_3_sensitivity.csv
1.3,componentwise_pm_5pct_phase1,task_main,reported_fields,,,,0.0344764072175401,,见原敏感性表,results/01_q1/q1_3_sensitivity.csv
1.3,componentwise_pm_5pct_phase1,task_main,reported_fields,,,,0.0862002275784163,,见原敏感性表,results/01_q1/q1_3_sensitivity.csv
1.3,componentwise_pm_5pct_phase1,task_main,reported_fields,,,,-0.0172474131433369,,见原敏感性表,results/01_q1/q1_3_sensitivity.csv
1.3,componentwise_pm_5pct_phase1,task_main,reported_fields,,,,0.0862002275784173,,见原敏感性表,results/01_q1/q1_3_sensitivity.csv
1.3,componentwise_pm_5pct_phase1,task_main,reported_fields,,,,0.0344764072175402,,见原敏感性表,results/01_q1/q1_3_sensitivity.csv
1.3,componentwise_pm_5pct_phase1,task_main,reported_fields,,,,0.0344764072175395,,见原敏感性表,results/01_q1/q1_3_sensitivity.csv
1.3,componentwise_pm_5pct_phase1,task_main,reported_fields,,,,-0.0172474131433364,,见原敏感性表,results/01_q1/q1_3_sensitivity.csv
1.3,componentwise_pm_5pct_phase1,task_main,reported_fields,,,,0.0344764072175391,,见原敏感性表,results/01_q1/q1_3_sensitivity.csv
1.3,componentwise_pm_10pct_phase0,task_main,reported_fields,,,,0.0312614761416328,,见原敏感性表,results/01_q1/q1_3_sensitivity.csv
1.3,componentwise_pm_10pct_phase0,task_main,reported_fields,,,,0.0312614761416328,,见原敏感性表,results/01_q1/q1_3_sensitivity.csv
1.3,componentwise_pm_10pct_phase0,task_main,reported_fields,,,,-0.156240610429573,,见原敏感性表,results/01_q1/q1_3_sensitivity.csv
1.3,componentwise_pm_10pct_phase0,task_main,reported_fields,,,,-0.0624895671439698,,见原敏感性表,results/01_q1/q1_3_sensitivity.csv
1.3,componentwise_pm_10pct_phase0,task_main,reported_fields,,,,-0.1562406104295736,,见原敏感性表,results/01_q1/q1_3_sensitivity.csv
1.3,componentwise_pm_10pct_phase0,task_main,reported_fields,,,,0.0312614761416321,,见原敏感性表,results/01_q1/q1_3_sensitivity.csv
1.3,componentwise_pm_10pct_phase0,task_main,reported_fields,,,,-0.1562406104295728,,见原敏感性表,results/01_q1/q1_3_sensitivity.csv
1.3,componentwise_pm_10pct_phase0,task_main,reported_fields,,,,-0.0624895671439698,,见原敏感性表,results/01_q1/q1_3_sensitivity.csv
1.3,componentwise_pm_10pct_phase0,task_main,reported_fields,,,,-0.062489567143971,,见原敏感性表,results/01_q1/q1_3_sensitivity.csv
1.3,componentwise_pm_10pct_phase0,task_main,reported_fields,,,,0.0312614761416338,,见原敏感性表,results/01_q1/q1_3_sensitivity.csv
1.3,componentwise_pm_10pct_phase0,task_main,reported_fields,,,,-0.062489567143971,,见原敏感性表,results/01_q1/q1_3_sensitivity.csv
1.3,componentwise_pm_10pct_phase1,task_main,reported_fields,,,,-0.0357265493505618,,见原敏感性表,results/01_q1/q1_3_sensitivity.csv
1.3,componentwise_pm_10pct_phase1,task_main,reported_fields,,,,-0.0357265493505619,,见原敏感性表,results/01_q1/q1_3_sensitivity.csv
1.3,componentwise_pm_10pct_phase1,task_main,reported_fields,,,,0.1785564396826455,,见原敏感性表,results/01_q1/q1_3_sensitivity.csv
1.3,componentwise_pm_10pct_phase1,task_main,reported_fields,,,,0.0714149451660411,,见原敏感性表,results/01_q1/q1_3_sensitivity.csv
1.3,componentwise_pm_10pct_phase1,task_main,reported_fields,,,,0.1785564396826455,,见原敏感性表,results/01_q1/q1_3_sensitivity.csv
1.3,componentwise_pm_10pct_phase1,task_main,reported_fields,,,,-0.0357265493505616,,见原敏感性表,results/01_q1/q1_3_sensitivity.csv
1.3,componentwise_pm_10pct_phase1,task_main,reported_fields,,,,0.1785564396826454,,见原敏感性表,results/01_q1/q1_3_sensitivity.csv
1.3,componentwise_pm_10pct_phase1,task_main,reported_fields,,,,0.071414945166043,,见原敏感性表,results/01_q1/q1_3_sensitivity.csv
1.3,componentwise_pm_10pct_phase1,task_main,reported_fields,,,,0.071414945166041,,见原敏感性表,results/01_q1/q1_3_sensitivity.csv
1.3,componentwise_pm_10pct_phase1,task_main,reported_fields,,,,-0.0357265493505627,,见原敏感性表,results/01_q1/q1_3_sensitivity.csv
1.3,componentwise_pm_10pct_phase1,task_main,reported_fields,,,,0.071414945166041,,见原敏感性表,results/01_q1/q1_3_sensitivity.csv
1.3,componentwise_pm_5pct_phase0,task_main,reported_fields,,,,0.0266166197259569,,见原敏感性表,results/01_q1/q1_3_sensitivity.csv
1.3,componentwise_pm_5pct_phase0,task_main,reported_fields,,,,0.0266166197259565,,见原敏感性表,results/01_q1/q1_3_sensitivity.csv
1.3,componentwise_pm_5pct_phase0,task_main,reported_fields,,,,-0.0711563916765156,,见原敏感性表,results/01_q1/q1_3_sensitivity.csv
1.3,componentwise_pm_5pct_phase0,task_main,reported_fields,,,,0.0266166197259568,,见原敏感性表,results/01_q1/q1_3_sensitivity.csv
1.3,componentwise_pm_5pct_phase0,task_main,reported_fields,,,,-0.0711563916765151,,见原敏感性表,results/01_q1/q1_3_sensitivity.csv
1.3,componentwise_pm_5pct_phase0,task_main,reported_fields,,,,0.0266166197259571,,见原敏感性表,results/01_q1/q1_3_sensitivity.csv
1.3,componentwise_pm_5pct_phase0,task_main,reported_fields,,,,-0.0711563916765151,,见原敏感性表,results/01_q1/q1_3_sensitivity.csv
1.3,componentwise_pm_5pct_phase0,task_main,reported_fields,,,,-0.0222698859752785,,见原敏感性表,results/01_q1/q1_3_sensitivity.csv
1.3,componentwise_pm_5pct_phase0,task_main,reported_fields,,,,-0.0222698859752795,,见原敏感性表,results/01_q1/q1_3_sensitivity.csv
1.3,componentwise_pm_5pct_phase0,task_main,reported_fields,,,,0.0266166197259551,,见原敏感性表,results/01_q1/q1_3_sensitivity.csv
1.3,componentwise_pm_5pct_phase0,task_main,reported_fields,,,,-0.0222698859752805,,见原敏感性表,results/01_q1/q1_3_sensitivity.csv
1.3,componentwise_pm_5pct_phase1,task_main,reported_fields,,,,-0.0278573811285623,,见原敏感性表,results/01_q1/q1_3_sensitivity.csv
1.3,componentwise_pm_5pct_phase1,task_main,reported_fields,,,,-0.0278573811285628,,见原敏感性表,results/01_q1/q1_3_sensitivity.csv
1.3,componentwise_pm_5pct_phase1,task_main,reported_fields,,,,0.0744734208579038,,见原敏感性表,results/01_q1/q1_3_sensitivity.csv
1.3,componentwise_pm_5pct_phase1,task_main,reported_fields,,,,-0.0278573811285641,,见原敏感性表,results/01_q1/q1_3_sensitivity.csv
1.3,componentwise_pm_5pct_phase1,task_main,reported_fields,,,,0.074473420857905,,见原敏感性表,results/01_q1/q1_3_sensitivity.csv
1.3,componentwise_pm_5pct_phase1,task_main,reported_fields,,,,-0.0278573811285629,,见原敏感性表,results/01_q1/q1_3_sensitivity.csv
1.3,componentwise_pm_5pct_phase1,task_main,reported_fields,,,,0.0744734208579043,,见原敏感性表,results/01_q1/q1_3_sensitivity.csv
1.3,componentwise_pm_5pct_phase1,task_main,reported_fields,,,,0.0233080198646714,,见原敏感性表,results/01_q1/q1_3_sensitivity.csv
1.3,componentwise_pm_5pct_phase1,task_main,reported_fields,,,,0.0233080198646704,,见原敏感性表,results/01_q1/q1_3_sensitivity.csv
1.3,componentwise_pm_5pct_phase1,task_main,reported_fields,,,,-0.027857381128564,,见原敏感性表,results/01_q1/q1_3_sensitivity.csv
1.3,componentwise_pm_5pct_phase1,task_main,reported_fields,,,,0.0233080198646705,,见原敏感性表,results/01_q1/q1_3_sensitivity.csv
1.3,componentwise_pm_10pct_phase0,task_main,reported_fields,,,,0.0520735670513537,,见原敏感性表,results/01_q1/q1_3_sensitivity.csv
1.3,componentwise_pm_10pct_phase0,task_main,reported_fields,,,,0.0520735670513531,,见原敏感性表,results/01_q1/q1_3_sensitivity.csv
1.3,componentwise_pm_10pct_phase0,task_main,reported_fields,,,,-0.1392125360488929,,见原敏感性表,results/01_q1/q1_3_sensitivity.csv
1.3,componentwise_pm_10pct_phase0,task_main,reported_fields,,,,0.0520735670513538,,见原敏感性表,results/01_q1/q1_3_sensitivity.csv
1.3,componentwise_pm_10pct_phase0,task_main,reported_fields,,,,-0.1392125360488925,,见原敏感性表,results/01_q1/q1_3_sensitivity.csv
1.3,componentwise_pm_10pct_phase0,task_main,reported_fields,,,,0.0520735670513545,,见原敏感性表,results/01_q1/q1_3_sensitivity.csv
1.3,componentwise_pm_10pct_phase0,task_main,reported_fields,,,,-0.139212536048892,,见原敏感性表,results/01_q1/q1_3_sensitivity.csv
1.3,componentwise_pm_10pct_phase0,task_main,reported_fields,,,,-0.0435694844987685,,见原敏感性表,results/01_q1/q1_3_sensitivity.csv
1.3,componentwise_pm_10pct_phase0,task_main,reported_fields,,,,-0.0435694844987692,,见原敏感性表,results/01_q1/q1_3_sensitivity.csv
1.3,componentwise_pm_10pct_phase0,task_main,reported_fields,,,,0.0520735670513525,,见原敏感性表,results/01_q1/q1_3_sensitivity.csv
1.3,componentwise_pm_10pct_phase0,task_main,reported_fields,,,,-0.0435694844987694,,见原敏感性表,results/01_q1/q1_3_sensitivity.csv
1.3,componentwise_pm_10pct_phase1,task_main,reported_fields,,,,-0.0570443531740738,,见原敏感性表,results/01_q1/q1_3_sensitivity.csv
1.3,componentwise_pm_10pct_phase1,task_main,reported_fields,,,,-0.0570443531740731,,见原敏感性表,results/01_q1/q1_3_sensitivity.csv
1.3,componentwise_pm_10pct_phase1,task_main,reported_fields,,,,0.1525013461205758,,见原敏感性表,results/01_q1/q1_3_sensitivity.csv
1.3,componentwise_pm_10pct_phase1,task_main,reported_fields,,,,-0.0570443531740738,,见原敏感性表,results/01_q1/q1_3_sensitivity.csv
1.3,componentwise_pm_10pct_phase1,task_main,reported_fields,,,,0.1525013461205768,,见原敏感性表,results/01_q1/q1_3_sensitivity.csv
1.3,componentwise_pm_10pct_phase1,task_main,reported_fields,,,,-0.0570443531740738,,见原敏感性表,results/01_q1/q1_3_sensitivity.csv
1.3,componentwise_pm_10pct_phase1,task_main,reported_fields,,,,0.1525013461205768,,见原敏感性表,results/01_q1/q1_3_sensitivity.csv
1.3,componentwise_pm_10pct_phase1,task_main,reported_fields,,,,0.0477284964732526,,见原敏感性表,results/01_q1/q1_3_sensitivity.csv
1.3,componentwise_pm_10pct_phase1,task_main,reported_fields,,,,0.0477284964732502,,见原敏感性表,results/01_q1/q1_3_sensitivity.csv
1.3,componentwise_pm_10pct_phase1,task_main,reported_fields,,,,-0.0570443531740746,,见原敏感性表,results/01_q1/q1_3_sensitivity.csv
1.3,componentwise_pm_10pct_phase1,task_main,reported_fields,,,,0.0477284964732506,,见原敏感性表,results/01_q1/q1_3_sensitivity.csv
1.3,componentwise_pm_5pct_phase0,task_main,reported_fields,,,,0.0319311452220712,,见原敏感性表,results/01_q1/q1_3_sensitivity.csv
1.3,componentwise_pm_5pct_phase0,task_main,reported_fields,,,,-0.0172084331218366,,见原敏感性表,results/01_q1/q1_3_sensitivity.csv
1.3,componentwise_pm_5pct_phase0,task_main,reported_fields,,,,-0.0663480114657448,,见原敏感性表,results/01_q1/q1_3_sensitivity.csv
1.3,componentwise_pm_5pct_phase0,task_main,reported_fields,,,,0.0319311452220722,,见原敏感性表,results/01_q1/q1_3_sensitivity.csv
1.3,componentwise_pm_5pct_phase0,task_main,reported_fields,,,,-0.0663480114657448,,见原敏感性表,results/01_q1/q1_3_sensitivity.csv
1.3,componentwise_pm_5pct_phase0,task_main,reported_fields,,,,0.0319311452220692,,见原敏感性表,results/01_q1/q1_3_sensitivity.csv
1.3,componentwise_pm_5pct_phase0,task_main,reported_fields,,,,-0.0663480114657448,,见原敏感性表,results/01_q1/q1_3_sensitivity.csv
1.3,componentwise_pm_5pct_phase0,task_main,reported_fields,,,,-0.0172084331218353,,见原敏感性表,results/01_q1/q1_3_sensitivity.csv
1.3,componentwise_pm_5pct_phase0,task_main,reported_fields,,,,-0.017208433121838,,见原敏感性表,results/01_q1/q1_3_sensitivity.csv
1.3,componentwise_pm_5pct_phase0,task_main,reported_fields,,,,0.0319311452220712,,见原敏感性表,results/01_q1/q1_3_sensitivity.csv
1.3,componentwise_pm_5pct_phase0,task_main,reported_fields,,,,-0.0172084331218372,,见原敏感性表,results/01_q1/q1_3_sensitivity.csv
1.3,componentwise_pm_5pct_phase1,task_main,reported_fields,,,,-0.033069286429903,,见原敏感性表,results/01_q1/q1_3_sensitivity.csv
1.3,componentwise_pm_5pct_phase1,task_main,reported_fields,,,,0.0178218037579972,,见原敏感性表,results/01_q1/q1_3_sensitivity.csv
1.3,componentwise_pm_5pct_phase1,task_main,reported_fields,,,,0.0687128939458972,,见原敏感性表,results/01_q1/q1_3_sensitivity.csv
1.3,componentwise_pm_5pct_phase1,task_main,reported_fields,,,,-0.0330692864299031,,见原敏感性表,results/01_q1/q1_3_sensitivity.csv
1.3,componentwise_pm_5pct_phase1,task_main,reported_fields,,,,0.0687128939458964,,见原敏感性表,results/01_q1/q1_3_sensitivity.csv
1.3,componentwise_pm_5pct_phase1,task_main,reported_fields,,,,-0.0330692864299036,,见原敏感性表,results/01_q1/q1_3_sensitivity.csv
1.3,componentwise_pm_5pct_phase1,task_main,reported_fields,,,,0.0687128939458973,,见原敏感性表,results/01_q1/q1_3_sensitivity.csv
1.3,componentwise_pm_5pct_phase1,task_main,reported_fields,,,,0.0178218037579982,,见原敏感性表,results/01_q1/q1_3_sensitivity.csv
1.3,componentwise_pm_5pct_phase1,task_main,reported_fields,,,,0.0178218037579967,,见原敏感性表,results/01_q1/q1_3_sensitivity.csv
1.3,componentwise_pm_5pct_phase1,task_main,reported_fields,,,,-0.0330692864299038,,见原敏感性表,results/01_q1/q1_3_sensitivity.csv
1.3,componentwise_pm_5pct_phase1,task_main,reported_fields,,,,0.0178218037579955,,见原敏感性表,results/01_q1/q1_3_sensitivity.csv
1.3,componentwise_pm_10pct_phase0,task_main,reported_fields,,,,0.0627819121083645,,见原敏感性表,results/01_q1/q1_3_sensitivity.csv
1.3,componentwise_pm_10pct_phase0,task_main,reported_fields,,,,-0.0338346253560317,,见原敏感性表,results/01_q1/q1_3_sensitivity.csv
1.3,componentwise_pm_10pct_phase0,task_main,reported_fields,,,,-0.1304511628204277,,见原敏感性表,results/01_q1/q1_3_sensitivity.csv
1.3,componentwise_pm_10pct_phase0,task_main,reported_fields,,,,0.0627819121083665,,见原敏感性表,results/01_q1/q1_3_sensitivity.csv
1.3,componentwise_pm_10pct_phase0,task_main,reported_fields,,,,-0.1304511628204286,,见原敏感性表,results/01_q1/q1_3_sensitivity.csv
1.3,componentwise_pm_10pct_phase0,task_main,reported_fields,,,,0.0627819121083643,,见原敏感性表,results/01_q1/q1_3_sensitivity.csv
1.3,componentwise_pm_10pct_phase0,task_main,reported_fields,,,,-0.1304511628204283,,见原敏感性表,results/01_q1/q1_3_sensitivity.csv
1.3,componentwise_pm_10pct_phase0,task_main,reported_fields,,,,-0.0338346253560304,,见原敏感性表,results/01_q1/q1_3_sensitivity.csv
1.3,componentwise_pm_10pct_phase0,task_main,reported_fields,,,,-0.0338346253560318,,见原敏感性表,results/01_q1/q1_3_sensitivity.csv
1.3,componentwise_pm_10pct_phase0,task_main,reported_fields,,,,0.0627819121083653,,见原敏感性表,results/01_q1/q1_3_sensitivity.csv
1.3,componentwise_pm_10pct_phase0,task_main,reported_fields,,,,-0.0338346253560323,,见原敏感性表,results/01_q1/q1_3_sensitivity.csv
1.3,componentwise_pm_10pct_phase1,task_main,reported_fields,,,,-0.0673386694113804,,见原敏感性表,results/01_q1/q1_3_sensitivity.csv
1.3,componentwise_pm_10pct_phase1,task_main,reported_fields,,,,0.0362903673206887,,见原敏感性表,results/01_q1/q1_3_sensitivity.csv
1.3,componentwise_pm_10pct_phase1,task_main,reported_fields,,,,0.1399194040527573,,见原敏感性表,results/01_q1/q1_3_sensitivity.csv
1.3,componentwise_pm_10pct_phase1,task_main,reported_fields,,,,-0.0673386694113794,,见原敏感性表,results/01_q1/q1_3_sensitivity.csv
1.3,componentwise_pm_10pct_phase1,task_main,reported_fields,,,,0.1399194040527585,,见原敏感性表,results/01_q1/q1_3_sensitivity.csv
1.3,componentwise_pm_10pct_phase1,task_main,reported_fields,,,,-0.0673386694113803,,见原敏感性表,results/01_q1/q1_3_sensitivity.csv
1.3,componentwise_pm_10pct_phase1,task_main,reported_fields,,,,0.1399194040527587,,见原敏感性表,results/01_q1/q1_3_sensitivity.csv
1.3,componentwise_pm_10pct_phase1,task_main,reported_fields,,,,0.0362903673206899,,见原敏感性表,results/01_q1/q1_3_sensitivity.csv
1.3,componentwise_pm_10pct_phase1,task_main,reported_fields,,,,0.0362903673206874,,见原敏感性表,results/01_q1/q1_3_sensitivity.csv
1.3,componentwise_pm_10pct_phase1,task_main,reported_fields,,,,-0.0673386694113804,,见原敏感性表,results/01_q1/q1_3_sensitivity.csv
1.3,componentwise_pm_10pct_phase1,task_main,reported_fields,,,,0.036290367320688,,见原敏感性表,results/01_q1/q1_3_sensitivity.csv
1.3,zero_c_0.25,task_main,reported_fields,,,,0.000600227470848,,见原敏感性表,results/01_q1/q1_3_sensitivity.csv
1.3,zero_c_0.25,task_main,reported_fields,,,,0.000600227470848,,见原敏感性表,results/01_q1/q1_3_sensitivity.csv
1.3,zero_c_0.25,task_main,reported_fields,,,,0.000600227470848,,见原敏感性表,results/01_q1/q1_3_sensitivity.csv
1.3,zero_c_0.25,task_main,reported_fields,,,,0.0006002274708481,,见原敏感性表,results/01_q1/q1_3_sensitivity.csv
1.3,zero_c_0.25,task_main,reported_fields,,,,0.000600227470848,,见原敏感性表,results/01_q1/q1_3_sensitivity.csv
1.3,zero_c_0.25,task_main,reported_fields,,,,0.0006002274708481,,见原敏感性表,results/01_q1/q1_3_sensitivity.csv
1.3,zero_c_0.25,task_main,reported_fields,,,,0.0006002274708477,,见原敏感性表,results/01_q1/q1_3_sensitivity.csv
1.3,zero_c_0.25,task_main,reported_fields,,,,0.000600227470848,,见原敏感性表,results/01_q1/q1_3_sensitivity.csv
1.3,zero_c_0.25,task_main,reported_fields,,,,-0.0664069764304652,,见原敏感性表,results/01_q1/q1_3_sensitivity.csv
1.3,zero_c_0.25,task_main,reported_fields,,,,0.0006002274708479,,见原敏感性表,results/01_q1/q1_3_sensitivity.csv
1.3,zero_c_0.25,task_main,reported_fields,,,,0.0006002274708471,,见原敏感性表,results/01_q1/q1_3_sensitivity.csv
1.3,zero_c_0.25,task_main,reported_fields,,,,0.0009787382212294,,见原敏感性表,results/01_q1/q1_3_sensitivity.csv
1.3,zero_c_0.25,task_main,reported_fields,,,,0.0009787382212293,,见原敏感性表,results/01_q1/q1_3_sensitivity.csv
1.3,zero_c_0.25,task_main,reported_fields,,,,0.0009787382212297,,见原敏感性表,results/01_q1/q1_3_sensitivity.csv
1.3,zero_c_0.25,task_main,reported_fields,,,,0.0009787382212294,,见原敏感性表,results/01_q1/q1_3_sensitivity.csv
1.3,zero_c_0.25,task_main,reported_fields,,,,0.0009787382212294,,见原敏感性表,results/01_q1/q1_3_sensitivity.csv
1.3,zero_c_0.25,task_main,reported_fields,,,,0.0009787382212299,,见原敏感性表,results/01_q1/q1_3_sensitivity.csv
1.3,zero_c_0.25,task_main,reported_fields,,,,0.0009787382212297,,见原敏感性表,results/01_q1/q1_3_sensitivity.csv
1.3,zero_c_0.25,task_main,reported_fields,,,,0.0009787382212303,,见原敏感性表,results/01_q1/q1_3_sensitivity.csv
1.3,zero_c_0.25,task_main,reported_fields,,,,-0.0660538134127075,,见原敏感性表,results/01_q1/q1_3_sensitivity.csv
1.3,zero_c_0.25,task_main,reported_fields,,,,0.0009787382212294,,见原敏感性表,results/01_q1/q1_3_sensitivity.csv
1.3,zero_c_0.25,task_main,reported_fields,,,,0.0009787382212294,,见原敏感性表,results/01_q1/q1_3_sensitivity.csv
1.3,zero_c_0.25,task_main,reported_fields,,,,0.0010073975406388,,见原敏感性表,results/01_q1/q1_3_sensitivity.csv
1.3,zero_c_0.25,task_main,reported_fields,,,,0.0010073975406387,,见原敏感性表,results/01_q1/q1_3_sensitivity.csv
1.3,zero_c_0.25,task_main,reported_fields,,,,0.0010073975406385,,见原敏感性表,results/01_q1/q1_3_sensitivity.csv
1.3,zero_c_0.25,task_main,reported_fields,,,,0.0010073975406382,,见原敏感性表,results/01_q1/q1_3_sensitivity.csv
1.3,zero_c_0.25,task_main,reported_fields,,,,0.0010073975406385,,见原敏感性表,results/01_q1/q1_3_sensitivity.csv
1.3,zero_c_0.25,task_main,reported_fields,,,,0.0010073975406382,,见原敏感性表,results/01_q1/q1_3_sensitivity.csv
1.3,zero_c_0.25,task_main,reported_fields,,,,0.0010073975406384,,见原敏感性表,results/01_q1/q1_3_sensitivity.csv
1.3,zero_c_0.25,task_main,reported_fields,,,,0.0010073975406386,,见原敏感性表,results/01_q1/q1_3_sensitivity.csv
1.3,zero_c_0.25,task_main,reported_fields,,,,-0.0660270733221835,,见原敏感性表,results/01_q1/q1_3_sensitivity.csv
1.3,zero_c_0.25,task_main,reported_fields,,,,0.0010073975406383,,见原敏感性表,results/01_q1/q1_3_sensitivity.csv
1.3,zero_c_0.25,task_main,reported_fields,,,,0.0010073975406386,,见原敏感性表,results/01_q1/q1_3_sensitivity.csv
1.3,zero_c_0.25,task_main,reported_fields,,,,0.0009511102751186,,见原敏感性表,results/01_q1/q1_3_sensitivity.csv
1.3,zero_c_0.25,task_main,reported_fields,,,,0.000951110275118,,见原敏感性表,results/01_q1/q1_3_sensitivity.csv
1.3,zero_c_0.25,task_main,reported_fields,,,,0.0009511102751181,,见原敏感性表,results/01_q1/q1_3_sensitivity.csv
1.3,zero_c_0.25,task_main,reported_fields,,,,0.0009511102751185,,见原敏感性表,results/01_q1/q1_3_sensitivity.csv
1.3,zero_c_0.25,task_main,reported_fields,,,,0.0009511102751184,,见原敏感性表,results/01_q1/q1_3_sensitivity.csv
1.3,zero_c_0.25,task_main,reported_fields,,,,0.0009511102751185,,见原敏感性表,results/01_q1/q1_3_sensitivity.csv
1.3,zero_c_0.25,task_main,reported_fields,,,,0.0009511102751184,,见原敏感性表,results/01_q1/q1_3_sensitivity.csv
1.3,zero_c_0.25,task_main,reported_fields,,,,0.0009511102751184,,见原敏感性表,results/01_q1/q1_3_sensitivity.csv
1.3,zero_c_0.25,task_main,reported_fields,,,,-0.0660795911979182,,见原敏感性表,results/01_q1/q1_3_sensitivity.csv
1.3,zero_c_0.25,task_main,reported_fields,,,,0.0009511102751176,,见原敏感性表,results/01_q1/q1_3_sensitivity.csv
1.3,zero_c_0.25,task_main,reported_fields,,,,0.0009511102751184,,见原敏感性表,results/01_q1/q1_3_sensitivity.csv
1.3,zero_c_0.25,task_main,reported_fields,,,,0.0008562967241116,,见原敏感性表,results/01_q1/q1_3_sensitivity.csv
1.3,zero_c_0.25,task_main,reported_fields,,,,0.0008562967241115,,见原敏感性表,results/01_q1/q1_3_sensitivity.csv
1.3,zero_c_0.25,task_main,reported_fields,,,,0.0008562967241118,,见原敏感性表,results/01_q1/q1_3_sensitivity.csv
1.3,zero_c_0.25,task_main,reported_fields,,,,0.0008562967241116,,见原敏感性表,results/01_q1/q1_3_sensitivity.csv
1.3,zero_c_0.25,task_main,reported_fields,,,,0.000856296724112,,见原敏感性表,results/01_q1/q1_3_sensitivity.csv
1.3,zero_c_0.25,task_main,reported_fields,,,,0.0008562967241116,,见原敏感性表,results/01_q1/q1_3_sensitivity.csv
1.3,zero_c_0.25,task_main,reported_fields,,,,0.0008562967241117,,见原敏感性表,results/01_q1/q1_3_sensitivity.csv
1.3,zero_c_0.25,task_main,reported_fields,,,,0.0008562967241116,,见原敏感性表,results/01_q1/q1_3_sensitivity.csv
1.3,zero_c_0.25,task_main,reported_fields,,,,-0.0661680553690511,,见原敏感性表,results/01_q1/q1_3_sensitivity.csv
1.3,zero_c_0.25,task_main,reported_fields,,,,0.0008562967241117,,见原敏感性表,results/01_q1/q1_3_sensitivity.csv
1.3,zero_c_0.25,task_main,reported_fields,,,,0.0008562967241116,,见原敏感性表,results/01_q1/q1_3_sensitivity.csv
1.3,zero_c_0.25,task_main,reported_fields,,,,0.0006135764444272,,见原敏感性表,results/01_q1/q1_3_sensitivity.csv
1.3,zero_c_0.25,task_main,reported_fields,,,,0.0006135764444274,,见原敏感性表,results/01_q1/q1_3_sensitivity.csv
1.3,zero_c_0.25,task_main,reported_fields,,,,0.0006135764444272,,见原敏感性表,results/01_q1/q1_3_sensitivity.csv
1.3,zero_c_0.25,task_main,reported_fields,,,,0.0006135764444272,,见原敏感性表,results/01_q1/q1_3_sensitivity.csv
1.3,zero_c_0.25,task_main,reported_fields,,,,0.0006135764444272,,见原敏感性表,results/01_q1/q1_3_sensitivity.csv
1.3,zero_c_0.25,task_main,reported_fields,,,,0.0006135764444271,,见原敏感性表,results/01_q1/q1_3_sensitivity.csv
1.3,zero_c_0.25,task_main,reported_fields,,,,0.0006135764444276,,见原敏感性表,results/01_q1/q1_3_sensitivity.csv
1.3,zero_c_0.25,task_main,reported_fields,,,,0.000613576444427,,见原敏感性表,results/01_q1/q1_3_sensitivity.csv
1.3,zero_c_0.25,task_main,reported_fields,,,,-0.0663945213977123,,见原敏感性表,results/01_q1/q1_3_sensitivity.csv
1.3,zero_c_0.25,task_main,reported_fields,,,,0.0006135764444272,,见原敏感性表,results/01_q1/q1_3_sensitivity.csv
1.3,zero_c_0.25,task_main,reported_fields,,,,0.0006135764444263,,见原敏感性表,results/01_q1/q1_3_sensitivity.csv
1.3,zero_c_0.75,task_main,reported_fields,,,,-0.0003705281631134,,见原敏感性表,results/01_q1/q1_3_sensitivity.csv
1.3,zero_c_0.75,task_main,reported_fields,,,,-0.0003705281631134,,见原敏感性表,results/01_q1/q1_3_sensitivity.csv
1.3,zero_c_0.75,task_main,reported_fields,,,,-0.0003705281631132,,见原敏感性表,results/01_q1/q1_3_sensitivity.csv
1.3,zero_c_0.75,task_main,reported_fields,,,,-0.0003705281631127,,见原敏感性表,results/01_q1/q1_3_sensitivity.csv
1.3,zero_c_0.75,task_main,reported_fields,,,,-0.0003705281631135,,见原敏感性表,results/01_q1/q1_3_sensitivity.csv
1.3,zero_c_0.75,task_main,reported_fields,,,,-0.0003705281631133,,见原敏感性表,results/01_q1/q1_3_sensitivity.csv
1.3,zero_c_0.75,task_main,reported_fields,,,,-0.0003705281631134,,见原敏感性表,results/01_q1/q1_3_sensitivity.csv
1.3,zero_c_0.75,task_main,reported_fields,,,,-0.0003705281631133,,见原敏感性表,results/01_q1/q1_3_sensitivity.csv
1.3,zero_c_0.75,task_main,reported_fields,,,,0.040993883468766,,见原敏感性表,results/01_q1/q1_3_sensitivity.csv
1.3,zero_c_0.75,task_main,reported_fields,,,,-0.0003705281631134,,见原敏感性表,results/01_q1/q1_3_sensitivity.csv
1.3,zero_c_0.75,task_main,reported_fields,,,,-0.0003705281631132,,见原敏感性表,results/01_q1/q1_3_sensitivity.csv
1.3,zero_c_0.75,task_main,reported_fields,,,,-0.0006038183157242,,见原敏感性表,results/01_q1/q1_3_sensitivity.csv
1.3,zero_c_0.75,task_main,reported_fields,,,,-0.0006038183157242,,见原敏感性表,results/01_q1/q1_3_sensitivity.csv
1.3,zero_c_0.75,task_main,reported_fields,,,,-0.0006038183157243,,见原敏感性表,results/01_q1/q1_3_sensitivity.csv
1.3,zero_c_0.75,task_main,reported_fields,,,,-0.0006038183157242,,见原敏感性表,results/01_q1/q1_3_sensitivity.csv
1.3,zero_c_0.75,task_main,reported_fields,,,,-0.0006038183157243,,见原敏感性表,results/01_q1/q1_3_sensitivity.csv
1.3,zero_c_0.75,task_main,reported_fields,,,,-0.0006038183157241,,见原敏感性表,results/01_q1/q1_3_sensitivity.csv
1.3,zero_c_0.75,task_main,reported_fields,,,,-0.0006038183157242,,见原敏感性表,results/01_q1/q1_3_sensitivity.csv
1.3,zero_c_0.75,task_main,reported_fields,,,,-0.0006038183157242,,见原敏感性表,results/01_q1/q1_3_sensitivity.csv
1.3,zero_c_0.75,task_main,reported_fields,,,,0.0407509398293639,,见原敏感性表,results/01_q1/q1_3_sensitivity.csv
1.3,zero_c_0.75,task_main,reported_fields,,,,-0.0006038183157241,,见原敏感性表,results/01_q1/q1_3_sensitivity.csv
1.3,zero_c_0.75,task_main,reported_fields,,,,-0.0006038183157243,,见原敏感性表,results/01_q1/q1_3_sensitivity.csv
1.3,zero_c_0.75,task_main,reported_fields,,,,-0.000621470495205,,见原敏感性表,results/01_q1/q1_3_sensitivity.csv
1.3,zero_c_0.75,task_main,reported_fields,,,,-0.0006214704952053,,见原敏感性表,results/01_q1/q1_3_sensitivity.csv
1.3,zero_c_0.75,task_main,reported_fields,,,,-0.0006214704952056,,见原敏感性表,results/01_q1/q1_3_sensitivity.csv
1.3,zero_c_0.75,task_main,reported_fields,,,,-0.0006214704952054,,见原敏感性表,results/01_q1/q1_3_sensitivity.csv
1.3,zero_c_0.75,task_main,reported_fields,,,,-0.0006214704952051,,见原敏感性表,results/01_q1/q1_3_sensitivity.csv
1.3,zero_c_0.75,task_main,reported_fields,,,,-0.0006214704952055,,见原敏感性表,results/01_q1/q1_3_sensitivity.csv
1.3,zero_c_0.75,task_main,reported_fields,,,,-0.0006214704952053,,见原敏感性表,results/01_q1/q1_3_sensitivity.csv
1.3,zero_c_0.75,task_main,reported_fields,,,,-0.0006214704952051,,见原敏感性表,results/01_q1/q1_3_sensitivity.csv
1.3,zero_c_0.75,task_main,reported_fields,,,,0.040732557207215,,见原敏感性表,results/01_q1/q1_3_sensitivity.csv
1.3,zero_c_0.75,task_main,reported_fields,,,,-0.0006214704952055,,见原敏感性表,results/01_q1/q1_3_sensitivity.csv
1.3,zero_c_0.75,task_main,reported_fields,,,,-0.0006214704952051,,见原敏感性表,results/01_q1/q1_3_sensitivity.csv
1.3,zero_c_0.75,task_main,reported_fields,,,,-0.0005867998442999,,见原敏感性表,results/01_q1/q1_3_sensitivity.csv
1.3,zero_c_0.75,task_main,reported_fields,,,,-0.0005867998442999,,见原敏感性表,results/01_q1/q1_3_sensitivity.csv
1.3,zero_c_0.75,task_main,reported_fields,,,,-0.0005867998442998,,见原敏感性表,results/01_q1/q1_3_sensitivity.csv
1.3,zero_c_0.75,task_main,reported_fields,,,,-0.0005867998442999,,见原敏感性表,results/01_q1/q1_3_sensitivity.csv
1.3,zero_c_0.75,task_main,reported_fields,,,,-0.0005867998443,,见原敏感性表,results/01_q1/q1_3_sensitivity.csv
1.3,zero_c_0.75,task_main,reported_fields,,,,-0.0005867998443,,见原敏感性表,results/01_q1/q1_3_sensitivity.csv
1.3,zero_c_0.75,task_main,reported_fields,,,,-0.0005867998443001,,见原敏感性表,results/01_q1/q1_3_sensitivity.csv
1.3,zero_c_0.75,task_main,reported_fields,,,,-0.0005867998443,,见原敏感性表,results/01_q1/q1_3_sensitivity.csv
1.3,zero_c_0.75,task_main,reported_fields,,,,0.0407686625207785,,见原敏感性表,results/01_q1/q1_3_sensitivity.csv
1.3,zero_c_0.75,task_main,reported_fields,,,,-0.0005867998443,,见原敏感性表,results/01_q1/q1_3_sensitivity.csv
1.3,zero_c_0.75,task_main,reported_fields,,,,-0.0005867998443,,见原敏感性表,results/01_q1/q1_3_sensitivity.csv
1.3,zero_c_0.75,task_main,reported_fields,,,,-0.0005283843214948,,见原敏感性表,results/01_q1/q1_3_sensitivity.csv
1.3,zero_c_0.75,task_main,reported_fields,,,,-0.0005283843214947,,见原敏感性表,results/01_q1/q1_3_sensitivity.csv
1.3,zero_c_0.75,task_main,reported_fields,,,,-0.0005283843214947,,见原敏感性表,results/01_q1/q1_3_sensitivity.csv
1.3,zero_c_0.75,task_main,reported_fields,,,,-0.0005283843214947,,见原敏感性表,results/01_q1/q1_3_sensitivity.csv
1.3,zero_c_0.75,task_main,reported_fields,,,,-0.0005283843214948,,见原敏感性表,results/01_q1/q1_3_sensitivity.csv
1.3,zero_c_0.75,task_main,reported_fields,,,,-0.0005283843214946,,见原敏感性表,results/01_q1/q1_3_sensitivity.csv
1.3,zero_c_0.75,task_main,reported_fields,,,,-0.0005283843214948,,见原敏感性表,results/01_q1/q1_3_sensitivity.csv
1.3,zero_c_0.75,task_main,reported_fields,,,,-0.0005283843214949,,见原敏感性表,results/01_q1/q1_3_sensitivity.csv
1.3,zero_c_0.75,task_main,reported_fields,,,,0.0408294952629629,,见原敏感性表,results/01_q1/q1_3_sensitivity.csv
1.3,zero_c_0.75,task_main,reported_fields,,,,-0.0005283843214946,,见原敏感性表,results/01_q1/q1_3_sensitivity.csv
1.3,zero_c_0.75,task_main,reported_fields,,,,-0.0005283843214957,,见原敏感性表,results/01_q1/q1_3_sensitivity.csv
1.3,zero_c_0.75,task_main,reported_fields,,,,-0.0003787604844279,,见原敏感性表,results/01_q1/q1_3_sensitivity.csv
1.3,zero_c_0.75,task_main,reported_fields,,,,-0.0003787604844271,,见原敏感性表,results/01_q1/q1_3_sensitivity.csv
1.3,zero_c_0.75,task_main,reported_fields,,,,-0.000378760484427,,见原敏感性表,results/01_q1/q1_3_sensitivity.csv
1.3,zero_c_0.75,task_main,reported_fields,,,,-0.0003787604844269,,见原敏感性表,results/01_q1/q1_3_sensitivity.csv
1.3,zero_c_0.75,task_main,reported_fields,,,,-0.0003787604844275,,见原敏感性表,results/01_q1/q1_3_sensitivity.csv
1.3,zero_c_0.75,task_main,reported_fields,,,,-0.000378760484428,,见原敏感性表,results/01_q1/q1_3_sensitivity.csv
1.3,zero_c_0.75,task_main,reported_fields,,,,-0.0003787604844274,,见原敏感性表,results/01_q1/q1_3_sensitivity.csv
1.3,zero_c_0.75,task_main,reported_fields,,,,-0.0003787604844271,,见原敏感性表,results/01_q1/q1_3_sensitivity.csv
1.3,zero_c_0.75,task_main,reported_fields,,,,0.0409853104961027,,见原敏感性表,results/01_q1/q1_3_sensitivity.csv
1.3,zero_c_0.75,task_main,reported_fields,,,,-0.0003787604844279,,见原敏感性表,results/01_q1/q1_3_sensitivity.csv
1.3,zero_c_0.75,task_main,reported_fields,,,,-0.0003787604844286,,见原敏感性表,results/01_q1/q1_3_sensitivity.csv
1.3,componentwise_pm_5pct_phase0,task_main,reported_fields,,,,0.0126931675685815,,见原敏感性表,results/01_q1/q1_3_sensitivity.csv
1.3,componentwise_pm_5pct_phase0,task_main,reported_fields,,,,-0.0355303166013498,,见原敏感性表,results/01_q1/q1_3_sensitivity.csv
1.3,componentwise_pm_5pct_phase0,task_main,reported_fields,,,,0.0126931675685817,,见原敏感性表,results/01_q1/q1_3_sensitivity.csv
1.3,componentwise_pm_5pct_phase0,task_main,reported_fields,,,,-0.0837538007712829,,见原敏感性表,results/01_q1/q1_3_sensitivity.csv
1.3,componentwise_pm_5pct_phase0,task_main,reported_fields,,,,0.0126931675685817,,见原敏感性表,results/01_q1/q1_3_sensitivity.csv
1.3,componentwise_pm_5pct_phase0,task_main,reported_fields,,,,-0.083753800771283,,见原敏感性表,results/01_q1/q1_3_sensitivity.csv
1.3,componentwise_pm_5pct_phase0,task_main,reported_fields,,,,0.0126931675685817,,见原敏感性表,results/01_q1/q1_3_sensitivity.csv
1.3,componentwise_pm_5pct_phase0,task_main,reported_fields,,,,-0.0837538007712829,,见原敏感性表,results/01_q1/q1_3_sensitivity.csv
1.3,componentwise_pm_5pct_phase0,task_main,reported_fields,,,,0.0126931675685824,,见原敏感性表,results/01_q1/q1_3_sensitivity.csv
1.3,componentwise_pm_5pct_phase0,task_main,reported_fields,,,,-0.0355303166013502,,见原敏感性表,results/01_q1/q1_3_sensitivity.csv
1.3,componentwise_pm_5pct_phase0,task_main,reported_fields,,,,0.0126931675685816,,见原敏感性表,results/01_q1/q1_3_sensitivity.csv
1.3,componentwise_pm_5pct_phase0,task_main,reported_fields,,,,-0.0837538007712829,,见原敏感性表,results/01_q1/q1_3_sensitivity.csv
1.3,componentwise_pm_5pct_phase0,task_main,reported_fields,,,,-0.03553031660135,,见原敏感性表,results/01_q1/q1_3_sensitivity.csv
1.3,componentwise_pm_5pct_phase0,task_main,reported_fields,,,,-0.0355303166013509,,见原敏感性表,results/01_q1/q1_3_sensitivity.csv
1.3,componentwise_pm_5pct_phase1,task_main,reported_fields,,,,-0.0136641507748182,,见原敏感性表,results/01_q1/q1_3_sensitivity.csv
1.3,componentwise_pm_5pct_phase1,task_main,reported_fields,,,,0.0382482623422979,,见原敏感性表,results/01_q1/q1_3_sensitivity.csv
1.3,componentwise_pm_5pct_phase1,task_main,reported_fields,,,,-0.0136641507748182,,见原敏感性表,results/01_q1/q1_3_sensitivity.csv
1.3,componentwise_pm_5pct_phase1,task_main,reported_fields,,,,0.0901606754594123,,见原敏感性表,results/01_q1/q1_3_sensitivity.csv
1.3,componentwise_pm_5pct_phase1,task_main,reported_fields,,,,-0.0136641507748171,,见原敏感性表,results/01_q1/q1_3_sensitivity.csv
1.3,componentwise_pm_5pct_phase1,task_main,reported_fields,,,,0.0901606754594133,,见原敏感性表,results/01_q1/q1_3_sensitivity.csv
1.3,componentwise_pm_5pct_phase1,task_main,reported_fields,,,,-0.0136641507748178,,见原敏感性表,results/01_q1/q1_3_sensitivity.csv
1.3,componentwise_pm_5pct_phase1,task_main,reported_fields,,,,0.0901606754594112,,见原敏感性表,results/01_q1/q1_3_sensitivity.csv
1.3,componentwise_pm_5pct_phase1,task_main,reported_fields,,,,-0.0136641507748174,,见原敏感性表,results/01_q1/q1_3_sensitivity.csv
1.3,componentwise_pm_5pct_phase1,task_main,reported_fields,,,,0.0382482623422982,,见原敏感性表,results/01_q1/q1_3_sensitivity.csv
1.3,componentwise_pm_5pct_phase1,task_main,reported_fields,,,,-0.0136641507748181,,见原敏感性表,results/01_q1/q1_3_sensitivity.csv
1.3,componentwise_pm_5pct_phase1,task_main,reported_fields,,,,0.0901606754594123,,见原敏感性表,results/01_q1/q1_3_sensitivity.csv
1.3,componentwise_pm_5pct_phase1,task_main,reported_fields,,,,0.0382482623422983,,见原敏感性表,results/01_q1/q1_3_sensitivity.csv
1.3,componentwise_pm_5pct_phase1,task_main,reported_fields,,,,0.0382482623422976,,见原敏感性表,results/01_q1/q1_3_sensitivity.csv
1.3,componentwise_pm_10pct_phase0,task_main,reported_fields,,,,0.0245152988089064,,见原敏感性表,results/01_q1/q1_3_sensitivity.csv
1.3,componentwise_pm_10pct_phase0,task_main,reported_fields,,,,-0.0686224556282672,,见原敏感性表,results/01_q1/q1_3_sensitivity.csv
1.3,componentwise_pm_10pct_phase0,task_main,reported_fields,,,,0.0245152988089063,,见原敏感性表,results/01_q1/q1_3_sensitivity.csv
1.3,componentwise_pm_10pct_phase0,task_main,reported_fields,,,,-0.1617602100654396,,见原敏感性表,results/01_q1/q1_3_sensitivity.csv
1.3,componentwise_pm_10pct_phase0,task_main,reported_fields,,,,0.0245152988089074,,见原敏感性表,results/01_q1/q1_3_sensitivity.csv
1.3,componentwise_pm_10pct_phase0,task_main,reported_fields,,,,-0.1617602100654397,,见原敏感性表,results/01_q1/q1_3_sensitivity.csv
1.3,componentwise_pm_10pct_phase0,task_main,reported_fields,,,,0.0245152988089059,,见原敏感性表,results/01_q1/q1_3_sensitivity.csv
1.3,componentwise_pm_10pct_phase0,task_main,reported_fields,,,,-0.1617602100654398,,见原敏感性表,results/01_q1/q1_3_sensitivity.csv
1.3,componentwise_pm_10pct_phase0,task_main,reported_fields,,,,0.0245152988089065,,见原敏感性表,results/01_q1/q1_3_sensitivity.csv
1.3,componentwise_pm_10pct_phase0,task_main,reported_fields,,,,-0.0686224556282667,,见原敏感性表,results/01_q1/q1_3_sensitivity.csv
1.3,componentwise_pm_10pct_phase0,task_main,reported_fields,,,,0.0245152988089074,,见原敏感性表,results/01_q1/q1_3_sensitivity.csv
1.3,componentwise_pm_10pct_phase0,task_main,reported_fields,,,,-0.1617602100654406,,见原敏感性表,results/01_q1/q1_3_sensitivity.csv
1.3,componentwise_pm_10pct_phase0,task_main,reported_fields,,,,-0.068622455628266,,见原敏感性表,results/01_q1/q1_3_sensitivity.csv
1.3,componentwise_pm_10pct_phase0,task_main,reported_fields,,,,-0.0686224556282664,,见原敏感性表,results/01_q1/q1_3_sensitivity.csv
1.3,componentwise_pm_10pct_phase1,task_main,reported_fields,,,,-0.0284151309320135,,见原敏感性表,results/01_q1/q1_3_sensitivity.csv
1.3,componentwise_pm_10pct_phase1,task_main,reported_fields,,,,0.079538743408875,,见原敏感性表,results/01_q1/q1_3_sensitivity.csv
1.3,componentwise_pm_10pct_phase1,task_main,reported_fields,,,,-0.0284151309320125,,见原敏感性表,results/01_q1/q1_3_sensitivity.csv
1.3,componentwise_pm_10pct_phase1,task_main,reported_fields,,,,0.1874926177497618,,见原敏感性表,results/01_q1/q1_3_sensitivity.csv
1.3,componentwise_pm_10pct_phase1,task_main,reported_fields,,,,-0.0284151309320135,,见原敏感性表,results/01_q1/q1_3_sensitivity.csv
1.3,componentwise_pm_10pct_phase1,task_main,reported_fields,,,,0.1874926177497625,,见原敏感性表,results/01_q1/q1_3_sensitivity.csv
1.3,componentwise_pm_10pct_phase1,task_main,reported_fields,,,,-0.0284151309320131,,见原敏感性表,results/01_q1/q1_3_sensitivity.csv
1.3,componentwise_pm_10pct_phase1,task_main,reported_fields,,,,0.1874926177497628,,见原敏感性表,results/01_q1/q1_3_sensitivity.csv
1.3,componentwise_pm_10pct_phase1,task_main,reported_fields,,,,-0.0284151309320132,,见原敏感性表,results/01_q1/q1_3_sensitivity.csv
1.3,componentwise_pm_10pct_phase1,task_main,reported_fields,,,,0.0795387434088743,,见原敏感性表,results/01_q1/q1_3_sensitivity.csv
1.3,componentwise_pm_10pct_phase1,task_main,reported_fields,,,,-0.0284151309320126,,见原敏感性表,results/01_q1/q1_3_sensitivity.csv
1.3,componentwise_pm_10pct_phase1,task_main,reported_fields,,,,0.1874926177497627,,见原敏感性表,results/01_q1/q1_3_sensitivity.csv
1.3,componentwise_pm_10pct_phase1,task_main,reported_fields,,,,0.0795387434088764,,见原敏感性表,results/01_q1/q1_3_sensitivity.csv
1.3,componentwise_pm_10pct_phase1,task_main,reported_fields,,,,0.0795387434088743,,见原敏感性表,results/01_q1/q1_3_sensitivity.csv
1.3,componentwise_pm_5pct_phase0,task_main,reported_fields,,,,0.0376304491035193,,见原敏感性表,results/01_q1/q1_3_sensitivity.csv
1.3,componentwise_pm_5pct_phase0,task_main,reported_fields,,,,-0.0117805246633155,,见原敏感性表,results/01_q1/q1_3_sensitivity.csv
1.3,componentwise_pm_5pct_phase0,task_main,reported_fields,,,,-0.0117805246633151,,见原敏感性表,results/01_q1/q1_3_sensitivity.csv
1.3,componentwise_pm_5pct_phase0,task_main,reported_fields,,,,-0.0611914984301488,,见原敏感性表,results/01_q1/q1_3_sensitivity.csv
1.3,componentwise_pm_5pct_phase0,task_main,reported_fields,,,,-0.0117805246633157,,见原敏感性表,results/01_q1/q1_3_sensitivity.csv
1.3,componentwise_pm_5pct_phase0,task_main,reported_fields,,,,-0.0611914984301504,,见原敏感性表,results/01_q1/q1_3_sensitivity.csv
1.3,componentwise_pm_5pct_phase0,task_main,reported_fields,,,,-0.011780524663316,,见原敏感性表,results/01_q1/q1_3_sensitivity.csv
1.3,componentwise_pm_5pct_phase0,task_main,reported_fields,,,,-0.0611914984301499,,见原敏感性表,results/01_q1/q1_3_sensitivity.csv
1.3,componentwise_pm_5pct_phase0,task_main,reported_fields,,,,0.0376304491035189,,见原敏感性表,results/01_q1/q1_3_sensitivity.csv
1.3,componentwise_pm_5pct_phase0,task_main,reported_fields,,,,-0.0611914984301494,,见原敏感性表,results/01_q1/q1_3_sensitivity.csv
1.3,componentwise_pm_5pct_phase0,task_main,reported_fields,,,,0.0376304491035192,,见原敏感性表,results/01_q1/q1_3_sensitivity.csv
1.3,componentwise_pm_5pct_phase0,task_main,reported_fields,,,,-0.0611914984301483,,见原敏感性表,results/01_q1/q1_3_sensitivity.csv
1.3,componentwise_pm_5pct_phase0,task_main,reported_fields,,,,-0.0117805246633167,,见原敏感性表,results/01_q1/q1_3_sensitivity.csv
1.3,componentwise_pm_5pct_phase0,task_main,reported_fields,,,,-0.0611914984301494,,见原敏感性表,results/01_q1/q1_3_sensitivity.csv
1.3,componentwise_pm_5pct_phase1,task_main,reported_fields,,,,-0.0385384555558426,,见原敏感性表,results/01_q1/q1_3_sensitivity.csv
1.3,componentwise_pm_5pct_phase1,task_main,reported_fields,,,,0.0120647836254292,,见原敏感性表,results/01_q1/q1_3_sensitivity.csv
1.3,componentwise_pm_5pct_phase1,task_main,reported_fields,,,,0.01206478362543,,见原敏感性表,results/01_q1/q1_3_sensitivity.csv
1.3,componentwise_pm_5pct_phase1,task_main,reported_fields,,,,0.062668022806701,,见原敏感性表,results/01_q1/q1_3_sensitivity.csv
1.3,componentwise_pm_5pct_phase1,task_main,reported_fields,,,,0.0120647836254296,,见原敏感性表,results/01_q1/q1_3_sensitivity.csv
1.3,componentwise_pm_5pct_phase1,task_main,reported_fields,,,,0.0626680228067006,,见原敏感性表,results/01_q1/q1_3_sensitivity.csv
1.3,componentwise_pm_5pct_phase1,task_main,reported_fields,,,,0.0120647836254293,,见原敏感性表,results/01_q1/q1_3_sensitivity.csv
1.3,componentwise_pm_5pct_phase1,task_main,reported_fields,,,,0.0626680228067007,,见原敏感性表,results/01_q1/q1_3_sensitivity.csv
1.3,componentwise_pm_5pct_phase1,task_main,reported_fields,,,,-0.0385384555558417,,见原敏感性表,results/01_q1/q1_3_sensitivity.csv
1.3,componentwise_pm_5pct_phase1,task_main,reported_fields,,,,0.0626680228067008,,见原敏感性表,results/01_q1/q1_3_sensitivity.csv
1.3,componentwise_pm_5pct_phase1,task_main,reported_fields,,,,-0.0385384555558414,,见原敏感性表,results/01_q1/q1_3_sensitivity.csv
1.3,componentwise_pm_5pct_phase1,task_main,reported_fields,,,,0.0626680228067027,,见原敏感性表,results/01_q1/q1_3_sensitivity.csv
1.3,componentwise_pm_5pct_phase1,task_main,reported_fields,,,,0.0120647836254301,,见原敏感性表,results/01_q1/q1_3_sensitivity.csv
1.3,componentwise_pm_5pct_phase1,task_main,reported_fields,,,,0.0626680228067012,,见原敏感性表,results/01_q1/q1_3_sensitivity.csv
1.3,componentwise_pm_10pct_phase0,task_main,reported_fields,,,,0.0743846084921253,,见原敏感性表,results/01_q1/q1_3_sensitivity.csv
1.3,componentwise_pm_10pct_phase0,task_main,reported_fields,,,,-0.0232867195526142,,见原敏感性表,results/01_q1/q1_3_sensitivity.csv
1.3,componentwise_pm_10pct_phase0,task_main,reported_fields,,,,-0.0232867195526125,,见原敏感性表,results/01_q1/q1_3_sensitivity.csv
1.3,componentwise_pm_10pct_phase0,task_main,reported_fields,,,,-0.1209580475973524,,见原敏感性表,results/01_q1/q1_3_sensitivity.csv
1.3,componentwise_pm_10pct_phase0,task_main,reported_fields,,,,-0.0232867195526139,,见原敏感性表,results/01_q1/q1_3_sensitivity.csv
1.3,componentwise_pm_10pct_phase0,task_main,reported_fields,,,,-0.1209580475973527,,见原敏感性表,results/01_q1/q1_3_sensitivity.csv
1.3,componentwise_pm_10pct_phase0,task_main,reported_fields,,,,-0.0232867195526141,,见原敏感性表,results/01_q1/q1_3_sensitivity.csv
1.3,componentwise_pm_10pct_phase0,task_main,reported_fields,,,,-0.1209580475973531,,见原敏感性表,results/01_q1/q1_3_sensitivity.csv
1.3,componentwise_pm_10pct_phase0,task_main,reported_fields,,,,0.0743846084921256,,见原敏感性表,results/01_q1/q1_3_sensitivity.csv
1.3,componentwise_pm_10pct_phase0,task_main,reported_fields,,,,-0.1209580475973521,,见原敏感性表,results/01_q1/q1_3_sensitivity.csv
1.3,componentwise_pm_10pct_phase0,task_main,reported_fields,,,,0.0743846084921252,,见原敏感性表,results/01_q1/q1_3_sensitivity.csv
1.3,componentwise_pm_10pct_phase0,task_main,reported_fields,,,,-0.1209580475973517,,见原敏感性表,results/01_q1/q1_3_sensitivity.csv
1.3,componentwise_pm_10pct_phase0,task_main,reported_fields,,,,-0.023286719552614,,见原敏感性表,results/01_q1/q1_3_sensitivity.csv
1.3,componentwise_pm_10pct_phase0,task_main,reported_fields,,,,-0.1209580475973526,,见原敏感性表,results/01_q1/q1_3_sensitivity.csv
1.3,componentwise_pm_10pct_phase1,task_main,reported_fields,,,,-0.0780181836158582,,见原敏感性表,results/01_q1/q1_3_sensitivity.csv
1.3,componentwise_pm_10pct_phase1,task_main,reported_fields,,,,0.0244242404268232,,见原敏感性表,results/01_q1/q1_3_sensitivity.csv
1.3,componentwise_pm_10pct_phase1,task_main,reported_fields,,,,0.0244242404268245,,见原敏感性表,results/01_q1/q1_3_sensitivity.csv
1.3,componentwise_pm_10pct_phase1,task_main,reported_fields,,,,0.1268666644695057,,见原敏感性表,results/01_q1/q1_3_sensitivity.csv
1.3,componentwise_pm_10pct_phase1,task_main,reported_fields,,,,0.0244242404268226,,见原敏感性表,results/01_q1/q1_3_sensitivity.csv
1.3,componentwise_pm_10pct_phase1,task_main,reported_fields,,,,0.1268666644695049,,见原敏感性表,results/01_q1/q1_3_sensitivity.csv
1.3,componentwise_pm_10pct_phase1,task_main,reported_fields,,,,0.0244242404268226,,见原敏感性表,results/01_q1/q1_3_sensitivity.csv
1.3,componentwise_pm_10pct_phase1,task_main,reported_fields,,,,0.126866664469505,,见原敏感性表,results/01_q1/q1_3_sensitivity.csv
1.3,componentwise_pm_10pct_phase1,task_main,reported_fields,,,,-0.0780181836158588,,见原敏感性表,results/01_q1/q1_3_sensitivity.csv
1.3,componentwise_pm_10pct_phase1,task_main,reported_fields,,,,0.126866664469506,,见原敏感性表,results/01_q1/q1_3_sensitivity.csv
1.3,componentwise_pm_10pct_phase1,task_main,reported_fields,,,,-0.0780181836158592,,见原敏感性表,results/01_q1/q1_3_sensitivity.csv
1.3,componentwise_pm_10pct_phase1,task_main,reported_fields,,,,0.1268666644695077,,见原敏感性表,results/01_q1/q1_3_sensitivity.csv
1.3,componentwise_pm_10pct_phase1,task_main,reported_fields,,,,0.0244242404268235,,见原敏感性表,results/01_q1/q1_3_sensitivity.csv
1.3,componentwise_pm_10pct_phase1,task_main,reported_fields,,,,0.1268666644695063,,见原敏感性表,results/01_q1/q1_3_sensitivity.csv
1.3,componentwise_pm_5pct_phase0,task_main,reported_fields,,,,0.0604028783106071,,见原敏感性表,results/01_q1/q1_3_sensitivity.csv
1.3,componentwise_pm_5pct_phase0,task_main,reported_fields,,,,0.0099075031529586,,见原敏感性表,results/01_q1/q1_3_sensitivity.csv
1.3,componentwise_pm_5pct_phase0,task_main,reported_fields,,,,0.0099075031529575,,见原敏感性表,results/01_q1/q1_3_sensitivity.csv
1.3,componentwise_pm_5pct_phase0,task_main,reported_fields,,,,-0.040587872004689,,见原敏感性表,results/01_q1/q1_3_sensitivity.csv
1.3,componentwise_pm_5pct_phase0,task_main,reported_fields,,,,0.0099075031529594,,见原敏感性表,results/01_q1/q1_3_sensitivity.csv
1.3,componentwise_pm_5pct_phase0,task_main,reported_fields,,,,-0.0405878720046893,,见原敏感性表,results/01_q1/q1_3_sensitivity.csv
1.3,componentwise_pm_5pct_phase0,task_main,reported_fields,,,,0.009907503152958,,见原敏感性表,results/01_q1/q1_3_sensitivity.csv
1.3,componentwise_pm_5pct_phase0,task_main,reported_fields,,,,-0.0405878720046896,,见原敏感性表,results/01_q1/q1_3_sensitivity.csv
1.3,componentwise_pm_5pct_phase0,task_main,reported_fields,,,,0.0604028783106071,,见原敏感性表,results/01_q1/q1_3_sensitivity.csv
1.3,componentwise_pm_5pct_phase0,task_main,reported_fields,,,,-0.040587872004689,,见原敏感性表,results/01_q1/q1_3_sensitivity.csv
1.3,componentwise_pm_5pct_phase0,task_main,reported_fields,,,,0.0604028783106058,,见原敏感性表,results/01_q1/q1_3_sensitivity.csv
1.3,componentwise_pm_5pct_phase0,task_main,reported_fields,,,,-0.0405878720046896,,见原敏感性表,results/01_q1/q1_3_sensitivity.csv
1.3,componentwise_pm_5pct_phase0,task_main,reported_fields,,,,0.0099075031529574,,见原敏感性表,results/01_q1/q1_3_sensitivity.csv
1.3,componentwise_pm_5pct_phase0,task_main,reported_fields,,,,-0.0405878720046894,,见原敏感性表,results/01_q1/q1_3_sensitivity.csv
1.3,componentwise_pm_5pct_phase1,task_main,reported_fields,,,,-0.0592292503415929,,见原敏感性表,results/01_q1/q1_3_sensitivity.csv
1.3,componentwise_pm_5pct_phase1,task_main,reported_fields,,,,-0.0097150003595719,,见原敏感性表,results/01_q1/q1_3_sensitivity.csv
1.3,componentwise_pm_5pct_phase1,task_main,reported_fields,,,,-0.0097150003595723,,见原敏感性表,results/01_q1/q1_3_sensitivity.csv
1.3,componentwise_pm_5pct_phase1,task_main,reported_fields,,,,0.0397992496224484,,见原敏感性表,results/01_q1/q1_3_sensitivity.csv
1.3,componentwise_pm_5pct_phase1,task_main,reported_fields,,,,-0.0097150003595716,,见原敏感性表,results/01_q1/q1_3_sensitivity.csv
1.3,componentwise_pm_5pct_phase1,task_main,reported_fields,,,,0.0397992496224497,,见原敏感性表,results/01_q1/q1_3_sensitivity.csv
1.3,componentwise_pm_5pct_phase1,task_main,reported_fields,,,,-0.0097150003595722,,见原敏感性表,results/01_q1/q1_3_sensitivity.csv
1.3,componentwise_pm_5pct_phase1,task_main,reported_fields,,,,0.0397992496224493,,见原敏感性表,results/01_q1/q1_3_sensitivity.csv
1.3,componentwise_pm_5pct_phase1,task_main,reported_fields,,,,-0.059229250341593,,见原敏感性表,results/01_q1/q1_3_sensitivity.csv
1.3,componentwise_pm_5pct_phase1,task_main,reported_fields,,,,0.0397992496224491,,见原敏感性表,results/01_q1/q1_3_sensitivity.csv
1.3,componentwise_pm_5pct_phase1,task_main,reported_fields,,,,-0.0592292503415934,,见原敏感性表,results/01_q1/q1_3_sensitivity.csv
1.3,componentwise_pm_5pct_phase1,task_main,reported_fields,,,,0.0397992496224499,,见原敏感性表,results/01_q1/q1_3_sensitivity.csv
1.3,componentwise_pm_5pct_phase1,task_main,reported_fields,,,,-0.0097150003595733,,见原敏感性表,results/01_q1/q1_3_sensitivity.csv
1.3,componentwise_pm_5pct_phase1,task_main,reported_fields,,,,0.039799249622449,,见原敏感性表,results/01_q1/q1_3_sensitivity.csv
1.3,componentwise_pm_10pct_phase0,task_main,reported_fields,,,,0.1220146168220848,,见原敏感性表,results/01_q1/q1_3_sensitivity.csv
1.3,componentwise_pm_10pct_phase0,task_main,reported_fields,,,,0.0200132880200769,,见原敏感性表,results/01_q1/q1_3_sensitivity.csv
1.3,componentwise_pm_10pct_phase0,task_main,reported_fields,,,,0.0200132880200769,,见原敏感性表,results/01_q1/q1_3_sensitivity.csv
1.3,componentwise_pm_10pct_phase0,task_main,reported_fields,,,,-0.0819880407819302,,见原敏感性表,results/01_q1/q1_3_sensitivity.csv
1.3,componentwise_pm_10pct_phase0,task_main,reported_fields,,,,0.0200132880200778,,见原敏感性表,results/01_q1/q1_3_sensitivity.csv
1.3,componentwise_pm_10pct_phase0,task_main,reported_fields,,,,-0.0819880407819298,,见原敏感性表,results/01_q1/q1_3_sensitivity.csv
1.3,componentwise_pm_10pct_phase0,task_main,reported_fields,,,,0.0200132880200767,,见原敏感性表,results/01_q1/q1_3_sensitivity.csv
1.3,componentwise_pm_10pct_phase0,task_main,reported_fields,,,,-0.0819880407819306,,见原敏感性表,results/01_q1/q1_3_sensitivity.csv
1.3,componentwise_pm_10pct_phase0,task_main,reported_fields,,,,0.1220146168220858,,见原敏感性表,results/01_q1/q1_3_sensitivity.csv
1.3,componentwise_pm_10pct_phase0,task_main,reported_fields,,,,-0.0819880407819295,,见原敏感性表,results/01_q1/q1_3_sensitivity.csv
1.3,componentwise_pm_10pct_phase0,task_main,reported_fields,,,,0.1220146168220849,,见原敏感性表,results/01_q1/q1_3_sensitivity.csv
1.3,componentwise_pm_10pct_phase0,task_main,reported_fields,,,,-0.0819880407819304,,见原敏感性表,results/01_q1/q1_3_sensitivity.csv
1.3,componentwise_pm_10pct_phase0,task_main,reported_fields,,,,0.0200132880200767,,见原敏感性表,results/01_q1/q1_3_sensitivity.csv
1.3,componentwise_pm_10pct_phase0,task_main,reported_fields,,,,-0.0819880407819304,,见原敏感性表,results/01_q1/q1_3_sensitivity.csv
1.3,componentwise_pm_10pct_phase1,task_main,reported_fields,,,,-0.11731874899452,,见原敏感性表,results/01_q1/q1_3_sensitivity.csv
1.3,componentwise_pm_10pct_phase1,task_main,reported_fields,,,,-0.019243054438356,,见原敏感性表,results/01_q1/q1_3_sensitivity.csv
1.3,componentwise_pm_10pct_phase1,task_main,reported_fields,,,,-0.0192430544383573,,见原敏感性表,results/01_q1/q1_3_sensitivity.csv
1.3,componentwise_pm_10pct_phase1,task_main,reported_fields,,,,0.0788326401178085,,见原敏感性表,results/01_q1/q1_3_sensitivity.csv
1.3,componentwise_pm_10pct_phase1,task_main,reported_fields,,,,-0.0192430544383547,,见原敏感性表,results/01_q1/q1_3_sensitivity.csv
1.3,componentwise_pm_10pct_phase1,task_main,reported_fields,,,,0.0788326401178086,,见原敏感性表,results/01_q1/q1_3_sensitivity.csv
1.3,componentwise_pm_10pct_phase1,task_main,reported_fields,,,,-0.0192430544383556,,见原敏感性表,results/01_q1/q1_3_sensitivity.csv
1.3,componentwise_pm_10pct_phase1,task_main,reported_fields,,,,0.078832640117808,,见原敏感性表,results/01_q1/q1_3_sensitivity.csv
1.3,componentwise_pm_10pct_phase1,task_main,reported_fields,,,,-0.1173187489945204,,见原敏感性表,results/01_q1/q1_3_sensitivity.csv
1.3,componentwise_pm_10pct_phase1,task_main,reported_fields,,,,0.0788326401178085,,见原敏感性表,results/01_q1/q1_3_sensitivity.csv
1.3,componentwise_pm_10pct_phase1,task_main,reported_fields,,,,-0.1173187489945209,,见原敏感性表,results/01_q1/q1_3_sensitivity.csv
1.3,componentwise_pm_10pct_phase1,task_main,reported_fields,,,,0.078832640117809,,见原敏感性表,results/01_q1/q1_3_sensitivity.csv
1.3,componentwise_pm_10pct_phase1,task_main,reported_fields,,,,-0.0192430544383564,,见原敏感性表,results/01_q1/q1_3_sensitivity.csv
1.3,componentwise_pm_10pct_phase1,task_main,reported_fields,,,,0.0788326401178087,,见原敏感性表,results/01_q1/q1_3_sensitivity.csv
1.3,componentwise_pm_5pct_phase0,task_main,reported_fields,,,,0.0200758382014357,,见原敏感性表,results/01_q1/q1_3_sensitivity.csv
1.3,componentwise_pm_5pct_phase0,task_main,reported_fields,,,,-0.0284992017129189,,见原敏感性表,results/01_q1/q1_3_sensitivity.csv
1.3,componentwise_pm_5pct_phase0,task_main,reported_fields,,,,0.0200758382014357,,见原敏感性表,results/01_q1/q1_3_sensitivity.csv
1.3,componentwise_pm_5pct_phase0,task_main,reported_fields,,,,-0.0770742416272727,,见原敏感性表,results/01_q1/q1_3_sensitivity.csv
1.3,componentwise_pm_5pct_phase0,task_main,reported_fields,,,,0.0200758382014357,,见原敏感性表,results/01_q1/q1_3_sensitivity.csv
1.3,componentwise_pm_5pct_phase0,task_main,reported_fields,,,,-0.0770742416272721,,见原敏感性表,results/01_q1/q1_3_sensitivity.csv
1.3,componentwise_pm_5pct_phase0,task_main,reported_fields,,,,-0.0284992017129194,,见原敏感性表,results/01_q1/q1_3_sensitivity.csv
1.3,componentwise_pm_5pct_phase0,task_main,reported_fields,,,,-0.0770742416272731,,见原敏感性表,results/01_q1/q1_3_sensitivity.csv
1.3,componentwise_pm_5pct_phase0,task_main,reported_fields,,,,0.0200758382014348,,见原敏感性表,results/01_q1/q1_3_sensitivity.csv
1.3,componentwise_pm_5pct_phase0,task_main,reported_fields,,,,-0.0770742416272731,,见原敏感性表,results/01_q1/q1_3_sensitivity.csv
1.3,componentwise_pm_5pct_phase0,task_main,reported_fields,,,,0.0200758382014354,,见原敏感性表,results/01_q1/q1_3_sensitivity.csv
1.3,componentwise_pm_5pct_phase0,task_main,reported_fields,,,,-0.0770742416272729,,见原敏感性表,results/01_q1/q1_3_sensitivity.csv
1.3,componentwise_pm_5pct_phase0,task_main,reported_fields,,,,-0.0284992017129175,,见原敏感性表,results/01_q1/q1_3_sensitivity.csv
1.3,componentwise_pm_5pct_phase0,task_main,reported_fields,,,,-0.0284992017129184,,见原敏感性表,results/01_q1/q1_3_sensitivity.csv
1.3,componentwise_pm_5pct_phase1,task_main,reported_fields,,,,-0.0212892939676543,,见原敏感性表,results/01_q1/q1_3_sensitivity.csv
1.3,componentwise_pm_5pct_phase1,task_main,reported_fields,,,,0.0302217958235202,,见原敏感性表,results/01_q1/q1_3_sensitivity.csv
1.3,componentwise_pm_5pct_phase1,task_main,reported_fields,,,,-0.0212892939676544,,见原敏感性表,results/01_q1/q1_3_sensitivity.csv
1.3,componentwise_pm_5pct_phase1,task_main,reported_fields,,,,0.0817328856146982,,见原敏感性表,results/01_q1/q1_3_sensitivity.csv
1.3,componentwise_pm_5pct_phase1,task_main,reported_fields,,,,-0.0212892939676536,,见原敏感性表,results/01_q1/q1_3_sensitivity.csv
1.3,componentwise_pm_5pct_phase1,task_main,reported_fields,,,,0.081732885614698,,见原敏感性表,results/01_q1/q1_3_sensitivity.csv
1.3,componentwise_pm_5pct_phase1,task_main,reported_fields,,,,0.0302217958235211,,见原敏感性表,results/01_q1/q1_3_sensitivity.csv
1.3,componentwise_pm_5pct_phase1,task_main,reported_fields,,,,0.0817328856146964,,见原敏感性表,results/01_q1/q1_3_sensitivity.csv
1.3,componentwise_pm_5pct_phase1,task_main,reported_fields,,,,-0.0212892939676552,,见原敏感性表,results/01_q1/q1_3_sensitivity.csv
1.3,componentwise_pm_5pct_phase1,task_main,reported_fields,,,,0.0817328856146974,,见原敏感性表,results/01_q1/q1_3_sensitivity.csv
1.3,componentwise_pm_5pct_phase1,task_main,reported_fields,,,,-0.0212892939676547,,见原敏感性表,results/01_q1/q1_3_sensitivity.csv
1.3,componentwise_pm_5pct_phase1,task_main,reported_fields,,,,0.0817328856146967,,见原敏感性表,results/01_q1/q1_3_sensitivity.csv
1.3,componentwise_pm_5pct_phase1,task_main,reported_fields,,,,0.0302217958235231,,见原敏感性表,results/01_q1/q1_3_sensitivity.csv
1.3,componentwise_pm_5pct_phase1,task_main,reported_fields,,,,0.0302217958235212,,见原敏感性表,results/01_q1/q1_3_sensitivity.csv
1.3,componentwise_pm_10pct_phase0,task_main,reported_fields,,,,0.0390390934052255,,见原敏感性表,results/01_q1/q1_3_sensitivity.csv
1.3,componentwise_pm_10pct_phase0,task_main,reported_fields,,,,-0.05541900599525,,见原敏感性表,results/01_q1/q1_3_sensitivity.csv
1.3,componentwise_pm_10pct_phase0,task_main,reported_fields,,,,0.0390390934052253,,见原敏感性表,results/01_q1/q1_3_sensitivity.csv
1.3,componentwise_pm_10pct_phase0,task_main,reported_fields,,,,-0.1498771053957238,,见原敏感性表,results/01_q1/q1_3_sensitivity.csv
1.3,componentwise_pm_10pct_phase0,task_main,reported_fields,,,,0.0390390934052262,,见原敏感性表,results/01_q1/q1_3_sensitivity.csv
1.3,componentwise_pm_10pct_phase0,task_main,reported_fields,,,,-0.1498771053957249,,见原敏感性表,results/01_q1/q1_3_sensitivity.csv
1.3,componentwise_pm_10pct_phase0,task_main,reported_fields,,,,-0.0554190059952497,,见原敏感性表,results/01_q1/q1_3_sensitivity.csv
1.3,componentwise_pm_10pct_phase0,task_main,reported_fields,,,,-0.1498771053957251,,见原敏感性表,results/01_q1/q1_3_sensitivity.csv
1.3,componentwise_pm_10pct_phase0,task_main,reported_fields,,,,0.0390390934052256,,见原敏感性表,results/01_q1/q1_3_sensitivity.csv
1.3,componentwise_pm_10pct_phase0,task_main,reported_fields,,,,-0.1498771053957247,,见原敏感性表,results/01_q1/q1_3_sensitivity.csv
1.3,componentwise_pm_10pct_phase0,task_main,reported_fields,,,,0.0390390934052253,,见原敏感性表,results/01_q1/q1_3_sensitivity.csv
1.3,componentwise_pm_10pct_phase0,task_main,reported_fields,,,,-0.1498771053957248,,见原敏感性表,results/01_q1/q1_3_sensitivity.csv
1.3,componentwise_pm_10pct_phase0,task_main,reported_fields,,,,-0.0554190059952477,,见原敏感性表,results/01_q1/q1_3_sensitivity.csv
1.3,componentwise_pm_10pct_phase0,task_main,reported_fields,,,,-0.0554190059952491,,见原敏感性表,results/01_q1/q1_3_sensitivity.csv
1.3,componentwise_pm_10pct_phase1,task_main,reported_fields,,,,-0.0439054907111124,,见原敏感性表,results/01_q1/q1_3_sensitivity.csv
1.3,componentwise_pm_10pct_phase1,task_main,reported_fields,,,,0.0623272325432083,,见原敏感性表,results/01_q1/q1_3_sensitivity.csv
1.3,componentwise_pm_10pct_phase1,task_main,reported_fields,,,,-0.0439054907111125,,见原敏感性表,results/01_q1/q1_3_sensitivity.csv
1.3,componentwise_pm_10pct_phase1,task_main,reported_fields,,,,0.16855995579753,,见原敏感性表,results/01_q1/q1_3_sensitivity.csv
1.3,componentwise_pm_10pct_phase1,task_main,reported_fields,,,,-0.0439054907111108,,见原敏感性表,results/01_q1/q1_3_sensitivity.csv
1.3,componentwise_pm_10pct_phase1,task_main,reported_fields,,,,0.1685599557975297,,见原敏感性表,results/01_q1/q1_3_sensitivity.csv
1.3,componentwise_pm_10pct_phase1,task_main,reported_fields,,,,0.0623272325432087,,见原敏感性表,results/01_q1/q1_3_sensitivity.csv
1.3,componentwise_pm_10pct_phase1,task_main,reported_fields,,,,0.1685599557975296,,见原敏感性表,results/01_q1/q1_3_sensitivity.csv
1.3,componentwise_pm_10pct_phase1,task_main,reported_fields,,,,-0.0439054907111121,,见原敏感性表,results/01_q1/q1_3_sensitivity.csv
1.3,componentwise_pm_10pct_phase1,task_main,reported_fields,,,,0.1685599557975302,,见原敏感性表,results/01_q1/q1_3_sensitivity.csv
1.3,componentwise_pm_10pct_phase1,task_main,reported_fields,,,,-0.0439054907111116,,见原敏感性表,results/01_q1/q1_3_sensitivity.csv
1.3,componentwise_pm_10pct_phase1,task_main,reported_fields,,,,0.1685599557975288,,见原敏感性表,results/01_q1/q1_3_sensitivity.csv
1.3,componentwise_pm_10pct_phase1,task_main,reported_fields,,,,0.0623272325432097,,见原敏感性表,results/01_q1/q1_3_sensitivity.csv
1.3,componentwise_pm_10pct_phase1,task_main,reported_fields,,,,0.0623272325432083,,见原敏感性表,results/01_q1/q1_3_sensitivity.csv
1.3,componentwise_pm_5pct_phase0,task_main,reported_fields,,,,0.0149338019508218,,见原敏感性表,results/01_q1/q1_3_sensitivity.csv
1.3,componentwise_pm_5pct_phase0,task_main,reported_fields,,,,-0.0333963790944563,,见原敏感性表,results/01_q1/q1_3_sensitivity.csv
1.3,componentwise_pm_5pct_phase0,task_main,reported_fields,,,,-0.0333963790944553,,见原敏感性表,results/01_q1/q1_3_sensitivity.csv
1.3,componentwise_pm_5pct_phase0,task_main,reported_fields,,,,-0.0817265601397329,,见原敏感性表,results/01_q1/q1_3_sensitivity.csv
1.3,componentwise_pm_5pct_phase0,task_main,reported_fields,,,,0.0149338019508217,,见原敏感性表,results/01_q1/q1_3_sensitivity.csv
1.3,componentwise_pm_5pct_phase0,task_main,reported_fields,,,,-0.081726560139733,,见原敏感性表,results/01_q1/q1_3_sensitivity.csv
1.3,componentwise_pm_5pct_phase0,task_main,reported_fields,,,,0.0149338019508215,,见原敏感性表,results/01_q1/q1_3_sensitivity.csv
1.3,componentwise_pm_5pct_phase0,task_main,reported_fields,,,,-0.0817265601397324,,见原敏感性表,results/01_q1/q1_3_sensitivity.csv
1.3,componentwise_pm_5pct_phase0,task_main,reported_fields,,,,0.014933801950821,,见原敏感性表,results/01_q1/q1_3_sensitivity.csv
1.3,componentwise_pm_5pct_phase0,task_main,reported_fields,,,,-0.0817265601397332,,见原敏感性表,results/01_q1/q1_3_sensitivity.csv
1.3,componentwise_pm_5pct_phase0,task_main,reported_fields,,,,0.0149338019508216,,见原敏感性表,results/01_q1/q1_3_sensitivity.csv
1.3,componentwise_pm_5pct_phase0,task_main,reported_fields,,,,-0.0817265601397339,,见原敏感性表,results/01_q1/q1_3_sensitivity.csv
1.3,componentwise_pm_5pct_phase0,task_main,reported_fields,,,,-0.0333963790944553,,见原敏感性表,results/01_q1/q1_3_sensitivity.csv
1.3,componentwise_pm_5pct_phase0,task_main,reported_fields,,,,-0.0333963790944554,,见原敏感性表,results/01_q1/q1_3_sensitivity.csv
1.3,componentwise_pm_5pct_phase1,task_main,reported_fields,,,,-0.0160026640190225,,见原敏感性表,results/01_q1/q1_3_sensitivity.csv
1.3,componentwise_pm_5pct_phase1,task_main,reported_fields,,,,0.03578666945366,,见原敏感性表,results/01_q1/q1_3_sensitivity.csv
1.3,componentwise_pm_5pct_phase1,task_main,reported_fields,,,,0.0357866694536608,,见原敏感性表,results/01_q1/q1_3_sensitivity.csv
1.3,componentwise_pm_5pct_phase1,task_main,reported_fields,,,,0.0875760029263446,,见原敏感性表,results/01_q1/q1_3_sensitivity.csv
1.3,componentwise_pm_5pct_phase1,task_main,reported_fields,,,,-0.0160026640190225,,见原敏感性表,results/01_q1/q1_3_sensitivity.csv
1.3,componentwise_pm_5pct_phase1,task_main,reported_fields,,,,0.0875760029263439,,见原敏感性表,results/01_q1/q1_3_sensitivity.csv
1.3,componentwise_pm_5pct_phase1,task_main,reported_fields,,,,-0.0160026640190225,,见原敏感性表,results/01_q1/q1_3_sensitivity.csv
1.3,componentwise_pm_5pct_phase1,task_main,reported_fields,,,,0.0875760029263443,,见原敏感性表,results/01_q1/q1_3_sensitivity.csv
1.3,componentwise_pm_5pct_phase1,task_main,reported_fields,,,,-0.016002664019023,,见原敏感性表,results/01_q1/q1_3_sensitivity.csv
1.3,componentwise_pm_5pct_phase1,task_main,reported_fields,,,,0.0875760029263431,,见原敏感性表,results/01_q1/q1_3_sensitivity.csv
1.3,componentwise_pm_5pct_phase1,task_main,reported_fields,,,,-0.0160026640190219,,见原敏感性表,results/01_q1/q1_3_sensitivity.csv
1.3,componentwise_pm_5pct_phase1,task_main,reported_fields,,,,0.0875760029263443,,见原敏感性表,results/01_q1/q1_3_sensitivity.csv
1.3,componentwise_pm_5pct_phase1,task_main,reported_fields,,,,0.03578666945366,,见原敏感性表,results/01_q1/q1_3_sensitivity.csv
1.3,componentwise_pm_5pct_phase1,task_main,reported_fields,,,,0.0357866694536611,,见原敏感性表,results/01_q1/q1_3_sensitivity.csv
1.3,componentwise_pm_10pct_phase0,task_main,reported_fields,,,,0.0289023694159018,,见原敏感性表,results/01_q1/q1_3_sensitivity.csv
1.3,componentwise_pm_10pct_phase0,task_main,reported_fields,,,,-0.0646342096219081,,见原敏感性表,results/01_q1/q1_3_sensitivity.csv
1.3,componentwise_pm_10pct_phase0,task_main,reported_fields,,,,-0.0646342096219065,,见原敏感性表,results/01_q1/q1_3_sensitivity.csv
1.3,componentwise_pm_10pct_phase0,task_main,reported_fields,,,,-0.1581707886597166,,见原敏感性表,results/01_q1/q1_3_sensitivity.csv
1.3,componentwise_pm_10pct_phase0,task_main,reported_fields,,,,0.0289023694159018,,见原敏感性表,results/01_q1/q1_3_sensitivity.csv
1.3,componentwise_pm_10pct_phase0,task_main,reported_fields,,,,-0.1581707886597158,,见原敏感性表,results/01_q1/q1_3_sensitivity.csv
1.3,componentwise_pm_10pct_phase0,task_main,reported_fields,,,,0.0289023694159013,,见原敏感性表,results/01_q1/q1_3_sensitivity.csv
1.3,componentwise_pm_10pct_phase0,task_main,reported_fields,,,,-0.1581707886597161,,见原敏感性表,results/01_q1/q1_3_sensitivity.csv
1.3,componentwise_pm_10pct_phase0,task_main,reported_fields,,,,0.0289023694159012,,见原敏感性表,results/01_q1/q1_3_sensitivity.csv
1.3,componentwise_pm_10pct_phase0,task_main,reported_fields,,,,-0.1581707886597166,,见原敏感性表,results/01_q1/q1_3_sensitivity.csv
1.3,componentwise_pm_10pct_phase0,task_main,reported_fields,,,,0.0289023694159022,,见原敏感性表,results/01_q1/q1_3_sensitivity.csv
1.3,componentwise_pm_10pct_phase0,task_main,reported_fields,,,,-0.1581707886597161,,见原敏感性表,results/01_q1/q1_3_sensitivity.csv
1.3,componentwise_pm_10pct_phase0,task_main,reported_fields,,,,-0.0646342096219081,,见原敏感性表,results/01_q1/q1_3_sensitivity.csv
1.3,componentwise_pm_10pct_phase0,task_main,reported_fields,,,,-0.0646342096219073,,见原敏感性表,results/01_q1/q1_3_sensitivity.csv
1.3,componentwise_pm_10pct_phase1,task_main,reported_fields,,,,-0.0331932021930358,,见原敏感性表,results/01_q1/q1_3_sensitivity.csv
1.3,componentwise_pm_10pct_phase1,task_main,reported_fields,,,,0.0742297753410709,,见原敏感性表,results/01_q1/q1_3_sensitivity.csv
1.3,componentwise_pm_10pct_phase1,task_main,reported_fields,,,,0.0742297753410716,,见原敏感性表,results/01_q1/q1_3_sensitivity.csv
1.3,componentwise_pm_10pct_phase1,task_main,reported_fields,,,,0.1816527528751788,,见原敏感性表,results/01_q1/q1_3_sensitivity.csv
1.3,componentwise_pm_10pct_phase1,task_main,reported_fields,,,,-0.0331932021930368,,见原敏感性表,results/01_q1/q1_3_sensitivity.csv
1.3,componentwise_pm_10pct_phase1,task_main,reported_fields,,,,0.1816527528751785,,见原敏感性表,results/01_q1/q1_3_sensitivity.csv
1.3,componentwise_pm_10pct_phase1,task_main,reported_fields,,,,-0.0331932021930359,,见原敏感性表,results/01_q1/q1_3_sensitivity.csv
1.3,componentwise_pm_10pct_phase1,task_main,reported_fields,,,,0.1816527528751784,,见原敏感性表,results/01_q1/q1_3_sensitivity.csv
1.3,componentwise_pm_10pct_phase1,task_main,reported_fields,,,,-0.0331932021930363,,见原敏感性表,results/01_q1/q1_3_sensitivity.csv
1.3,componentwise_pm_10pct_phase1,task_main,reported_fields,,,,0.1816527528751783,,见原敏感性表,results/01_q1/q1_3_sensitivity.csv
1.3,componentwise_pm_10pct_phase1,task_main,reported_fields,,,,-0.0331932021930357,,见原敏感性表,results/01_q1/q1_3_sensitivity.csv
1.3,componentwise_pm_10pct_phase1,task_main,reported_fields,,,,0.1816527528751779,,见原敏感性表,results/01_q1/q1_3_sensitivity.csv
1.3,componentwise_pm_10pct_phase1,task_main,reported_fields,,,,0.0742297753410718,,见原敏感性表,results/01_q1/q1_3_sensitivity.csv
1.3,componentwise_pm_10pct_phase1,task_main,reported_fields,,,,0.0742297753410713,,见原敏感性表,results/01_q1/q1_3_sensitivity.csv
1.3,componentwise_pm_5pct_phase0,task_main,reported_fields,,,,0.0373775179362812,,见原敏感性表,results/01_q1/q1_3_sensitivity.csv
1.3,componentwise_pm_5pct_phase0,task_main,reported_fields,,,,-0.0120214114892568,,见原敏感性表,results/01_q1/q1_3_sensitivity.csv
1.3,componentwise_pm_5pct_phase0,task_main,reported_fields,,,,-0.012021411489256,,见原敏感性表,results/01_q1/q1_3_sensitivity.csv
1.3,componentwise_pm_5pct_phase0,task_main,reported_fields,,,,-0.0614203409147938,,见原敏感性表,results/01_q1/q1_3_sensitivity.csv
1.3,componentwise_pm_5pct_phase0,task_main,reported_fields,,,,-0.012021411489256,,见原敏感性表,results/01_q1/q1_3_sensitivity.csv
1.3,componentwise_pm_5pct_phase0,task_main,reported_fields,,,,-0.0614203409147945,,见原敏感性表,results/01_q1/q1_3_sensitivity.csv
1.3,componentwise_pm_5pct_phase0,task_main,reported_fields,,,,-0.0120214114892562,,见原敏感性表,results/01_q1/q1_3_sensitivity.csv
1.3,componentwise_pm_5pct_phase0,task_main,reported_fields,,,,-0.061420340914794,,见原敏感性表,results/01_q1/q1_3_sensitivity.csv
1.3,componentwise_pm_5pct_phase0,task_main,reported_fields,,,,0.0373775179362807,,见原敏感性表,results/01_q1/q1_3_sensitivity.csv
1.3,componentwise_pm_5pct_phase0,task_main,reported_fields,,,,-0.0614203409147933,,见原敏感性表,results/01_q1/q1_3_sensitivity.csv
1.3,componentwise_pm_5pct_phase0,task_main,reported_fields,,,,0.0373775179362818,,见原敏感性表,results/01_q1/q1_3_sensitivity.csv
1.3,componentwise_pm_5pct_phase0,task_main,reported_fields,,,,-0.0614203409147937,,见原敏感性表,results/01_q1/q1_3_sensitivity.csv
1.3,componentwise_pm_5pct_phase0,task_main,reported_fields,,,,-0.0120214114892579,,见原敏感性表,results/01_q1/q1_3_sensitivity.csv
1.3,componentwise_pm_5pct_phase0,task_main,reported_fields,,,,-0.0614203409147939,,见原敏感性表,results/01_q1/q1_3_sensitivity.csv
1.3,componentwise_pm_5pct_phase1,task_main,reported_fields,,,,-0.0382983176068779,,见原敏感性表,results/01_q1/q1_3_sensitivity.csv
1.3,componentwise_pm_5pct_phase1,task_main,reported_fields,,,,0.0123175604138121,,见原敏感性表,results/01_q1/q1_3_sensitivity.csv
1.3,componentwise_pm_5pct_phase1,task_main,reported_fields,,,,0.0123175604138122,,见原敏感性表,results/01_q1/q1_3_sensitivity.csv
1.3,componentwise_pm_5pct_phase1,task_main,reported_fields,,,,0.0629334384345026,,见原敏感性表,results/01_q1/q1_3_sensitivity.csv
1.3,componentwise_pm_5pct_phase1,task_main,reported_fields,,,,0.0123175604138123,,见原敏感性表,results/01_q1/q1_3_sensitivity.csv
1.3,componentwise_pm_5pct_phase1,task_main,reported_fields,,,,0.062933438434503,,见原敏感性表,results/01_q1/q1_3_sensitivity.csv
1.3,componentwise_pm_5pct_phase1,task_main,reported_fields,,,,0.0123175604138122,,见原敏感性表,results/01_q1/q1_3_sensitivity.csv
1.3,componentwise_pm_5pct_phase1,task_main,reported_fields,,,,0.0629334384345019,,见原敏感性表,results/01_q1/q1_3_sensitivity.csv
1.3,componentwise_pm_5pct_phase1,task_main,reported_fields,,,,-0.0382983176068789,,见原敏感性表,results/01_q1/q1_3_sensitivity.csv
1.3,componentwise_pm_5pct_phase1,task_main,reported_fields,,,,0.0629334384345035,,见原敏感性表,results/01_q1/q1_3_sensitivity.csv
1.3,componentwise_pm_5pct_phase1,task_main,reported_fields,,,,-0.0382983176068782,,见原敏感性表,results/01_q1/q1_3_sensitivity.csv
1.3,componentwise_pm_5pct_phase1,task_main,reported_fields,,,,0.0629334384345021,,见原敏感性表,results/01_q1/q1_3_sensitivity.csv
1.3,componentwise_pm_5pct_phase1,task_main,reported_fields,,,,0.0123175604138112,,见原敏感性表,results/01_q1/q1_3_sensitivity.csv
1.3,componentwise_pm_5pct_phase1,task_main,reported_fields,,,,0.0629334384345024,,见原敏感性表,results/01_q1/q1_3_sensitivity.csv
1.3,componentwise_pm_10pct_phase0,task_main,reported_fields,,,,0.0738670496729468,,见原敏感性表,results/01_q1/q1_3_sensitivity.csv
1.3,componentwise_pm_10pct_phase0,task_main,reported_fields,,,,-0.0237572275700491,,见原敏感性表,results/01_q1/q1_3_sensitivity.csv
1.3,componentwise_pm_10pct_phase0,task_main,reported_fields,,,,-0.0237572275700497,,见原敏感性表,results/01_q1/q1_3_sensitivity.csv
1.3,componentwise_pm_10pct_phase0,task_main,reported_fields,,,,-0.1213815048130447,,见原敏感性表,results/01_q1/q1_3_sensitivity.csv
1.3,componentwise_pm_10pct_phase0,task_main,reported_fields,,,,-0.0237572275700498,,见原敏感性表,results/01_q1/q1_3_sensitivity.csv
1.3,componentwise_pm_10pct_phase0,task_main,reported_fields,,,,-0.1213815048130449,,见原敏感性表,results/01_q1/q1_3_sensitivity.csv
1.3,componentwise_pm_10pct_phase0,task_main,reported_fields,,,,-0.02375722757005,,见原敏感性表,results/01_q1/q1_3_sensitivity.csv
1.3,componentwise_pm_10pct_phase0,task_main,reported_fields,,,,-0.1213815048130451,,见原敏感性表,results/01_q1/q1_3_sensitivity.csv
1.3,componentwise_pm_10pct_phase0,task_main,reported_fields,,,,0.0738670496729456,,见原敏感性表,results/01_q1/q1_3_sensitivity.csv
1.3,componentwise_pm_10pct_phase0,task_main,reported_fields,,,,-0.1213815048130442,,见原敏感性表,results/01_q1/q1_3_sensitivity.csv
1.3,componentwise_pm_10pct_phase0,task_main,reported_fields,,,,0.0738670496729455,,见原敏感性表,results/01_q1/q1_3_sensitivity.csv
1.3,componentwise_pm_10pct_phase0,task_main,reported_fields,,,,-0.1213815048130438,,见原敏感性表,results/01_q1/q1_3_sensitivity.csv
1.3,componentwise_pm_10pct_phase0,task_main,reported_fields,,,,-0.02375722757005,,见原敏感性表,results/01_q1/q1_3_sensitivity.csv
1.3,componentwise_pm_10pct_phase0,task_main,reported_fields,,,,-0.1213815048130443,,见原敏感性表,results/01_q1/q1_3_sensitivity.csv
1.3,componentwise_pm_10pct_phase1,task_main,reported_fields,,,,-0.0775518852454716,,见原敏感性表,results/01_q1/q1_3_sensitivity.csv
1.3,componentwise_pm_10pct_phase1,task_main,reported_fields,,,,0.0249423497272517,,见原敏感性表,results/01_q1/q1_3_sensitivity.csv
1.3,componentwise_pm_10pct_phase1,task_main,reported_fields,,,,0.0249423497272524,,见原敏感性表,results/01_q1/q1_3_sensitivity.csv
1.3,componentwise_pm_10pct_phase1,task_main,reported_fields,,,,0.1274365846999773,,见原敏感性表,results/01_q1/q1_3_sensitivity.csv
1.3,componentwise_pm_10pct_phase1,task_main,reported_fields,,,,0.0249423497272528,,见原敏感性表,results/01_q1/q1_3_sensitivity.csv
1.3,componentwise_pm_10pct_phase1,task_main,reported_fields,,,,0.1274365846999781,,见原敏感性表,results/01_q1/q1_3_sensitivity.csv
1.3,componentwise_pm_10pct_phase1,task_main,reported_fields,,,,0.0249423497272523,,见原敏感性表,results/01_q1/q1_3_sensitivity.csv
1.3,componentwise_pm_10pct_phase1,task_main,reported_fields,,,,0.1274365846999763,,见原敏感性表,results/01_q1/q1_3_sensitivity.csv
1.3,componentwise_pm_10pct_phase1,task_main,reported_fields,,,,-0.0775518852454728,,见原敏感性表,results/01_q1/q1_3_sensitivity.csv
1.3,componentwise_pm_10pct_phase1,task_main,reported_fields,,,,0.1274365846999779,,见原敏感性表,results/01_q1/q1_3_sensitivity.csv
1.3,componentwise_pm_10pct_phase1,task_main,reported_fields,,,,-0.0775518852454727,,见原敏感性表,results/01_q1/q1_3_sensitivity.csv
1.3,componentwise_pm_10pct_phase1,task_main,reported_fields,,,,0.1274365846999784,,见原敏感性表,results/01_q1/q1_3_sensitivity.csv
1.3,componentwise_pm_10pct_phase1,task_main,reported_fields,,,,0.0249423497272513,,见原敏感性表,results/01_q1/q1_3_sensitivity.csv
1.3,componentwise_pm_10pct_phase1,task_main,reported_fields,,,,0.1274365846999774,,见原敏感性表,results/01_q1/q1_3_sensitivity.csv
1.3,componentwise_pm_5pct_phase0,task_main,reported_fields,,,,0.0657752631791869,,见原敏感性表,results/01_q1/q1_3_sensitivity.csv
1.3,componentwise_pm_5pct_phase0,task_main,reported_fields,,,,0.015024060170654,,见原敏感性表,results/01_q1/q1_3_sensitivity.csv
1.3,componentwise_pm_5pct_phase0,task_main,reported_fields,,,,0.065775263179187,,见原敏感性表,results/01_q1/q1_3_sensitivity.csv
1.3,componentwise_pm_5pct_phase0,task_main,reported_fields,,,,-0.0357271428378787,,见原敏感性表,results/01_q1/q1_3_sensitivity.csv
1.3,componentwise_pm_5pct_phase0,task_main,reported_fields,,,,0.0150240601706544,,见原敏感性表,results/01_q1/q1_3_sensitivity.csv
1.3,componentwise_pm_5pct_phase0,task_main,reported_fields,,,,-0.0357271428378785,,见原敏感性表,results/01_q1/q1_3_sensitivity.csv
1.3,componentwise_pm_5pct_phase0,task_main,reported_fields,,,,0.0150240601706545,,见原敏感性表,results/01_q1/q1_3_sensitivity.csv
1.3,componentwise_pm_5pct_phase0,task_main,reported_fields,,,,-0.0357271428378782,,见原敏感性表,results/01_q1/q1_3_sensitivity.csv
1.3,componentwise_pm_5pct_phase0,task_main,reported_fields,,,,0.0657752631791869,,见原敏感性表,results/01_q1/q1_3_sensitivity.csv
1.3,componentwise_pm_5pct_phase0,task_main,reported_fields,,,,-0.0357271428378787,,见原敏感性表,results/01_q1/q1_3_sensitivity.csv
1.3,componentwise_pm_5pct_phase0,task_main,reported_fields,,,,0.0657752631791871,,见原敏感性表,results/01_q1/q1_3_sensitivity.csv
1.3,componentwise_pm_5pct_phase0,task_main,reported_fields,,,,-0.0357271428378788,,见原敏感性表,results/01_q1/q1_3_sensitivity.csv
1.3,componentwise_pm_5pct_phase0,task_main,reported_fields,,,,0.0150240601706551,,见原敏感性表,results/01_q1/q1_3_sensitivity.csv
1.3,componentwise_pm_5pct_phase0,task_main,reported_fields,,,,-0.0357271428378788,,见原敏感性表,results/01_q1/q1_3_sensitivity.csv
1.3,componentwise_pm_5pct_phase1,task_main,reported_fields,,,,-0.0638564955173086,,见原敏感性表,results/01_q1/q1_3_sensitivity.csv
1.3,componentwise_pm_5pct_phase1,task_main,reported_fields,,,,-0.0145857847550618,,见原敏感性表,results/01_q1/q1_3_sensitivity.csv
1.3,componentwise_pm_5pct_phase1,task_main,reported_fields,,,,-0.0638564955173089,,见原敏感性表,results/01_q1/q1_3_sensitivity.csv
1.3,componentwise_pm_5pct_phase1,task_main,reported_fields,,,,0.0346849260071857,,见原敏感性表,results/01_q1/q1_3_sensitivity.csv
1.3,componentwise_pm_5pct_phase1,task_main,reported_fields,,,,-0.0145857847550615,,见原敏感性表,results/01_q1/q1_3_sensitivity.csv
1.3,componentwise_pm_5pct_phase1,task_main,reported_fields,,,,0.0346849260071846,,见原敏感性表,results/01_q1/q1_3_sensitivity.csv
1.3,componentwise_pm_5pct_phase1,task_main,reported_fields,,,,-0.0145857847550613,,见原敏感性表,results/01_q1/q1_3_sensitivity.csv
1.3,componentwise_pm_5pct_phase1,task_main,reported_fields,,,,0.0346849260071857,,见原敏感性表,results/01_q1/q1_3_sensitivity.csv
1.3,componentwise_pm_5pct_phase1,task_main,reported_fields,,,,-0.0638564955173084,,见原敏感性表,results/01_q1/q1_3_sensitivity.csv
1.3,componentwise_pm_5pct_phase1,task_main,reported_fields,,,,0.0346849260071858,,见原敏感性表,results/01_q1/q1_3_sensitivity.csv
1.3,componentwise_pm_5pct_phase1,task_main,reported_fields,,,,-0.0638564955173083,,见原敏感性表,results/01_q1/q1_3_sensitivity.csv
1.3,componentwise_pm_5pct_phase1,task_main,reported_fields,,,,0.0346849260071855,,见原敏感性表,results/01_q1/q1_3_sensitivity.csv
1.3,componentwise_pm_5pct_phase1,task_main,reported_fields,,,,-0.0145857847550606,,见原敏感性表,results/01_q1/q1_3_sensitivity.csv
1.3,componentwise_pm_5pct_phase1,task_main,reported_fields,,,,0.0346849260071855,,见原敏感性表,results/01_q1/q1_3_sensitivity.csv
1.3,componentwise_pm_10pct_phase0,task_main,reported_fields,,,,0.1335570962080206,,见原敏感性表,results/01_q1/q1_3_sensitivity.csv
1.3,componentwise_pm_10pct_phase0,task_main,reported_fields,,,,0.0305064510981993,,见原敏感性表,results/01_q1/q1_3_sensitivity.csv
1.3,componentwise_pm_10pct_phase0,task_main,reported_fields,,,,0.1335570962080197,,见原敏感性表,results/01_q1/q1_3_sensitivity.csv
1.3,componentwise_pm_10pct_phase0,task_main,reported_fields,,,,-0.0725441940116195,,见原敏感性表,results/01_q1/q1_3_sensitivity.csv
1.3,componentwise_pm_10pct_phase0,task_main,reported_fields,,,,0.0305064510981997,,见原敏感性表,results/01_q1/q1_3_sensitivity.csv
1.3,componentwise_pm_10pct_phase0,task_main,reported_fields,,,,-0.0725441940116195,,见原敏感性表,results/01_q1/q1_3_sensitivity.csv
1.3,componentwise_pm_10pct_phase0,task_main,reported_fields,,,,0.030506451098201,,见原敏感性表,results/01_q1/q1_3_sensitivity.csv
1.3,componentwise_pm_10pct_phase0,task_main,reported_fields,,,,-0.0725441940116197,,见原敏感性表,results/01_q1/q1_3_sensitivity.csv
1.3,componentwise_pm_10pct_phase0,task_main,reported_fields,,,,0.1335570962080207,,见原敏感性表,results/01_q1/q1_3_sensitivity.csv
1.3,componentwise_pm_10pct_phase0,task_main,reported_fields,,,,-0.0725441940116195,,见原敏感性表,results/01_q1/q1_3_sensitivity.csv
1.3,componentwise_pm_10pct_phase0,task_main,reported_fields,,,,0.1335570962080203,,见原敏感性表,results/01_q1/q1_3_sensitivity.csv
1.3,componentwise_pm_10pct_phase0,task_main,reported_fields,,,,-0.0725441940116195,,见原敏感性表,results/01_q1/q1_3_sensitivity.csv
1.3,componentwise_pm_10pct_phase0,task_main,reported_fields,,,,0.0305064510982009,,见原敏感性表,results/01_q1/q1_3_sensitivity.csv
1.3,componentwise_pm_10pct_phase0,task_main,reported_fields,,,,-0.0725441940116197,,见原敏感性表,results/01_q1/q1_3_sensitivity.csv
1.3,componentwise_pm_10pct_phase1,task_main,reported_fields,,,,-0.1258769765490549,,见原敏感性表,results/01_q1/q1_3_sensitivity.csv
1.3,componentwise_pm_10pct_phase1,task_main,reported_fields,,,,-0.0287521961656172,,见原敏感性表,results/01_q1/q1_3_sensitivity.csv
1.3,componentwise_pm_10pct_phase1,task_main,reported_fields,,,,-0.1258769765490535,,见原敏感性表,results/01_q1/q1_3_sensitivity.csv
1.3,componentwise_pm_10pct_phase1,task_main,reported_fields,,,,0.0683725842178222,,见原敏感性表,results/01_q1/q1_3_sensitivity.csv
1.3,componentwise_pm_10pct_phase1,task_main,reported_fields,,,,-0.0287521961656153,,见原敏感性表,results/01_q1/q1_3_sensitivity.csv
1.3,componentwise_pm_10pct_phase1,task_main,reported_fields,,,,0.0683725842178225,,见原敏感性表,results/01_q1/q1_3_sensitivity.csv
1.3,componentwise_pm_10pct_phase1,task_main,reported_fields,,,,-0.0287521961656152,,见原敏感性表,results/01_q1/q1_3_sensitivity.csv
1.3,componentwise_pm_10pct_phase1,task_main,reported_fields,,,,0.0683725842178222,,见原敏感性表,results/01_q1/q1_3_sensitivity.csv
1.3,componentwise_pm_10pct_phase1,task_main,reported_fields,,,,-0.1258769765490542,,见原敏感性表,results/01_q1/q1_3_sensitivity.csv
1.3,componentwise_pm_10pct_phase1,task_main,reported_fields,,,,0.0683725842178221,,见原敏感性表,results/01_q1/q1_3_sensitivity.csv
1.3,componentwise_pm_10pct_phase1,task_main,reported_fields,,,,-0.1258769765490539,,见原敏感性表,results/01_q1/q1_3_sensitivity.csv
1.3,componentwise_pm_10pct_phase1,task_main,reported_fields,,,,0.0683725842178228,,见原敏感性表,results/01_q1/q1_3_sensitivity.csv
1.3,componentwise_pm_10pct_phase1,task_main,reported_fields,,,,-0.0287521961656171,,见原敏感性表,results/01_q1/q1_3_sensitivity.csv
1.3,componentwise_pm_10pct_phase1,task_main,reported_fields,,,,0.0683725842178232,,见原敏感性表,results/01_q1/q1_3_sensitivity.csv
1.3,componentwise_pm_5pct_phase0,task_main,reported_fields,,,,0.01222907505874,,见原敏感性表,results/01_q1/q1_3_sensitivity.csv
1.3,componentwise_pm_5pct_phase0,task_main,reported_fields,,,,-0.035972309467866,,见原敏感性表,results/01_q1/q1_3_sensitivity.csv
1.3,componentwise_pm_5pct_phase0,task_main,reported_fields,,,,0.0122290750587413,,见原敏感性表,results/01_q1/q1_3_sensitivity.csv
1.3,componentwise_pm_5pct_phase0,task_main,reported_fields,,,,-0.0841736939944704,,见原敏感性表,results/01_q1/q1_3_sensitivity.csv
1.3,componentwise_pm_5pct_phase0,task_main,reported_fields,,,,-0.0359723094678666,,见原敏感性表,results/01_q1/q1_3_sensitivity.csv
1.3,componentwise_pm_5pct_phase0,task_main,reported_fields,,,,-0.0841736939944718,,见原敏感性表,results/01_q1/q1_3_sensitivity.csv
1.3,componentwise_pm_5pct_phase0,task_main,reported_fields,,,,0.0122290750587431,,见原敏感性表,results/01_q1/q1_3_sensitivity.csv
1.3,componentwise_pm_5pct_phase0,task_main,reported_fields,,,,-0.0841736939944703,,见原敏感性表,results/01_q1/q1_3_sensitivity.csv
1.3,componentwise_pm_5pct_phase0,task_main,reported_fields,,,,0.0122290750587424,,见原敏感性表,results/01_q1/q1_3_sensitivity.csv
1.3,componentwise_pm_5pct_phase0,task_main,reported_fields,,,,-0.084173693994472,,见原敏感性表,results/01_q1/q1_3_sensitivity.csv
1.3,componentwise_pm_5pct_phase0,task_main,reported_fields,,,,0.012229075058743,,见原敏感性表,results/01_q1/q1_3_sensitivity.csv
1.3,componentwise_pm_5pct_phase0,task_main,reported_fields,,,,-0.0841736939944719,,见原敏感性表,results/01_q1/q1_3_sensitivity.csv
1.3,componentwise_pm_5pct_phase0,task_main,reported_fields,,,,-0.0359723094678656,,见原敏感性表,results/01_q1/q1_3_sensitivity.csv
1.3,componentwise_pm_5pct_phase0,task_main,reported_fields,,,,-0.0359723094678649,,见原敏感性表,results/01_q1/q1_3_sensitivity.csv
1.3,componentwise_pm_5pct_phase1,task_main,reported_fields,,,,-0.0131770962253538,,见原敏感性表,results/01_q1/q1_3_sensitivity.csv
1.3,componentwise_pm_5pct_phase1,task_main,reported_fields,,,,0.0387609513417327,,见原敏感性表,results/01_q1/q1_3_sensitivity.csv
1.3,componentwise_pm_5pct_phase1,task_main,reported_fields,,,,-0.0131770962253526,,见原敏感性表,results/01_q1/q1_3_sensitivity.csv
1.3,componentwise_pm_5pct_phase1,task_main,reported_fields,,,,0.0906989989088214,,见原敏感性表,results/01_q1/q1_3_sensitivity.csv
1.3,componentwise_pm_5pct_phase1,task_main,reported_fields,,,,0.0387609513417325,,见原敏感性表,results/01_q1/q1_3_sensitivity.csv
1.3,componentwise_pm_5pct_phase1,task_main,reported_fields,,,,0.09069899890882,,见原敏感性表,results/01_q1/q1_3_sensitivity.csv
1.3,componentwise_pm_5pct_phase1,task_main,reported_fields,,,,-0.0131770962253534,,见原敏感性表,results/01_q1/q1_3_sensitivity.csv
1.3,componentwise_pm_5pct_phase1,task_main,reported_fields,,,,0.0906989989088205,,见原敏感性表,results/01_q1/q1_3_sensitivity.csv
1.3,componentwise_pm_5pct_phase1,task_main,reported_fields,,,,-0.0131770962253532,,见原敏感性表,results/01_q1/q1_3_sensitivity.csv
1.3,componentwise_pm_5pct_phase1,task_main,reported_fields,,,,0.0906989989088195,,见原敏感性表,results/01_q1/q1_3_sensitivity.csv
1.3,componentwise_pm_5pct_phase1,task_main,reported_fields,,,,-0.0131770962253518,,见原敏感性表,results/01_q1/q1_3_sensitivity.csv
1.3,componentwise_pm_5pct_phase1,task_main,reported_fields,,,,0.0906989989088185,,见原敏感性表,results/01_q1/q1_3_sensitivity.csv
1.3,componentwise_pm_5pct_phase1,task_main,reported_fields,,,,0.0387609513417328,,见原敏感性表,results/01_q1/q1_3_sensitivity.csv
1.3,componentwise_pm_5pct_phase1,task_main,reported_fields,,,,0.0387609513417334,,见原敏感性表,results/01_q1/q1_3_sensitivity.csv
1.3,componentwise_pm_10pct_phase0,task_main,reported_fields,,,,0.0236088840347906,,见原敏感性表,results/01_q1/q1_3_sensitivity.csv
1.3,componentwise_pm_10pct_phase0,task_main,reported_fields,,,,-0.0694464690592814,,见原敏感性表,results/01_q1/q1_3_sensitivity.csv
1.3,componentwise_pm_10pct_phase0,task_main,reported_fields,,,,0.0236088840347927,,见原敏感性表,results/01_q1/q1_3_sensitivity.csv
1.3,componentwise_pm_10pct_phase0,task_main,reported_fields,,,,-0.1625018221533518,,见原敏感性表,results/01_q1/q1_3_sensitivity.csv
1.3,componentwise_pm_10pct_phase0,task_main,reported_fields,,,,-0.069446469059281,,见原敏感性表,results/01_q1/q1_3_sensitivity.csv
1.3,componentwise_pm_10pct_phase0,task_main,reported_fields,,,,-0.1625018221533527,,见原敏感性表,results/01_q1/q1_3_sensitivity.csv
1.3,componentwise_pm_10pct_phase0,task_main,reported_fields,,,,0.0236088840347918,,见原敏感性表,results/01_q1/q1_3_sensitivity.csv
1.3,componentwise_pm_10pct_phase0,task_main,reported_fields,,,,-0.1625018221533525,,见原敏感性表,results/01_q1/q1_3_sensitivity.csv
1.3,componentwise_pm_10pct_phase0,task_main,reported_fields,,,,0.0236088840347925,,见原敏感性表,results/01_q1/q1_3_sensitivity.csv
1.3,componentwise_pm_10pct_phase0,task_main,reported_fields,,,,-0.1625018221533525,,见原敏感性表,results/01_q1/q1_3_sensitivity.csv
1.3,componentwise_pm_10pct_phase0,task_main,reported_fields,,,,0.0236088840347917,,见原敏感性表,results/01_q1/q1_3_sensitivity.csv
1.3,componentwise_pm_10pct_phase0,task_main,reported_fields,,,,-0.1625018221533518,,见原敏感性表,results/01_q1/q1_3_sensitivity.csv
1.3,componentwise_pm_10pct_phase0,task_main,reported_fields,,,,-0.0694464690592808,,见原敏感性表,results/01_q1/q1_3_sensitivity.csv
1.3,componentwise_pm_10pct_phase0,task_main,reported_fields,,,,-0.0694464690592807,,见原敏感性表,results/01_q1/q1_3_sensitivity.csv
1.3,componentwise_pm_10pct_phase1,task_main,reported_fields,,,,-0.0274168974798654,,见原敏感性表,results/01_q1/q1_3_sensitivity.csv
1.3,componentwise_pm_10pct_phase1,task_main,reported_fields,,,,0.0806478916890371,,见原敏感性表,results/01_q1/q1_3_sensitivity.csv
1.3,componentwise_pm_10pct_phase1,task_main,reported_fields,,,,-0.027416897479865,,见原敏感性表,results/01_q1/q1_3_sensitivity.csv
1.3,componentwise_pm_10pct_phase1,task_main,reported_fields,,,,0.1887126808579429,,见原敏感性表,results/01_q1/q1_3_sensitivity.csv
1.3,componentwise_pm_10pct_phase1,task_main,reported_fields,,,,0.0806478916890381,,见原敏感性表,results/01_q1/q1_3_sensitivity.csv
1.3,componentwise_pm_10pct_phase1,task_main,reported_fields,,,,0.188712680857942,,见原敏感性表,results/01_q1/q1_3_sensitivity.csv
1.3,componentwise_pm_10pct_phase1,task_main,reported_fields,,,,-0.0274168974798651,,见原敏感性表,results/01_q1/q1_3_sensitivity.csv
1.3,componentwise_pm_10pct_phase1,task_main,reported_fields,,,,0.1887126808579431,,见原敏感性表,results/01_q1/q1_3_sensitivity.csv
1.3,componentwise_pm_10pct_phase1,task_main,reported_fields,,,,-0.0274168974798649,,见原敏感性表,results/01_q1/q1_3_sensitivity.csv
1.3,componentwise_pm_10pct_phase1,task_main,reported_fields,,,,0.1887126808579418,,见原敏感性表,results/01_q1/q1_3_sensitivity.csv
1.3,componentwise_pm_10pct_phase1,task_main,reported_fields,,,,-0.0274168974798651,,见原敏感性表,results/01_q1/q1_3_sensitivity.csv
1.3,componentwise_pm_10pct_phase1,task_main,reported_fields,,,,0.1887126808579409,,见原敏感性表,results/01_q1/q1_3_sensitivity.csv
1.3,componentwise_pm_10pct_phase1,task_main,reported_fields,,,,0.0806478916890373,,见原敏感性表,results/01_q1/q1_3_sensitivity.csv
1.3,componentwise_pm_10pct_phase1,task_main,reported_fields,,,,0.0806478916890376,,见原敏感性表,results/01_q1/q1_3_sensitivity.csv
1.3,componentwise_pm_5pct_phase0,task_main,reported_fields,,,,0.0124237624433044,,见原敏感性表,results/01_q1/q1_3_sensitivity.csv
1.3,componentwise_pm_5pct_phase0,task_main,reported_fields,,,,-0.0839975482655819,,见原敏感性表,results/01_q1/q1_3_sensitivity.csv
1.3,componentwise_pm_5pct_phase0,task_main,reported_fields,,,,0.0124237624433043,,见原敏感性表,results/01_q1/q1_3_sensitivity.csv
1.3,componentwise_pm_5pct_phase0,task_main,reported_fields,,,,-0.0839975482655824,,见原敏感性表,results/01_q1/q1_3_sensitivity.csv
1.3,componentwise_pm_5pct_phase0,task_main,reported_fields,,,,-0.0357868929111394,,见原敏感性表,results/01_q1/q1_3_sensitivity.csv
1.3,componentwise_pm_5pct_phase0,task_main,reported_fields,,,,-0.0839975482655814,,见原敏感性表,results/01_q1/q1_3_sensitivity.csv
1.3,componentwise_pm_5pct_phase0,task_main,reported_fields,,,,0.0124237624433026,,见原敏感性表,results/01_q1/q1_3_sensitivity.csv
1.3,componentwise_pm_5pct_phase0,task_main,reported_fields,,,,-0.0839975482655814,,见原敏感性表,results/01_q1/q1_3_sensitivity.csv
1.3,componentwise_pm_5pct_phase0,task_main,reported_fields,,,,0.0124237624433045,,见原敏感性表,results/01_q1/q1_3_sensitivity.csv
1.3,componentwise_pm_5pct_phase0,task_main,reported_fields,,,,-0.0839975482655819,,见原敏感性表,results/01_q1/q1_3_sensitivity.csv
1.3,componentwise_pm_5pct_phase0,task_main,reported_fields,,,,0.0124237624433044,,见原敏感性表,results/01_q1/q1_3_sensitivity.csv
1.3,componentwise_pm_5pct_phase0,task_main,reported_fields,,,,-0.0839975482655829,,见原敏感性表,results/01_q1/q1_3_sensitivity.csv
1.3,componentwise_pm_5pct_phase0,task_main,reported_fields,,,,-0.0357868929111386,,见原敏感性表,results/01_q1/q1_3_sensitivity.csv
1.3,componentwise_pm_5pct_phase0,task_main,reported_fields,,,,-0.0357868929111387,,见原敏感性表,results/01_q1/q1_3_sensitivity.csv
1.3,componentwise_pm_5pct_phase1,task_main,reported_fields,,,,-0.0133815291442491,,见原敏感性表,results/01_q1/q1_3_sensitivity.csv
1.3,componentwise_pm_5pct_phase1,task_main,reported_fields,,,,0.0904730467353026,,见原敏感性表,results/01_q1/q1_3_sensitivity.csv
1.3,componentwise_pm_5pct_phase1,task_main,reported_fields,,,,-0.0133815291442483,,见原敏感性表,results/01_q1/q1_3_sensitivity.csv
1.3,componentwise_pm_5pct_phase1,task_main,reported_fields,,,,0.090473046735303,,见原敏感性表,results/01_q1/q1_3_sensitivity.csv
1.3,componentwise_pm_5pct_phase1,task_main,reported_fields,,,,0.0385457587955267,,见原敏感性表,results/01_q1/q1_3_sensitivity.csv
1.3,componentwise_pm_5pct_phase1,task_main,reported_fields,,,,0.0904730467353031,,见原敏感性表,results/01_q1/q1_3_sensitivity.csv
1.3,componentwise_pm_5pct_phase1,task_main,reported_fields,,,,-0.0133815291442493,,见原敏感性表,results/01_q1/q1_3_sensitivity.csv
1.3,componentwise_pm_5pct_phase1,task_main,reported_fields,,,,0.0904730467353032,,见原敏感性表,results/01_q1/q1_3_sensitivity.csv
1.3,componentwise_pm_5pct_phase1,task_main,reported_fields,,,,-0.0133815291442492,,见原敏感性表,results/01_q1/q1_3_sensitivity.csv
1.3,componentwise_pm_5pct_phase1,task_main,reported_fields,,,,0.0904730467353035,,见原敏感性表,results/01_q1/q1_3_sensitivity.csv
1.3,componentwise_pm_5pct_phase1,task_main,reported_fields,,,,-0.013381529144251,,见原敏感性表,results/01_q1/q1_3_sensitivity.csv
1.3,componentwise_pm_5pct_phase1,task_main,reported_fields,,,,0.0904730467353013,,见原敏感性表,results/01_q1/q1_3_sensitivity.csv
1.3,componentwise_pm_5pct_phase1,task_main,reported_fields,,,,0.0385457587955259,,见原敏感性表,results/01_q1/q1_3_sensitivity.csv
1.3,componentwise_pm_5pct_phase1,task_main,reported_fields,,,,0.0385457587955263,,见原敏感性表,results/01_q1/q1_3_sensitivity.csv
1.3,componentwise_pm_10pct_phase0,task_main,reported_fields,,,,0.0239890319685097,,见原敏感性表,results/01_q1/q1_3_sensitivity.csv
1.3,componentwise_pm_10pct_phase0,task_main,reported_fields,,,,-0.1621907920257652,,见原敏感性表,results/01_q1/q1_3_sensitivity.csv
1.3,componentwise_pm_10pct_phase0,task_main,reported_fields,,,,0.0239890319685096,,见原敏感性表,results/01_q1/q1_3_sensitivity.csv
1.3,componentwise_pm_10pct_phase0,task_main,reported_fields,,,,-0.162190792025766,,见原敏感性表,results/01_q1/q1_3_sensitivity.csv
1.3,componentwise_pm_10pct_phase0,task_main,reported_fields,,,,-0.0691008800286289,,见原敏感性表,results/01_q1/q1_3_sensitivity.csv
1.3,componentwise_pm_10pct_phase0,task_main,reported_fields,,,,-0.162190792025765,,见原敏感性表,results/01_q1/q1_3_sensitivity.csv
1.3,componentwise_pm_10pct_phase0,task_main,reported_fields,,,,0.0239890319685097,,见原敏感性表,results/01_q1/q1_3_sensitivity.csv
1.3,componentwise_pm_10pct_phase0,task_main,reported_fields,,,,-0.1621907920257651,,见原敏感性表,results/01_q1/q1_3_sensitivity.csv
1.3,componentwise_pm_10pct_phase0,task_main,reported_fields,,,,0.0239890319685089,,见原敏感性表,results/01_q1/q1_3_sensitivity.csv
1.3,componentwise_pm_10pct_phase0,task_main,reported_fields,,,,-0.1621907920257647,,见原敏感性表,results/01_q1/q1_3_sensitivity.csv
1.3,componentwise_pm_10pct_phase0,task_main,reported_fields,,,,0.0239890319685095,,见原敏感性表,results/01_q1/q1_3_sensitivity.csv
1.3,componentwise_pm_10pct_phase0,task_main,reported_fields,,,,-0.1621907920257658,,见原敏感性表,results/01_q1/q1_3_sensitivity.csv
1.3,componentwise_pm_10pct_phase0,task_main,reported_fields,,,,-0.0691008800286282,,见原敏感性表,results/01_q1/q1_3_sensitivity.csv
1.3,componentwise_pm_10pct_phase0,task_main,reported_fields,,,,-0.0691008800286278,,见原敏感性表,results/01_q1/q1_3_sensitivity.csv
1.3,componentwise_pm_10pct_phase1,task_main,reported_fields,,,,-0.027836018753186,,见原敏感性表,results/01_q1/q1_3_sensitivity.csv
1.3,componentwise_pm_10pct_phase1,task_main,reported_fields,,,,0.1882004215238822,,见原敏感性表,results/01_q1/q1_3_sensitivity.csv
1.3,componentwise_pm_10pct_phase1,task_main,reported_fields,,,,-0.0278360187531861,,见原敏感性表,results/01_q1/q1_3_sensitivity.csv
1.3,componentwise_pm_10pct_phase1,task_main,reported_fields,,,,0.1882004215238819,,见原敏感性表,results/01_q1/q1_3_sensitivity.csv
1.3,componentwise_pm_10pct_phase1,task_main,reported_fields,,,,0.0801822013853484,,见原敏感性表,results/01_q1/q1_3_sensitivity.csv
1.3,componentwise_pm_10pct_phase1,task_main,reported_fields,,,,0.1882004215238832,,见原敏感性表,results/01_q1/q1_3_sensitivity.csv
1.3,componentwise_pm_10pct_phase1,task_main,reported_fields,,,,-0.0278360187531879,,见原敏感性表,results/01_q1/q1_3_sensitivity.csv
1.3,componentwise_pm_10pct_phase1,task_main,reported_fields,,,,0.1882004215238832,,见原敏感性表,results/01_q1/q1_3_sensitivity.csv
1.3,componentwise_pm_10pct_phase1,task_main,reported_fields,,,,-0.0278360187531873,,见原敏感性表,results/01_q1/q1_3_sensitivity.csv
1.3,componentwise_pm_10pct_phase1,task_main,reported_fields,,,,0.1882004215238837,,见原敏感性表,results/01_q1/q1_3_sensitivity.csv
1.3,componentwise_pm_10pct_phase1,task_main,reported_fields,,,,-0.0278360187531879,,见原敏感性表,results/01_q1/q1_3_sensitivity.csv
1.3,componentwise_pm_10pct_phase1,task_main,reported_fields,,,,0.1882004215238821,,见原敏感性表,results/01_q1/q1_3_sensitivity.csv
1.3,componentwise_pm_10pct_phase1,task_main,reported_fields,,,,0.0801822013853466,,见原敏感性表,results/01_q1/q1_3_sensitivity.csv
1.3,componentwise_pm_10pct_phase1,task_main,reported_fields,,,,0.0801822013853468,,见原敏感性表,results/01_q1/q1_3_sensitivity.csv
1.3,componentwise_pm_5pct_phase0,task_main,reported_fields,,,,0.0137812453453588,,见原敏感性表,results/01_q1/q1_3_sensitivity.csv
1.3,componentwise_pm_5pct_phase0,task_main,reported_fields,,,,-0.082769349449439,,见原敏感性表,results/01_q1/q1_3_sensitivity.csv
1.3,componentwise_pm_5pct_phase0,task_main,reported_fields,,,,-0.0344940520520394,,见原敏感性表,results/01_q1/q1_3_sensitivity.csv
1.3,componentwise_pm_5pct_phase0,task_main,reported_fields,,,,-0.082769349449438,,见原敏感性表,results/01_q1/q1_3_sensitivity.csv
1.3,componentwise_pm_5pct_phase0,task_main,reported_fields,,,,-0.0344940520520409,,见原敏感性表,results/01_q1/q1_3_sensitivity.csv
1.3,componentwise_pm_5pct_phase0,task_main,reported_fields,,,,-0.0827693494494381,,见原敏感性表,results/01_q1/q1_3_sensitivity.csv
1.3,componentwise_pm_5pct_phase0,task_main,reported_fields,,,,0.0137812453453571,,见原敏感性表,results/01_q1/q1_3_sensitivity.csv
1.3,componentwise_pm_5pct_phase0,task_main,reported_fields,,,,-0.0827693494494379,,见原敏感性表,results/01_q1/q1_3_sensitivity.csv
1.3,componentwise_pm_5pct_phase0,task_main,reported_fields,,,,0.0137812453453578,,见原敏感性表,results/01_q1/q1_3_sensitivity.csv
1.3,componentwise_pm_5pct_phase0,task_main,reported_fields,,,,-0.0827693494494384,,见原敏感性表,results/01_q1/q1_3_sensitivity.csv
1.3,componentwise_pm_5pct_phase0,task_main,reported_fields,,,,0.0137812453453571,,见原敏感性表,results/01_q1/q1_3_sensitivity.csv
1.3,componentwise_pm_5pct_phase0,task_main,reported_fields,,,,-0.082769349449438,,见原敏感性表,results/01_q1/q1_3_sensitivity.csv
1.3,componentwise_pm_5pct_phase0,task_main,reported_fields,,,,-0.0344940520520391,,见原敏感性表,results/01_q1/q1_3_sensitivity.csv
1.3,componentwise_pm_5pct_phase0,task_main,reported_fields,,,,-0.0344940520520405,,见原敏感性表,results/01_q1/q1_3_sensitivity.csv
1.3,componentwise_pm_5pct_phase1,task_main,reported_fields,,,,-0.0148024374404973,,见原敏感性表,results/01_q1/q1_3_sensitivity.csv
1.3,componentwise_pm_5pct_phase1,task_main,reported_fields,,,,0.0889025691447132,,见原敏感性表,results/01_q1/q1_3_sensitivity.csv
1.3,componentwise_pm_5pct_phase1,task_main,reported_fields,,,,0.0370500658521083,,见原敏感性表,results/01_q1/q1_3_sensitivity.csv
1.3,componentwise_pm_5pct_phase1,task_main,reported_fields,,,,0.0889025691447142,,见原敏感性表,results/01_q1/q1_3_sensitivity.csv
1.3,componentwise_pm_5pct_phase1,task_main,reported_fields,,,,0.0370500658521066,,见原敏感性表,results/01_q1/q1_3_sensitivity.csv
1.3,componentwise_pm_5pct_phase1,task_main,reported_fields,,,,0.0889025691447137,,见原敏感性表,results/01_q1/q1_3_sensitivity.csv
1.3,componentwise_pm_5pct_phase1,task_main,reported_fields,,,,-0.0148024374404972,,见原敏感性表,results/01_q1/q1_3_sensitivity.csv
1.3,componentwise_pm_5pct_phase1,task_main,reported_fields,,,,0.088902569144713,,见原敏感性表,results/01_q1/q1_3_sensitivity.csv
1.3,componentwise_pm_5pct_phase1,task_main,reported_fields,,,,-0.0148024374404986,,见原敏感性表,results/01_q1/q1_3_sensitivity.csv
1.3,componentwise_pm_5pct_phase1,task_main,reported_fields,,,,0.088902569144713,,见原敏感性表,results/01_q1/q1_3_sensitivity.csv
1.3,componentwise_pm_5pct_phase1,task_main,reported_fields,,,,-0.0148024374404972,,见原敏感性表,results/01_q1/q1_3_sensitivity.csv
1.3,componentwise_pm_5pct_phase1,task_main,reported_fields,,,,0.0889025691447141,,见原敏感性表,results/01_q1/q1_3_sensitivity.csv
1.3,componentwise_pm_5pct_phase1,task_main,reported_fields,,,,0.0370500658521086,,见原敏感性表,results/01_q1/q1_3_sensitivity.csv
1.3,componentwise_pm_5pct_phase1,task_main,reported_fields,,,,0.0370500658521074,,见原敏感性表,results/01_q1/q1_3_sensitivity.csv
1.3,componentwise_pm_10pct_phase0,task_main,reported_fields,,,,0.0266434501349169,,见原敏感性表,results/01_q1/q1_3_sensitivity.csv
1.3,componentwise_pm_10pct_phase0,task_main,reported_fields,,,,-0.1600189953441591,,见原敏感性表,results/01_q1/q1_3_sensitivity.csv
1.3,componentwise_pm_10pct_phase0,task_main,reported_fields,,,,-0.0666877726046199,,见原敏感性表,results/01_q1/q1_3_sensitivity.csv
1.3,componentwise_pm_10pct_phase0,task_main,reported_fields,,,,-0.1600189953441591,,见原敏感性表,results/01_q1/q1_3_sensitivity.csv
1.3,componentwise_pm_10pct_phase0,task_main,reported_fields,,,,-0.0666877726046215,,见原敏感性表,results/01_q1/q1_3_sensitivity.csv
1.3,componentwise_pm_10pct_phase0,task_main,reported_fields,,,,-0.1600189953441593,,见原敏感性表,results/01_q1/q1_3_sensitivity.csv
1.3,componentwise_pm_10pct_phase0,task_main,reported_fields,,,,0.0266434501349179,,见原敏感性表,results/01_q1/q1_3_sensitivity.csv
1.3,componentwise_pm_10pct_phase0,task_main,reported_fields,,,,-0.1600189953441582,,见原敏感性表,results/01_q1/q1_3_sensitivity.csv
1.3,componentwise_pm_10pct_phase0,task_main,reported_fields,,,,0.0266434501349169,,见原敏感性表,results/01_q1/q1_3_sensitivity.csv
1.3,componentwise_pm_10pct_phase0,task_main,reported_fields,,,,-0.1600189953441583,,见原敏感性表,results/01_q1/q1_3_sensitivity.csv
1.3,componentwise_pm_10pct_phase0,task_main,reported_fields,,,,0.0266434501349172,,见原敏感性表,results/01_q1/q1_3_sensitivity.csv
1.3,componentwise_pm_10pct_phase0,task_main,reported_fields,,,,-0.1600189953441584,,见原敏感性表,results/01_q1/q1_3_sensitivity.csv
1.3,componentwise_pm_10pct_phase0,task_main,reported_fields,,,,-0.0666877726046198,,见原敏感性表,results/01_q1/q1_3_sensitivity.csv
1.3,componentwise_pm_10pct_phase0,task_main,reported_fields,,,,-0.0666877726046216,,见原敏感性表,results/01_q1/q1_3_sensitivity.csv
1.3,componentwise_pm_10pct_phase1,task_main,reported_fields,,,,-0.0307439398780297,,见原敏感性表,results/01_q1/q1_3_sensitivity.csv
1.3,componentwise_pm_10pct_phase1,task_main,reported_fields,,,,0.1846462957046298,,见原敏感性表,results/01_q1/q1_3_sensitivity.csv
1.3,componentwise_pm_10pct_phase1,task_main,reported_fields,,,,0.0769511779133007,,见原敏感性表,results/01_q1/q1_3_sensitivity.csv
1.3,componentwise_pm_10pct_phase1,task_main,reported_fields,,,,0.1846462957046307,,见原敏感性表,results/01_q1/q1_3_sensitivity.csv
1.3,componentwise_pm_10pct_phase1,task_main,reported_fields,,,,0.0769511779132999,,见原敏感性表,results/01_q1/q1_3_sensitivity.csv
1.3,componentwise_pm_10pct_phase1,task_main,reported_fields,,,,0.1846462957046304,,见原敏感性表,results/01_q1/q1_3_sensitivity.csv
1.3,componentwise_pm_10pct_phase1,task_main,reported_fields,,,,-0.0307439398780295,,见原敏感性表,results/01_q1/q1_3_sensitivity.csv
1.3,componentwise_pm_10pct_phase1,task_main,reported_fields,,,,0.1846462957046298,,见原敏感性表,results/01_q1/q1_3_sensitivity.csv
1.3,componentwise_pm_10pct_phase1,task_main,reported_fields,,,,-0.0307439398780297,,见原敏感性表,results/01_q1/q1_3_sensitivity.csv
1.3,componentwise_pm_10pct_phase1,task_main,reported_fields,,,,0.1846462957046301,,见原敏感性表,results/01_q1/q1_3_sensitivity.csv
1.3,componentwise_pm_10pct_phase1,task_main,reported_fields,,,,-0.0307439398780302,,见原敏感性表,results/01_q1/q1_3_sensitivity.csv
1.3,componentwise_pm_10pct_phase1,task_main,reported_fields,,,,0.1846462957046317,,见原敏感性表,results/01_q1/q1_3_sensitivity.csv
1.3,componentwise_pm_10pct_phase1,task_main,reported_fields,,,,0.0769511779133009,,见原敏感性表,results/01_q1/q1_3_sensitivity.csv
1.3,componentwise_pm_10pct_phase1,task_main,reported_fields,,,,0.0769511779132993,,见原敏感性表,results/01_q1/q1_3_sensitivity.csv
1.3,componentwise_pm_5pct_phase0,task_main,reported_fields,,,,0.0115353593819119,,见原敏感性表,results/01_q1/q1_3_sensitivity.csv
1.3,componentwise_pm_5pct_phase0,task_main,reported_fields,,,,-0.0366329910648444,,见原敏感性表,results/01_q1/q1_3_sensitivity.csv
1.3,componentwise_pm_5pct_phase0,task_main,reported_fields,,,,-0.0366329910648444,,见原敏感性表,results/01_q1/q1_3_sensitivity.csv
1.3,componentwise_pm_5pct_phase0,task_main,reported_fields,,,,-0.0848013415116024,,见原敏感性表,results/01_q1/q1_3_sensitivity.csv
1.3,componentwise_pm_5pct_phase0,task_main,reported_fields,,,,-0.0366329910648433,,见原敏感性表,results/01_q1/q1_3_sensitivity.csv
1.3,componentwise_pm_5pct_phase0,task_main,reported_fields,,,,-0.0848013415116023,,见原敏感性表,results/01_q1/q1_3_sensitivity.csv
1.3,componentwise_pm_5pct_phase0,task_main,reported_fields,,,,-0.0366329910648444,,见原敏感性表,results/01_q1/q1_3_sensitivity.csv
1.3,componentwise_pm_5pct_phase0,task_main,reported_fields,,,,-0.0848013415116022,,见原敏感性表,results/01_q1/q1_3_sensitivity.csv
1.3,componentwise_pm_5pct_phase0,task_main,reported_fields,,,,0.0115353593819143,,见原敏感性表,results/01_q1/q1_3_sensitivity.csv
1.3,componentwise_pm_5pct_phase0,task_main,reported_fields,,,,-0.0848013415116021,,见原敏感性表,results/01_q1/q1_3_sensitivity.csv
1.3,componentwise_pm_5pct_phase0,task_main,reported_fields,,,,0.0115353593819137,,见原敏感性表,results/01_q1/q1_3_sensitivity.csv
1.3,componentwise_pm_5pct_phase0,task_main,reported_fields,,,,-0.084801341511603,,见原敏感性表,results/01_q1/q1_3_sensitivity.csv
1.3,componentwise_pm_5pct_phase0,task_main,reported_fields,,,,-0.0366329910648449,,见原敏感性表,results/01_q1/q1_3_sensitivity.csv
1.3,componentwise_pm_5pct_phase0,task_main,reported_fields,,,,-0.0366329910648449,,见原敏感性表,results/01_q1/q1_3_sensitivity.csv
1.3,componentwise_pm_5pct_phase1,task_main,reported_fields,,,,-0.0124473248628784,,见原敏感性表,results/01_q1/q1_3_sensitivity.csv
1.3,componentwise_pm_5pct_phase1,task_main,reported_fields,,,,0.0395291317232861,,见原敏感性表,results/01_q1/q1_3_sensitivity.csv
1.3,componentwise_pm_5pct_phase1,task_main,reported_fields,,,,0.0395291317232851,,见原敏感性表,results/01_q1/q1_3_sensitivity.csv
1.3,componentwise_pm_5pct_phase1,task_main,reported_fields,,,,0.0915055883094509,,见原敏感性表,results/01_q1/q1_3_sensitivity.csv
1.3,componentwise_pm_5pct_phase1,task_main,reported_fields,,,,0.0395291317232871,,见原敏感性表,results/01_q1/q1_3_sensitivity.csv
1.3,componentwise_pm_5pct_phase1,task_main,reported_fields,,,,0.0915055883094499,,见原敏感性表,results/01_q1/q1_3_sensitivity.csv
1.3,componentwise_pm_5pct_phase1,task_main,reported_fields,,,,0.0395291317232865,,见原敏感性表,results/01_q1/q1_3_sensitivity.csv
1.3,componentwise_pm_5pct_phase1,task_main,reported_fields,,,,0.09150558830945,,见原敏感性表,results/01_q1/q1_3_sensitivity.csv
1.3,componentwise_pm_5pct_phase1,task_main,reported_fields,,,,-0.0124473248628779,,见原敏感性表,results/01_q1/q1_3_sensitivity.csv
1.3,componentwise_pm_5pct_phase1,task_main,reported_fields,,,,0.0915055883094503,,见原敏感性表,results/01_q1/q1_3_sensitivity.csv
1.3,componentwise_pm_5pct_phase1,task_main,reported_fields,,,,-0.0124473248628784,,见原敏感性表,results/01_q1/q1_3_sensitivity.csv
1.3,componentwise_pm_5pct_phase1,task_main,reported_fields,,,,0.0915055883094498,,见原敏感性表,results/01_q1/q1_3_sensitivity.csv
1.3,componentwise_pm_5pct_phase1,task_main,reported_fields,,,,0.0395291317232865,,见原敏感性表,results/01_q1/q1_3_sensitivity.csv
1.3,componentwise_pm_5pct_phase1,task_main,reported_fields,,,,0.0395291317232854,,见原敏感性表,results/01_q1/q1_3_sensitivity.csv
1.3,componentwise_pm_10pct_phase0,task_main,reported_fields,,,,0.0222554355906871,,见原敏感性表,results/01_q1/q1_3_sensitivity.csv
1.3,componentwise_pm_10pct_phase0,task_main,reported_fields,,,,-0.0706768767357391,,见原敏感性表,results/01_q1/q1_3_sensitivity.csv
1.3,componentwise_pm_10pct_phase0,task_main,reported_fields,,,,-0.070676876735738,,见原敏感性表,results/01_q1/q1_3_sensitivity.csv
1.3,componentwise_pm_10pct_phase0,task_main,reported_fields,,,,-0.1636091890621652,,见原敏感性表,results/01_q1/q1_3_sensitivity.csv
1.3,componentwise_pm_10pct_phase0,task_main,reported_fields,,,,-0.0706768767357389,,见原敏感性表,results/01_q1/q1_3_sensitivity.csv
1.3,componentwise_pm_10pct_phase0,task_main,reported_fields,,,,-0.1636091890621653,,见原敏感性表,results/01_q1/q1_3_sensitivity.csv
1.3,componentwise_pm_10pct_phase0,task_main,reported_fields,,,,-0.0706768767357392,,见原敏感性表,results/01_q1/q1_3_sensitivity.csv
1.3,componentwise_pm_10pct_phase0,task_main,reported_fields,,,,-0.1636091890621652,,见原敏感性表,results/01_q1/q1_3_sensitivity.csv
1.3,componentwise_pm_10pct_phase0,task_main,reported_fields,,,,0.022255435590688,,见原敏感性表,results/01_q1/q1_3_sensitivity.csv
1.3,componentwise_pm_10pct_phase0,task_main,reported_fields,,,,-0.163609189062165,,见原敏感性表,results/01_q1/q1_3_sensitivity.csv
1.3,componentwise_pm_10pct_phase0,task_main,reported_fields,,,,0.0222554355906871,,见原敏感性表,results/01_q1/q1_3_sensitivity.csv
1.3,componentwise_pm_10pct_phase0,task_main,reported_fields,,,,-0.1636091890621667,,见原敏感性表,results/01_q1/q1_3_sensitivity.csv
1.3,componentwise_pm_10pct_phase0,task_main,reported_fields,,,,-0.0706768767357388,,见原敏感性表,results/01_q1/q1_3_sensitivity.csv
1.3,componentwise_pm_10pct_phase0,task_main,reported_fields,,,,-0.0706768767357402,,见原敏感性表,results/01_q1/q1_3_sensitivity.csv
1.3,componentwise_pm_10pct_phase1,task_main,reported_fields,,,,-0.0259192137398432,,见原敏感性表,results/01_q1/q1_3_sensitivity.csv
1.3,componentwise_pm_10pct_phase1,task_main,reported_fields,,,,0.0823119847335075,,见原敏感性表,results/01_q1/q1_3_sensitivity.csv
1.3,componentwise_pm_10pct_phase1,task_main,reported_fields,,,,0.0823119847335079,,见原敏感性表,results/01_q1/q1_3_sensitivity.csv
1.3,componentwise_pm_10pct_phase1,task_main,reported_fields,,,,0.1905431832068576,,见原敏感性表,results/01_q1/q1_3_sensitivity.csv
1.3,componentwise_pm_10pct_phase1,task_main,reported_fields,,,,0.082311984733507,,见原敏感性表,results/01_q1/q1_3_sensitivity.csv
1.3,componentwise_pm_10pct_phase1,task_main,reported_fields,,,,0.1905431832068575,,见原敏感性表,results/01_q1/q1_3_sensitivity.csv
1.3,componentwise_pm_10pct_phase1,task_main,reported_fields,,,,0.0823119847335065,,见原敏感性表,results/01_q1/q1_3_sensitivity.csv
1.3,componentwise_pm_10pct_phase1,task_main,reported_fields,,,,0.1905431832068576,,见原敏感性表,results/01_q1/q1_3_sensitivity.csv
1.3,componentwise_pm_10pct_phase1,task_main,reported_fields,,,,-0.0259192137398433,,见原敏感性表,results/01_q1/q1_3_sensitivity.csv
1.3,componentwise_pm_10pct_phase1,task_main,reported_fields,,,,0.1905431832068576,,见原敏感性表,results/01_q1/q1_3_sensitivity.csv
1.3,componentwise_pm_10pct_phase1,task_main,reported_fields,,,,-0.0259192137398441,,见原敏感性表,results/01_q1/q1_3_sensitivity.csv
1.3,componentwise_pm_10pct_phase1,task_main,reported_fields,,,,0.1905431832068565,,见原敏感性表,results/01_q1/q1_3_sensitivity.csv
1.3,componentwise_pm_10pct_phase1,task_main,reported_fields,,,,0.082311984733508,,见原敏感性表,results/01_q1/q1_3_sensitivity.csv
1.3,componentwise_pm_10pct_phase1,task_main,reported_fields,,,,0.0823119847335066,,见原敏感性表,results/01_q1/q1_3_sensitivity.csv
1.3,componentwise_pm_5pct_phase0,task_main,reported_fields,,,,0.012853360294443,,见原敏感性表,results/01_q1/q1_3_sensitivity.csv
1.3,componentwise_pm_5pct_phase0,task_main,reported_fields,,,,-0.0353777521005307,,见原敏感性表,results/01_q1/q1_3_sensitivity.csv
1.3,componentwise_pm_5pct_phase0,task_main,reported_fields,,,,-0.0353777521005306,,见原敏感性表,results/01_q1/q1_3_sensitivity.csv
1.3,componentwise_pm_5pct_phase0,task_main,reported_fields,,,,-0.0836088644955042,,见原敏感性表,results/01_q1/q1_3_sensitivity.csv
1.3,componentwise_pm_5pct_phase0,task_main,reported_fields,,,,-0.0353777521005296,,见原敏感性表,results/01_q1/q1_3_sensitivity.csv
1.3,componentwise_pm_5pct_phase0,task_main,reported_fields,,,,-0.0836088644955038,,见原敏感性表,results/01_q1/q1_3_sensitivity.csv
1.3,componentwise_pm_5pct_phase0,task_main,reported_fields,,,,0.0128533602944431,,见原敏感性表,results/01_q1/q1_3_sensitivity.csv
1.3,componentwise_pm_5pct_phase0,task_main,reported_fields,,,,-0.0353777521005313,,见原敏感性表,results/01_q1/q1_3_sensitivity.csv
1.3,componentwise_pm_5pct_phase0,task_main,reported_fields,,,,0.0128533602944436,,见原敏感性表,results/01_q1/q1_3_sensitivity.csv
1.3,componentwise_pm_5pct_phase0,task_main,reported_fields,,,,-0.083608864495504,,见原敏感性表,results/01_q1/q1_3_sensitivity.csv
1.3,componentwise_pm_5pct_phase0,task_main,reported_fields,,,,0.0128533602944429,,见原敏感性表,results/01_q1/q1_3_sensitivity.csv
1.3,componentwise_pm_5pct_phase0,task_main,reported_fields,,,,-0.0836088644955046,,见原敏感性表,results/01_q1/q1_3_sensitivity.csv
1.3,componentwise_pm_5pct_phase0,task_main,reported_fields,,,,-0.0353777521005306,,见原敏感性表,results/01_q1/q1_3_sensitivity.csv
1.3,componentwise_pm_5pct_phase0,task_main,reported_fields,,,,-0.0353777521005298,,见原敏感性表,results/01_q1/q1_3_sensitivity.csv
1.3,componentwise_pm_5pct_phase1,task_main,reported_fields,,,,-0.0138320542683362,,见原敏感性表,results/01_q1/q1_3_sensitivity.csv
1.3,componentwise_pm_5pct_phase1,task_main,reported_fields,,,,0.0380715218228039,,见原敏感性表,results/01_q1/q1_3_sensitivity.csv
1.3,componentwise_pm_5pct_phase1,task_main,reported_fields,,,,0.0380715218228044,,见原敏感性表,results/01_q1/q1_3_sensitivity.csv
1.3,componentwise_pm_5pct_phase1,task_main,reported_fields,,,,0.0899750979139446,,见原敏感性表,results/01_q1/q1_3_sensitivity.csv
1.3,componentwise_pm_5pct_phase1,task_main,reported_fields,,,,0.038071521822805,,见原敏感性表,results/01_q1/q1_3_sensitivity.csv
1.3,componentwise_pm_5pct_phase1,task_main,reported_fields,,,,0.0899750979139448,,见原敏感性表,results/01_q1/q1_3_sensitivity.csv
1.3,componentwise_pm_5pct_phase1,task_main,reported_fields,,,,-0.0138320542683363,,见原敏感性表,results/01_q1/q1_3_sensitivity.csv
1.3,componentwise_pm_5pct_phase1,task_main,reported_fields,,,,0.0380715218228033,,见原敏感性表,results/01_q1/q1_3_sensitivity.csv
1.3,componentwise_pm_5pct_phase1,task_main,reported_fields,,,,-0.0138320542683357,,见原敏感性表,results/01_q1/q1_3_sensitivity.csv
1.3,componentwise_pm_5pct_phase1,task_main,reported_fields,,,,0.0899750979139446,,见原敏感性表,results/01_q1/q1_3_sensitivity.csv
1.3,componentwise_pm_5pct_phase1,task_main,reported_fields,,,,-0.0138320542683346,,见原敏感性表,results/01_q1/q1_3_sensitivity.csv
1.3,componentwise_pm_5pct_phase1,task_main,reported_fields,,,,0.0899750979139439,,见原敏感性表,results/01_q1/q1_3_sensitivity.csv
1.3,componentwise_pm_5pct_phase1,task_main,reported_fields,,,,0.0380715218228035,,见原敏感性表,results/01_q1/q1_3_sensitivity.csv
1.3,componentwise_pm_5pct_phase1,task_main,reported_fields,,,,0.0380715218228042,,见原敏感性表,results/01_q1/q1_3_sensitivity.csv
1.3,componentwise_pm_10pct_phase0,task_main,reported_fields,,,,0.0248283493987905,,见原敏感性表,results/01_q1/q1_3_sensitivity.csv
1.3,componentwise_pm_10pct_phase0,task_main,reported_fields,,,,-0.0683378641829172,,见原敏感性表,results/01_q1/q1_3_sensitivity.csv
1.3,componentwise_pm_10pct_phase0,task_main,reported_fields,,,,-0.0683378641829168,,见原敏感性表,results/01_q1/q1_3_sensitivity.csv
1.3,componentwise_pm_10pct_phase0,task_main,reported_fields,,,,-0.1615040777646247,,见原敏感性表,results/01_q1/q1_3_sensitivity.csv
1.3,componentwise_pm_10pct_phase0,task_main,reported_fields,,,,-0.0683378641829153,,见原敏感性表,results/01_q1/q1_3_sensitivity.csv
1.3,componentwise_pm_10pct_phase0,task_main,reported_fields,,,,-0.1615040777646248,,见原敏感性表,results/01_q1/q1_3_sensitivity.csv
1.3,componentwise_pm_10pct_phase0,task_main,reported_fields,,,,0.0248283493987924,,见原敏感性表,results/01_q1/q1_3_sensitivity.csv
1.3,componentwise_pm_10pct_phase0,task_main,reported_fields,,,,-0.0683378641829166,,见原敏感性表,results/01_q1/q1_3_sensitivity.csv
1.3,componentwise_pm_10pct_phase0,task_main,reported_fields,,,,0.0248283493987911,,见原敏感性表,results/01_q1/q1_3_sensitivity.csv
1.3,componentwise_pm_10pct_phase0,task_main,reported_fields,,,,-0.1615040777646247,,见原敏感性表,results/01_q1/q1_3_sensitivity.csv
1.3,componentwise_pm_10pct_phase0,task_main,reported_fields,,,,0.0248283493987932,,见原敏感性表,results/01_q1/q1_3_sensitivity.csv
1.3,componentwise_pm_10pct_phase0,task_main,reported_fields,,,,-0.1615040777646255,,见原敏感性表,results/01_q1/q1_3_sensitivity.csv
1.3,componentwise_pm_10pct_phase0,task_main,reported_fields,,,,-0.0683378641829167,,见原敏感性表,results/01_q1/q1_3_sensitivity.csv
1.3,componentwise_pm_10pct_phase0,task_main,reported_fields,,,,-0.0683378641829164,,见原敏感性表,results/01_q1/q1_3_sensitivity.csv
1.3,componentwise_pm_10pct_phase1,task_main,reported_fields,,,,-0.0287590077269507,,见原敏感性表,results/01_q1/q1_3_sensitivity.csv
1.3,componentwise_pm_10pct_phase1,task_main,reported_fields,,,,0.0791566580811663,,见原敏感性表,results/01_q1/q1_3_sensitivity.csv
1.3,componentwise_pm_10pct_phase1,task_main,reported_fields,,,,0.0791566580811662,,见原敏感性表,results/01_q1/q1_3_sensitivity.csv
1.3,componentwise_pm_10pct_phase1,task_main,reported_fields,,,,0.1870723238892832,,见原敏感性表,results/01_q1/q1_3_sensitivity.csv
1.3,componentwise_pm_10pct_phase1,task_main,reported_fields,,,,0.0791566580811676,,见原敏感性表,results/01_q1/q1_3_sensitivity.csv
1.3,componentwise_pm_10pct_phase1,task_main,reported_fields,,,,0.1870723238892837,,见原敏感性表,results/01_q1/q1_3_sensitivity.csv
1.3,componentwise_pm_10pct_phase1,task_main,reported_fields,,,,-0.0287590077269497,,见原敏感性表,results/01_q1/q1_3_sensitivity.csv
1.3,componentwise_pm_10pct_phase1,task_main,reported_fields,,,,0.0791566580811662,,见原敏感性表,results/01_q1/q1_3_sensitivity.csv
1.3,componentwise_pm_10pct_phase1,task_main,reported_fields,,,,-0.0287590077269502,,见原敏感性表,results/01_q1/q1_3_sensitivity.csv
1.3,componentwise_pm_10pct_phase1,task_main,reported_fields,,,,0.1870723238892837,,见原敏感性表,results/01_q1/q1_3_sensitivity.csv
1.3,componentwise_pm_10pct_phase1,task_main,reported_fields,,,,-0.0287590077269497,,见原敏感性表,results/01_q1/q1_3_sensitivity.csv
1.3,componentwise_pm_10pct_phase1,task_main,reported_fields,,,,0.1870723238892824,,见原敏感性表,results/01_q1/q1_3_sensitivity.csv
1.3,componentwise_pm_10pct_phase1,task_main,reported_fields,,,,0.0791566580811664,,见原敏感性表,results/01_q1/q1_3_sensitivity.csv
1.3,componentwise_pm_10pct_phase1,task_main,reported_fields,,,,0.0791566580811664,,见原敏感性表,results/01_q1/q1_3_sensitivity.csv
1.3,componentwise_pm_5pct_phase0,task_main,reported_fields,,,,0.0201848871190689,,见原敏感性表,results/01_q1/q1_3_sensitivity.csv
1.3,componentwise_pm_5pct_phase0,task_main,reported_fields,,,,-0.0283953456008869,,见原敏感性表,results/01_q1/q1_3_sensitivity.csv
1.3,componentwise_pm_5pct_phase0,task_main,reported_fields,,,,0.0201848871190688,,见原敏感性表,results/01_q1/q1_3_sensitivity.csv
1.3,componentwise_pm_5pct_phase0,task_main,reported_fields,,,,-0.0769755783208418,,见原敏感性表,results/01_q1/q1_3_sensitivity.csv
1.3,componentwise_pm_5pct_phase0,task_main,reported_fields,,,,0.0201848871190694,,见原敏感性表,results/01_q1/q1_3_sensitivity.csv
1.3,componentwise_pm_5pct_phase0,task_main,reported_fields,,,,-0.0769755783208416,,见原敏感性表,results/01_q1/q1_3_sensitivity.csv
1.3,componentwise_pm_5pct_phase0,task_main,reported_fields,,,,0.0201848871190699,,见原敏感性表,results/01_q1/q1_3_sensitivity.csv
1.3,componentwise_pm_5pct_phase0,task_main,reported_fields,,,,-0.0769755783208413,,见原敏感性表,results/01_q1/q1_3_sensitivity.csv
1.3,componentwise_pm_5pct_phase0,task_main,reported_fields,,,,0.0201848871190688,,见原敏感性表,results/01_q1/q1_3_sensitivity.csv
1.3,componentwise_pm_5pct_phase0,task_main,reported_fields,,,,-0.0769755783208423,,见原敏感性表,results/01_q1/q1_3_sensitivity.csv
1.3,componentwise_pm_5pct_phase0,task_main,reported_fields,,,,0.0201848871190693,,见原敏感性表,results/01_q1/q1_3_sensitivity.csv
1.3,componentwise_pm_5pct_phase0,task_main,reported_fields,,,,-0.076975578320843,,见原敏感性表,results/01_q1/q1_3_sensitivity.csv
1.3,componentwise_pm_5pct_phase0,task_main,reported_fields,,,,-0.0283953456008869,,见原敏感性表,results/01_q1/q1_3_sensitivity.csv
1.3,componentwise_pm_5pct_phase0,task_main,reported_fields,,,,-0.0283953456008868,,见原敏感性表,results/01_q1/q1_3_sensitivity.csv
1.3,componentwise_pm_5pct_phase1,task_main,reported_fields,,,,-0.0214002204291085,,见原敏感性表,results/01_q1/q1_3_sensitivity.csv
1.3,componentwise_pm_5pct_phase1,task_main,reported_fields,,,,0.0301050311272539,,见原敏感性表,results/01_q1/q1_3_sensitivity.csv
1.3,componentwise_pm_5pct_phase1,task_main,reported_fields,,,,-0.0214002204291092,,见原敏感性表,results/01_q1/q1_3_sensitivity.csv
1.3,componentwise_pm_5pct_phase1,task_main,reported_fields,,,,0.0816102826836167,,见原敏感性表,results/01_q1/q1_3_sensitivity.csv
1.3,componentwise_pm_5pct_phase1,task_main,reported_fields,,,,-0.0214002204291084,,见原敏感性表,results/01_q1/q1_3_sensitivity.csv
1.3,componentwise_pm_5pct_phase1,task_main,reported_fields,,,,0.0816102826836177,,见原敏感性表,results/01_q1/q1_3_sensitivity.csv
1.3,componentwise_pm_5pct_phase1,task_main,reported_fields,,,,-0.0214002204291074,,见原敏感性表,results/01_q1/q1_3_sensitivity.csv
1.3,componentwise_pm_5pct_phase1,task_main,reported_fields,,,,0.0816102826836177,,见原敏感性表,results/01_q1/q1_3_sensitivity.csv
1.3,componentwise_pm_5pct_phase1,task_main,reported_fields,,,,-0.021400220429109,,见原敏感性表,results/01_q1/q1_3_sensitivity.csv
1.3,componentwise_pm_5pct_phase1,task_main,reported_fields,,,,0.081610282683617,,见原敏感性表,results/01_q1/q1_3_sensitivity.csv
1.3,componentwise_pm_5pct_phase1,task_main,reported_fields,,,,-0.0214002204291081,,见原敏感性表,results/01_q1/q1_3_sensitivity.csv
1.3,componentwise_pm_5pct_phase1,task_main,reported_fields,,,,0.0816102826836168,,见原敏感性表,results/01_q1/q1_3_sensitivity.csv
1.3,componentwise_pm_5pct_phase1,task_main,reported_fields,,,,0.0301050311272538,,见原敏感性表,results/01_q1/q1_3_sensitivity.csv
1.3,componentwise_pm_5pct_phase1,task_main,reported_fields,,,,0.0301050311272541,,见原敏感性表,results/01_q1/q1_3_sensitivity.csv
1.3,componentwise_pm_10pct_phase0,task_main,reported_fields,,,,0.0392551117727493,,见原敏感性表,results/01_q1/q1_3_sensitivity.csv
1.3,componentwise_pm_10pct_phase0,task_main,reported_fields,,,,-0.0552226256611368,,见原敏感性表,results/01_q1/q1_3_sensitivity.csv
1.3,componentwise_pm_10pct_phase0,task_main,reported_fields,,,,0.0392551117727492,,见原敏感性表,results/01_q1/q1_3_sensitivity.csv
1.3,componentwise_pm_10pct_phase0,task_main,reported_fields,,,,-0.1497003630950232,,见原敏感性表,results/01_q1/q1_3_sensitivity.csv
1.3,componentwise_pm_10pct_phase0,task_main,reported_fields,,,,0.0392551117727499,,见原敏感性表,results/01_q1/q1_3_sensitivity.csv
1.3,componentwise_pm_10pct_phase0,task_main,reported_fields,,,,-0.1497003630950231,,见原敏感性表,results/01_q1/q1_3_sensitivity.csv
1.3,componentwise_pm_10pct_phase0,task_main,reported_fields,,,,0.0392551117727505,,见原敏感性表,results/01_q1/q1_3_sensitivity.csv
1.3,componentwise_pm_10pct_phase0,task_main,reported_fields,,,,-0.1497003630950228,,见原敏感性表,results/01_q1/q1_3_sensitivity.csv
1.3,componentwise_pm_10pct_phase0,task_main,reported_fields,,,,0.0392551117727493,,见原敏感性表,results/01_q1/q1_3_sensitivity.csv
1.3,componentwise_pm_10pct_phase0,task_main,reported_fields,,,,-0.149700363095023,,见原敏感性表,results/01_q1/q1_3_sensitivity.csv
1.3,componentwise_pm_10pct_phase0,task_main,reported_fields,,,,0.0392551117727505,,见原敏感性表,results/01_q1/q1_3_sensitivity.csv
1.3,componentwise_pm_10pct_phase0,task_main,reported_fields,,,,-0.1497003630950226,,见原敏感性表,results/01_q1/q1_3_sensitivity.csv
1.3,componentwise_pm_10pct_phase0,task_main,reported_fields,,,,-0.0552226256611375,,见原敏感性表,results/01_q1/q1_3_sensitivity.csv
1.3,componentwise_pm_10pct_phase0,task_main,reported_fields,,,,-0.0552226256611368,,见原敏感性表,results/01_q1/q1_3_sensitivity.csv
1.3,componentwise_pm_10pct_phase1,task_main,reported_fields,,,,-0.0441289440937728,,见原敏感性表,results/01_q1/q1_3_sensitivity.csv
1.3,componentwise_pm_10pct_phase1,task_main,reported_fields,,,,0.0620789510069197,,见原敏感性表,results/01_q1/q1_3_sensitivity.csv
1.3,componentwise_pm_10pct_phase1,task_main,reported_fields,,,,-0.0441289440937729,,见原敏感性表,results/01_q1/q1_3_sensitivity.csv
1.3,componentwise_pm_10pct_phase1,task_main,reported_fields,,,,0.1682868461076114,,见原敏感性表,results/01_q1/q1_3_sensitivity.csv
1.3,componentwise_pm_10pct_phase1,task_main,reported_fields,,,,-0.0441289440937724,,见原敏感性表,results/01_q1/q1_3_sensitivity.csv
1.3,componentwise_pm_10pct_phase1,task_main,reported_fields,,,,0.168286846107612,,见原敏感性表,results/01_q1/q1_3_sensitivity.csv
1.3,componentwise_pm_10pct_phase1,task_main,reported_fields,,,,-0.0441289440937713,,见原敏感性表,results/01_q1/q1_3_sensitivity.csv
1.3,componentwise_pm_10pct_phase1,task_main,reported_fields,,,,0.1682868461076126,,见原敏感性表,results/01_q1/q1_3_sensitivity.csv
1.3,componentwise_pm_10pct_phase1,task_main,reported_fields,,,,-0.0441289440937732,,见原敏感性表,results/01_q1/q1_3_sensitivity.csv
1.3,componentwise_pm_10pct_phase1,task_main,reported_fields,,,,0.1682868461076115,,见原敏感性表,results/01_q1/q1_3_sensitivity.csv
1.3,componentwise_pm_10pct_phase1,task_main,reported_fields,,,,-0.0441289440937724,,见原敏感性表,results/01_q1/q1_3_sensitivity.csv
1.3,componentwise_pm_10pct_phase1,task_main,reported_fields,,,,0.1682868461076117,,见原敏感性表,results/01_q1/q1_3_sensitivity.csv
1.3,componentwise_pm_10pct_phase1,task_main,reported_fields,,,,0.0620789510069178,,见原敏感性表,results/01_q1/q1_3_sensitivity.csv
1.3,componentwise_pm_10pct_phase1,task_main,reported_fields,,,,0.0620789510069196,,见原敏感性表,results/01_q1/q1_3_sensitivity.csv
1.3,componentwise_pm_5pct_phase0,task_main,reported_fields,,,,0.0236088117891591,,见原敏感性表,results/01_q1/q1_3_sensitivity.csv
1.3,componentwise_pm_5pct_phase0,task_main,reported_fields,,,,-0.025134464962707,,见原敏感性表,results/01_q1/q1_3_sensitivity.csv
1.3,componentwise_pm_5pct_phase0,task_main,reported_fields,,,,-0.0251344649627048,,见原敏感性表,results/01_q1/q1_3_sensitivity.csv
1.3,componentwise_pm_5pct_phase0,task_main,reported_fields,,,,-0.073877741714571,,见原敏感性表,results/01_q1/q1_3_sensitivity.csv
1.3,componentwise_pm_5pct_phase0,task_main,reported_fields,,,,0.0236088117891596,,见原敏感性表,results/01_q1/q1_3_sensitivity.csv
1.3,componentwise_pm_5pct_phase0,task_main,reported_fields,,,,-0.0738777417145702,,见原敏感性表,results/01_q1/q1_3_sensitivity.csv
1.3,componentwise_pm_5pct_phase0,task_main,reported_fields,,,,0.0236088117891586,,见原敏感性表,results/01_q1/q1_3_sensitivity.csv
1.3,componentwise_pm_5pct_phase0,task_main,reported_fields,,,,-0.0738777417145701,,见原敏感性表,results/01_q1/q1_3_sensitivity.csv
1.3,componentwise_pm_5pct_phase0,task_main,reported_fields,,,,0.0236088117891593,,见原敏感性表,results/01_q1/q1_3_sensitivity.csv
1.3,componentwise_pm_5pct_phase0,task_main,reported_fields,,,,-0.0738777417145711,,见原敏感性表,results/01_q1/q1_3_sensitivity.csv
1.3,componentwise_pm_5pct_phase0,task_main,reported_fields,,,,-0.0251344649627056,,见原敏感性表,results/01_q1/q1_3_sensitivity.csv
1.3,componentwise_pm_5pct_phase0,task_main,reported_fields,,,,-0.0738777417145706,,见原敏感性表,results/01_q1/q1_3_sensitivity.csv
1.3,componentwise_pm_5pct_phase0,task_main,reported_fields,,,,-0.0251344649627056,,见原敏感性表,results/01_q1/q1_3_sensitivity.csv
1.3,componentwise_pm_5pct_phase0,task_main,reported_fields,,,,-0.0251344649627053,,见原敏感性表,results/01_q1/q1_3_sensitivity.csv
1.3,componentwise_pm_5pct_phase1,task_main,reported_fields,,,,-0.0248584178543356,,见原敏感性表,results/01_q1/q1_3_sensitivity.csv
1.3,componentwise_pm_5pct_phase1,task_main,reported_fields,,,,0.0264648233112244,,见原敏感性表,results/01_q1/q1_3_sensitivity.csv
1.3,componentwise_pm_5pct_phase1,task_main,reported_fields,,,,0.0264648233112274,,见原敏感性表,results/01_q1/q1_3_sensitivity.csv
1.3,componentwise_pm_5pct_phase1,task_main,reported_fields,,,,0.0777880644767873,,见原敏感性表,results/01_q1/q1_3_sensitivity.csv
1.3,componentwise_pm_5pct_phase1,task_main,reported_fields,,,,-0.024858417854336,,见原敏感性表,results/01_q1/q1_3_sensitivity.csv
1.3,componentwise_pm_5pct_phase1,task_main,reported_fields,,,,0.0777880644767869,,见原敏感性表,results/01_q1/q1_3_sensitivity.csv
1.3,componentwise_pm_5pct_phase1,task_main,reported_fields,,,,-0.0248584178543363,,见原敏感性表,results/01_q1/q1_3_sensitivity.csv
1.3,componentwise_pm_5pct_phase1,task_main,reported_fields,,,,0.0777880644767866,,见原敏感性表,results/01_q1/q1_3_sensitivity.csv
1.3,componentwise_pm_5pct_phase1,task_main,reported_fields,,,,-0.0248584178543352,,见原敏感性表,results/01_q1/q1_3_sensitivity.csv
1.3,componentwise_pm_5pct_phase1,task_main,reported_fields,,,,0.077788064476786,,见原敏感性表,results/01_q1/q1_3_sensitivity.csv
1.3,componentwise_pm_5pct_phase1,task_main,reported_fields,,,,0.0264648233112254,,见原敏感性表,results/01_q1/q1_3_sensitivity.csv
1.3,componentwise_pm_5pct_phase1,task_main,reported_fields,,,,0.0777880644767871,,见原敏感性表,results/01_q1/q1_3_sensitivity.csv
1.3,componentwise_pm_5pct_phase1,task_main,reported_fields,,,,0.0264648233112252,,见原敏感性表,results/01_q1/q1_3_sensitivity.csv
1.3,componentwise_pm_5pct_phase1,task_main,reported_fields,,,,0.0264648233112263,,见原敏感性表,results/01_q1/q1_3_sensitivity.csv
1.3,componentwise_pm_10pct_phase0,task_main,reported_fields,,,,0.0460599318354169,,见原敏感性表,results/01_q1/q1_3_sensitivity.csv
1.3,componentwise_pm_10pct_phase0,task_main,reported_fields,,,,-0.0490364256041671,,见原敏感性表,results/01_q1/q1_3_sensitivity.csv
1.3,componentwise_pm_10pct_phase0,task_main,reported_fields,,,,-0.0490364256041663,,见原敏感性表,results/01_q1/q1_3_sensitivity.csv
1.3,componentwise_pm_10pct_phase0,task_main,reported_fields,,,,-0.1441327830437503,,见原敏感性表,results/01_q1/q1_3_sensitivity.csv
1.3,componentwise_pm_10pct_phase0,task_main,reported_fields,,,,0.0460599318354167,,见原敏感性表,results/01_q1/q1_3_sensitivity.csv
1.3,componentwise_pm_10pct_phase0,task_main,reported_fields,,,,-0.14413278304375,,见原敏感性表,results/01_q1/q1_3_sensitivity.csv
1.3,componentwise_pm_10pct_phase0,task_main,reported_fields,,,,0.0460599318354163,,见原敏感性表,results/01_q1/q1_3_sensitivity.csv
1.3,componentwise_pm_10pct_phase0,task_main,reported_fields,,,,-0.1441327830437505,,见原敏感性表,results/01_q1/q1_3_sensitivity.csv
1.3,componentwise_pm_10pct_phase0,task_main,reported_fields,,,,0.046059931835417,,见原敏感性表,results/01_q1/q1_3_sensitivity.csv
1.3,componentwise_pm_10pct_phase0,task_main,reported_fields,,,,-0.1441327830437504,,见原敏感性表,results/01_q1/q1_3_sensitivity.csv
1.3,componentwise_pm_10pct_phase0,task_main,reported_fields,,,,-0.0490364256041672,,见原敏感性表,results/01_q1/q1_3_sensitivity.csv
1.3,componentwise_pm_10pct_phase0,task_main,reported_fields,,,,-0.1441327830437498,,见原敏感性表,results/01_q1/q1_3_sensitivity.csv
1.3,componentwise_pm_10pct_phase0,task_main,reported_fields,,,,-0.0490364256041672,,见原敏感性表,results/01_q1/q1_3_sensitivity.csv
1.3,componentwise_pm_10pct_phase0,task_main,reported_fields,,,,-0.0490364256041666,,见原敏感性表,results/01_q1/q1_3_sensitivity.csv
1.3,componentwise_pm_10pct_phase1,task_main,reported_fields,,,,-0.0510683505836639,,见原敏感性表,results/01_q1/q1_3_sensitivity.csv
1.3,componentwise_pm_10pct_phase1,task_main,reported_fields,,,,0.0543684993514834,,见原敏感性表,results/01_q1/q1_3_sensitivity.csv
1.3,componentwise_pm_10pct_phase1,task_main,reported_fields,,,,0.0543684993514854,,见原敏感性表,results/01_q1/q1_3_sensitivity.csv
1.3,componentwise_pm_10pct_phase1,task_main,reported_fields,,,,0.1598053492866332,,见原敏感性表,results/01_q1/q1_3_sensitivity.csv
1.3,componentwise_pm_10pct_phase1,task_main,reported_fields,,,,-0.0510683505836645,,见原敏感性表,results/01_q1/q1_3_sensitivity.csv
1.3,componentwise_pm_10pct_phase1,task_main,reported_fields,,,,0.1598053492866333,,见原敏感性表,results/01_q1/q1_3_sensitivity.csv
1.3,componentwise_pm_10pct_phase1,task_main,reported_fields,,,,-0.0510683505836636,,见原敏感性表,results/01_q1/q1_3_sensitivity.csv
1.3,componentwise_pm_10pct_phase1,task_main,reported_fields,,,,0.159805349286633,,见原敏感性表,results/01_q1/q1_3_sensitivity.csv
1.3,componentwise_pm_10pct_phase1,task_main,reported_fields,,,,-0.0510683505836634,,见原敏感性表,results/01_q1/q1_3_sensitivity.csv
1.3,componentwise_pm_10pct_phase1,task_main,reported_fields,,,,0.1598053492866329,,见原敏感性表,results/01_q1/q1_3_sensitivity.csv
1.3,componentwise_pm_10pct_phase1,task_main,reported_fields,,,,0.0543684993514843,,见原敏感性表,results/01_q1/q1_3_sensitivity.csv
1.3,componentwise_pm_10pct_phase1,task_main,reported_fields,,,,0.1598053492866333,,见原敏感性表,results/01_q1/q1_3_sensitivity.csv
1.3,componentwise_pm_10pct_phase1,task_main,reported_fields,,,,0.0543684993514844,,见原敏感性表,results/01_q1/q1_3_sensitivity.csv
1.3,componentwise_pm_10pct_phase1,task_main,reported_fields,,,,0.0543684993514848,,见原敏感性表,results/01_q1/q1_3_sensitivity.csv
1.3,componentwise_pm_5pct_phase0,task_main,reported_fields,,,,0.0164827608343238,,见原敏感性表,results/01_q1/q1_3_sensitivity.csv
1.3,componentwise_pm_5pct_phase0,task_main,reported_fields,,,,-0.0319211801577882,,见原敏感性表,results/01_q1/q1_3_sensitivity.csv
1.3,componentwise_pm_5pct_phase0,task_main,reported_fields,,,,-0.0319211801577867,,见原敏感性表,results/01_q1/q1_3_sensitivity.csv
1.3,componentwise_pm_5pct_phase0,task_main,reported_fields,,,,-0.080325121149898,,见原敏感性表,results/01_q1/q1_3_sensitivity.csv
1.3,componentwise_pm_5pct_phase0,task_main,reported_fields,,,,0.0164827608343238,,见原敏感性表,results/01_q1/q1_3_sensitivity.csv
1.3,componentwise_pm_5pct_phase0,task_main,reported_fields,,,,-0.0803251211498979,,见原敏感性表,results/01_q1/q1_3_sensitivity.csv
1.3,componentwise_pm_5pct_phase0,task_main,reported_fields,,,,0.0164827608343227,,见原敏感性表,results/01_q1/q1_3_sensitivity.csv
1.3,componentwise_pm_5pct_phase0,task_main,reported_fields,,,,-0.0803251211498959,,见原敏感性表,results/01_q1/q1_3_sensitivity.csv
1.3,componentwise_pm_5pct_phase0,task_main,reported_fields,,,,0.0164827608343235,,见原敏感性表,results/01_q1/q1_3_sensitivity.csv
1.3,componentwise_pm_5pct_phase0,task_main,reported_fields,,,,-0.0803251211498972,,见原敏感性表,results/01_q1/q1_3_sensitivity.csv
1.3,componentwise_pm_5pct_phase0,task_main,reported_fields,,,,0.0164827608343229,,见原敏感性表,results/01_q1/q1_3_sensitivity.csv
1.3,componentwise_pm_5pct_phase0,task_main,reported_fields,,,,-0.0803251211498995,,见原敏感性表,results/01_q1/q1_3_sensitivity.csv
1.3,componentwise_pm_5pct_phase0,task_main,reported_fields,,,,-0.0319211801577859,,见原敏感性表,results/01_q1/q1_3_sensitivity.csv
1.3,componentwise_pm_5pct_phase0,task_main,reported_fields,,,,-0.0319211801577872,,见原敏感性表,results/01_q1/q1_3_sensitivity.csv
1.3,componentwise_pm_5pct_phase1,task_main,reported_fields,,,,-0.0176068219022173,,见原敏感性表,results/01_q1/q1_3_sensitivity.csv
1.3,componentwise_pm_5pct_phase1,task_main,reported_fields,,,,0.0340980822081913,,见原敏感性表,results/01_q1/q1_3_sensitivity.csv
1.3,componentwise_pm_5pct_phase1,task_main,reported_fields,,,,0.0340980822081938,,见原敏感性表,results/01_q1/q1_3_sensitivity.csv
1.3,componentwise_pm_5pct_phase1,task_main,reported_fields,,,,0.0858029863186021,,见原敏感性表,results/01_q1/q1_3_sensitivity.csv
1.3,componentwise_pm_5pct_phase1,task_main,reported_fields,,,,-0.017606821902218,,见原敏感性表,results/01_q1/q1_3_sensitivity.csv
1.3,componentwise_pm_5pct_phase1,task_main,reported_fields,,,,0.0858029863186016,,见原敏感性表,results/01_q1/q1_3_sensitivity.csv
1.3,componentwise_pm_5pct_phase1,task_main,reported_fields,,,,-0.017606821902218,,见原敏感性表,results/01_q1/q1_3_sensitivity.csv
1.3,componentwise_pm_5pct_phase1,task_main,reported_fields,,,,0.0858029863186025,,见原敏感性表,results/01_q1/q1_3_sensitivity.csv
1.3,componentwise_pm_5pct_phase1,task_main,reported_fields,,,,-0.0176068219022172,,见原敏感性表,results/01_q1/q1_3_sensitivity.csv
1.3,componentwise_pm_5pct_phase1,task_main,reported_fields,,,,0.085802986318602,,见原敏感性表,results/01_q1/q1_3_sensitivity.csv
1.3,componentwise_pm_5pct_phase1,task_main,reported_fields,,,,-0.0176068219022173,,见原敏感性表,results/01_q1/q1_3_sensitivity.csv
1.3,componentwise_pm_5pct_phase1,task_main,reported_fields,,,,0.0858029863186009,,见原敏感性表,results/01_q1/q1_3_sensitivity.csv
1.3,componentwise_pm_5pct_phase1,task_main,reported_fields,,,,0.0340980822081919,,见原敏感性表,results/01_q1/q1_3_sensitivity.csv
1.3,componentwise_pm_5pct_phase1,task_main,reported_fields,,,,0.0340980822081925,,见原敏感性表,results/01_q1/q1_3_sensitivity.csv
1.3,componentwise_pm_10pct_phase0,task_main,reported_fields,,,,0.0319457748348639,,见原敏感性表,results/01_q1/q1_3_sensitivity.csv
1.3,componentwise_pm_10pct_phase0,task_main,reported_fields,,,,-0.0618674774228517,,见原敏感性表,results/01_q1/q1_3_sensitivity.csv
1.3,componentwise_pm_10pct_phase0,task_main,reported_fields,,,,-0.0618674774228499,,见原敏感性表,results/01_q1/q1_3_sensitivity.csv
1.3,componentwise_pm_10pct_phase0,task_main,reported_fields,,,,-0.1556807296805666,,见原敏感性表,results/01_q1/q1_3_sensitivity.csv
1.3,componentwise_pm_10pct_phase0,task_main,reported_fields,,,,0.0319457748348634,,见原敏感性表,results/01_q1/q1_3_sensitivity.csv
1.3,componentwise_pm_10pct_phase0,task_main,reported_fields,,,,-0.1556807296805669,,见原敏感性表,results/01_q1/q1_3_sensitivity.csv
1.3,componentwise_pm_10pct_phase0,task_main,reported_fields,,,,0.0319457748348625,,见原敏感性表,results/01_q1/q1_3_sensitivity.csv
1.3,componentwise_pm_10pct_phase0,task_main,reported_fields,,,,-0.1556807296805654,,见原敏感性表,results/01_q1/q1_3_sensitivity.csv
1.3,componentwise_pm_10pct_phase0,task_main,reported_fields,,,,0.0319457748348634,,见原敏感性表,results/01_q1/q1_3_sensitivity.csv
1.3,componentwise_pm_10pct_phase0,task_main,reported_fields,,,,-0.1556807296805666,,见原敏感性表,results/01_q1/q1_3_sensitivity.csv
1.3,componentwise_pm_10pct_phase0,task_main,reported_fields,,,,0.0319457748348629,,见原敏感性表,results/01_q1/q1_3_sensitivity.csv
1.3,componentwise_pm_10pct_phase0,task_main,reported_fields,,,,-0.1556807296805667,,见原敏感性表,results/01_q1/q1_3_sensitivity.csv
1.3,componentwise_pm_10pct_phase0,task_main,reported_fields,,,,-0.0618674774228507,,见原敏感性表,results/01_q1/q1_3_sensitivity.csv
1.3,componentwise_pm_10pct_phase0,task_main,reported_fields,,,,-0.0618674774228515,,见原敏感性表,results/01_q1/q1_3_sensitivity.csv
1.3,componentwise_pm_10pct_phase1,task_main,reported_fields,,,,-0.0364567490298992,,见原敏感性表,results/01_q1/q1_3_sensitivity.csv
1.3,componentwise_pm_10pct_phase1,task_main,reported_fields,,,,0.0706036121889998,,见原敏感性表,results/01_q1/q1_3_sensitivity.csv
1.3,componentwise_pm_10pct_phase1,task_main,reported_fields,,,,0.0706036121890015,,见原敏感性表,results/01_q1/q1_3_sensitivity.csv
1.3,componentwise_pm_10pct_phase1,task_main,reported_fields,,,,0.1776639734079008,,见原敏感性表,results/01_q1/q1_3_sensitivity.csv
1.3,componentwise_pm_10pct_phase1,task_main,reported_fields,,,,-0.0364567490298995,,见原敏感性表,results/01_q1/q1_3_sensitivity.csv
1.3,componentwise_pm_10pct_phase1,task_main,reported_fields,,,,0.1776639734079002,,见原敏感性表,results/01_q1/q1_3_sensitivity.csv
1.3,componentwise_pm_10pct_phase1,task_main,reported_fields,,,,-0.0364567490298993,,见原敏感性表,results/01_q1/q1_3_sensitivity.csv
1.3,componentwise_pm_10pct_phase1,task_main,reported_fields,,,,0.1776639734079025,,见原敏感性表,results/01_q1/q1_3_sensitivity.csv
1.3,componentwise_pm_10pct_phase1,task_main,reported_fields,,,,-0.0364567490298992,,见原敏感性表,results/01_q1/q1_3_sensitivity.csv
1.3,componentwise_pm_10pct_phase1,task_main,reported_fields,,,,0.1776639734079008,,见原敏感性表,results/01_q1/q1_3_sensitivity.csv
1.3,componentwise_pm_10pct_phase1,task_main,reported_fields,,,,-0.0364567490299001,,见原敏感性表,results/01_q1/q1_3_sensitivity.csv
1.3,componentwise_pm_10pct_phase1,task_main,reported_fields,,,,0.1776639734078982,,见原敏感性表,results/01_q1/q1_3_sensitivity.csv
1.3,componentwise_pm_10pct_phase1,task_main,reported_fields,,,,0.0706036121890005,,见原敏感性表,results/01_q1/q1_3_sensitivity.csv
1.3,componentwise_pm_10pct_phase1,task_main,reported_fields,,,,0.0706036121890011,,见原敏感性表,results/01_q1/q1_3_sensitivity.csv
1.3,componentwise_pm_5pct_phase0,task_main,reported_fields,,,,0.0186190025773069,,见原敏感性表,results/01_q1/q1_3_sensitivity.csv
1.3,componentwise_pm_5pct_phase0,task_main,reported_fields,,,,-0.0783923310014854,,见原敏感性表,results/01_q1/q1_3_sensitivity.csv
1.3,componentwise_pm_5pct_phase0,task_main,reported_fields,,,,0.018619002577306,,见原敏感性表,results/01_q1/q1_3_sensitivity.csv
1.3,componentwise_pm_5pct_phase0,task_main,reported_fields,,,,-0.0783923310014848,,见原敏感性表,results/01_q1/q1_3_sensitivity.csv
1.3,componentwise_pm_5pct_phase0,task_main,reported_fields,,,,0.0186190025773067,,见原敏感性表,results/01_q1/q1_3_sensitivity.csv
1.3,componentwise_pm_5pct_phase0,task_main,reported_fields,,,,-0.0783923310014856,,见原敏感性表,results/01_q1/q1_3_sensitivity.csv
1.3,componentwise_pm_5pct_phase0,task_main,reported_fields,,,,0.018619002577307,,见原敏感性表,results/01_q1/q1_3_sensitivity.csv
1.3,componentwise_pm_5pct_phase0,task_main,reported_fields,,,,-0.0298866642120896,,见原敏感性表,results/01_q1/q1_3_sensitivity.csv
1.3,componentwise_pm_5pct_phase0,task_main,reported_fields,,,,0.018619002577306,,见原敏感性表,results/01_q1/q1_3_sensitivity.csv
1.3,componentwise_pm_5pct_phase0,task_main,reported_fields,,,,-0.0783923310014853,,见原敏感性表,results/01_q1/q1_3_sensitivity.csv
1.3,componentwise_pm_5pct_phase0,task_main,reported_fields,,,,0.0186190025773059,,见原敏感性表,results/01_q1/q1_3_sensitivity.csv
1.3,componentwise_pm_5pct_phase0,task_main,reported_fields,,,,-0.0783923310014846,,见原敏感性表,results/01_q1/q1_3_sensitivity.csv
1.3,componentwise_pm_5pct_phase0,task_main,reported_fields,,,,0.0186190025773052,,见原敏感性表,results/01_q1/q1_3_sensitivity.csv
1.3,componentwise_pm_5pct_phase0,task_main,reported_fields,,,,-0.0298866642120886,,见原敏感性表,results/01_q1/q1_3_sensitivity.csv
1.3,componentwise_pm_5pct_phase1,task_main,reported_fields,,,,-0.0198026743339457,,见原敏感性表,results/01_q1/q1_3_sensitivity.csv
1.3,componentwise_pm_5pct_phase1,task_main,reported_fields,,,,0.083375991525636,,见原敏感性表,results/01_q1/q1_3_sensitivity.csv
1.3,componentwise_pm_5pct_phase1,task_main,reported_fields,,,,-0.019802674333949,,见原敏感性表,results/01_q1/q1_3_sensitivity.csv
1.3,componentwise_pm_5pct_phase1,task_main,reported_fields,,,,0.0833759915256367,,见原敏感性表,results/01_q1/q1_3_sensitivity.csv
1.3,componentwise_pm_5pct_phase1,task_main,reported_fields,,,,-0.0198026743339475,,见原敏感性表,results/01_q1/q1_3_sensitivity.csv
1.3,componentwise_pm_5pct_phase1,task_main,reported_fields,,,,0.0833759915256357,,见原敏感性表,results/01_q1/q1_3_sensitivity.csv
1.3,componentwise_pm_5pct_phase1,task_main,reported_fields,,,,-0.0198026743339473,,见原敏感性表,results/01_q1/q1_3_sensitivity.csv
1.3,componentwise_pm_5pct_phase1,task_main,reported_fields,,,,0.0317866585958434,,见原敏感性表,results/01_q1/q1_3_sensitivity.csv
1.3,componentwise_pm_5pct_phase1,task_main,reported_fields,,,,-0.0198026743339482,,见原敏感性表,results/01_q1/q1_3_sensitivity.csv
1.3,componentwise_pm_5pct_phase1,task_main,reported_fields,,,,0.0833759915256357,,见原敏感性表,results/01_q1/q1_3_sensitivity.csv
1.3,componentwise_pm_5pct_phase1,task_main,reported_fields,,,,-0.0198026743339484,,见原敏感性表,results/01_q1/q1_3_sensitivity.csv
1.3,componentwise_pm_5pct_phase1,task_main,reported_fields,,,,0.0833759915256369,,见原敏感性表,results/01_q1/q1_3_sensitivity.csv
1.3,componentwise_pm_5pct_phase1,task_main,reported_fields,,,,-0.0198026743339501,,见原敏感性表,results/01_q1/q1_3_sensitivity.csv
1.3,componentwise_pm_5pct_phase1,task_main,reported_fields,,,,0.0317866585958454,,见原敏感性表,results/01_q1/q1_3_sensitivity.csv
1.3,componentwise_pm_10pct_phase0,task_main,reported_fields,,,,0.0361573816310192,,见原敏感性表,results/01_q1/q1_3_sensitivity.csv
1.3,componentwise_pm_10pct_phase0,task_main,reported_fields,,,,-0.1522348695746223,,见原敏感性表,results/01_q1/q1_3_sensitivity.csv
1.3,componentwise_pm_10pct_phase0,task_main,reported_fields,,,,0.0361573816310164,,见原敏感性表,results/01_q1/q1_3_sensitivity.csv
1.3,componentwise_pm_10pct_phase0,task_main,reported_fields,,,,-0.1522348695746226,,见原敏感性表,results/01_q1/q1_3_sensitivity.csv
1.3,componentwise_pm_10pct_phase0,task_main,reported_fields,,,,0.036157381631018,,见原敏感性表,results/01_q1/q1_3_sensitivity.csv
1.3,componentwise_pm_10pct_phase0,task_main,reported_fields,,,,-0.1522348695746226,,见原敏感性表,results/01_q1/q1_3_sensitivity.csv
1.3,componentwise_pm_10pct_phase0,task_main,reported_fields,,,,0.0361573816310183,,见原敏感性表,results/01_q1/q1_3_sensitivity.csv
1.3,componentwise_pm_10pct_phase0,task_main,reported_fields,,,,-0.0580387439718032,,见原敏感性表,results/01_q1/q1_3_sensitivity.csv
1.3,componentwise_pm_10pct_phase0,task_main,reported_fields,,,,0.0361573816310173,,见原敏感性表,results/01_q1/q1_3_sensitivity.csv
1.3,componentwise_pm_10pct_phase0,task_main,reported_fields,,,,-0.1522348695746219,,见原敏感性表,results/01_q1/q1_3_sensitivity.csv
1.3,componentwise_pm_10pct_phase0,task_main,reported_fields,,,,0.0361573816310171,,见原敏感性表,results/01_q1/q1_3_sensitivity.csv
1.3,componentwise_pm_10pct_phase0,task_main,reported_fields,,,,-0.1522348695746217,,见原敏感性表,results/01_q1/q1_3_sensitivity.csv
1.3,componentwise_pm_10pct_phase0,task_main,reported_fields,,,,0.0361573816310154,,见原敏感性表,results/01_q1/q1_3_sensitivity.csv
1.3,componentwise_pm_10pct_phase0,task_main,reported_fields,,,,-0.0580387439718014,,见原敏感性表,results/01_q1/q1_3_sensitivity.csv
1.3,componentwise_pm_10pct_phase1,task_main,reported_fields,,,,-0.0409056010429015,,见原敏感性表,results/01_q1/q1_3_sensitivity.csv
1.3,componentwise_pm_10pct_phase1,task_main,reported_fields,,,,0.1722264876142299,,见原敏感性表,results/01_q1/q1_3_sensitivity.csv
1.3,componentwise_pm_10pct_phase1,task_main,reported_fields,,,,-0.0409056010429023,,见原敏感性表,results/01_q1/q1_3_sensitivity.csv
1.3,componentwise_pm_10pct_phase1,task_main,reported_fields,,,,0.1722264876142297,,见原敏感性表,results/01_q1/q1_3_sensitivity.csv
1.3,componentwise_pm_10pct_phase1,task_main,reported_fields,,,,-0.0409056010429015,,见原敏感性表,results/01_q1/q1_3_sensitivity.csv
1.3,componentwise_pm_10pct_phase1,task_main,reported_fields,,,,0.1722264876142304,,见原敏感性表,results/01_q1/q1_3_sensitivity.csv
1.3,componentwise_pm_10pct_phase1,task_main,reported_fields,,,,-0.0409056010429021,,见原敏感性表,results/01_q1/q1_3_sensitivity.csv
1.3,componentwise_pm_10pct_phase1,task_main,reported_fields,,,,0.0656604432856635,,见原敏感性表,results/01_q1/q1_3_sensitivity.csv
1.3,componentwise_pm_10pct_phase1,task_main,reported_fields,,,,-0.0409056010429018,,见原敏感性表,results/01_q1/q1_3_sensitivity.csv
1.3,componentwise_pm_10pct_phase1,task_main,reported_fields,,,,0.1722264876142309,,见原敏感性表,results/01_q1/q1_3_sensitivity.csv
1.3,componentwise_pm_10pct_phase1,task_main,reported_fields,,,,-0.0409056010429024,,见原敏感性表,results/01_q1/q1_3_sensitivity.csv
1.3,componentwise_pm_10pct_phase1,task_main,reported_fields,,,,0.172226487614232,,见原敏感性表,results/01_q1/q1_3_sensitivity.csv
1.3,componentwise_pm_10pct_phase1,task_main,reported_fields,,,,-0.0409056010429031,,见原敏感性表,results/01_q1/q1_3_sensitivity.csv
1.3,componentwise_pm_10pct_phase1,task_main,reported_fields,,,,0.0656604432856648,,见原敏感性表,results/01_q1/q1_3_sensitivity.csv
1.3,componentwise_pm_5pct_phase0,task_main,reported_fields,,,,0.0172639647308425,,见原敏感性表,results/01_q1/q1_3_sensitivity.csv
1.3,componentwise_pm_5pct_phase0,task_main,reported_fields,,,,-0.0311771764468175,,见原敏感性表,results/01_q1/q1_3_sensitivity.csv
1.3,componentwise_pm_5pct_phase0,task_main,reported_fields,,,,-0.0311771764468157,,见原敏感性表,results/01_q1/q1_3_sensitivity.csv
1.3,componentwise_pm_5pct_phase0,task_main,reported_fields,,,,-0.0796183176244756,,见原敏感性表,results/01_q1/q1_3_sensitivity.csv
1.3,componentwise_pm_5pct_phase0,task_main,reported_fields,,,,0.0172639647308424,,见原敏感性表,results/01_q1/q1_3_sensitivity.csv
1.3,componentwise_pm_5pct_phase0,task_main,reported_fields,,,,-0.0796183176244754,,见原敏感性表,results/01_q1/q1_3_sensitivity.csv
1.3,componentwise_pm_5pct_phase0,task_main,reported_fields,,,,0.0172639647308419,,见原敏感性表,results/01_q1/q1_3_sensitivity.csv
1.3,componentwise_pm_5pct_phase0,task_main,reported_fields,,,,-0.0796183176244757,,见原敏感性表,results/01_q1/q1_3_sensitivity.csv
1.3,componentwise_pm_5pct_phase0,task_main,reported_fields,,,,0.0172639647308433,,见原敏感性表,results/01_q1/q1_3_sensitivity.csv
1.3,componentwise_pm_5pct_phase0,task_main,reported_fields,,,,-0.0796183176244764,,见原敏感性表,results/01_q1/q1_3_sensitivity.csv
1.3,componentwise_pm_5pct_phase0,task_main,reported_fields,,,,0.0172639647308426,,见原敏感性表,results/01_q1/q1_3_sensitivity.csv
1.3,componentwise_pm_5pct_phase0,task_main,reported_fields,,,,-0.0796183176244763,,见原敏感性表,results/01_q1/q1_3_sensitivity.csv
1.3,componentwise_pm_5pct_phase0,task_main,reported_fields,,,,-0.0311771764468177,,见原敏感性表,results/01_q1/q1_3_sensitivity.csv
1.3,componentwise_pm_5pct_phase0,task_main,reported_fields,,,,-0.0311771764468167,,见原敏感性表,results/01_q1/q1_3_sensitivity.csv
1.3,componentwise_pm_5pct_phase1,task_main,reported_fields,,,,-0.0184120352759273,,见原敏感性表,results/01_q1/q1_3_sensitivity.csv
1.3,componentwise_pm_5pct_phase1,task_main,reported_fields,,,,0.0332504891832343,,见原敏感性表,results/01_q1/q1_3_sensitivity.csv
1.3,componentwise_pm_5pct_phase1,task_main,reported_fields,,,,0.0332504891832347,,见原敏感性表,results/01_q1/q1_3_sensitivity.csv
1.3,componentwise_pm_5pct_phase1,task_main,reported_fields,,,,0.0849130136423963,,见原敏感性表,results/01_q1/q1_3_sensitivity.csv
1.3,componentwise_pm_5pct_phase1,task_main,reported_fields,,,,-0.018412035275927,,见原敏感性表,results/01_q1/q1_3_sensitivity.csv
1.3,componentwise_pm_5pct_phase1,task_main,reported_fields,,,,0.0849130136423959,,见原敏感性表,results/01_q1/q1_3_sensitivity.csv
1.3,componentwise_pm_5pct_phase1,task_main,reported_fields,,,,-0.0184120352759277,,见原敏感性表,results/01_q1/q1_3_sensitivity.csv
1.3,componentwise_pm_5pct_phase1,task_main,reported_fields,,,,0.0849130136423966,,见原敏感性表,results/01_q1/q1_3_sensitivity.csv
1.3,componentwise_pm_5pct_phase1,task_main,reported_fields,,,,-0.0184120352759277,,见原敏感性表,results/01_q1/q1_3_sensitivity.csv
1.3,componentwise_pm_5pct_phase1,task_main,reported_fields,,,,0.0849130136423963,,见原敏感性表,results/01_q1/q1_3_sensitivity.csv
1.3,componentwise_pm_5pct_phase1,task_main,reported_fields,,,,-0.0184120352759274,,见原敏感性表,results/01_q1/q1_3_sensitivity.csv
1.3,componentwise_pm_5pct_phase1,task_main,reported_fields,,,,0.0849130136423956,,见原敏感性表,results/01_q1/q1_3_sensitivity.csv
1.3,componentwise_pm_5pct_phase1,task_main,reported_fields,,,,0.0332504891832346,,见原敏感性表,results/01_q1/q1_3_sensitivity.csv
1.3,componentwise_pm_5pct_phase1,task_main,reported_fields,,,,0.0332504891832341,,见原敏感性表,results/01_q1/q1_3_sensitivity.csv
1.3,componentwise_pm_10pct_phase0,task_main,reported_fields,,,,0.0334839931006426,,见原敏感性表,results/01_q1/q1_3_sensitivity.csv
1.3,componentwise_pm_10pct_phase0,task_main,reported_fields,,,,-0.0604690971812351,,见原敏感性表,results/01_q1/q1_3_sensitivity.csv
1.3,componentwise_pm_10pct_phase0,task_main,reported_fields,,,,-0.0604690971812346,,见原敏感性表,results/01_q1/q1_3_sensitivity.csv
1.3,componentwise_pm_10pct_phase0,task_main,reported_fields,,,,-0.1544221874631106,,见原敏感性表,results/01_q1/q1_3_sensitivity.csv
1.3,componentwise_pm_10pct_phase0,task_main,reported_fields,,,,0.0334839931006424,,见原敏感性表,results/01_q1/q1_3_sensitivity.csv
1.3,componentwise_pm_10pct_phase0,task_main,reported_fields,,,,-0.1544221874631109,,见原敏感性表,results/01_q1/q1_3_sensitivity.csv
1.3,componentwise_pm_10pct_phase0,task_main,reported_fields,,,,0.0334839931006419,,见原敏感性表,results/01_q1/q1_3_sensitivity.csv
1.3,componentwise_pm_10pct_phase0,task_main,reported_fields,,,,-0.1544221874631109,,见原敏感性表,results/01_q1/q1_3_sensitivity.csv
1.3,componentwise_pm_10pct_phase0,task_main,reported_fields,,,,0.0334839931006427,,见原敏感性表,results/01_q1/q1_3_sensitivity.csv
1.3,componentwise_pm_10pct_phase0,task_main,reported_fields,,,,-0.1544221874631113,,见原敏感性表,results/01_q1/q1_3_sensitivity.csv
1.3,componentwise_pm_10pct_phase0,task_main,reported_fields,,,,0.0334839931006425,,见原敏感性表,results/01_q1/q1_3_sensitivity.csv
1.3,componentwise_pm_10pct_phase0,task_main,reported_fields,,,,-0.1544221874631109,,见原敏感性表,results/01_q1/q1_3_sensitivity.csv
1.3,componentwise_pm_10pct_phase0,task_main,reported_fields,,,,-0.0604690971812348,,见原敏感性表,results/01_q1/q1_3_sensitivity.csv
1.3,componentwise_pm_10pct_phase0,task_main,reported_fields,,,,-0.0604690971812336,,见原敏感性表,results/01_q1/q1_3_sensitivity.csv
1.3,componentwise_pm_10pct_phase1,task_main,reported_fields,,,,-0.0380906016913773,,见原敏感性表,results/01_q1/q1_3_sensitivity.csv
1.3,componentwise_pm_10pct_phase1,task_main,reported_fields,,,,0.0687882203429136,,见原敏感性表,results/01_q1/q1_3_sensitivity.csv
1.3,componentwise_pm_10pct_phase1,task_main,reported_fields,,,,0.0687882203429145,,见原敏感性表,results/01_q1/q1_3_sensitivity.csv
1.3,componentwise_pm_10pct_phase1,task_main,reported_fields,,,,0.1756670423772055,,见原敏感性表,results/01_q1/q1_3_sensitivity.csv
1.3,componentwise_pm_10pct_phase1,task_main,reported_fields,,,,-0.0380906016913769,,见原敏感性表,results/01_q1/q1_3_sensitivity.csv
1.3,componentwise_pm_10pct_phase1,task_main,reported_fields,,,,0.1756670423772053,,见原敏感性表,results/01_q1/q1_3_sensitivity.csv
1.3,componentwise_pm_10pct_phase1,task_main,reported_fields,,,,-0.0380906016913775,,见原敏感性表,results/01_q1/q1_3_sensitivity.csv
1.3,componentwise_pm_10pct_phase1,task_main,reported_fields,,,,0.1756670423772068,,见原敏感性表,results/01_q1/q1_3_sensitivity.csv
1.3,componentwise_pm_10pct_phase1,task_main,reported_fields,,,,-0.0380906016913771,,见原敏感性表,results/01_q1/q1_3_sensitivity.csv
1.3,componentwise_pm_10pct_phase1,task_main,reported_fields,,,,0.1756670423772053,,见原敏感性表,results/01_q1/q1_3_sensitivity.csv
1.3,componentwise_pm_10pct_phase1,task_main,reported_fields,,,,-0.0380906016913772,,见原敏感性表,results/01_q1/q1_3_sensitivity.csv
1.3,componentwise_pm_10pct_phase1,task_main,reported_fields,,,,0.1756670423772045,,见原敏感性表,results/01_q1/q1_3_sensitivity.csv
1.3,componentwise_pm_10pct_phase1,task_main,reported_fields,,,,0.0687882203429134,,见原敏感性表,results/01_q1/q1_3_sensitivity.csv
1.3,componentwise_pm_10pct_phase1,task_main,reported_fields,,,,0.0687882203429139,,见原敏感性表,results/01_q1/q1_3_sensitivity.csv
1.3,componentwise_pm_5pct_phase0,task_main,reported_fields,,,,0.0223582124970793,,见原敏感性表,results/01_q1/q1_3_sensitivity.csv
1.3,componentwise_pm_5pct_phase0,task_main,reported_fields,,,,-0.0263255119075436,,见原敏感性表,results/01_q1/q1_3_sensitivity.csv
1.3,componentwise_pm_5pct_phase0,task_main,reported_fields,,,,-0.0263255119075451,,见原敏感性表,results/01_q1/q1_3_sensitivity.csv
1.3,componentwise_pm_5pct_phase0,task_main,reported_fields,,,,-0.0750092363121668,,见原敏感性表,results/01_q1/q1_3_sensitivity.csv
1.3,componentwise_pm_5pct_phase0,task_main,reported_fields,,,,0.0223582124970785,,见原敏感性表,results/01_q1/q1_3_sensitivity.csv
1.3,componentwise_pm_5pct_phase0,task_main,reported_fields,,,,-0.0750092363121665,,见原敏感性表,results/01_q1/q1_3_sensitivity.csv
1.3,componentwise_pm_5pct_phase0,task_main,reported_fields,,,,0.0223582124970793,,见原敏感性表,results/01_q1/q1_3_sensitivity.csv
1.3,componentwise_pm_5pct_phase0,task_main,reported_fields,,,,-0.0750092363121669,,见原敏感性表,results/01_q1/q1_3_sensitivity.csv
1.3,componentwise_pm_5pct_phase0,task_main,reported_fields,,,,0.0223582124970785,,见原敏感性表,results/01_q1/q1_3_sensitivity.csv
1.3,componentwise_pm_5pct_phase0,task_main,reported_fields,,,,-0.0750092363121666,,见原敏感性表,results/01_q1/q1_3_sensitivity.csv
1.3,componentwise_pm_5pct_phase0,task_main,reported_fields,,,,0.022358212497079,,见原敏感性表,results/01_q1/q1_3_sensitivity.csv
1.3,componentwise_pm_5pct_phase0,task_main,reported_fields,,,,-0.075009236312167,,见原敏感性表,results/01_q1/q1_3_sensitivity.csv
1.3,componentwise_pm_5pct_phase0,task_main,reported_fields,,,,-0.0263255119075437,,见原敏感性表,results/01_q1/q1_3_sensitivity.csv
1.3,componentwise_pm_5pct_phase0,task_main,reported_fields,,,,-0.0263255119075444,,见原敏感性表,results/01_q1/q1_3_sensitivity.csv
1.3,componentwise_pm_5pct_phase1,task_main,reported_fields,,,,-0.0236008198236698,,见原敏感性表,results/01_q1/q1_3_sensitivity.csv
1.3,componentwise_pm_5pct_phase1,task_main,reported_fields,,,,0.0277886107119261,,见原敏感性表,results/01_q1/q1_3_sensitivity.csv
1.3,componentwise_pm_5pct_phase1,task_main,reported_fields,,,,0.0277886107119262,,见原敏感性表,results/01_q1/q1_3_sensitivity.csv
1.3,componentwise_pm_5pct_phase1,task_main,reported_fields,,,,0.0791780412475223,,见原敏感性表,results/01_q1/q1_3_sensitivity.csv
1.3,componentwise_pm_5pct_phase1,task_main,reported_fields,,,,-0.0236008198236706,,见原敏感性表,results/01_q1/q1_3_sensitivity.csv
1.3,componentwise_pm_5pct_phase1,task_main,reported_fields,,,,0.0791780412475229,,见原敏感性表,results/01_q1/q1_3_sensitivity.csv
1.3,componentwise_pm_5pct_phase1,task_main,reported_fields,,,,-0.0236008198236707,,见原敏感性表,results/01_q1/q1_3_sensitivity.csv
1.3,componentwise_pm_5pct_phase1,task_main,reported_fields,,,,0.0791780412475226,,见原敏感性表,results/01_q1/q1_3_sensitivity.csv
1.3,componentwise_pm_5pct_phase1,task_main,reported_fields,,,,-0.0236008198236701,,见原敏感性表,results/01_q1/q1_3_sensitivity.csv
1.3,componentwise_pm_5pct_phase1,task_main,reported_fields,,,,0.0791780412475227,,见原敏感性表,results/01_q1/q1_3_sensitivity.csv
1.3,componentwise_pm_5pct_phase1,task_main,reported_fields,,,,-0.0236008198236702,,见原敏感性表,results/01_q1/q1_3_sensitivity.csv
1.3,componentwise_pm_5pct_phase1,task_main,reported_fields,,,,0.0791780412475236,,见原敏感性表,results/01_q1/q1_3_sensitivity.csv
1.3,componentwise_pm_5pct_phase1,task_main,reported_fields,,,,0.027788610711926,,见原敏感性表,results/01_q1/q1_3_sensitivity.csv
1.3,componentwise_pm_5pct_phase1,task_main,reported_fields,,,,0.0277886107119257,,见原敏感性表,results/01_q1/q1_3_sensitivity.csv
1.3,componentwise_pm_10pct_phase0,task_main,reported_fields,,,,0.0435694372548986,,见原敏感性表,results/01_q1/q1_3_sensitivity.csv
1.3,componentwise_pm_10pct_phase0,task_main,reported_fields,,,,-0.0513005115864558,,见原敏感性表,results/01_q1/q1_3_sensitivity.csv
1.3,componentwise_pm_10pct_phase0,task_main,reported_fields,,,,-0.0513005115864547,,见原敏感性表,results/01_q1/q1_3_sensitivity.csv
1.3,componentwise_pm_10pct_phase0,task_main,reported_fields,,,,-0.1461704604278098,,见原敏感性表,results/01_q1/q1_3_sensitivity.csv
1.3,componentwise_pm_10pct_phase0,task_main,reported_fields,,,,0.0435694372548988,,见原敏感性表,results/01_q1/q1_3_sensitivity.csv
1.3,componentwise_pm_10pct_phase0,task_main,reported_fields,,,,-0.146170460427809,,见原敏感性表,results/01_q1/q1_3_sensitivity.csv
1.3,componentwise_pm_10pct_phase0,task_main,reported_fields,,,,0.0435694372548987,,见原敏感性表,results/01_q1/q1_3_sensitivity.csv
1.3,componentwise_pm_10pct_phase0,task_main,reported_fields,,,,-0.1461704604278098,,见原敏感性表,results/01_q1/q1_3_sensitivity.csv
1.3,componentwise_pm_10pct_phase0,task_main,reported_fields,,,,0.0435694372548986,,见原敏感性表,results/01_q1/q1_3_sensitivity.csv
1.3,componentwise_pm_10pct_phase0,task_main,reported_fields,,,,-0.1461704604278094,,见原敏感性表,results/01_q1/q1_3_sensitivity.csv
1.3,componentwise_pm_10pct_phase0,task_main,reported_fields,,,,0.0435694372548991,,见原敏感性表,results/01_q1/q1_3_sensitivity.csv
1.3,componentwise_pm_10pct_phase0,task_main,reported_fields,,,,-0.1461704604278089,,见原敏感性表,results/01_q1/q1_3_sensitivity.csv
1.3,componentwise_pm_10pct_phase0,task_main,reported_fields,,,,-0.0513005115864549,,见原敏感性表,results/01_q1/q1_3_sensitivity.csv
1.3,componentwise_pm_10pct_phase0,task_main,reported_fields,,,,-0.0513005115864552,,见原敏感性表,results/01_q1/q1_3_sensitivity.csv
1.3,componentwise_pm_10pct_phase1,task_main,reported_fields,,,,-0.0485507988976606,,见原敏感性表,results/01_q1/q1_3_sensitivity.csv
1.3,componentwise_pm_10pct_phase1,task_main,reported_fields,,,,0.0571657790025992,,见原敏感性表,results/01_q1/q1_3_sensitivity.csv
1.3,componentwise_pm_10pct_phase1,task_main,reported_fields,,,,0.0571657790025979,,见原敏感性表,results/01_q1/q1_3_sensitivity.csv
1.3,componentwise_pm_10pct_phase1,task_main,reported_fields,,,,0.1628823569028585,,见原敏感性表,results/01_q1/q1_3_sensitivity.csv
1.3,componentwise_pm_10pct_phase1,task_main,reported_fields,,,,-0.0485507988976615,,见原敏感性表,results/01_q1/q1_3_sensitivity.csv
1.3,componentwise_pm_10pct_phase1,task_main,reported_fields,,,,0.16288235690286,,见原敏感性表,results/01_q1/q1_3_sensitivity.csv
1.3,componentwise_pm_10pct_phase1,task_main,reported_fields,,,,-0.0485507988976606,,见原敏感性表,results/01_q1/q1_3_sensitivity.csv
1.3,componentwise_pm_10pct_phase1,task_main,reported_fields,,,,0.1628823569028593,,见原敏感性表,results/01_q1/q1_3_sensitivity.csv
1.3,componentwise_pm_10pct_phase1,task_main,reported_fields,,,,-0.0485507988976607,,见原敏感性表,results/01_q1/q1_3_sensitivity.csv
1.3,componentwise_pm_10pct_phase1,task_main,reported_fields,,,,0.16288235690286,,见原敏感性表,results/01_q1/q1_3_sensitivity.csv
1.3,componentwise_pm_10pct_phase1,task_main,reported_fields,,,,-0.0485507988976607,,见原敏感性表,results/01_q1/q1_3_sensitivity.csv
1.3,componentwise_pm_10pct_phase1,task_main,reported_fields,,,,0.1628823569028585,,见原敏感性表,results/01_q1/q1_3_sensitivity.csv
1.3,componentwise_pm_10pct_phase1,task_main,reported_fields,,,,0.0571657790025996,,见原敏感性表,results/01_q1/q1_3_sensitivity.csv
1.3,componentwise_pm_10pct_phase1,task_main,reported_fields,,,,0.0571657790025986,,见原敏感性表,results/01_q1/q1_3_sensitivity.csv
1.3,componentwise_pm_5pct_phase0,task_main,reported_fields,,,,0.0200187615771871,,见原敏感性表,results/01_q1/q1_3_sensitivity.csv
1.3,componentwise_pm_5pct_phase0,task_main,reported_fields,,,,-0.0285535604026782,,见原敏感性表,results/01_q1/q1_3_sensitivity.csv
1.3,componentwise_pm_5pct_phase0,task_main,reported_fields,,,,-0.028553560402679,,见原敏感性表,results/01_q1/q1_3_sensitivity.csv
1.3,componentwise_pm_5pct_phase0,task_main,reported_fields,,,,-0.0771258823825445,,见原敏感性表,results/01_q1/q1_3_sensitivity.csv
1.3,componentwise_pm_5pct_phase0,task_main,reported_fields,,,,0.0200187615771865,,见原敏感性表,results/01_q1/q1_3_sensitivity.csv
1.3,componentwise_pm_5pct_phase0,task_main,reported_fields,,,,-0.0771258823825449,,见原敏感性表,results/01_q1/q1_3_sensitivity.csv
1.3,componentwise_pm_5pct_phase0,task_main,reported_fields,,,,0.0200187615771871,,见原敏感性表,results/01_q1/q1_3_sensitivity.csv
1.3,componentwise_pm_5pct_phase0,task_main,reported_fields,,,,-0.0771258823825457,,见原敏感性表,results/01_q1/q1_3_sensitivity.csv
1.3,componentwise_pm_5pct_phase0,task_main,reported_fields,,,,0.020018761577186,,见原敏感性表,results/01_q1/q1_3_sensitivity.csv
1.3,componentwise_pm_5pct_phase0,task_main,reported_fields,,,,-0.077125882382545,,见原敏感性表,results/01_q1/q1_3_sensitivity.csv
1.3,componentwise_pm_5pct_phase0,task_main,reported_fields,,,,0.0200187615771877,,见原敏感性表,results/01_q1/q1_3_sensitivity.csv
1.3,componentwise_pm_5pct_phase0,task_main,reported_fields,,,,-0.0771258823825446,,见原敏感性表,results/01_q1/q1_3_sensitivity.csv
1.3,componentwise_pm_5pct_phase0,task_main,reported_fields,,,,0.0200187615771872,,见原敏感性表,results/01_q1/q1_3_sensitivity.csv
1.3,componentwise_pm_5pct_phase0,task_main,reported_fields,,,,-0.0285535604026794,,见原敏感性表,results/01_q1/q1_3_sensitivity.csv
1.3,componentwise_pm_5pct_phase1,task_main,reported_fields,,,,-0.021231215145336,,见原敏感性表,results/01_q1/q1_3_sensitivity.csv
1.3,componentwise_pm_5pct_phase1,task_main,reported_fields,,,,0.0302829314259627,,见原敏感性表,results/01_q1/q1_3_sensitivity.csv
1.3,componentwise_pm_5pct_phase1,task_main,reported_fields,,,,0.0302829314259624,,见原敏感性表,results/01_q1/q1_3_sensitivity.csv
1.3,componentwise_pm_5pct_phase1,task_main,reported_fields,,,,0.0817970779972608,,见原敏感性表,results/01_q1/q1_3_sensitivity.csv
1.3,componentwise_pm_5pct_phase1,task_main,reported_fields,,,,-0.0212312151453357,,见原敏感性表,results/01_q1/q1_3_sensitivity.csv
1.3,componentwise_pm_5pct_phase1,task_main,reported_fields,,,,0.0817970779972601,,见原敏感性表,results/01_q1/q1_3_sensitivity.csv
1.3,componentwise_pm_5pct_phase1,task_main,reported_fields,,,,-0.0212312151453357,,见原敏感性表,results/01_q1/q1_3_sensitivity.csv
1.3,componentwise_pm_5pct_phase1,task_main,reported_fields,,,,0.0817970779972598,,见原敏感性表,results/01_q1/q1_3_sensitivity.csv
1.3,componentwise_pm_5pct_phase1,task_main,reported_fields,,,,-0.0212312151453367,,见原敏感性表,results/01_q1/q1_3_sensitivity.csv
1.3,componentwise_pm_5pct_phase1,task_main,reported_fields,,,,0.0817970779972604,,见原敏感性表,results/01_q1/q1_3_sensitivity.csv
1.3,componentwise_pm_5pct_phase1,task_main,reported_fields,,,,-0.021231215145336,,见原敏感性表,results/01_q1/q1_3_sensitivity.csv
1.3,componentwise_pm_5pct_phase1,task_main,reported_fields,,,,0.0817970779972608,,见原敏感性表,results/01_q1/q1_3_sensitivity.csv
1.3,componentwise_pm_5pct_phase1,task_main,reported_fields,,,,-0.0212312151453361,,见原敏感性表,results/01_q1/q1_3_sensitivity.csv
1.3,componentwise_pm_5pct_phase1,task_main,reported_fields,,,,0.0302829314259619,,见原敏感性表,results/01_q1/q1_3_sensitivity.csv
1.3,componentwise_pm_10pct_phase0,task_main,reported_fields,,,,0.0389260459501003,,见原敏感性表,results/01_q1/q1_3_sensitivity.csv
1.3,componentwise_pm_10pct_phase0,task_main,reported_fields,,,,-0.0555217764089994,,见原敏感性表,results/01_q1/q1_3_sensitivity.csv
1.3,componentwise_pm_10pct_phase0,task_main,reported_fields,,,,-0.0555217764089989,,见原敏感性表,results/01_q1/q1_3_sensitivity.csv
1.3,componentwise_pm_10pct_phase0,task_main,reported_fields,,,,-0.1499695987680993,,见原敏感性表,results/01_q1/q1_3_sensitivity.csv
1.3,componentwise_pm_10pct_phase0,task_main,reported_fields,,,,0.0389260459501001,,见原敏感性表,results/01_q1/q1_3_sensitivity.csv
1.3,componentwise_pm_10pct_phase0,task_main,reported_fields,,,,-0.1499695987680992,,见原敏感性表,results/01_q1/q1_3_sensitivity.csv
1.3,componentwise_pm_10pct_phase0,task_main,reported_fields,,,,0.0389260459501011,,见原敏感性表,results/01_q1/q1_3_sensitivity.csv
1.3,componentwise_pm_10pct_phase0,task_main,reported_fields,,,,-0.1499695987681001,,见原敏感性表,results/01_q1/q1_3_sensitivity.csv
1.3,componentwise_pm_10pct_phase0,task_main,reported_fields,,,,0.0389260459500997,,见原敏感性表,results/01_q1/q1_3_sensitivity.csv
1.3,componentwise_pm_10pct_phase0,task_main,reported_fields,,,,-0.1499695987680992,,见原敏感性表,results/01_q1/q1_3_sensitivity.csv
1.3,componentwise_pm_10pct_phase0,task_main,reported_fields,,,,0.0389260459501008,,见原敏感性表,results/01_q1/q1_3_sensitivity.csv
1.3,componentwise_pm_10pct_phase0,task_main,reported_fields,,,,-0.1499695987680986,,见原敏感性表,results/01_q1/q1_3_sensitivity.csv
1.3,componentwise_pm_10pct_phase0,task_main,reported_fields,,,,0.0389260459501011,,见原敏感性表,results/01_q1/q1_3_sensitivity.csv
1.3,componentwise_pm_10pct_phase0,task_main,reported_fields,,,,-0.0555217764089996,,见原敏感性表,results/01_q1/q1_3_sensitivity.csv
1.3,componentwise_pm_10pct_phase1,task_main,reported_fields,,,,-0.0437884736350093,,见原敏感性表,results/01_q1/q1_3_sensitivity.csv
1.3,componentwise_pm_10pct_phase1,task_main,reported_fields,,,,0.0624572515166578,,见原敏感性表,results/01_q1/q1_3_sensitivity.csv
1.3,componentwise_pm_10pct_phase1,task_main,reported_fields,,,,0.0624572515166565,,见原敏感性表,results/01_q1/q1_3_sensitivity.csv
1.3,componentwise_pm_10pct_phase1,task_main,reported_fields,,,,0.1687029766683238,,见原敏感性表,results/01_q1/q1_3_sensitivity.csv
1.3,componentwise_pm_10pct_phase1,task_main,reported_fields,,,,-0.0437884736350086,,见原敏感性表,results/01_q1/q1_3_sensitivity.csv
1.3,componentwise_pm_10pct_phase1,task_main,reported_fields,,,,0.1687029766683226,,见原敏感性表,results/01_q1/q1_3_sensitivity.csv
1.3,componentwise_pm_10pct_phase1,task_main,reported_fields,,,,-0.0437884736350076,,见原敏感性表,results/01_q1/q1_3_sensitivity.csv
1.3,componentwise_pm_10pct_phase1,task_main,reported_fields,,,,0.1687029766683211,,见原敏感性表,results/01_q1/q1_3_sensitivity.csv
1.3,componentwise_pm_10pct_phase1,task_main,reported_fields,,,,-0.0437884736350089,,见原敏感性表,results/01_q1/q1_3_sensitivity.csv
1.3,componentwise_pm_10pct_phase1,task_main,reported_fields,,,,0.1687029766683234,,见原敏感性表,results/01_q1/q1_3_sensitivity.csv
1.3,componentwise_pm_10pct_phase1,task_main,reported_fields,,,,-0.0437884736350084,,见原敏感性表,results/01_q1/q1_3_sensitivity.csv
1.3,componentwise_pm_10pct_phase1,task_main,reported_fields,,,,0.1687029766683235,,见原敏感性表,results/01_q1/q1_3_sensitivity.csv
1.3,componentwise_pm_10pct_phase1,task_main,reported_fields,,,,-0.0437884736350084,,见原敏感性表,results/01_q1/q1_3_sensitivity.csv
1.3,componentwise_pm_10pct_phase1,task_main,reported_fields,,,,0.0624572515166573,,见原敏感性表,results/01_q1/q1_3_sensitivity.csv
1.3,componentwise_pm_5pct_phase0,task_main,reported_fields,,,,0.0142135378804864,,见原敏感性表,results/01_q1/q1_3_sensitivity.csv
1.3,componentwise_pm_5pct_phase0,task_main,reported_fields,,,,-0.034082344875727,,见原敏感性表,results/01_q1/q1_3_sensitivity.csv
1.3,componentwise_pm_5pct_phase0,task_main,reported_fields,,,,-0.0340823448757271,,见原敏感性表,results/01_q1/q1_3_sensitivity.csv
1.3,componentwise_pm_5pct_phase0,task_main,reported_fields,,,,-0.082378227631941,,见原敏感性表,results/01_q1/q1_3_sensitivity.csv
1.3,componentwise_pm_5pct_phase0,task_main,reported_fields,,,,0.0142135378804879,,见原敏感性表,results/01_q1/q1_3_sensitivity.csv
1.3,componentwise_pm_5pct_phase0,task_main,reported_fields,,,,-0.0823782276319414,,见原敏感性表,results/01_q1/q1_3_sensitivity.csv
1.3,componentwise_pm_5pct_phase0,task_main,reported_fields,,,,0.0142135378804874,,见原敏感性表,results/01_q1/q1_3_sensitivity.csv
1.3,componentwise_pm_5pct_phase0,task_main,reported_fields,,,,-0.0823782276319413,,见原敏感性表,results/01_q1/q1_3_sensitivity.csv
1.3,componentwise_pm_5pct_phase0,task_main,reported_fields,,,,0.0142135378804861,,见原敏感性表,results/01_q1/q1_3_sensitivity.csv
1.3,componentwise_pm_5pct_phase0,task_main,reported_fields,,,,-0.0340823448757266,,见原敏感性表,results/01_q1/q1_3_sensitivity.csv
1.3,componentwise_pm_5pct_phase0,task_main,reported_fields,,,,0.0142135378804864,,见原敏感性表,results/01_q1/q1_3_sensitivity.csv
1.3,componentwise_pm_5pct_phase0,task_main,reported_fields,,,,-0.0340823448757281,,见原敏感性表,results/01_q1/q1_3_sensitivity.csv
1.3,componentwise_pm_5pct_phase0,task_main,reported_fields,,,,-0.0340823448757273,,见原敏感性表,results/01_q1/q1_3_sensitivity.csv
1.3,componentwise_pm_5pct_phase0,task_main,reported_fields,,,,-0.0340823448757268,,见原敏感性表,results/01_q1/q1_3_sensitivity.csv
1.3,componentwise_pm_5pct_phase1,task_main,reported_fields,,,,-0.0152532724658133,,见原敏感性表,results/01_q1/q1_3_sensitivity.csv
1.3,componentwise_pm_5pct_phase1,task_main,reported_fields,,,,0.0365755026675659,,见原敏感性表,results/01_q1/q1_3_sensitivity.csv
1.3,componentwise_pm_5pct_phase1,task_main,reported_fields,,,,0.0365755026675648,,见原敏感性表,results/01_q1/q1_3_sensitivity.csv
1.3,componentwise_pm_5pct_phase1,task_main,reported_fields,,,,0.0884042778009435,,见原敏感性表,results/01_q1/q1_3_sensitivity.csv
1.3,componentwise_pm_5pct_phase1,task_main,reported_fields,,,,-0.0152532724658127,,见原敏感性表,results/01_q1/q1_3_sensitivity.csv
1.3,componentwise_pm_5pct_phase1,task_main,reported_fields,,,,0.088404277800944,,见原敏感性表,results/01_q1/q1_3_sensitivity.csv
1.3,componentwise_pm_5pct_phase1,task_main,reported_fields,,,,-0.0152532724658112,,见原敏感性表,results/01_q1/q1_3_sensitivity.csv
1.3,componentwise_pm_5pct_phase1,task_main,reported_fields,,,,0.088404277800944,,见原敏感性表,results/01_q1/q1_3_sensitivity.csv
1.3,componentwise_pm_5pct_phase1,task_main,reported_fields,,,,-0.0152532724658121,,见原敏感性表,results/01_q1/q1_3_sensitivity.csv
1.3,componentwise_pm_5pct_phase1,task_main,reported_fields,,,,0.0365755026675666,,见原敏感性表,results/01_q1/q1_3_sensitivity.csv
1.3,componentwise_pm_5pct_phase1,task_main,reported_fields,,,,-0.0152532724658127,,见原敏感性表,results/01_q1/q1_3_sensitivity.csv
1.3,componentwise_pm_5pct_phase1,task_main,reported_fields,,,,0.0365755026675646,,见原敏感性表,results/01_q1/q1_3_sensitivity.csv
1.3,componentwise_pm_5pct_phase1,task_main,reported_fields,,,,0.0365755026675647,,见原敏感性表,results/01_q1/q1_3_sensitivity.csv
1.3,componentwise_pm_5pct_phase1,task_main,reported_fields,,,,0.0365755026675658,,见原敏感性表,results/01_q1/q1_3_sensitivity.csv
1.3,componentwise_pm_10pct_phase0,task_main,reported_fields,,,,0.0274901470872597,,见原敏感性表,results/01_q1/q1_3_sensitivity.csv
1.3,componentwise_pm_10pct_phase0,task_main,reported_fields,,,,-0.0659180481024902,,见原敏感性表,results/01_q1/q1_3_sensitivity.csv
1.3,componentwise_pm_10pct_phase0,task_main,reported_fields,,,,-0.0659180481024908,,见原敏感性表,results/01_q1/q1_3_sensitivity.csv
1.3,componentwise_pm_10pct_phase0,task_main,reported_fields,,,,-0.1593262432922416,,见原敏感性表,results/01_q1/q1_3_sensitivity.csv
1.3,componentwise_pm_10pct_phase0,task_main,reported_fields,,,,0.0274901470872617,,见原敏感性表,results/01_q1/q1_3_sensitivity.csv
1.3,componentwise_pm_10pct_phase0,task_main,reported_fields,,,,-0.1593262432922416,,见原敏感性表,results/01_q1/q1_3_sensitivity.csv
1.3,componentwise_pm_10pct_phase0,task_main,reported_fields,,,,0.0274901470872617,,见原敏感性表,results/01_q1/q1_3_sensitivity.csv
1.3,componentwise_pm_10pct_phase0,task_main,reported_fields,,,,-0.1593262432922415,,见原敏感性表,results/01_q1/q1_3_sensitivity.csv
1.3,componentwise_pm_10pct_phase0,task_main,reported_fields,,,,0.0274901470872608,,见原敏感性表,results/01_q1/q1_3_sensitivity.csv
1.3,componentwise_pm_10pct_phase0,task_main,reported_fields,,,,-0.0659180481024904,,见原敏感性表,results/01_q1/q1_3_sensitivity.csv
1.3,componentwise_pm_10pct_phase0,task_main,reported_fields,,,,0.0274901470872612,,见原敏感性表,results/01_q1/q1_3_sensitivity.csv
1.3,componentwise_pm_10pct_phase0,task_main,reported_fields,,,,-0.0659180481024901,,见原敏感性表,results/01_q1/q1_3_sensitivity.csv
1.3,componentwise_pm_10pct_phase0,task_main,reported_fields,,,,-0.0659180481024904,,见原敏感性表,results/01_q1/q1_3_sensitivity.csv
1.3,componentwise_pm_10pct_phase0,task_main,reported_fields,,,,-0.06591804810249,,见原敏感性表,results/01_q1/q1_3_sensitivity.csv
1.3,componentwise_pm_10pct_phase1,task_main,reported_fields,,,,-0.031664697146578,,见原敏感性表,results/01_q1/q1_3_sensitivity.csv
1.3,componentwise_pm_10pct_phase1,task_main,reported_fields,,,,0.0759281142815803,,见原敏感性表,results/01_q1/q1_3_sensitivity.csv
1.3,componentwise_pm_10pct_phase1,task_main,reported_fields,,,,0.0759281142815803,,见原敏感性表,results/01_q1/q1_3_sensitivity.csv
1.3,componentwise_pm_10pct_phase1,task_main,reported_fields,,,,0.1835209257097373,,见原敏感性表,results/01_q1/q1_3_sensitivity.csv
1.3,componentwise_pm_10pct_phase1,task_main,reported_fields,,,,-0.031664697146578,,见原敏感性表,results/01_q1/q1_3_sensitivity.csv
1.3,componentwise_pm_10pct_phase1,task_main,reported_fields,,,,0.1835209257097374,,见原敏感性表,results/01_q1/q1_3_sensitivity.csv
1.3,componentwise_pm_10pct_phase1,task_main,reported_fields,,,,-0.0316646971465772,,见原敏感性表,results/01_q1/q1_3_sensitivity.csv
1.3,componentwise_pm_10pct_phase1,task_main,reported_fields,,,,0.1835209257097373,,见原敏感性表,results/01_q1/q1_3_sensitivity.csv
1.3,componentwise_pm_10pct_phase1,task_main,reported_fields,,,,-0.0316646971465781,,见原敏感性表,results/01_q1/q1_3_sensitivity.csv
1.3,componentwise_pm_10pct_phase1,task_main,reported_fields,,,,0.0759281142815804,,见原敏感性表,results/01_q1/q1_3_sensitivity.csv
1.3,componentwise_pm_10pct_phase1,task_main,reported_fields,,,,-0.0316646971465774,,见原敏感性表,results/01_q1/q1_3_sensitivity.csv
1.3,componentwise_pm_10pct_phase1,task_main,reported_fields,,,,0.0759281142815786,,见原敏感性表,results/01_q1/q1_3_sensitivity.csv
1.3,componentwise_pm_10pct_phase1,task_main,reported_fields,,,,0.0759281142815794,,见原敏感性表,results/01_q1/q1_3_sensitivity.csv
1.3,componentwise_pm_10pct_phase1,task_main,reported_fields,,,,0.0759281142815807,,见原敏感性表,results/01_q1/q1_3_sensitivity.csv
1.3,componentwise_pm_5pct_phase0,task_main,reported_fields,,,,0.0135351746283962,,见原敏感性表,results/01_q1/q1_3_sensitivity.csv
1.3,componentwise_pm_5pct_phase0,task_main,reported_fields,,,,-0.082991984860023,,见原敏感性表,results/01_q1/q1_3_sensitivity.csv
1.3,componentwise_pm_5pct_phase0,task_main,reported_fields,,,,-0.0347284051158134,,见原敏感性表,results/01_q1/q1_3_sensitivity.csv
1.3,componentwise_pm_5pct_phase0,task_main,reported_fields,,,,-0.0829919848600232,,见原敏感性表,results/01_q1/q1_3_sensitivity.csv
1.3,componentwise_pm_5pct_phase0,task_main,reported_fields,,,,0.0135351746283961,,见原敏感性表,results/01_q1/q1_3_sensitivity.csv
1.3,componentwise_pm_5pct_phase0,task_main,reported_fields,,,,-0.0829919848600222,,见原敏感性表,results/01_q1/q1_3_sensitivity.csv
1.3,componentwise_pm_5pct_phase0,task_main,reported_fields,,,,0.0135351746283973,,见原敏感性表,results/01_q1/q1_3_sensitivity.csv
1.3,componentwise_pm_5pct_phase0,task_main,reported_fields,,,,-0.0829919848600223,,见原敏感性表,results/01_q1/q1_3_sensitivity.csv
1.3,componentwise_pm_5pct_phase0,task_main,reported_fields,,,,0.0135351746283967,,见原敏感性表,results/01_q1/q1_3_sensitivity.csv
1.3,componentwise_pm_5pct_phase0,task_main,reported_fields,,,,-0.0829919848600232,,见原敏感性表,results/01_q1/q1_3_sensitivity.csv
1.3,componentwise_pm_5pct_phase0,task_main,reported_fields,,,,0.0135351746283965,,见原敏感性表,results/01_q1/q1_3_sensitivity.csv
1.3,componentwise_pm_5pct_phase0,task_main,reported_fields,,,,-0.0829919848600224,,见原敏感性表,results/01_q1/q1_3_sensitivity.csv
1.3,componentwise_pm_5pct_phase0,task_main,reported_fields,,,,-0.0347284051158123,,见原敏感性表,results/01_q1/q1_3_sensitivity.csv
1.3,componentwise_pm_5pct_phase0,task_main,reported_fields,,,,-0.0347284051158124,,见原敏感性表,results/01_q1/q1_3_sensitivity.csv
1.3,componentwise_pm_5pct_phase1,task_main,reported_fields,,,,-0.0145454555760764,,见原敏感性表,results/01_q1/q1_3_sensitivity.csv
1.3,componentwise_pm_5pct_phase1,task_main,reported_fields,,,,0.0891866017317052,,见原敏感性表,results/01_q1/q1_3_sensitivity.csv
1.3,componentwise_pm_5pct_phase1,task_main,reported_fields,,,,0.037320573077815,,见原敏感性表,results/01_q1/q1_3_sensitivity.csv
1.3,componentwise_pm_5pct_phase1,task_main,reported_fields,,,,0.0891866017317048,,见原敏感性表,results/01_q1/q1_3_sensitivity.csv
1.3,componentwise_pm_5pct_phase1,task_main,reported_fields,,,,-0.0145454555760771,,见原敏感性表,results/01_q1/q1_3_sensitivity.csv
1.3,componentwise_pm_5pct_phase1,task_main,reported_fields,,,,0.0891866017317057,,见原敏感性表,results/01_q1/q1_3_sensitivity.csv
1.3,componentwise_pm_5pct_phase1,task_main,reported_fields,,,,-0.0145454555760752,,见原敏感性表,results/01_q1/q1_3_sensitivity.csv
1.3,componentwise_pm_5pct_phase1,task_main,reported_fields,,,,0.0891866017317068,,见原敏感性表,results/01_q1/q1_3_sensitivity.csv
1.3,componentwise_pm_5pct_phase1,task_main,reported_fields,,,,-0.0145454555760758,,见原敏感性表,results/01_q1/q1_3_sensitivity.csv
1.3,componentwise_pm_5pct_phase1,task_main,reported_fields,,,,0.0891866017317047,,见原敏感性表,results/01_q1/q1_3_sensitivity.csv
1.3,componentwise_pm_5pct_phase1,task_main,reported_fields,,,,-0.0145454555760758,,见原敏感性表,results/01_q1/q1_3_sensitivity.csv
1.3,componentwise_pm_5pct_phase1,task_main,reported_fields,,,,0.0891866017317066,,见原敏感性表,results/01_q1/q1_3_sensitivity.csv
1.3,componentwise_pm_5pct_phase1,task_main,reported_fields,,,,0.0373205730778155,,见原敏感性表,results/01_q1/q1_3_sensitivity.csv
1.3,componentwise_pm_5pct_phase1,task_main,reported_fields,,,,0.0373205730778152,,见原敏感性表,results/01_q1/q1_3_sensitivity.csv
1.3,componentwise_pm_10pct_phase0,task_main,reported_fields,,,,0.0261617919474846,,见原敏感性表,results/01_q1/q1_3_sensitivity.csv
1.3,componentwise_pm_10pct_phase0,task_main,reported_fields,,,,-0.1604130793156944,,见原敏感性表,results/01_q1/q1_3_sensitivity.csv
1.3,componentwise_pm_10pct_phase0,task_main,reported_fields,,,,-0.0671256436841046,,见原敏感性表,results/01_q1/q1_3_sensitivity.csv
1.3,componentwise_pm_10pct_phase0,task_main,reported_fields,,,,-0.1604130793156946,,见原敏感性表,results/01_q1/q1_3_sensitivity.csv
1.3,componentwise_pm_10pct_phase0,task_main,reported_fields,,,,0.0261617919474846,,见原敏感性表,results/01_q1/q1_3_sensitivity.csv
1.3,componentwise_pm_10pct_phase0,task_main,reported_fields,,,,-0.1604130793156945,,见原敏感性表,results/01_q1/q1_3_sensitivity.csv
1.3,componentwise_pm_10pct_phase0,task_main,reported_fields,,,,0.0261617919474857,,见原敏感性表,results/01_q1/q1_3_sensitivity.csv
1.3,componentwise_pm_10pct_phase0,task_main,reported_fields,,,,-0.160413079315694,,见原敏感性表,results/01_q1/q1_3_sensitivity.csv
1.3,componentwise_pm_10pct_phase0,task_main,reported_fields,,,,0.026161791947484,,见原敏感性表,results/01_q1/q1_3_sensitivity.csv
1.3,componentwise_pm_10pct_phase0,task_main,reported_fields,,,,-0.1604130793156948,,见原敏感性表,results/01_q1/q1_3_sensitivity.csv
1.3,componentwise_pm_10pct_phase0,task_main,reported_fields,,,,0.0261617919474846,,见原敏感性表,results/01_q1/q1_3_sensitivity.csv
1.3,componentwise_pm_10pct_phase0,task_main,reported_fields,,,,-0.160413079315694,,见原敏感性表,results/01_q1/q1_3_sensitivity.csv
1.3,componentwise_pm_10pct_phase0,task_main,reported_fields,,,,-0.0671256436841041,,见原敏感性表,results/01_q1/q1_3_sensitivity.csv
1.3,componentwise_pm_10pct_phase0,task_main,reported_fields,,,,-0.0671256436841047,,见原敏感性表,results/01_q1/q1_3_sensitivity.csv
1.3,componentwise_pm_10pct_phase1,task_main,reported_fields,,,,-0.0302186899798622,,见原敏感性表,results/01_q1/q1_3_sensitivity.csv
1.3,componentwise_pm_10pct_phase1,task_main,reported_fields,,,,0.1852882678023903,,见原敏感性表,results/01_q1/q1_3_sensitivity.csv
1.3,componentwise_pm_10pct_phase1,task_main,reported_fields,,,,0.0775347889112648,,见原敏感性表,results/01_q1/q1_3_sensitivity.csv
1.3,componentwise_pm_10pct_phase1,task_main,reported_fields,,,,0.1852882678023906,,见原敏感性表,results/01_q1/q1_3_sensitivity.csv
1.3,componentwise_pm_10pct_phase1,task_main,reported_fields,,,,-0.0302186899798604,,见原敏感性表,results/01_q1/q1_3_sensitivity.csv
1.3,componentwise_pm_10pct_phase1,task_main,reported_fields,,,,0.1852882678023921,,见原敏感性表,results/01_q1/q1_3_sensitivity.csv
1.3,componentwise_pm_10pct_phase1,task_main,reported_fields,,,,-0.0302186899798611,,见原敏感性表,results/01_q1/q1_3_sensitivity.csv
1.3,componentwise_pm_10pct_phase1,task_main,reported_fields,,,,0.1852882678023919,,见原敏感性表,results/01_q1/q1_3_sensitivity.csv
1.3,componentwise_pm_10pct_phase1,task_main,reported_fields,,,,-0.0302186899798617,,见原敏感性表,results/01_q1/q1_3_sensitivity.csv
1.3,componentwise_pm_10pct_phase1,task_main,reported_fields,,,,0.1852882678023915,,见原敏感性表,results/01_q1/q1_3_sensitivity.csv
1.3,componentwise_pm_10pct_phase1,task_main,reported_fields,,,,-0.0302186899798614,,见原敏感性表,results/01_q1/q1_3_sensitivity.csv
1.3,componentwise_pm_10pct_phase1,task_main,reported_fields,,,,0.1852882678023919,,见原敏感性表,results/01_q1/q1_3_sensitivity.csv
1.3,componentwise_pm_10pct_phase1,task_main,reported_fields,,,,0.0775347889112665,,见原敏感性表,results/01_q1/q1_3_sensitivity.csv
1.3,componentwise_pm_10pct_phase1,task_main,reported_fields,,,,0.0775347889112646,,见原敏感性表,results/01_q1/q1_3_sensitivity.csv
1.3,componentwise_pm_5pct_phase0,task_main,reported_fields,,,,0.0180405890898795,,见原敏感性表,results/01_q1/q1_3_sensitivity.csv
1.3,componentwise_pm_5pct_phase0,task_main,reported_fields,,,,-0.0304375342001141,,见原敏感性表,results/01_q1/q1_3_sensitivity.csv
1.3,componentwise_pm_5pct_phase0,task_main,reported_fields,,,,0.0180405890898785,,见原敏感性表,results/01_q1/q1_3_sensitivity.csv
1.3,componentwise_pm_5pct_phase0,task_main,reported_fields,,,,-0.0789156574901083,,见原敏感性表,results/01_q1/q1_3_sensitivity.csv
1.3,componentwise_pm_5pct_phase0,task_main,reported_fields,,,,0.018040589089881,,见原敏感性表,results/01_q1/q1_3_sensitivity.csv
1.3,componentwise_pm_5pct_phase0,task_main,reported_fields,,,,-0.0789156574901088,,见原敏感性表,results/01_q1/q1_3_sensitivity.csv
1.3,componentwise_pm_5pct_phase0,task_main,reported_fields,,,,-0.0304375342001147,,见原敏感性表,results/01_q1/q1_3_sensitivity.csv
1.3,componentwise_pm_5pct_phase0,task_main,reported_fields,,,,-0.0789156574901096,,见原敏感性表,results/01_q1/q1_3_sensitivity.csv
1.3,componentwise_pm_5pct_phase0,task_main,reported_fields,,,,0.0180405890898796,,见原敏感性表,results/01_q1/q1_3_sensitivity.csv
1.3,componentwise_pm_5pct_phase0,task_main,reported_fields,,,,-0.0789156574901087,,见原敏感性表,results/01_q1/q1_3_sensitivity.csv
1.3,componentwise_pm_5pct_phase0,task_main,reported_fields,,,,0.0180405890898804,,见原敏感性表,results/01_q1/q1_3_sensitivity.csv
1.3,componentwise_pm_5pct_phase0,task_main,reported_fields,,,,-0.0789156574901087,,见原敏感性表,results/01_q1/q1_3_sensitivity.csv
1.3,componentwise_pm_5pct_phase0,task_main,reported_fields,,,,-0.0304375342001131,,见原敏感性表,results/01_q1/q1_3_sensitivity.csv
1.3,componentwise_pm_5pct_phase0,task_main,reported_fields,,,,-0.0304375342001138,,见原敏感性表,results/01_q1/q1_3_sensitivity.csv
1.3,componentwise_pm_5pct_phase1,task_main,reported_fields,,,,-0.0192099990989997,,见原敏感性表,results/01_q1/q1_3_sensitivity.csv
1.3,componentwise_pm_5pct_phase1,task_main,reported_fields,,,,0.0324105272642109,,见原敏感性表,results/01_q1/q1_3_sensitivity.csv
1.3,componentwise_pm_5pct_phase1,task_main,reported_fields,,,,-0.0192099990990006,,见原敏感性表,results/01_q1/q1_3_sensitivity.csv
1.3,componentwise_pm_5pct_phase1,task_main,reported_fields,,,,0.0840310536274217,,见原敏感性表,results/01_q1/q1_3_sensitivity.csv
1.3,componentwise_pm_5pct_phase1,task_main,reported_fields,,,,-0.0192099990989983,,见原敏感性表,results/01_q1/q1_3_sensitivity.csv
1.3,componentwise_pm_5pct_phase1,task_main,reported_fields,,,,0.0840310536274221,,见原敏感性表,results/01_q1/q1_3_sensitivity.csv
1.3,componentwise_pm_5pct_phase1,task_main,reported_fields,,,,0.0324105272642095,,见原敏感性表,results/01_q1/q1_3_sensitivity.csv
1.3,componentwise_pm_5pct_phase1,task_main,reported_fields,,,,0.0840310536274203,,见原敏感性表,results/01_q1/q1_3_sensitivity.csv
1.3,componentwise_pm_5pct_phase1,task_main,reported_fields,,,,-0.0192099990989995,,见原敏感性表,results/01_q1/q1_3_sensitivity.csv
1.3,componentwise_pm_5pct_phase1,task_main,reported_fields,,,,0.0840310536274215,,见原敏感性表,results/01_q1/q1_3_sensitivity.csv
1.3,componentwise_pm_5pct_phase1,task_main,reported_fields,,,,-0.0192099990989986,,见原敏感性表,results/01_q1/q1_3_sensitivity.csv
1.3,componentwise_pm_5pct_phase1,task_main,reported_fields,,,,0.0840310536274213,,见原敏感性表,results/01_q1/q1_3_sensitivity.csv
1.3,componentwise_pm_5pct_phase1,task_main,reported_fields,,,,0.0324105272642125,,见原敏感性表,results/01_q1/q1_3_sensitivity.csv
1.3,componentwise_pm_5pct_phase1,task_main,reported_fields,,,,0.0324105272642111,,见原敏感性表,results/01_q1/q1_3_sensitivity.csv
1.3,componentwise_pm_10pct_phase0,task_main,reported_fields,,,,0.0350153958704229,,见原敏感性表,results/01_q1/q1_3_sensitivity.csv
1.3,componentwise_pm_10pct_phase0,task_main,reported_fields,,,,-0.059076912845069,,见原敏感性表,results/01_q1/q1_3_sensitivity.csv
1.3,componentwise_pm_10pct_phase0,task_main,reported_fields,,,,0.0350153958704228,,见原敏感性表,results/01_q1/q1_3_sensitivity.csv
1.3,componentwise_pm_10pct_phase0,task_main,reported_fields,,,,-0.1531692215605626,,见原敏感性表,results/01_q1/q1_3_sensitivity.csv
1.3,componentwise_pm_10pct_phase0,task_main,reported_fields,,,,0.0350153958704234,,见原敏感性表,results/01_q1/q1_3_sensitivity.csv
1.3,componentwise_pm_10pct_phase0,task_main,reported_fields,,,,-0.1531692215605622,,见原敏感性表,results/01_q1/q1_3_sensitivity.csv
1.3,componentwise_pm_10pct_phase0,task_main,reported_fields,,,,-0.0590769128450695,,见原敏感性表,results/01_q1/q1_3_sensitivity.csv
1.3,componentwise_pm_10pct_phase0,task_main,reported_fields,,,,-0.1531692215605641,,见原敏感性表,results/01_q1/q1_3_sensitivity.csv
1.3,componentwise_pm_10pct_phase0,task_main,reported_fields,,,,0.0350153958704229,,见原敏感性表,results/01_q1/q1_3_sensitivity.csv
1.3,componentwise_pm_10pct_phase0,task_main,reported_fields,,,,-0.1531692215605628,,见原敏感性表,results/01_q1/q1_3_sensitivity.csv
1.3,componentwise_pm_10pct_phase0,task_main,reported_fields,,,,0.0350153958704235,,见原敏感性表,results/01_q1/q1_3_sensitivity.csv
1.3,componentwise_pm_10pct_phase0,task_main,reported_fields,,,,-0.1531692215605633,,见原敏感性表,results/01_q1/q1_3_sensitivity.csv
1.3,componentwise_pm_10pct_phase0,task_main,reported_fields,,,,-0.0590769128450683,,见原敏感性表,results/01_q1/q1_3_sensitivity.csv
1.3,componentwise_pm_10pct_phase0,task_main,reported_fields,,,,-0.0590769128450693,,见原敏感性表,results/01_q1/q1_3_sensitivity.csv
1.3,componentwise_pm_10pct_phase1,task_main,reported_fields,,,,-0.039706920425012,,见原敏感性表,results/01_q1/q1_3_sensitivity.csv
1.3,componentwise_pm_10pct_phase1,task_main,reported_fields,,,,0.0669923106388757,,见原敏感性表,results/01_q1/q1_3_sensitivity.csv
1.3,componentwise_pm_10pct_phase1,task_main,reported_fields,,,,-0.0397069204250135,,见原敏感性表,results/01_q1/q1_3_sensitivity.csv
1.3,componentwise_pm_10pct_phase1,task_main,reported_fields,,,,0.1736915417027627,,见原敏感性表,results/01_q1/q1_3_sensitivity.csv
1.3,componentwise_pm_10pct_phase1,task_main,reported_fields,,,,-0.0397069204250118,,见原敏感性表,results/01_q1/q1_3_sensitivity.csv
1.3,componentwise_pm_10pct_phase1,task_main,reported_fields,,,,0.1736915417027631,,见原敏感性表,results/01_q1/q1_3_sensitivity.csv
1.3,componentwise_pm_10pct_phase1,task_main,reported_fields,,,,0.0669923106388742,,见原敏感性表,results/01_q1/q1_3_sensitivity.csv
1.3,componentwise_pm_10pct_phase1,task_main,reported_fields,,,,0.1736915417027626,,见原敏感性表,results/01_q1/q1_3_sensitivity.csv
1.3,componentwise_pm_10pct_phase1,task_main,reported_fields,,,,-0.0397069204250122,,见原敏感性表,results/01_q1/q1_3_sensitivity.csv
1.3,componentwise_pm_10pct_phase1,task_main,reported_fields,,,,0.1736915417027625,,见原敏感性表,results/01_q1/q1_3_sensitivity.csv
1.3,componentwise_pm_10pct_phase1,task_main,reported_fields,,,,-0.039706920425012,,见原敏感性表,results/01_q1/q1_3_sensitivity.csv
1.3,componentwise_pm_10pct_phase1,task_main,reported_fields,,,,0.1736915417027621,,见原敏感性表,results/01_q1/q1_3_sensitivity.csv
1.3,componentwise_pm_10pct_phase1,task_main,reported_fields,,,,0.066992310638876,,见原敏感性表,results/01_q1/q1_3_sensitivity.csv
1.3,componentwise_pm_10pct_phase1,task_main,reported_fields,,,,0.0669923106388754,,见原敏感性表,results/01_q1/q1_3_sensitivity.csv
1.3,componentwise_pm_5pct_phase0,task_main,reported_fields,,,,0.0161777763201443,,见原敏感性表,results/01_q1/q1_3_sensitivity.csv
1.3,componentwise_pm_5pct_phase0,task_main,reported_fields,,,,-0.0322116415998632,,见原敏感性表,results/01_q1/q1_3_sensitivity.csv
1.3,componentwise_pm_5pct_phase0,task_main,reported_fields,,,,-0.0322116415998627,,见原敏感性表,results/01_q1/q1_3_sensitivity.csv
1.3,componentwise_pm_5pct_phase0,task_main,reported_fields,,,,-0.0322116415998621,,见原敏感性表,results/01_q1/q1_3_sensitivity.csv
1.3,componentwise_pm_5pct_phase0,task_main,reported_fields,,,,0.0161777763201442,,见原敏感性表,results/01_q1/q1_3_sensitivity.csv
1.3,componentwise_pm_5pct_phase0,task_main,reported_fields,,,,-0.0806010595198693,,见原敏感性表,results/01_q1/q1_3_sensitivity.csv
1.3,componentwise_pm_5pct_phase0,task_main,reported_fields,,,,-0.0322116415998624,,见原敏感性表,results/01_q1/q1_3_sensitivity.csv
1.3,componentwise_pm_5pct_phase0,task_main,reported_fields,,,,-0.0806010595198689,,见原敏感性表,results/01_q1/q1_3_sensitivity.csv
1.3,componentwise_pm_5pct_phase0,task_main,reported_fields,,,,0.0161777763201447,,见原敏感性表,results/01_q1/q1_3_sensitivity.csv
1.3,componentwise_pm_5pct_phase0,task_main,reported_fields,,,,-0.0322116415998625,,见原敏感性表,results/01_q1/q1_3_sensitivity.csv
1.3,componentwise_pm_5pct_phase0,task_main,reported_fields,,,,0.0161777763201442,,见原敏感性表,results/01_q1/q1_3_sensitivity.csv
1.3,componentwise_pm_5pct_phase0,task_main,reported_fields,,,,-0.0806010595198692,,见原敏感性表,results/01_q1/q1_3_sensitivity.csv
1.3,componentwise_pm_5pct_phase0,task_main,reported_fields,,,,-0.0322116415998621,,见原敏感性表,results/01_q1/q1_3_sensitivity.csv
1.3,componentwise_pm_5pct_phase0,task_main,reported_fields,,,,-0.0322116415998619,,见原敏感性表,results/01_q1/q1_3_sensitivity.csv
1.3,componentwise_pm_5pct_phase1,task_main,reported_fields,,,,-0.0172917688412269,,见原敏感性表,results/01_q1/q1_3_sensitivity.csv
1.3,componentwise_pm_5pct_phase1,task_main,reported_fields,,,,0.0344297170092332,,见原敏感性表,results/01_q1/q1_3_sensitivity.csv
1.3,componentwise_pm_5pct_phase1,task_main,reported_fields,,,,0.0344297170092343,,见原敏感性表,results/01_q1/q1_3_sensitivity.csv
1.3,componentwise_pm_5pct_phase1,task_main,reported_fields,,,,0.0344297170092343,,见原敏感性表,results/01_q1/q1_3_sensitivity.csv
1.3,componentwise_pm_5pct_phase1,task_main,reported_fields,,,,-0.0172917688412276,,见原敏感性表,results/01_q1/q1_3_sensitivity.csv
1.3,componentwise_pm_5pct_phase1,task_main,reported_fields,,,,0.086151202859696,,见原敏感性表,results/01_q1/q1_3_sensitivity.csv
1.3,componentwise_pm_5pct_phase1,task_main,reported_fields,,,,0.0344297170092351,,见原敏感性表,results/01_q1/q1_3_sensitivity.csv
1.3,componentwise_pm_5pct_phase1,task_main,reported_fields,,,,0.0861512028596955,,见原敏感性表,results/01_q1/q1_3_sensitivity.csv
1.3,componentwise_pm_5pct_phase1,task_main,reported_fields,,,,-0.0172917688412275,,见原敏感性表,results/01_q1/q1_3_sensitivity.csv
1.3,componentwise_pm_5pct_phase1,task_main,reported_fields,,,,0.0344297170092339,,见原敏感性表,results/01_q1/q1_3_sensitivity.csv
1.3,componentwise_pm_5pct_phase1,task_main,reported_fields,,,,-0.0172917688412276,,见原敏感性表,results/01_q1/q1_3_sensitivity.csv
1.3,componentwise_pm_5pct_phase1,task_main,reported_fields,,,,0.0861512028596961,,见原敏感性表,results/01_q1/q1_3_sensitivity.csv
1.3,componentwise_pm_5pct_phase1,task_main,reported_fields,,,,0.034429717009235,,见原敏感性表,results/01_q1/q1_3_sensitivity.csv
1.3,componentwise_pm_5pct_phase1,task_main,reported_fields,,,,0.0344297170092349,,见原敏感性表,results/01_q1/q1_3_sensitivity.csv
1.3,componentwise_pm_10pct_phase0,task_main,reported_fields,,,,0.0313458513121786,,见原敏感性表,results/01_q1/q1_3_sensitivity.csv
1.3,componentwise_pm_10pct_phase0,task_main,reported_fields,,,,-0.0624128624434747,,见原敏感性表,results/01_q1/q1_3_sensitivity.csv
1.3,componentwise_pm_10pct_phase0,task_main,reported_fields,,,,-0.0624128624434747,,见原敏感性表,results/01_q1/q1_3_sensitivity.csv
1.3,componentwise_pm_10pct_phase0,task_main,reported_fields,,,,-0.0624128624434742,,见原敏感性表,results/01_q1/q1_3_sensitivity.csv
1.3,componentwise_pm_10pct_phase0,task_main,reported_fields,,,,0.0313458513121781,,见原敏感性表,results/01_q1/q1_3_sensitivity.csv
1.3,componentwise_pm_10pct_phase0,task_main,reported_fields,,,,-0.1561715761991266,,见原敏感性表,results/01_q1/q1_3_sensitivity.csv
1.3,componentwise_pm_10pct_phase0,task_main,reported_fields,,,,-0.0624128624434739,,见原敏感性表,results/01_q1/q1_3_sensitivity.csv
1.3,componentwise_pm_10pct_phase0,task_main,reported_fields,,,,-0.1561715761991265,,见原敏感性表,results/01_q1/q1_3_sensitivity.csv
1.3,componentwise_pm_10pct_phase0,task_main,reported_fields,,,,0.0313458513121785,,见原敏感性表,results/01_q1/q1_3_sensitivity.csv
1.3,componentwise_pm_10pct_phase0,task_main,reported_fields,,,,-0.0624128624434748,,见原敏感性表,results/01_q1/q1_3_sensitivity.csv
1.3,componentwise_pm_10pct_phase0,task_main,reported_fields,,,,0.0313458513121783,,见原敏感性表,results/01_q1/q1_3_sensitivity.csv
1.3,componentwise_pm_10pct_phase0,task_main,reported_fields,,,,-0.1561715761991264,,见原敏感性表,results/01_q1/q1_3_sensitivity.csv
1.3,componentwise_pm_10pct_phase0,task_main,reported_fields,,,,-0.0624128624434739,,见原敏感性表,results/01_q1/q1_3_sensitivity.csv
1.3,componentwise_pm_10pct_phase0,task_main,reported_fields,,,,-0.0624128624434736,,见原敏感性表,results/01_q1/q1_3_sensitivity.csv
1.3,componentwise_pm_10pct_phase1,task_main,reported_fields,,,,-0.0358166964038444,,见原敏感性表,results/01_q1/q1_3_sensitivity.csv
1.3,componentwise_pm_10pct_phase1,task_main,reported_fields,,,,0.071314781773505,,见原敏感性表,results/01_q1/q1_3_sensitivity.csv
1.3,componentwise_pm_10pct_phase1,task_main,reported_fields,,,,0.0713147817735065,,见原敏感性表,results/01_q1/q1_3_sensitivity.csv
1.3,componentwise_pm_10pct_phase1,task_main,reported_fields,,,,0.0713147817735061,,见原敏感性表,results/01_q1/q1_3_sensitivity.csv
1.3,componentwise_pm_10pct_phase1,task_main,reported_fields,,,,-0.0358166964038445,,见原敏感性表,results/01_q1/q1_3_sensitivity.csv
1.3,componentwise_pm_10pct_phase1,task_main,reported_fields,,,,0.1784462599508566,,见原敏感性表,results/01_q1/q1_3_sensitivity.csv
1.3,componentwise_pm_10pct_phase1,task_main,reported_fields,,,,0.0713147817735059,,见原敏感性表,results/01_q1/q1_3_sensitivity.csv
1.3,componentwise_pm_10pct_phase1,task_main,reported_fields,,,,0.1784462599508565,,见原敏感性表,results/01_q1/q1_3_sensitivity.csv
1.3,componentwise_pm_10pct_phase1,task_main,reported_fields,,,,-0.0358166964038444,,见原敏感性表,results/01_q1/q1_3_sensitivity.csv
1.3,componentwise_pm_10pct_phase1,task_main,reported_fields,,,,0.0713147817735058,,见原敏感性表,results/01_q1/q1_3_sensitivity.csv
1.3,componentwise_pm_10pct_phase1,task_main,reported_fields,,,,-0.035816696403845,,见原敏感性表,results/01_q1/q1_3_sensitivity.csv
1.3,componentwise_pm_10pct_phase1,task_main,reported_fields,,,,0.1784462599508572,,见原敏感性表,results/01_q1/q1_3_sensitivity.csv
1.3,componentwise_pm_10pct_phase1,task_main,reported_fields,,,,0.0713147817735063,,见原敏感性表,results/01_q1/q1_3_sensitivity.csv
1.3,componentwise_pm_10pct_phase1,task_main,reported_fields,,,,0.0713147817735061,,见原敏感性表,results/01_q1/q1_3_sensitivity.csv
1.3,componentwise_pm_5pct_phase0,task_main,reported_fields,,,,0.017840690617163,,见原敏感性表,results/01_q1/q1_3_sensitivity.csv
1.3,componentwise_pm_5pct_phase0,task_main,reported_fields,,,,-0.0306279136979391,,见原敏感性表,results/01_q1/q1_3_sensitivity.csv
1.3,componentwise_pm_5pct_phase0,task_main,reported_fields,,,,-0.03062791369794,,见原敏感性表,results/01_q1/q1_3_sensitivity.csv
1.3,componentwise_pm_5pct_phase0,task_main,reported_fields,,,,-0.0790965180130437,,见原敏感性表,results/01_q1/q1_3_sensitivity.csv
1.3,componentwise_pm_5pct_phase0,task_main,reported_fields,,,,-0.0306279136979392,,见原敏感性表,results/01_q1/q1_3_sensitivity.csv
1.3,componentwise_pm_5pct_phase0,task_main,reported_fields,,,,-0.0790965180130423,,见原敏感性表,results/01_q1/q1_3_sensitivity.csv
1.3,componentwise_pm_5pct_phase0,task_main,reported_fields,,,,-0.0306279136979396,,见原敏感性表,results/01_q1/q1_3_sensitivity.csv
1.3,componentwise_pm_5pct_phase0,task_main,reported_fields,,,,-0.0790965180130428,,见原敏感性表,results/01_q1/q1_3_sensitivity.csv
1.3,componentwise_pm_5pct_phase0,task_main,reported_fields,,,,0.0178406906171644,,见原敏感性表,results/01_q1/q1_3_sensitivity.csv
1.3,componentwise_pm_5pct_phase0,task_main,reported_fields,,,,-0.0790965180130424,,见原敏感性表,results/01_q1/q1_3_sensitivity.csv
1.3,componentwise_pm_5pct_phase0,task_main,reported_fields,,,,0.0178406906171639,,见原敏感性表,results/01_q1/q1_3_sensitivity.csv
1.3,componentwise_pm_5pct_phase0,task_main,reported_fields,,,,-0.0306279136979392,,见原敏感性表,results/01_q1/q1_3_sensitivity.csv
1.3,componentwise_pm_5pct_phase0,task_main,reported_fields,,,,-0.03062791369794,,见原敏感性表,results/01_q1/q1_3_sensitivity.csv
1.3,componentwise_pm_5pct_phase0,task_main,reported_fields,,,,-0.0306279136979382,,见原敏感性表,results/01_q1/q1_3_sensitivity.csv
1.3,componentwise_pm_5pct_phase1,task_main,reported_fields,,,,-0.0190048483259003,,见原敏感性表,results/01_q1/q1_3_sensitivity.csv
1.3,componentwise_pm_5pct_phase1,task_main,reported_fields,,,,0.032626475446421,,见原敏感性表,results/01_q1/q1_3_sensitivity.csv
1.3,componentwise_pm_5pct_phase1,task_main,reported_fields,,,,0.0326264754464204,,见原敏感性表,results/01_q1/q1_3_sensitivity.csv
1.3,componentwise_pm_5pct_phase1,task_main,reported_fields,,,,0.0842577992187404,,见原敏感性表,results/01_q1/q1_3_sensitivity.csv
1.3,componentwise_pm_5pct_phase1,task_main,reported_fields,,,,0.0326264754464211,,见原敏感性表,results/01_q1/q1_3_sensitivity.csv
1.3,componentwise_pm_5pct_phase1,task_main,reported_fields,,,,0.0842577992187424,,见原敏感性表,results/01_q1/q1_3_sensitivity.csv
1.3,componentwise_pm_5pct_phase1,task_main,reported_fields,,,,0.0326264754464214,,见原敏感性表,results/01_q1/q1_3_sensitivity.csv
1.3,componentwise_pm_5pct_phase1,task_main,reported_fields,,,,0.0842577992187424,,见原敏感性表,results/01_q1/q1_3_sensitivity.csv
1.3,componentwise_pm_5pct_phase1,task_main,reported_fields,,,,-0.0190048483258993,,见原敏感性表,results/01_q1/q1_3_sensitivity.csv
1.3,componentwise_pm_5pct_phase1,task_main,reported_fields,,,,0.0842577992187417,,见原敏感性表,results/01_q1/q1_3_sensitivity.csv
1.3,componentwise_pm_5pct_phase1,task_main,reported_fields,,,,-0.0190048483259003,,见原敏感性表,results/01_q1/q1_3_sensitivity.csv
1.3,componentwise_pm_5pct_phase1,task_main,reported_fields,,,,0.0326264754464213,,见原敏感性表,results/01_q1/q1_3_sensitivity.csv
1.3,componentwise_pm_5pct_phase1,task_main,reported_fields,,,,0.0326264754464193,,见原敏感性表,results/01_q1/q1_3_sensitivity.csv
1.3,componentwise_pm_5pct_phase1,task_main,reported_fields,,,,0.0326264754464218,,见原敏感性表,results/01_q1/q1_3_sensitivity.csv
1.3,componentwise_pm_10pct_phase0,task_main,reported_fields,,,,0.0346210118706181,,见原敏感性表,results/01_q1/q1_3_sensitivity.csv
1.3,componentwise_pm_10pct_phase0,task_main,reported_fields,,,,-0.0594354437539829,,见原敏感性表,results/01_q1/q1_3_sensitivity.csv
1.3,componentwise_pm_10pct_phase0,task_main,reported_fields,,,,-0.0594354437539832,,见原敏感性表,results/01_q1/q1_3_sensitivity.csv
1.3,componentwise_pm_10pct_phase0,task_main,reported_fields,,,,-0.1534918993785855,,见原敏感性表,results/01_q1/q1_3_sensitivity.csv
1.3,componentwise_pm_10pct_phase0,task_main,reported_fields,,,,-0.0594354437539825,,见原敏感性表,results/01_q1/q1_3_sensitivity.csv
1.3,componentwise_pm_10pct_phase0,task_main,reported_fields,,,,-0.1534918993785848,,见原敏感性表,results/01_q1/q1_3_sensitivity.csv
1.3,componentwise_pm_10pct_phase0,task_main,reported_fields,,,,-0.0594354437539829,,见原敏感性表,results/01_q1/q1_3_sensitivity.csv
1.3,componentwise_pm_10pct_phase0,task_main,reported_fields,,,,-0.1534918993785847,,见原敏感性表,results/01_q1/q1_3_sensitivity.csv
1.3,componentwise_pm_10pct_phase0,task_main,reported_fields,,,,0.0346210118706194,,见原敏感性表,results/01_q1/q1_3_sensitivity.csv
1.3,componentwise_pm_10pct_phase0,task_main,reported_fields,,,,-0.1534918993785846,,见原敏感性表,results/01_q1/q1_3_sensitivity.csv
1.3,componentwise_pm_10pct_phase0,task_main,reported_fields,,,,0.0346210118706181,,见原敏感性表,results/01_q1/q1_3_sensitivity.csv
1.3,componentwise_pm_10pct_phase0,task_main,reported_fields,,,,-0.0594354437539832,,见原敏感性表,results/01_q1/q1_3_sensitivity.csv
1.3,componentwise_pm_10pct_phase0,task_main,reported_fields,,,,-0.059435443753984,,见原敏感性表,results/01_q1/q1_3_sensitivity.csv
1.3,componentwise_pm_10pct_phase0,task_main,reported_fields,,,,-0.0594354437539819,,见原敏感性表,results/01_q1/q1_3_sensitivity.csv
1.3,componentwise_pm_10pct_phase1,task_main,reported_fields,,,,-0.0392916445272167,,见原敏感性表,results/01_q1/q1_3_sensitivity.csv
1.3,componentwise_pm_10pct_phase1,task_main,reported_fields,,,,0.0674537283030924,,见原敏感性表,results/01_q1/q1_3_sensitivity.csv
1.3,componentwise_pm_10pct_phase1,task_main,reported_fields,,,,0.0674537283030919,,见原敏感性表,results/01_q1/q1_3_sensitivity.csv
1.3,componentwise_pm_10pct_phase1,task_main,reported_fields,,,,0.174199101133401,,见原敏感性表,results/01_q1/q1_3_sensitivity.csv
1.3,componentwise_pm_10pct_phase1,task_main,reported_fields,,,,0.067453728303093,,见原敏感性表,results/01_q1/q1_3_sensitivity.csv
1.3,componentwise_pm_10pct_phase1,task_main,reported_fields,,,,0.174199101133402,,见原敏感性表,results/01_q1/q1_3_sensitivity.csv
1.3,componentwise_pm_10pct_phase1,task_main,reported_fields,,,,0.0674537283030933,,见原敏感性表,results/01_q1/q1_3_sensitivity.csv
1.3,componentwise_pm_10pct_phase1,task_main,reported_fields,,,,0.1741991011334019,,见原敏感性表,results/01_q1/q1_3_sensitivity.csv
1.3,componentwise_pm_10pct_phase1,task_main,reported_fields,,,,-0.0392916445272167,,见原敏感性表,results/01_q1/q1_3_sensitivity.csv
1.3,componentwise_pm_10pct_phase1,task_main,reported_fields,,,,0.1741991011334021,,见原敏感性表,results/01_q1/q1_3_sensitivity.csv
1.3,componentwise_pm_10pct_phase1,task_main,reported_fields,,,,-0.0392916445272168,,见原敏感性表,results/01_q1/q1_3_sensitivity.csv
1.3,componentwise_pm_10pct_phase1,task_main,reported_fields,,,,0.0674537283030931,,见原敏感性表,results/01_q1/q1_3_sensitivity.csv
1.3,componentwise_pm_10pct_phase1,task_main,reported_fields,,,,0.0674537283030911,,见原敏感性表,results/01_q1/q1_3_sensitivity.csv
1.3,componentwise_pm_10pct_phase1,task_main,reported_fields,,,,0.0674537283030931,,见原敏感性表,results/01_q1/q1_3_sensitivity.csv
1.3,componentwise_pm_5pct_phase0,task_main,reported_fields,,,,0.0209024812681782,,见原敏感性表,results/01_q1/q1_3_sensitivity.csv
1.3,componentwise_pm_5pct_phase0,task_main,reported_fields,,,,-0.0277119226017342,,见原敏感性表,results/01_q1/q1_3_sensitivity.csv
1.3,componentwise_pm_5pct_phase0,task_main,reported_fields,,,,-0.0277119226017349,,见原敏感性表,results/01_q1/q1_3_sensitivity.csv
1.3,componentwise_pm_5pct_phase0,task_main,reported_fields,,,,-0.0763263264716481,,见原敏感性表,results/01_q1/q1_3_sensitivity.csv
1.3,componentwise_pm_5pct_phase0,task_main,reported_fields,,,,-0.0277119226017332,,见原敏感性表,results/01_q1/q1_3_sensitivity.csv
1.3,componentwise_pm_5pct_phase0,task_main,reported_fields,,,,-0.0763263264716485,,见原敏感性表,results/01_q1/q1_3_sensitivity.csv
1.3,componentwise_pm_5pct_phase0,task_main,reported_fields,,,,-0.027711922601734,,见原敏感性表,results/01_q1/q1_3_sensitivity.csv
1.3,componentwise_pm_5pct_phase0,task_main,reported_fields,,,,-0.0763263264716486,,见原敏感性表,results/01_q1/q1_3_sensitivity.csv
1.3,componentwise_pm_5pct_phase0,task_main,reported_fields,,,,0.0209024812681784,,见原敏感性表,results/01_q1/q1_3_sensitivity.csv
1.3,componentwise_pm_5pct_phase0,task_main,reported_fields,,,,-0.0763263264716482,,见原敏感性表,results/01_q1/q1_3_sensitivity.csv
1.3,componentwise_pm_5pct_phase0,task_main,reported_fields,,,,-0.027711922601734,,见原敏感性表,results/01_q1/q1_3_sensitivity.csv
1.3,componentwise_pm_5pct_phase0,task_main,reported_fields,,,,-0.0277119226017358,,见原敏感性表,results/01_q1/q1_3_sensitivity.csv
1.3,componentwise_pm_5pct_phase0,task_main,reported_fields,,,,-0.0277119226017359,,见原敏感性表,results/01_q1/q1_3_sensitivity.csv
1.3,componentwise_pm_5pct_phase0,task_main,reported_fields,,,,-0.0277119226017349,,见原敏感性表,results/01_q1/q1_3_sensitivity.csv
1.3,componentwise_pm_5pct_phase1,task_main,reported_fields,,,,-0.0221289529298793,,见原敏感性表,results/01_q1/q1_3_sensitivity.csv
1.3,componentwise_pm_5pct_phase1,task_main,reported_fields,,,,0.0293379442843388,,见原敏感性表,results/01_q1/q1_3_sensitivity.csv
1.3,componentwise_pm_5pct_phase1,task_main,reported_fields,,,,0.0293379442843392,,见原敏感性表,results/01_q1/q1_3_sensitivity.csv
1.3,componentwise_pm_5pct_phase1,task_main,reported_fields,,,,0.0808048414985541,,见原敏感性表,results/01_q1/q1_3_sensitivity.csv
1.3,componentwise_pm_5pct_phase1,task_main,reported_fields,,,,0.029337944284339,,见原敏感性表,results/01_q1/q1_3_sensitivity.csv
1.3,componentwise_pm_5pct_phase1,task_main,reported_fields,,,,0.0808048414985546,,见原敏感性表,results/01_q1/q1_3_sensitivity.csv
1.3,componentwise_pm_5pct_phase1,task_main,reported_fields,,,,0.0293379442843379,,见原敏感性表,results/01_q1/q1_3_sensitivity.csv
1.3,componentwise_pm_5pct_phase1,task_main,reported_fields,,,,0.0808048414985544,,见原敏感性表,results/01_q1/q1_3_sensitivity.csv
1.3,componentwise_pm_5pct_phase1,task_main,reported_fields,,,,-0.0221289529298794,,见原敏感性表,results/01_q1/q1_3_sensitivity.csv
1.3,componentwise_pm_5pct_phase1,task_main,reported_fields,,,,0.0808048414985552,,见原敏感性表,results/01_q1/q1_3_sensitivity.csv
1.3,componentwise_pm_5pct_phase1,task_main,reported_fields,,,,0.0293379442843384,,见原敏感性表,results/01_q1/q1_3_sensitivity.csv
1.3,componentwise_pm_5pct_phase1,task_main,reported_fields,,,,0.0293379442843365,,见原敏感性表,results/01_q1/q1_3_sensitivity.csv
1.3,componentwise_pm_5pct_phase1,task_main,reported_fields,,,,0.0293379442843382,,见原敏感性表,results/01_q1/q1_3_sensitivity.csv
1.3,componentwise_pm_5pct_phase1,task_main,reported_fields,,,,0.0293379442843389,,见原敏感性表,results/01_q1/q1_3_sensitivity.csv
1.3,componentwise_pm_10pct_phase0,task_main,reported_fields,,,,0.0406777051204432,,见原敏感性表,results/01_q1/q1_3_sensitivity.csv
1.3,componentwise_pm_10pct_phase0,task_main,reported_fields,,,,-0.0539293589814151,,见原敏感性表,results/01_q1/q1_3_sensitivity.csv
1.3,componentwise_pm_10pct_phase0,task_main,reported_fields,,,,-0.0539293589814157,,见原敏感性表,results/01_q1/q1_3_sensitivity.csv
1.3,componentwise_pm_10pct_phase0,task_main,reported_fields,,,,-0.1485364230832748,,见原敏感性表,results/01_q1/q1_3_sensitivity.csv
1.3,componentwise_pm_10pct_phase0,task_main,reported_fields,,,,-0.0539293589814142,,见原敏感性表,results/01_q1/q1_3_sensitivity.csv
1.3,componentwise_pm_10pct_phase0,task_main,reported_fields,,,,-0.1485364230832744,,见原敏感性表,results/01_q1/q1_3_sensitivity.csv
1.3,componentwise_pm_10pct_phase0,task_main,reported_fields,,,,-0.0539293589814153,,见原敏感性表,results/01_q1/q1_3_sensitivity.csv
1.3,componentwise_pm_10pct_phase0,task_main,reported_fields,,,,-0.1485364230832748,,见原敏感性表,results/01_q1/q1_3_sensitivity.csv
1.3,componentwise_pm_10pct_phase0,task_main,reported_fields,,,,0.040677705120442,,见原敏感性表,results/01_q1/q1_3_sensitivity.csv
1.3,componentwise_pm_10pct_phase0,task_main,reported_fields,,,,-0.1485364230832744,,见原敏感性表,results/01_q1/q1_3_sensitivity.csv
1.3,componentwise_pm_10pct_phase0,task_main,reported_fields,,,,-0.0539293589814158,,见原敏感性表,results/01_q1/q1_3_sensitivity.csv
1.3,componentwise_pm_10pct_phase0,task_main,reported_fields,,,,-0.0539293589814159,,见原敏感性表,results/01_q1/q1_3_sensitivity.csv
1.3,componentwise_pm_10pct_phase0,task_main,reported_fields,,,,-0.0539293589814151,,见原敏感性表,results/01_q1/q1_3_sensitivity.csv
1.3,componentwise_pm_10pct_phase0,task_main,reported_fields,,,,-0.0539293589814159,,见原敏感性表,results/01_q1/q1_3_sensitivity.csv
1.3,componentwise_pm_10pct_phase1,task_main,reported_fields,,,,-0.0455955866402202,,见原敏感性表,results/01_q1/q1_3_sensitivity.csv
1.3,componentwise_pm_10pct_phase1,task_main,reported_fields,,,,0.0604493481775346,,见原敏感性表,results/01_q1/q1_3_sensitivity.csv
1.3,componentwise_pm_10pct_phase1,task_main,reported_fields,,,,0.0604493481775319,,见原敏感性表,results/01_q1/q1_3_sensitivity.csv
1.3,componentwise_pm_10pct_phase1,task_main,reported_fields,,,,0.1664942829952857,,见原敏感性表,results/01_q1/q1_3_sensitivity.csv
1.3,componentwise_pm_10pct_phase1,task_main,reported_fields,,,,0.0604493481775346,,见原敏感性表,results/01_q1/q1_3_sensitivity.csv
1.3,componentwise_pm_10pct_phase1,task_main,reported_fields,,,,0.1664942829952864,,见原敏感性表,results/01_q1/q1_3_sensitivity.csv
1.3,componentwise_pm_10pct_phase1,task_main,reported_fields,,,,0.0604493481775337,,见原敏感性表,results/01_q1/q1_3_sensitivity.csv
1.3,componentwise_pm_10pct_phase1,task_main,reported_fields,,,,0.1664942829952859,,见原敏感性表,results/01_q1/q1_3_sensitivity.csv
1.3,componentwise_pm_10pct_phase1,task_main,reported_fields,,,,-0.0455955866402205,,见原敏感性表,results/01_q1/q1_3_sensitivity.csv
1.3,componentwise_pm_10pct_phase1,task_main,reported_fields,,,,0.1664942829952861,,见原敏感性表,results/01_q1/q1_3_sensitivity.csv
1.3,componentwise_pm_10pct_phase1,task_main,reported_fields,,,,0.0604493481775338,,见原敏感性表,results/01_q1/q1_3_sensitivity.csv
1.3,componentwise_pm_10pct_phase1,task_main,reported_fields,,,,0.0604493481775318,,见原敏感性表,results/01_q1/q1_3_sensitivity.csv
1.3,componentwise_pm_10pct_phase1,task_main,reported_fields,,,,0.0604493481775328,,见原敏感性表,results/01_q1/q1_3_sensitivity.csv
1.3,componentwise_pm_10pct_phase1,task_main,reported_fields,,,,0.0604493481775329,,见原敏感性表,results/01_q1/q1_3_sensitivity.csv
1.3,componentwise_pm_5pct_phase0,task_main,reported_fields,,,,0.0161103485924027,,见原敏感性表,results/01_q1/q1_3_sensitivity.csv
1.3,componentwise_pm_5pct_phase0,task_main,reported_fields,,,,-0.0322758584834256,,见原敏感性表,results/01_q1/q1_3_sensitivity.csv
1.3,componentwise_pm_5pct_phase0,task_main,reported_fields,,,,0.0161103485924038,,见原敏感性表,results/01_q1/q1_3_sensitivity.csv
1.3,componentwise_pm_5pct_phase0,task_main,reported_fields,,,,-0.0806620655592547,,见原敏感性表,results/01_q1/q1_3_sensitivity.csv
1.3,componentwise_pm_5pct_phase0,task_main,reported_fields,,,,0.0161103485924035,,见原敏感性表,results/01_q1/q1_3_sensitivity.csv
1.3,componentwise_pm_5pct_phase0,task_main,reported_fields,,,,-0.0806620655592536,,见原敏感性表,results/01_q1/q1_3_sensitivity.csv
1.3,componentwise_pm_5pct_phase0,task_main,reported_fields,,,,0.0161103485924027,,见原敏感性表,results/01_q1/q1_3_sensitivity.csv
1.3,componentwise_pm_5pct_phase0,task_main,reported_fields,,,,-0.0806620655592535,,见原敏感性表,results/01_q1/q1_3_sensitivity.csv
1.3,componentwise_pm_5pct_phase0,task_main,reported_fields,,,,0.0161103485924033,,见原敏感性表,results/01_q1/q1_3_sensitivity.csv
1.3,componentwise_pm_5pct_phase0,task_main,reported_fields,,,,-0.0806620655592544,,见原敏感性表,results/01_q1/q1_3_sensitivity.csv
1.3,componentwise_pm_5pct_phase0,task_main,reported_fields,,,,0.0161103485924035,,见原敏感性表,results/01_q1/q1_3_sensitivity.csv
1.3,componentwise_pm_5pct_phase0,task_main,reported_fields,,,,-0.0806620655592527,,见原敏感性表,results/01_q1/q1_3_sensitivity.csv
1.3,componentwise_pm_5pct_phase0,task_main,reported_fields,,,,-0.0322758584834253,,见原敏感性表,results/01_q1/q1_3_sensitivity.csv
1.3,componentwise_pm_5pct_phase0,task_main,reported_fields,,,,-0.0322758584834242,,见原敏感性表,results/01_q1/q1_3_sensitivity.csv
1.3,componentwise_pm_5pct_phase1,task_main,reported_fields,,,,-0.0172220622824449,,见原敏感性表,results/01_q1/q1_3_sensitivity.csv
1.3,componentwise_pm_5pct_phase1,task_main,reported_fields,,,,0.0345030923342695,,见原敏感性表,results/01_q1/q1_3_sensitivity.csv
1.3,componentwise_pm_5pct_phase1,task_main,reported_fields,,,,-0.0172220622824449,,见原敏感性表,results/01_q1/q1_3_sensitivity.csv
1.3,componentwise_pm_5pct_phase1,task_main,reported_fields,,,,0.0862282469509828,,见原敏感性表,results/01_q1/q1_3_sensitivity.csv
1.3,componentwise_pm_5pct_phase1,task_main,reported_fields,,,,-0.0172220622824451,,见原敏感性表,results/01_q1/q1_3_sensitivity.csv
1.3,componentwise_pm_5pct_phase1,task_main,reported_fields,,,,0.0862282469509827,,见原敏感性表,results/01_q1/q1_3_sensitivity.csv
1.3,componentwise_pm_5pct_phase1,task_main,reported_fields,,,,-0.0172220622824438,,见原敏感性表,results/01_q1/q1_3_sensitivity.csv
1.3,componentwise_pm_5pct_phase1,task_main,reported_fields,,,,0.086228246950983,,见原敏感性表,results/01_q1/q1_3_sensitivity.csv
1.3,componentwise_pm_5pct_phase1,task_main,reported_fields,,,,-0.0172220622824443,,见原敏感性表,results/01_q1/q1_3_sensitivity.csv
1.3,componentwise_pm_5pct_phase1,task_main,reported_fields,,,,0.0862282469509825,,见原敏感性表,results/01_q1/q1_3_sensitivity.csv
1.3,componentwise_pm_5pct_phase1,task_main,reported_fields,,,,-0.0172220622824441,,见原敏感性表,results/01_q1/q1_3_sensitivity.csv
1.3,componentwise_pm_5pct_phase1,task_main,reported_fields,,,,0.0862282469509835,,见原敏感性表,results/01_q1/q1_3_sensitivity.csv
1.3,componentwise_pm_5pct_phase1,task_main,reported_fields,,,,0.0345030923342689,,见原敏感性表,results/01_q1/q1_3_sensitivity.csv
1.3,componentwise_pm_5pct_phase1,task_main,reported_fields,,,,0.0345030923342696,,见原敏感性表,results/01_q1/q1_3_sensitivity.csv
1.3,componentwise_pm_10pct_phase0,task_main,reported_fields,,,,0.0312132623465043,,见原敏感性表,results/01_q1/q1_3_sensitivity.csv
1.3,componentwise_pm_10pct_phase0,task_main,reported_fields,,,,-0.0625333978668137,,见原敏感性表,results/01_q1/q1_3_sensitivity.csv
1.3,componentwise_pm_10pct_phase0,task_main,reported_fields,,,,0.0312132623465043,,见原敏感性表,results/01_q1/q1_3_sensitivity.csv
1.3,componentwise_pm_10pct_phase0,task_main,reported_fields,,,,-0.1562800580801329,,见原敏感性表,results/01_q1/q1_3_sensitivity.csv
1.3,componentwise_pm_10pct_phase0,task_main,reported_fields,,,,0.031213262346505,,见原敏感性表,results/01_q1/q1_3_sensitivity.csv
1.3,componentwise_pm_10pct_phase0,task_main,reported_fields,,,,-0.1562800580801317,,见原敏感性表,results/01_q1/q1_3_sensitivity.csv
1.3,componentwise_pm_10pct_phase0,task_main,reported_fields,,,,0.0312132623465042,,见原敏感性表,results/01_q1/q1_3_sensitivity.csv
1.3,componentwise_pm_10pct_phase0,task_main,reported_fields,,,,-0.1562800580801324,,见原敏感性表,results/01_q1/q1_3_sensitivity.csv
1.3,componentwise_pm_10pct_phase0,task_main,reported_fields,,,,0.0312132623465051,,见原敏感性表,results/01_q1/q1_3_sensitivity.csv
1.3,componentwise_pm_10pct_phase0,task_main,reported_fields,,,,-0.1562800580801328,,见原敏感性表,results/01_q1/q1_3_sensitivity.csv
1.3,componentwise_pm_10pct_phase0,task_main,reported_fields,,,,0.0312132623465045,,见原敏感性表,results/01_q1/q1_3_sensitivity.csv
1.3,componentwise_pm_10pct_phase0,task_main,reported_fields,,,,-0.1562800580801326,,见原敏感性表,results/01_q1/q1_3_sensitivity.csv
1.3,componentwise_pm_10pct_phase0,task_main,reported_fields,,,,-0.0625333978668143,,见原敏感性表,results/01_q1/q1_3_sensitivity.csv
1.3,componentwise_pm_10pct_phase0,task_main,reported_fields,,,,-0.0625333978668129,,见原敏感性表,results/01_q1/q1_3_sensitivity.csv
1.3,componentwise_pm_10pct_phase1,task_main,reported_fields,,,,-0.0356750231838285,,见原敏感性表,results/01_q1/q1_3_sensitivity.csv
1.3,componentwise_pm_10pct_phase1,task_main,reported_fields,,,,0.0714721964624132,,见原敏感性表,results/01_q1/q1_3_sensitivity.csv
1.3,componentwise_pm_10pct_phase1,task_main,reported_fields,,,,-0.0356750231838284,,见原敏感性表,results/01_q1/q1_3_sensitivity.csv
1.3,componentwise_pm_10pct_phase1,task_main,reported_fields,,,,0.1786194161086539,,见原敏感性表,results/01_q1/q1_3_sensitivity.csv
1.3,componentwise_pm_10pct_phase1,task_main,reported_fields,,,,-0.0356750231838278,,见原敏感性表,results/01_q1/q1_3_sensitivity.csv
1.3,componentwise_pm_10pct_phase1,task_main,reported_fields,,,,0.1786194161086548,,见原敏感性表,results/01_q1/q1_3_sensitivity.csv
1.3,componentwise_pm_10pct_phase1,task_main,reported_fields,,,,-0.0356750231838285,,见原敏感性表,results/01_q1/q1_3_sensitivity.csv
1.3,componentwise_pm_10pct_phase1,task_main,reported_fields,,,,0.1786194161086543,,见原敏感性表,results/01_q1/q1_3_sensitivity.csv
1.3,componentwise_pm_10pct_phase1,task_main,reported_fields,,,,-0.035675023183828,,见原敏感性表,results/01_q1/q1_3_sensitivity.csv
1.3,componentwise_pm_10pct_phase1,task_main,reported_fields,,,,0.1786194161086536,,见原敏感性表,results/01_q1/q1_3_sensitivity.csv
1.3,componentwise_pm_10pct_phase1,task_main,reported_fields,,,,-0.0356750231838278,,见原敏感性表,results/01_q1/q1_3_sensitivity.csv
1.3,componentwise_pm_10pct_phase1,task_main,reported_fields,,,,0.1786194161086553,,见原敏感性表,results/01_q1/q1_3_sensitivity.csv
1.3,componentwise_pm_10pct_phase1,task_main,reported_fields,,,,0.0714721964624131,,见原敏感性表,results/01_q1/q1_3_sensitivity.csv
1.3,componentwise_pm_10pct_phase1,task_main,reported_fields,,,,0.0714721964624137,,见原敏感性表,results/01_q1/q1_3_sensitivity.csv
1.3,zero_c_0.25,task_main,reported_fields,,,,0.0,,见原敏感性表,results/01_q1/q1_3_sensitivity.csv
1.3,zero_c_0.25,task_main,reported_fields,,,,0.0,,见原敏感性表,results/01_q1/q1_3_sensitivity.csv
1.3,zero_c_0.25,task_main,reported_fields,,,,0.0,,见原敏感性表,results/01_q1/q1_3_sensitivity.csv
1.3,zero_c_0.25,task_main,reported_fields,,,,0.0,,见原敏感性表,results/01_q1/q1_3_sensitivity.csv
1.3,zero_c_0.25,task_main,reported_fields,,,,0.0,,见原敏感性表,results/01_q1/q1_3_sensitivity.csv
1.3,zero_c_0.25,task_main,reported_fields,,,,0.0,,见原敏感性表,results/01_q1/q1_3_sensitivity.csv
1.3,zero_c_0.25,task_main,reported_fields,,,,0.0,,见原敏感性表,results/01_q1/q1_3_sensitivity.csv
1.3,zero_c_0.25,task_main,reported_fields,,,,0.0,,见原敏感性表,results/01_q1/q1_3_sensitivity.csv
1.3,zero_c_0.25,task_main,reported_fields,,,,0.0,,见原敏感性表,results/01_q1/q1_3_sensitivity.csv
1.3,zero_c_0.25,task_main,reported_fields,,,,0.0,,见原敏感性表,results/01_q1/q1_3_sensitivity.csv
1.3,zero_c_0.25,task_main,reported_fields,,,,0.0,,见原敏感性表,results/01_q1/q1_3_sensitivity.csv
1.3,zero_c_0.25,task_main,reported_fields,,,,0.0,,见原敏感性表,results/01_q1/q1_3_sensitivity.csv
1.3,zero_c_0.25,task_main,reported_fields,,,,0.0,,见原敏感性表,results/01_q1/q1_3_sensitivity.csv
1.3,zero_c_0.25,task_main,reported_fields,,,,0.0,,见原敏感性表,results/01_q1/q1_3_sensitivity.csv
1.3,zero_c_0.25,task_main,reported_fields,,,,0.0,,见原敏感性表,results/01_q1/q1_3_sensitivity.csv
1.3,zero_c_0.25,task_main,reported_fields,,,,0.0,,见原敏感性表,results/01_q1/q1_3_sensitivity.csv
1.3,zero_c_0.25,task_main,reported_fields,,,,0.0,,见原敏感性表,results/01_q1/q1_3_sensitivity.csv
1.3,zero_c_0.25,task_main,reported_fields,,,,0.0,,见原敏感性表,results/01_q1/q1_3_sensitivity.csv
1.3,zero_c_0.25,task_main,reported_fields,,,,0.0,,见原敏感性表,results/01_q1/q1_3_sensitivity.csv
1.3,zero_c_0.25,task_main,reported_fields,,,,0.0,,见原敏感性表,results/01_q1/q1_3_sensitivity.csv
1.3,zero_c_0.25,task_main,reported_fields,,,,0.0,,见原敏感性表,results/01_q1/q1_3_sensitivity.csv
1.3,zero_c_0.25,task_main,reported_fields,,,,0.0,,见原敏感性表,results/01_q1/q1_3_sensitivity.csv
1.3,zero_c_0.25,task_main,reported_fields,,,,0.0,,见原敏感性表,results/01_q1/q1_3_sensitivity.csv
1.3,zero_c_0.25,task_main,reported_fields,,,,0.0,,见原敏感性表,results/01_q1/q1_3_sensitivity.csv
1.3,zero_c_0.25,task_main,reported_fields,,,,0.0,,见原敏感性表,results/01_q1/q1_3_sensitivity.csv
1.3,zero_c_0.25,task_main,reported_fields,,,,0.0,,见原敏感性表,results/01_q1/q1_3_sensitivity.csv
1.3,zero_c_0.25,task_main,reported_fields,,,,0.0,,见原敏感性表,results/01_q1/q1_3_sensitivity.csv
1.3,zero_c_0.25,task_main,reported_fields,,,,0.0,,见原敏感性表,results/01_q1/q1_3_sensitivity.csv
1.3,zero_c_0.25,task_main,reported_fields,,,,0.0,,见原敏感性表,results/01_q1/q1_3_sensitivity.csv
1.3,zero_c_0.25,task_main,reported_fields,,,,0.0,,见原敏感性表,results/01_q1/q1_3_sensitivity.csv
1.3,zero_c_0.25,task_main,reported_fields,,,,0.0,,见原敏感性表,results/01_q1/q1_3_sensitivity.csv
1.3,zero_c_0.25,task_main,reported_fields,,,,0.0,,见原敏感性表,results/01_q1/q1_3_sensitivity.csv
1.3,zero_c_0.25,task_main,reported_fields,,,,0.0,,见原敏感性表,results/01_q1/q1_3_sensitivity.csv
1.3,zero_c_0.25,task_main,reported_fields,,,,0.0,,见原敏感性表,results/01_q1/q1_3_sensitivity.csv
1.3,zero_c_0.25,task_main,reported_fields,,,,0.0,,见原敏感性表,results/01_q1/q1_3_sensitivity.csv
1.3,zero_c_0.25,task_main,reported_fields,,,,0.0,,见原敏感性表,results/01_q1/q1_3_sensitivity.csv
1.3,zero_c_0.25,task_main,reported_fields,,,,0.0,,见原敏感性表,results/01_q1/q1_3_sensitivity.csv
1.3,zero_c_0.25,task_main,reported_fields,,,,0.0,,见原敏感性表,results/01_q1/q1_3_sensitivity.csv
1.3,zero_c_0.25,task_main,reported_fields,,,,0.0,,见原敏感性表,results/01_q1/q1_3_sensitivity.csv
1.3,zero_c_0.25,task_main,reported_fields,,,,0.0,,见原敏感性表,results/01_q1/q1_3_sensitivity.csv
1.3,zero_c_0.25,task_main,reported_fields,,,,0.0,,见原敏感性表,results/01_q1/q1_3_sensitivity.csv
1.3,zero_c_0.25,task_main,reported_fields,,,,0.0,,见原敏感性表,results/01_q1/q1_3_sensitivity.csv
1.3,zero_c_0.25,task_main,reported_fields,,,,0.0,,见原敏感性表,results/01_q1/q1_3_sensitivity.csv
1.3,zero_c_0.25,task_main,reported_fields,,,,0.0,,见原敏感性表,results/01_q1/q1_3_sensitivity.csv
1.3,zero_c_0.25,task_main,reported_fields,,,,0.0,,见原敏感性表,results/01_q1/q1_3_sensitivity.csv
1.3,zero_c_0.25,task_main,reported_fields,,,,0.0,,见原敏感性表,results/01_q1/q1_3_sensitivity.csv
1.3,zero_c_0.25,task_main,reported_fields,,,,0.0,,见原敏感性表,results/01_q1/q1_3_sensitivity.csv
1.3,zero_c_0.25,task_main,reported_fields,,,,0.0,,见原敏感性表,results/01_q1/q1_3_sensitivity.csv
1.3,zero_c_0.25,task_main,reported_fields,,,,0.0,,见原敏感性表,results/01_q1/q1_3_sensitivity.csv
1.3,zero_c_0.25,task_main,reported_fields,,,,0.0,,见原敏感性表,results/01_q1/q1_3_sensitivity.csv
1.3,zero_c_0.25,task_main,reported_fields,,,,0.0,,见原敏感性表,results/01_q1/q1_3_sensitivity.csv
1.3,zero_c_0.25,task_main,reported_fields,,,,0.0,,见原敏感性表,results/01_q1/q1_3_sensitivity.csv
1.3,zero_c_0.25,task_main,reported_fields,,,,0.0,,见原敏感性表,results/01_q1/q1_3_sensitivity.csv
1.3,zero_c_0.25,task_main,reported_fields,,,,0.0,,见原敏感性表,results/01_q1/q1_3_sensitivity.csv
1.3,zero_c_0.25,task_main,reported_fields,,,,0.0,,见原敏感性表,results/01_q1/q1_3_sensitivity.csv
1.3,zero_c_0.25,task_main,reported_fields,,,,0.0,,见原敏感性表,results/01_q1/q1_3_sensitivity.csv
1.3,zero_c_0.25,task_main,reported_fields,,,,0.0,,见原敏感性表,results/01_q1/q1_3_sensitivity.csv
1.3,zero_c_0.25,task_main,reported_fields,,,,0.0,,见原敏感性表,results/01_q1/q1_3_sensitivity.csv
1.3,zero_c_0.25,task_main,reported_fields,,,,0.0,,见原敏感性表,results/01_q1/q1_3_sensitivity.csv
1.3,zero_c_0.25,task_main,reported_fields,,,,0.0,,见原敏感性表,results/01_q1/q1_3_sensitivity.csv
1.3,zero_c_0.25,task_main,reported_fields,,,,0.0,,见原敏感性表,results/01_q1/q1_3_sensitivity.csv
1.3,zero_c_0.25,task_main,reported_fields,,,,0.0,,见原敏感性表,results/01_q1/q1_3_sensitivity.csv
1.3,zero_c_0.25,task_main,reported_fields,,,,0.0,,见原敏感性表,results/01_q1/q1_3_sensitivity.csv
1.3,zero_c_0.25,task_main,reported_fields,,,,0.0,,见原敏感性表,results/01_q1/q1_3_sensitivity.csv
1.3,zero_c_0.25,task_main,reported_fields,,,,0.0,,见原敏感性表,results/01_q1/q1_3_sensitivity.csv
1.3,zero_c_0.25,task_main,reported_fields,,,,0.0,,见原敏感性表,results/01_q1/q1_3_sensitivity.csv
1.3,zero_c_0.25,task_main,reported_fields,,,,0.0,,见原敏感性表,results/01_q1/q1_3_sensitivity.csv
1.3,zero_c_0.25,task_main,reported_fields,,,,0.0,,见原敏感性表,results/01_q1/q1_3_sensitivity.csv
1.3,zero_c_0.25,task_main,reported_fields,,,,0.0,,见原敏感性表,results/01_q1/q1_3_sensitivity.csv
1.3,zero_c_0.25,task_main,reported_fields,,,,0.0,,见原敏感性表,results/01_q1/q1_3_sensitivity.csv
1.3,zero_c_0.25,task_main,reported_fields,,,,0.0,,见原敏感性表,results/01_q1/q1_3_sensitivity.csv
1.3,zero_c_0.25,task_main,reported_fields,,,,0.0,,见原敏感性表,results/01_q1/q1_3_sensitivity.csv
1.3,zero_c_0.25,task_main,reported_fields,,,,0.0,,见原敏感性表,results/01_q1/q1_3_sensitivity.csv
1.3,zero_c_0.25,task_main,reported_fields,,,,0.0,,见原敏感性表,results/01_q1/q1_3_sensitivity.csv
1.3,zero_c_0.25,task_main,reported_fields,,,,0.0,,见原敏感性表,results/01_q1/q1_3_sensitivity.csv
1.3,zero_c_0.25,task_main,reported_fields,,,,0.0,,见原敏感性表,results/01_q1/q1_3_sensitivity.csv
1.3,zero_c_0.25,task_main,reported_fields,,,,0.0,,见原敏感性表,results/01_q1/q1_3_sensitivity.csv
1.3,zero_c_0.25,task_main,reported_fields,,,,0.0,,见原敏感性表,results/01_q1/q1_3_sensitivity.csv
1.3,zero_c_0.25,task_main,reported_fields,,,,0.0,,见原敏感性表,results/01_q1/q1_3_sensitivity.csv
1.3,zero_c_0.25,task_main,reported_fields,,,,0.0,,见原敏感性表,results/01_q1/q1_3_sensitivity.csv
1.3,zero_c_0.25,task_main,reported_fields,,,,0.0,,见原敏感性表,results/01_q1/q1_3_sensitivity.csv
1.3,zero_c_0.25,task_main,reported_fields,,,,0.0,,见原敏感性表,results/01_q1/q1_3_sensitivity.csv
1.3,zero_c_0.25,task_main,reported_fields,,,,0.0,,见原敏感性表,results/01_q1/q1_3_sensitivity.csv
1.3,zero_c_0.25,task_main,reported_fields,,,,0.0,,见原敏感性表,results/01_q1/q1_3_sensitivity.csv
1.3,zero_c_0.25,task_main,reported_fields,,,,0.0,,见原敏感性表,results/01_q1/q1_3_sensitivity.csv
1.3,zero_c_0.25,task_main,reported_fields,,,,0.0,,见原敏感性表,results/01_q1/q1_3_sensitivity.csv
1.3,zero_c_0.25,task_main,reported_fields,,,,0.0,,见原敏感性表,results/01_q1/q1_3_sensitivity.csv
1.3,zero_c_0.25,task_main,reported_fields,,,,0.0,,见原敏感性表,results/01_q1/q1_3_sensitivity.csv
1.3,zero_c_0.25,task_main,reported_fields,,,,0.0,,见原敏感性表,results/01_q1/q1_3_sensitivity.csv
1.3,zero_c_0.25,task_main,reported_fields,,,,0.0,,见原敏感性表,results/01_q1/q1_3_sensitivity.csv
1.3,zero_c_0.25,task_main,reported_fields,,,,0.0,,见原敏感性表,results/01_q1/q1_3_sensitivity.csv
1.3,zero_c_0.25,task_main,reported_fields,,,,0.0,,见原敏感性表,results/01_q1/q1_3_sensitivity.csv
1.3,zero_c_0.25,task_main,reported_fields,,,,0.0,,见原敏感性表,results/01_q1/q1_3_sensitivity.csv
1.3,zero_c_0.25,task_main,reported_fields,,,,0.0,,见原敏感性表,results/01_q1/q1_3_sensitivity.csv
1.3,zero_c_0.25,task_main,reported_fields,,,,0.0,,见原敏感性表,results/01_q1/q1_3_sensitivity.csv
1.3,zero_c_0.25,task_main,reported_fields,,,,0.0,,见原敏感性表,results/01_q1/q1_3_sensitivity.csv
1.3,zero_c_0.25,task_main,reported_fields,,,,0.0,,见原敏感性表,results/01_q1/q1_3_sensitivity.csv
1.3,zero_c_0.25,task_main,reported_fields,,,,0.0,,见原敏感性表,results/01_q1/q1_3_sensitivity.csv
1.3,zero_c_0.25,task_main,reported_fields,,,,0.0,,见原敏感性表,results/01_q1/q1_3_sensitivity.csv
1.3,zero_c_0.25,task_main,reported_fields,,,,0.0,,见原敏感性表,results/01_q1/q1_3_sensitivity.csv
1.3,zero_c_0.25,task_main,reported_fields,,,,0.0,,见原敏感性表,results/01_q1/q1_3_sensitivity.csv
1.3,zero_c_0.25,task_main,reported_fields,,,,0.0,,见原敏感性表,results/01_q1/q1_3_sensitivity.csv
1.3,zero_c_0.25,task_main,reported_fields,,,,0.0,,见原敏感性表,results/01_q1/q1_3_sensitivity.csv
1.3,zero_c_0.25,task_main,reported_fields,,,,0.0,,见原敏感性表,results/01_q1/q1_3_sensitivity.csv
1.3,zero_c_0.25,task_main,reported_fields,,,,0.0,,见原敏感性表,results/01_q1/q1_3_sensitivity.csv
1.3,zero_c_0.25,task_main,reported_fields,,,,0.0,,见原敏感性表,results/01_q1/q1_3_sensitivity.csv
1.3,zero_c_0.25,task_main,reported_fields,,,,0.0,,见原敏感性表,results/01_q1/q1_3_sensitivity.csv
1.3,zero_c_0.25,task_main,reported_fields,,,,0.0,,见原敏感性表,results/01_q1/q1_3_sensitivity.csv
1.3,zero_c_0.25,task_main,reported_fields,,,,0.0,,见原敏感性表,results/01_q1/q1_3_sensitivity.csv
1.3,zero_c_0.25,task_main,reported_fields,,,,0.0,,见原敏感性表,results/01_q1/q1_3_sensitivity.csv
1.3,zero_c_0.25,task_main,reported_fields,,,,0.0,,见原敏感性表,results/01_q1/q1_3_sensitivity.csv
1.3,zero_c_0.25,task_main,reported_fields,,,,0.0,,见原敏感性表,results/01_q1/q1_3_sensitivity.csv
1.3,zero_c_0.25,task_main,reported_fields,,,,0.0,,见原敏感性表,results/01_q1/q1_3_sensitivity.csv
1.3,zero_c_0.25,task_main,reported_fields,,,,0.0,,见原敏感性表,results/01_q1/q1_3_sensitivity.csv
1.3,zero_c_0.25,task_main,reported_fields,,,,0.0,,见原敏感性表,results/01_q1/q1_3_sensitivity.csv
1.3,zero_c_0.25,task_main,reported_fields,,,,0.0,,见原敏感性表,results/01_q1/q1_3_sensitivity.csv
1.3,zero_c_0.25,task_main,reported_fields,,,,0.0,,见原敏感性表,results/01_q1/q1_3_sensitivity.csv
1.3,zero_c_0.25,task_main,reported_fields,,,,0.0,,见原敏感性表,results/01_q1/q1_3_sensitivity.csv
1.3,zero_c_0.25,task_main,reported_fields,,,,0.0,,见原敏感性表,results/01_q1/q1_3_sensitivity.csv
1.3,zero_c_0.25,task_main,reported_fields,,,,0.0,,见原敏感性表,results/01_q1/q1_3_sensitivity.csv
1.3,zero_c_0.25,task_main,reported_fields,,,,0.0,,见原敏感性表,results/01_q1/q1_3_sensitivity.csv
1.3,zero_c_0.25,task_main,reported_fields,,,,0.0,,见原敏感性表,results/01_q1/q1_3_sensitivity.csv
1.3,zero_c_0.25,task_main,reported_fields,,,,0.0,,见原敏感性表,results/01_q1/q1_3_sensitivity.csv
1.3,zero_c_0.25,task_main,reported_fields,,,,0.0,,见原敏感性表,results/01_q1/q1_3_sensitivity.csv
1.3,zero_c_0.25,task_main,reported_fields,,,,0.0,,见原敏感性表,results/01_q1/q1_3_sensitivity.csv
1.3,zero_c_0.25,task_main,reported_fields,,,,0.0,,见原敏感性表,results/01_q1/q1_3_sensitivity.csv
1.3,zero_c_0.25,task_main,reported_fields,,,,0.0,,见原敏感性表,results/01_q1/q1_3_sensitivity.csv
1.3,zero_c_0.25,task_main,reported_fields,,,,0.0,,见原敏感性表,results/01_q1/q1_3_sensitivity.csv
1.3,zero_c_0.25,task_main,reported_fields,,,,0.0,,见原敏感性表,results/01_q1/q1_3_sensitivity.csv
1.3,zero_c_0.25,task_main,reported_fields,,,,0.0,,见原敏感性表,results/01_q1/q1_3_sensitivity.csv
1.3,zero_c_0.25,task_main,reported_fields,,,,0.0,,见原敏感性表,results/01_q1/q1_3_sensitivity.csv
1.3,zero_c_0.25,task_main,reported_fields,,,,0.0,,见原敏感性表,results/01_q1/q1_3_sensitivity.csv
1.3,zero_c_0.25,task_main,reported_fields,,,,0.0,,见原敏感性表,results/01_q1/q1_3_sensitivity.csv
1.3,zero_c_0.25,task_main,reported_fields,,,,0.0,,见原敏感性表,results/01_q1/q1_3_sensitivity.csv
1.3,zero_c_0.25,task_main,reported_fields,,,,0.0,,见原敏感性表,results/01_q1/q1_3_sensitivity.csv
1.3,zero_c_0.25,task_main,reported_fields,,,,0.0,,见原敏感性表,results/01_q1/q1_3_sensitivity.csv
1.3,zero_c_0.25,task_main,reported_fields,,,,0.0,,见原敏感性表,results/01_q1/q1_3_sensitivity.csv
1.3,zero_c_0.25,task_main,reported_fields,,,,0.0,,见原敏感性表,results/01_q1/q1_3_sensitivity.csv
1.3,zero_c_0.25,task_main,reported_fields,,,,0.0,,见原敏感性表,results/01_q1/q1_3_sensitivity.csv
1.3,zero_c_0.25,task_main,reported_fields,,,,0.0,,见原敏感性表,results/01_q1/q1_3_sensitivity.csv
1.3,zero_c_0.25,task_main,reported_fields,,,,0.0,,见原敏感性表,results/01_q1/q1_3_sensitivity.csv
1.3,zero_c_0.25,task_main,reported_fields,,,,0.0,,见原敏感性表,results/01_q1/q1_3_sensitivity.csv
1.3,zero_c_0.25,task_main,reported_fields,,,,0.0,,见原敏感性表,results/01_q1/q1_3_sensitivity.csv
1.3,zero_c_0.25,task_main,reported_fields,,,,0.0,,见原敏感性表,results/01_q1/q1_3_sensitivity.csv
1.3,zero_c_0.25,task_main,reported_fields,,,,0.0,,见原敏感性表,results/01_q1/q1_3_sensitivity.csv
1.3,zero_c_0.25,task_main,reported_fields,,,,0.0,,见原敏感性表,results/01_q1/q1_3_sensitivity.csv
1.3,zero_c_0.25,task_main,reported_fields,,,,0.0,,见原敏感性表,results/01_q1/q1_3_sensitivity.csv
1.3,zero_c_0.25,task_main,reported_fields,,,,0.0,,见原敏感性表,results/01_q1/q1_3_sensitivity.csv
1.3,zero_c_0.25,task_main,reported_fields,,,,0.0,,见原敏感性表,results/01_q1/q1_3_sensitivity.csv
1.3,zero_c_0.25,task_main,reported_fields,,,,0.0,,见原敏感性表,results/01_q1/q1_3_sensitivity.csv
1.3,zero_c_0.25,task_main,reported_fields,,,,0.0,,见原敏感性表,results/01_q1/q1_3_sensitivity.csv
1.3,zero_c_0.25,task_main,reported_fields,,,,0.0,,见原敏感性表,results/01_q1/q1_3_sensitivity.csv
1.3,zero_c_0.25,task_main,reported_fields,,,,0.0,,见原敏感性表,results/01_q1/q1_3_sensitivity.csv
1.3,zero_c_0.25,task_main,reported_fields,,,,0.0,,见原敏感性表,results/01_q1/q1_3_sensitivity.csv
1.3,zero_c_0.25,task_main,reported_fields,,,,0.0,,见原敏感性表,results/01_q1/q1_3_sensitivity.csv
1.3,zero_c_0.25,task_main,reported_fields,,,,0.0,,见原敏感性表,results/01_q1/q1_3_sensitivity.csv
1.3,zero_c_0.25,task_main,reported_fields,,,,0.0,,见原敏感性表,results/01_q1/q1_3_sensitivity.csv
1.3,zero_c_0.25,task_main,reported_fields,,,,0.0,,见原敏感性表,results/01_q1/q1_3_sensitivity.csv
1.3,zero_c_0.25,task_main,reported_fields,,,,0.0,,见原敏感性表,results/01_q1/q1_3_sensitivity.csv
1.3,zero_c_0.25,task_main,reported_fields,,,,0.0,,见原敏感性表,results/01_q1/q1_3_sensitivity.csv
1.3,zero_c_0.25,task_main,reported_fields,,,,0.0,,见原敏感性表,results/01_q1/q1_3_sensitivity.csv
1.3,zero_c_0.25,task_main,reported_fields,,,,0.0,,见原敏感性表,results/01_q1/q1_3_sensitivity.csv
1.3,zero_c_0.25,task_main,reported_fields,,,,0.0,,见原敏感性表,results/01_q1/q1_3_sensitivity.csv
1.3,zero_c_0.25,task_main,reported_fields,,,,0.0,,见原敏感性表,results/01_q1/q1_3_sensitivity.csv
1.3,zero_c_0.25,task_main,reported_fields,,,,0.0,,见原敏感性表,results/01_q1/q1_3_sensitivity.csv
1.3,zero_c_0.25,task_main,reported_fields,,,,0.0,,见原敏感性表,results/01_q1/q1_3_sensitivity.csv
1.3,zero_c_0.25,task_main,reported_fields,,,,0.0,,见原敏感性表,results/01_q1/q1_3_sensitivity.csv
1.3,zero_c_0.25,task_main,reported_fields,,,,0.0,,见原敏感性表,results/01_q1/q1_3_sensitivity.csv
1.3,zero_c_0.25,task_main,reported_fields,,,,0.0,,见原敏感性表,results/01_q1/q1_3_sensitivity.csv
1.3,zero_c_0.25,task_main,reported_fields,,,,0.0,,见原敏感性表,results/01_q1/q1_3_sensitivity.csv
1.3,zero_c_0.25,task_main,reported_fields,,,,0.0,,见原敏感性表,results/01_q1/q1_3_sensitivity.csv
1.3,zero_c_0.25,task_main,reported_fields,,,,0.0,,见原敏感性表,results/01_q1/q1_3_sensitivity.csv
1.3,zero_c_0.25,task_main,reported_fields,,,,0.0,,见原敏感性表,results/01_q1/q1_3_sensitivity.csv
1.3,zero_c_0.25,task_main,reported_fields,,,,0.0,,见原敏感性表,results/01_q1/q1_3_sensitivity.csv
1.3,zero_c_0.25,task_main,reported_fields,,,,0.0,,见原敏感性表,results/01_q1/q1_3_sensitivity.csv
1.3,zero_c_0.25,task_main,reported_fields,,,,0.0,,见原敏感性表,results/01_q1/q1_3_sensitivity.csv
1.3,zero_c_0.25,task_main,reported_fields,,,,0.0,,见原敏感性表,results/01_q1/q1_3_sensitivity.csv
1.3,zero_c_0.25,task_main,reported_fields,,,,0.0,,见原敏感性表,results/01_q1/q1_3_sensitivity.csv
1.3,zero_c_0.25,task_main,reported_fields,,,,0.0,,见原敏感性表,results/01_q1/q1_3_sensitivity.csv
1.3,zero_c_0.25,task_main,reported_fields,,,,0.0,,见原敏感性表,results/01_q1/q1_3_sensitivity.csv
1.3,zero_c_0.25,task_main,reported_fields,,,,0.0,,见原敏感性表,results/01_q1/q1_3_sensitivity.csv
1.3,zero_c_0.25,task_main,reported_fields,,,,0.0,,见原敏感性表,results/01_q1/q1_3_sensitivity.csv
1.3,zero_c_0.25,task_main,reported_fields,,,,0.0,,见原敏感性表,results/01_q1/q1_3_sensitivity.csv
1.3,zero_c_0.25,task_main,reported_fields,,,,0.0,,见原敏感性表,results/01_q1/q1_3_sensitivity.csv
1.3,zero_c_0.25,task_main,reported_fields,,,,0.0,,见原敏感性表,results/01_q1/q1_3_sensitivity.csv
1.3,zero_c_0.25,task_main,reported_fields,,,,0.0,,见原敏感性表,results/01_q1/q1_3_sensitivity.csv
1.3,zero_c_0.25,task_main,reported_fields,,,,0.0,,见原敏感性表,results/01_q1/q1_3_sensitivity.csv
1.3,zero_c_0.25,task_main,reported_fields,,,,0.0,,见原敏感性表,results/01_q1/q1_3_sensitivity.csv
1.3,zero_c_0.25,task_main,reported_fields,,,,0.0,,见原敏感性表,results/01_q1/q1_3_sensitivity.csv
1.3,zero_c_0.25,task_main,reported_fields,,,,0.0,,见原敏感性表,results/01_q1/q1_3_sensitivity.csv
1.3,zero_c_0.25,task_main,reported_fields,,,,0.0,,见原敏感性表,results/01_q1/q1_3_sensitivity.csv
1.3,zero_c_0.25,task_main,reported_fields,,,,0.0,,见原敏感性表,results/01_q1/q1_3_sensitivity.csv
1.3,zero_c_0.25,task_main,reported_fields,,,,0.0,,见原敏感性表,results/01_q1/q1_3_sensitivity.csv
1.3,zero_c_0.25,task_main,reported_fields,,,,0.0,,见原敏感性表,results/01_q1/q1_3_sensitivity.csv
1.3,zero_c_0.25,task_main,reported_fields,,,,0.0,,见原敏感性表,results/01_q1/q1_3_sensitivity.csv
1.3,zero_c_0.25,task_main,reported_fields,,,,0.0,,见原敏感性表,results/01_q1/q1_3_sensitivity.csv
1.3,zero_c_0.25,task_main,reported_fields,,,,0.0,,见原敏感性表,results/01_q1/q1_3_sensitivity.csv
1.3,zero_c_0.25,task_main,reported_fields,,,,0.0,,见原敏感性表,results/01_q1/q1_3_sensitivity.csv
1.3,zero_c_0.25,task_main,reported_fields,,,,0.0,,见原敏感性表,results/01_q1/q1_3_sensitivity.csv
1.3,zero_c_0.25,task_main,reported_fields,,,,0.0,,见原敏感性表,results/01_q1/q1_3_sensitivity.csv
1.3,zero_c_0.25,task_main,reported_fields,,,,0.0,,见原敏感性表,results/01_q1/q1_3_sensitivity.csv
1.3,zero_c_0.25,task_main,reported_fields,,,,0.0,,见原敏感性表,results/01_q1/q1_3_sensitivity.csv
1.3,zero_c_0.25,task_main,reported_fields,,,,0.0,,见原敏感性表,results/01_q1/q1_3_sensitivity.csv
1.3,zero_c_0.25,task_main,reported_fields,,,,0.0,,见原敏感性表,results/01_q1/q1_3_sensitivity.csv
1.3,zero_c_0.25,task_main,reported_fields,,,,0.0,,见原敏感性表,results/01_q1/q1_3_sensitivity.csv
1.3,zero_c_0.25,task_main,reported_fields,,,,0.0,,见原敏感性表,results/01_q1/q1_3_sensitivity.csv
1.3,zero_c_0.25,task_main,reported_fields,,,,0.0,,见原敏感性表,results/01_q1/q1_3_sensitivity.csv
1.3,zero_c_0.25,task_main,reported_fields,,,,0.0,,见原敏感性表,results/01_q1/q1_3_sensitivity.csv
1.3,zero_c_0.25,task_main,reported_fields,,,,0.0,,见原敏感性表,results/01_q1/q1_3_sensitivity.csv
1.3,zero_c_0.25,task_main,reported_fields,,,,0.0,,见原敏感性表,results/01_q1/q1_3_sensitivity.csv
1.3,zero_c_0.25,task_main,reported_fields,,,,0.0,,见原敏感性表,results/01_q1/q1_3_sensitivity.csv
1.3,zero_c_0.25,task_main,reported_fields,,,,0.0,,见原敏感性表,results/01_q1/q1_3_sensitivity.csv
1.3,zero_c_0.25,task_main,reported_fields,,,,0.0,,见原敏感性表,results/01_q1/q1_3_sensitivity.csv
1.3,zero_c_0.25,task_main,reported_fields,,,,0.0,,见原敏感性表,results/01_q1/q1_3_sensitivity.csv
1.3,zero_c_0.25,task_main,reported_fields,,,,0.0,,见原敏感性表,results/01_q1/q1_3_sensitivity.csv
1.3,zero_c_0.25,task_main,reported_fields,,,,0.0,,见原敏感性表,results/01_q1/q1_3_sensitivity.csv
1.3,zero_c_0.25,task_main,reported_fields,,,,0.0,,见原敏感性表,results/01_q1/q1_3_sensitivity.csv
1.3,zero_c_0.25,task_main,reported_fields,,,,0.0,,见原敏感性表,results/01_q1/q1_3_sensitivity.csv
1.3,zero_c_0.25,task_main,reported_fields,,,,0.0,,见原敏感性表,results/01_q1/q1_3_sensitivity.csv
1.3,zero_c_0.25,task_main,reported_fields,,,,0.0,,见原敏感性表,results/01_q1/q1_3_sensitivity.csv
1.3,zero_c_0.25,task_main,reported_fields,,,,0.0,,见原敏感性表,results/01_q1/q1_3_sensitivity.csv
1.3,zero_c_0.25,task_main,reported_fields,,,,0.0,,见原敏感性表,results/01_q1/q1_3_sensitivity.csv
1.3,zero_c_0.25,task_main,reported_fields,,,,0.0,,见原敏感性表,results/01_q1/q1_3_sensitivity.csv
1.3,zero_c_0.25,task_main,reported_fields,,,,0.0,,见原敏感性表,results/01_q1/q1_3_sensitivity.csv
1.3,zero_c_0.25,task_main,reported_fields,,,,0.0,,见原敏感性表,results/01_q1/q1_3_sensitivity.csv
1.3,zero_c_0.25,task_main,reported_fields,,,,0.0,,见原敏感性表,results/01_q1/q1_3_sensitivity.csv
1.3,zero_c_0.25,task_main,reported_fields,,,,0.0,,见原敏感性表,results/01_q1/q1_3_sensitivity.csv
1.3,zero_c_0.25,task_main,reported_fields,,,,0.0,,见原敏感性表,results/01_q1/q1_3_sensitivity.csv
1.3,zero_c_0.25,task_main,reported_fields,,,,0.0,,见原敏感性表,results/01_q1/q1_3_sensitivity.csv
1.3,zero_c_0.25,task_main,reported_fields,,,,0.0,,见原敏感性表,results/01_q1/q1_3_sensitivity.csv
1.3,zero_c_0.25,task_main,reported_fields,,,,0.0,,见原敏感性表,results/01_q1/q1_3_sensitivity.csv
1.3,zero_c_0.25,task_main,reported_fields,,,,0.0,,见原敏感性表,results/01_q1/q1_3_sensitivity.csv
1.3,zero_c_0.25,task_main,reported_fields,,,,0.0,,见原敏感性表,results/01_q1/q1_3_sensitivity.csv
1.3,zero_c_0.25,task_main,reported_fields,,,,0.0,,见原敏感性表,results/01_q1/q1_3_sensitivity.csv
1.3,zero_c_0.25,task_main,reported_fields,,,,0.0,,见原敏感性表,results/01_q1/q1_3_sensitivity.csv
1.3,zero_c_0.25,task_main,reported_fields,,,,0.0,,见原敏感性表,results/01_q1/q1_3_sensitivity.csv
1.3,zero_c_0.25,task_main,reported_fields,,,,0.0,,见原敏感性表,results/01_q1/q1_3_sensitivity.csv
1.3,zero_c_0.25,task_main,reported_fields,,,,0.0,,见原敏感性表,results/01_q1/q1_3_sensitivity.csv
1.3,zero_c_0.25,task_main,reported_fields,,,,0.0,,见原敏感性表,results/01_q1/q1_3_sensitivity.csv
1.3,zero_c_0.25,task_main,reported_fields,,,,0.0,,见原敏感性表,results/01_q1/q1_3_sensitivity.csv
1.3,zero_c_0.25,task_main,reported_fields,,,,0.0,,见原敏感性表,results/01_q1/q1_3_sensitivity.csv
1.3,zero_c_0.25,task_main,reported_fields,,,,0.0,,见原敏感性表,results/01_q1/q1_3_sensitivity.csv
1.3,zero_c_0.25,task_main,reported_fields,,,,0.0,,见原敏感性表,results/01_q1/q1_3_sensitivity.csv
1.3,zero_c_0.25,task_main,reported_fields,,,,0.0,,见原敏感性表,results/01_q1/q1_3_sensitivity.csv
1.3,zero_c_0.25,task_main,reported_fields,,,,0.0,,见原敏感性表,results/01_q1/q1_3_sensitivity.csv
1.3,zero_c_0.25,task_main,reported_fields,,,,0.0,,见原敏感性表,results/01_q1/q1_3_sensitivity.csv
1.3,zero_c_0.25,task_main,reported_fields,,,,0.0,,见原敏感性表,results/01_q1/q1_3_sensitivity.csv
1.3,zero_c_0.25,task_main,reported_fields,,,,0.0,,见原敏感性表,results/01_q1/q1_3_sensitivity.csv
1.3,zero_c_0.25,task_main,reported_fields,,,,0.0,,见原敏感性表,results/01_q1/q1_3_sensitivity.csv
1.3,zero_c_0.25,task_main,reported_fields,,,,0.0,,见原敏感性表,results/01_q1/q1_3_sensitivity.csv
1.3,zero_c_0.25,task_main,reported_fields,,,,0.0,,见原敏感性表,results/01_q1/q1_3_sensitivity.csv
1.3,zero_c_0.25,task_main,reported_fields,,,,0.0,,见原敏感性表,results/01_q1/q1_3_sensitivity.csv
1.3,zero_c_0.25,task_main,reported_fields,,,,0.0,,见原敏感性表,results/01_q1/q1_3_sensitivity.csv
1.3,zero_c_0.25,task_main,reported_fields,,,,0.0,,见原敏感性表,results/01_q1/q1_3_sensitivity.csv
1.3,zero_c_0.25,task_main,reported_fields,,,,0.0,,见原敏感性表,results/01_q1/q1_3_sensitivity.csv
1.3,zero_c_0.25,task_main,reported_fields,,,,0.0,,见原敏感性表,results/01_q1/q1_3_sensitivity.csv
1.3,zero_c_0.25,task_main,reported_fields,,,,0.0,,见原敏感性表,results/01_q1/q1_3_sensitivity.csv
1.3,zero_c_0.25,task_main,reported_fields,,,,0.0,,见原敏感性表,results/01_q1/q1_3_sensitivity.csv
1.3,zero_c_0.25,task_main,reported_fields,,,,0.0,,见原敏感性表,results/01_q1/q1_3_sensitivity.csv
1.3,zero_c_0.25,task_main,reported_fields,,,,0.0,,见原敏感性表,results/01_q1/q1_3_sensitivity.csv
1.3,zero_c_0.25,task_main,reported_fields,,,,0.0,,见原敏感性表,results/01_q1/q1_3_sensitivity.csv
1.3,zero_c_0.25,task_main,reported_fields,,,,0.0,,见原敏感性表,results/01_q1/q1_3_sensitivity.csv
1.3,zero_c_0.25,task_main,reported_fields,,,,0.0,,见原敏感性表,results/01_q1/q1_3_sensitivity.csv
1.3,zero_c_0.25,task_main,reported_fields,,,,0.0,,见原敏感性表,results/01_q1/q1_3_sensitivity.csv
1.3,zero_c_0.25,task_main,reported_fields,,,,0.0,,见原敏感性表,results/01_q1/q1_3_sensitivity.csv
1.3,zero_c_0.25,task_main,reported_fields,,,,0.0,,见原敏感性表,results/01_q1/q1_3_sensitivity.csv
1.3,zero_c_0.25,task_main,reported_fields,,,,0.0,,见原敏感性表,results/01_q1/q1_3_sensitivity.csv
1.3,zero_c_0.25,task_main,reported_fields,,,,0.0,,见原敏感性表,results/01_q1/q1_3_sensitivity.csv
1.3,zero_c_0.25,task_main,reported_fields,,,,0.0,,见原敏感性表,results/01_q1/q1_3_sensitivity.csv
1.3,zero_c_0.25,task_main,reported_fields,,,,0.0,,见原敏感性表,results/01_q1/q1_3_sensitivity.csv
1.3,zero_c_0.25,task_main,reported_fields,,,,0.0,,见原敏感性表,results/01_q1/q1_3_sensitivity.csv
1.3,zero_c_0.25,task_main,reported_fields,,,,0.0,,见原敏感性表,results/01_q1/q1_3_sensitivity.csv
1.3,zero_c_0.25,task_main,reported_fields,,,,0.0,,见原敏感性表,results/01_q1/q1_3_sensitivity.csv
1.3,zero_c_0.25,task_main,reported_fields,,,,0.0,,见原敏感性表,results/01_q1/q1_3_sensitivity.csv
1.3,zero_c_0.25,task_main,reported_fields,,,,0.0,,见原敏感性表,results/01_q1/q1_3_sensitivity.csv
1.3,zero_c_0.25,task_main,reported_fields,,,,0.0,,见原敏感性表,results/01_q1/q1_3_sensitivity.csv
1.3,zero_c_0.25,task_main,reported_fields,,,,0.0,,见原敏感性表,results/01_q1/q1_3_sensitivity.csv
1.3,zero_c_0.25,task_main,reported_fields,,,,0.0,,见原敏感性表,results/01_q1/q1_3_sensitivity.csv
1.3,zero_c_0.25,task_main,reported_fields,,,,0.0,,见原敏感性表,results/01_q1/q1_3_sensitivity.csv
1.3,zero_c_0.25,task_main,reported_fields,,,,0.0,,见原敏感性表,results/01_q1/q1_3_sensitivity.csv
1.3,zero_c_0.25,task_main,reported_fields,,,,0.0,,见原敏感性表,results/01_q1/q1_3_sensitivity.csv
1.3,zero_c_0.25,task_main,reported_fields,,,,0.0,,见原敏感性表,results/01_q1/q1_3_sensitivity.csv
1.3,zero_c_0.25,task_main,reported_fields,,,,0.0,,见原敏感性表,results/01_q1/q1_3_sensitivity.csv
1.3,zero_c_0.25,task_main,reported_fields,,,,0.0,,见原敏感性表,results/01_q1/q1_3_sensitivity.csv
1.3,zero_c_0.25,task_main,reported_fields,,,,0.0,,见原敏感性表,results/01_q1/q1_3_sensitivity.csv
1.3,zero_c_0.25,task_main,reported_fields,,,,0.0,,见原敏感性表,results/01_q1/q1_3_sensitivity.csv
1.3,zero_c_0.25,task_main,reported_fields,,,,0.0,,见原敏感性表,results/01_q1/q1_3_sensitivity.csv
1.3,zero_c_0.25,task_main,reported_fields,,,,0.0,,见原敏感性表,results/01_q1/q1_3_sensitivity.csv
1.3,zero_c_0.25,task_main,reported_fields,,,,0.0,,见原敏感性表,results/01_q1/q1_3_sensitivity.csv
1.3,zero_c_0.25,task_main,reported_fields,,,,0.0,,见原敏感性表,results/01_q1/q1_3_sensitivity.csv
1.3,zero_c_0.25,task_main,reported_fields,,,,0.0,,见原敏感性表,results/01_q1/q1_3_sensitivity.csv
1.3,zero_c_0.25,task_main,reported_fields,,,,0.0,,见原敏感性表,results/01_q1/q1_3_sensitivity.csv
1.3,zero_c_0.25,task_main,reported_fields,,,,0.0,,见原敏感性表,results/01_q1/q1_3_sensitivity.csv
1.3,zero_c_0.25,task_main,reported_fields,,,,0.0,,见原敏感性表,results/01_q1/q1_3_sensitivity.csv
1.3,zero_c_0.25,task_main,reported_fields,,,,0.0,,见原敏感性表,results/01_q1/q1_3_sensitivity.csv
1.3,zero_c_0.25,task_main,reported_fields,,,,0.0,,见原敏感性表,results/01_q1/q1_3_sensitivity.csv
1.3,zero_c_0.25,task_main,reported_fields,,,,0.0,,见原敏感性表,results/01_q1/q1_3_sensitivity.csv
1.3,zero_c_0.25,task_main,reported_fields,,,,0.0,,见原敏感性表,results/01_q1/q1_3_sensitivity.csv
1.3,zero_c_0.25,task_main,reported_fields,,,,0.0,,见原敏感性表,results/01_q1/q1_3_sensitivity.csv
1.3,zero_c_0.25,task_main,reported_fields,,,,0.0,,见原敏感性表,results/01_q1/q1_3_sensitivity.csv
1.3,zero_c_0.25,task_main,reported_fields,,,,0.0,,见原敏感性表,results/01_q1/q1_3_sensitivity.csv
1.3,zero_c_0.25,task_main,reported_fields,,,,0.0,,见原敏感性表,results/01_q1/q1_3_sensitivity.csv
1.3,zero_c_0.25,task_main,reported_fields,,,,0.0,,见原敏感性表,results/01_q1/q1_3_sensitivity.csv
1.3,zero_c_0.25,task_main,reported_fields,,,,0.0,,见原敏感性表,results/01_q1/q1_3_sensitivity.csv
1.3,zero_c_0.25,task_main,reported_fields,,,,0.0,,见原敏感性表,results/01_q1/q1_3_sensitivity.csv
1.3,zero_c_0.25,task_main,reported_fields,,,,0.0,,见原敏感性表,results/01_q1/q1_3_sensitivity.csv
1.3,zero_c_0.25,task_main,reported_fields,,,,0.0,,见原敏感性表,results/01_q1/q1_3_sensitivity.csv
1.3,zero_c_0.25,task_main,reported_fields,,,,0.0,,见原敏感性表,results/01_q1/q1_3_sensitivity.csv
1.3,zero_c_0.25,task_main,reported_fields,,,,0.0,,见原敏感性表,results/01_q1/q1_3_sensitivity.csv
1.3,zero_c_0.25,task_main,reported_fields,,,,0.0,,见原敏感性表,results/01_q1/q1_3_sensitivity.csv
1.3,zero_c_0.25,task_main,reported_fields,,,,0.0,,见原敏感性表,results/01_q1/q1_3_sensitivity.csv
1.3,zero_c_0.25,task_main,reported_fields,,,,0.0,,见原敏感性表,results/01_q1/q1_3_sensitivity.csv
1.3,zero_c_0.25,task_main,reported_fields,,,,0.0,,见原敏感性表,results/01_q1/q1_3_sensitivity.csv
1.3,zero_c_0.25,task_main,reported_fields,,,,0.0,,见原敏感性表,results/01_q1/q1_3_sensitivity.csv
1.3,zero_c_0.25,task_main,reported_fields,,,,0.0,,见原敏感性表,results/01_q1/q1_3_sensitivity.csv
1.3,zero_c_0.25,task_main,reported_fields,,,,0.0,,见原敏感性表,results/01_q1/q1_3_sensitivity.csv
1.3,zero_c_0.25,task_main,reported_fields,,,,0.0,,见原敏感性表,results/01_q1/q1_3_sensitivity.csv
1.3,zero_c_0.25,task_main,reported_fields,,,,0.0,,见原敏感性表,results/01_q1/q1_3_sensitivity.csv
1.3,zero_c_0.25,task_main,reported_fields,,,,0.0,,见原敏感性表,results/01_q1/q1_3_sensitivity.csv
1.3,zero_c_0.25,task_main,reported_fields,,,,0.0,,见原敏感性表,results/01_q1/q1_3_sensitivity.csv
1.3,zero_c_0.25,task_main,reported_fields,,,,0.0,,见原敏感性表,results/01_q1/q1_3_sensitivity.csv
1.3,zero_c_0.25,task_main,reported_fields,,,,0.0,,见原敏感性表,results/01_q1/q1_3_sensitivity.csv
1.3,zero_c_0.25,task_main,reported_fields,,,,0.0,,见原敏感性表,results/01_q1/q1_3_sensitivity.csv
1.3,zero_c_0.25,task_main,reported_fields,,,,0.0,,见原敏感性表,results/01_q1/q1_3_sensitivity.csv
1.3,zero_c_0.25,task_main,reported_fields,,,,0.0,,见原敏感性表,results/01_q1/q1_3_sensitivity.csv
1.3,zero_c_0.25,task_main,reported_fields,,,,0.0,,见原敏感性表,results/01_q1/q1_3_sensitivity.csv
1.3,zero_c_0.25,task_main,reported_fields,,,,0.0,,见原敏感性表,results/01_q1/q1_3_sensitivity.csv
1.3,zero_c_0.25,task_main,reported_fields,,,,0.0,,见原敏感性表,results/01_q1/q1_3_sensitivity.csv
1.3,zero_c_0.25,task_main,reported_fields,,,,0.0,,见原敏感性表,results/01_q1/q1_3_sensitivity.csv
1.3,zero_c_0.25,task_main,reported_fields,,,,0.0,,见原敏感性表,results/01_q1/q1_3_sensitivity.csv
1.3,zero_c_0.25,task_main,reported_fields,,,,0.0,,见原敏感性表,results/01_q1/q1_3_sensitivity.csv
1.3,zero_c_0.25,task_main,reported_fields,,,,0.0,,见原敏感性表,results/01_q1/q1_3_sensitivity.csv
1.3,zero_c_0.25,task_main,reported_fields,,,,0.0,,见原敏感性表,results/01_q1/q1_3_sensitivity.csv
1.3,zero_c_0.25,task_main,reported_fields,,,,0.0,,见原敏感性表,results/01_q1/q1_3_sensitivity.csv
1.3,zero_c_0.25,task_main,reported_fields,,,,0.0,,见原敏感性表,results/01_q1/q1_3_sensitivity.csv
1.3,zero_c_0.25,task_main,reported_fields,,,,0.0,,见原敏感性表,results/01_q1/q1_3_sensitivity.csv
1.3,zero_c_0.25,task_main,reported_fields,,,,0.0,,见原敏感性表,results/01_q1/q1_3_sensitivity.csv
1.3,zero_c_0.25,task_main,reported_fields,,,,0.0,,见原敏感性表,results/01_q1/q1_3_sensitivity.csv
1.3,zero_c_0.25,task_main,reported_fields,,,,0.0,,见原敏感性表,results/01_q1/q1_3_sensitivity.csv
1.3,zero_c_0.25,task_main,reported_fields,,,,0.0,,见原敏感性表,results/01_q1/q1_3_sensitivity.csv
1.3,zero_c_0.25,task_main,reported_fields,,,,0.0,,见原敏感性表,results/01_q1/q1_3_sensitivity.csv
1.3,zero_c_0.25,task_main,reported_fields,,,,0.0,,见原敏感性表,results/01_q1/q1_3_sensitivity.csv
1.3,zero_c_0.25,task_main,reported_fields,,,,0.0,,见原敏感性表,results/01_q1/q1_3_sensitivity.csv
1.3,zero_c_0.25,task_main,reported_fields,,,,0.0,,见原敏感性表,results/01_q1/q1_3_sensitivity.csv
1.3,zero_c_0.25,task_main,reported_fields,,,,0.0,,见原敏感性表,results/01_q1/q1_3_sensitivity.csv
1.3,zero_c_0.25,task_main,reported_fields,,,,0.0,,见原敏感性表,results/01_q1/q1_3_sensitivity.csv
1.3,zero_c_0.25,task_main,reported_fields,,,,0.0,,见原敏感性表,results/01_q1/q1_3_sensitivity.csv
1.3,zero_c_0.25,task_main,reported_fields,,,,0.0,,见原敏感性表,results/01_q1/q1_3_sensitivity.csv
1.3,zero_c_0.25,task_main,reported_fields,,,,0.0,,见原敏感性表,results/01_q1/q1_3_sensitivity.csv
1.3,zero_c_0.25,task_main,reported_fields,,,,0.0,,见原敏感性表,results/01_q1/q1_3_sensitivity.csv
1.3,zero_c_0.25,task_main,reported_fields,,,,0.0,,见原敏感性表,results/01_q1/q1_3_sensitivity.csv
1.3,zero_c_0.25,task_main,reported_fields,,,,0.0,,见原敏感性表,results/01_q1/q1_3_sensitivity.csv
1.3,zero_c_0.25,task_main,reported_fields,,,,0.0,,见原敏感性表,results/01_q1/q1_3_sensitivity.csv
1.3,zero_c_0.25,task_main,reported_fields,,,,0.0,,见原敏感性表,results/01_q1/q1_3_sensitivity.csv
1.3,zero_c_0.25,task_main,reported_fields,,,,0.0,,见原敏感性表,results/01_q1/q1_3_sensitivity.csv
1.3,zero_c_0.25,task_main,reported_fields,,,,0.0,,见原敏感性表,results/01_q1/q1_3_sensitivity.csv
1.3,zero_c_0.25,task_main,reported_fields,,,,0.0,,见原敏感性表,results/01_q1/q1_3_sensitivity.csv
1.3,zero_c_0.25,task_main,reported_fields,,,,0.0,,见原敏感性表,results/01_q1/q1_3_sensitivity.csv
1.3,zero_c_0.25,task_main,reported_fields,,,,0.0,,见原敏感性表,results/01_q1/q1_3_sensitivity.csv
1.3,zero_c_0.25,task_main,reported_fields,,,,0.0,,见原敏感性表,results/01_q1/q1_3_sensitivity.csv
1.3,zero_c_0.25,task_main,reported_fields,,,,0.0,,见原敏感性表,results/01_q1/q1_3_sensitivity.csv
1.3,zero_c_0.25,task_main,reported_fields,,,,0.0,,见原敏感性表,results/01_q1/q1_3_sensitivity.csv
1.3,zero_c_0.25,task_main,reported_fields,,,,0.0,,见原敏感性表,results/01_q1/q1_3_sensitivity.csv
1.3,zero_c_0.25,task_main,reported_fields,,,,0.0,,见原敏感性表,results/01_q1/q1_3_sensitivity.csv
1.3,zero_c_0.75,task_main,reported_fields,,,,0.0,,见原敏感性表,results/01_q1/q1_3_sensitivity.csv
1.3,zero_c_0.75,task_main,reported_fields,,,,0.0,,见原敏感性表,results/01_q1/q1_3_sensitivity.csv
1.3,zero_c_0.75,task_main,reported_fields,,,,0.0,,见原敏感性表,results/01_q1/q1_3_sensitivity.csv
1.3,zero_c_0.75,task_main,reported_fields,,,,0.0,,见原敏感性表,results/01_q1/q1_3_sensitivity.csv
1.3,zero_c_0.75,task_main,reported_fields,,,,0.0,,见原敏感性表,results/01_q1/q1_3_sensitivity.csv
1.3,zero_c_0.75,task_main,reported_fields,,,,0.0,,见原敏感性表,results/01_q1/q1_3_sensitivity.csv
1.3,zero_c_0.75,task_main,reported_fields,,,,0.0,,见原敏感性表,results/01_q1/q1_3_sensitivity.csv
1.3,zero_c_0.75,task_main,reported_fields,,,,0.0,,见原敏感性表,results/01_q1/q1_3_sensitivity.csv
1.3,zero_c_0.75,task_main,reported_fields,,,,0.0,,见原敏感性表,results/01_q1/q1_3_sensitivity.csv
1.3,zero_c_0.75,task_main,reported_fields,,,,0.0,,见原敏感性表,results/01_q1/q1_3_sensitivity.csv
1.3,zero_c_0.75,task_main,reported_fields,,,,0.0,,见原敏感性表,results/01_q1/q1_3_sensitivity.csv
1.3,zero_c_0.75,task_main,reported_fields,,,,0.0,,见原敏感性表,results/01_q1/q1_3_sensitivity.csv
1.3,zero_c_0.75,task_main,reported_fields,,,,0.0,,见原敏感性表,results/01_q1/q1_3_sensitivity.csv
1.3,zero_c_0.75,task_main,reported_fields,,,,0.0,,见原敏感性表,results/01_q1/q1_3_sensitivity.csv
1.3,zero_c_0.75,task_main,reported_fields,,,,0.0,,见原敏感性表,results/01_q1/q1_3_sensitivity.csv
1.3,zero_c_0.75,task_main,reported_fields,,,,0.0,,见原敏感性表,results/01_q1/q1_3_sensitivity.csv
1.3,zero_c_0.75,task_main,reported_fields,,,,0.0,,见原敏感性表,results/01_q1/q1_3_sensitivity.csv
1.3,zero_c_0.75,task_main,reported_fields,,,,0.0,,见原敏感性表,results/01_q1/q1_3_sensitivity.csv
1.3,zero_c_0.75,task_main,reported_fields,,,,0.0,,见原敏感性表,results/01_q1/q1_3_sensitivity.csv
1.3,zero_c_0.75,task_main,reported_fields,,,,0.0,,见原敏感性表,results/01_q1/q1_3_sensitivity.csv
1.3,zero_c_0.75,task_main,reported_fields,,,,0.0,,见原敏感性表,results/01_q1/q1_3_sensitivity.csv
1.3,zero_c_0.75,task_main,reported_fields,,,,0.0,,见原敏感性表,results/01_q1/q1_3_sensitivity.csv
1.3,zero_c_0.75,task_main,reported_fields,,,,0.0,,见原敏感性表,results/01_q1/q1_3_sensitivity.csv
1.3,zero_c_0.75,task_main,reported_fields,,,,0.0,,见原敏感性表,results/01_q1/q1_3_sensitivity.csv
1.3,zero_c_0.75,task_main,reported_fields,,,,0.0,,见原敏感性表,results/01_q1/q1_3_sensitivity.csv
1.3,zero_c_0.75,task_main,reported_fields,,,,0.0,,见原敏感性表,results/01_q1/q1_3_sensitivity.csv
1.3,zero_c_0.75,task_main,reported_fields,,,,0.0,,见原敏感性表,results/01_q1/q1_3_sensitivity.csv
1.3,zero_c_0.75,task_main,reported_fields,,,,0.0,,见原敏感性表,results/01_q1/q1_3_sensitivity.csv
1.3,zero_c_0.75,task_main,reported_fields,,,,0.0,,见原敏感性表,results/01_q1/q1_3_sensitivity.csv
1.3,zero_c_0.75,task_main,reported_fields,,,,0.0,,见原敏感性表,results/01_q1/q1_3_sensitivity.csv
1.3,zero_c_0.75,task_main,reported_fields,,,,0.0,,见原敏感性表,results/01_q1/q1_3_sensitivity.csv
1.3,zero_c_0.75,task_main,reported_fields,,,,0.0,,见原敏感性表,results/01_q1/q1_3_sensitivity.csv
1.3,zero_c_0.75,task_main,reported_fields,,,,0.0,,见原敏感性表,results/01_q1/q1_3_sensitivity.csv
1.3,zero_c_0.75,task_main,reported_fields,,,,0.0,,见原敏感性表,results/01_q1/q1_3_sensitivity.csv
1.3,zero_c_0.75,task_main,reported_fields,,,,0.0,,见原敏感性表,results/01_q1/q1_3_sensitivity.csv
1.3,zero_c_0.75,task_main,reported_fields,,,,0.0,,见原敏感性表,results/01_q1/q1_3_sensitivity.csv
1.3,zero_c_0.75,task_main,reported_fields,,,,0.0,,见原敏感性表,results/01_q1/q1_3_sensitivity.csv
1.3,zero_c_0.75,task_main,reported_fields,,,,0.0,,见原敏感性表,results/01_q1/q1_3_sensitivity.csv
1.3,zero_c_0.75,task_main,reported_fields,,,,0.0,,见原敏感性表,results/01_q1/q1_3_sensitivity.csv
1.3,zero_c_0.75,task_main,reported_fields,,,,0.0,,见原敏感性表,results/01_q1/q1_3_sensitivity.csv
1.3,zero_c_0.75,task_main,reported_fields,,,,0.0,,见原敏感性表,results/01_q1/q1_3_sensitivity.csv
1.3,zero_c_0.75,task_main,reported_fields,,,,0.0,,见原敏感性表,results/01_q1/q1_3_sensitivity.csv
1.3,zero_c_0.75,task_main,reported_fields,,,,0.0,,见原敏感性表,results/01_q1/q1_3_sensitivity.csv
1.3,zero_c_0.75,task_main,reported_fields,,,,0.0,,见原敏感性表,results/01_q1/q1_3_sensitivity.csv
1.3,zero_c_0.75,task_main,reported_fields,,,,0.0,,见原敏感性表,results/01_q1/q1_3_sensitivity.csv
1.3,zero_c_0.75,task_main,reported_fields,,,,0.0,,见原敏感性表,results/01_q1/q1_3_sensitivity.csv
1.3,zero_c_0.75,task_main,reported_fields,,,,0.0,,见原敏感性表,results/01_q1/q1_3_sensitivity.csv
1.3,zero_c_0.75,task_main,reported_fields,,,,0.0,,见原敏感性表,results/01_q1/q1_3_sensitivity.csv
1.3,zero_c_0.75,task_main,reported_fields,,,,0.0,,见原敏感性表,results/01_q1/q1_3_sensitivity.csv
1.3,zero_c_0.75,task_main,reported_fields,,,,0.0,,见原敏感性表,results/01_q1/q1_3_sensitivity.csv
1.3,zero_c_0.75,task_main,reported_fields,,,,0.0,,见原敏感性表,results/01_q1/q1_3_sensitivity.csv
1.3,zero_c_0.75,task_main,reported_fields,,,,0.0,,见原敏感性表,results/01_q1/q1_3_sensitivity.csv
1.3,zero_c_0.75,task_main,reported_fields,,,,0.0,,见原敏感性表,results/01_q1/q1_3_sensitivity.csv
1.3,zero_c_0.75,task_main,reported_fields,,,,0.0,,见原敏感性表,results/01_q1/q1_3_sensitivity.csv
1.3,zero_c_0.75,task_main,reported_fields,,,,0.0,,见原敏感性表,results/01_q1/q1_3_sensitivity.csv
1.3,zero_c_0.75,task_main,reported_fields,,,,0.0,,见原敏感性表,results/01_q1/q1_3_sensitivity.csv
1.3,zero_c_0.75,task_main,reported_fields,,,,0.0,,见原敏感性表,results/01_q1/q1_3_sensitivity.csv
1.3,zero_c_0.75,task_main,reported_fields,,,,0.0,,见原敏感性表,results/01_q1/q1_3_sensitivity.csv
1.3,zero_c_0.75,task_main,reported_fields,,,,0.0,,见原敏感性表,results/01_q1/q1_3_sensitivity.csv
1.3,zero_c_0.75,task_main,reported_fields,,,,0.0,,见原敏感性表,results/01_q1/q1_3_sensitivity.csv
1.3,zero_c_0.75,task_main,reported_fields,,,,0.0,,见原敏感性表,results/01_q1/q1_3_sensitivity.csv
1.3,zero_c_0.75,task_main,reported_fields,,,,0.0,,见原敏感性表,results/01_q1/q1_3_sensitivity.csv
1.3,zero_c_0.75,task_main,reported_fields,,,,0.0,,见原敏感性表,results/01_q1/q1_3_sensitivity.csv
1.3,zero_c_0.75,task_main,reported_fields,,,,0.0,,见原敏感性表,results/01_q1/q1_3_sensitivity.csv
1.3,zero_c_0.75,task_main,reported_fields,,,,0.0,,见原敏感性表,results/01_q1/q1_3_sensitivity.csv
1.3,zero_c_0.75,task_main,reported_fields,,,,0.0,,见原敏感性表,results/01_q1/q1_3_sensitivity.csv
1.3,zero_c_0.75,task_main,reported_fields,,,,0.0,,见原敏感性表,results/01_q1/q1_3_sensitivity.csv
1.3,zero_c_0.75,task_main,reported_fields,,,,0.0,,见原敏感性表,results/01_q1/q1_3_sensitivity.csv
1.3,zero_c_0.75,task_main,reported_fields,,,,0.0,,见原敏感性表,results/01_q1/q1_3_sensitivity.csv
1.3,zero_c_0.75,task_main,reported_fields,,,,0.0,,见原敏感性表,results/01_q1/q1_3_sensitivity.csv
1.3,zero_c_0.75,task_main,reported_fields,,,,0.0,,见原敏感性表,results/01_q1/q1_3_sensitivity.csv
1.3,zero_c_0.75,task_main,reported_fields,,,,0.0,,见原敏感性表,results/01_q1/q1_3_sensitivity.csv
1.3,zero_c_0.75,task_main,reported_fields,,,,0.0,,见原敏感性表,results/01_q1/q1_3_sensitivity.csv
1.3,zero_c_0.75,task_main,reported_fields,,,,0.0,,见原敏感性表,results/01_q1/q1_3_sensitivity.csv
1.3,zero_c_0.75,task_main,reported_fields,,,,0.0,,见原敏感性表,results/01_q1/q1_3_sensitivity.csv
1.3,zero_c_0.75,task_main,reported_fields,,,,0.0,,见原敏感性表,results/01_q1/q1_3_sensitivity.csv
1.3,zero_c_0.75,task_main,reported_fields,,,,0.0,,见原敏感性表,results/01_q1/q1_3_sensitivity.csv
1.3,zero_c_0.75,task_main,reported_fields,,,,0.0,,见原敏感性表,results/01_q1/q1_3_sensitivity.csv
1.3,zero_c_0.75,task_main,reported_fields,,,,0.0,,见原敏感性表,results/01_q1/q1_3_sensitivity.csv
1.3,zero_c_0.75,task_main,reported_fields,,,,0.0,,见原敏感性表,results/01_q1/q1_3_sensitivity.csv
1.3,zero_c_0.75,task_main,reported_fields,,,,0.0,,见原敏感性表,results/01_q1/q1_3_sensitivity.csv
1.3,zero_c_0.75,task_main,reported_fields,,,,0.0,,见原敏感性表,results/01_q1/q1_3_sensitivity.csv
1.3,zero_c_0.75,task_main,reported_fields,,,,0.0,,见原敏感性表,results/01_q1/q1_3_sensitivity.csv
1.3,zero_c_0.75,task_main,reported_fields,,,,0.0,,见原敏感性表,results/01_q1/q1_3_sensitivity.csv
1.3,zero_c_0.75,task_main,reported_fields,,,,0.0,,见原敏感性表,results/01_q1/q1_3_sensitivity.csv
1.3,zero_c_0.75,task_main,reported_fields,,,,0.0,,见原敏感性表,results/01_q1/q1_3_sensitivity.csv
1.3,zero_c_0.75,task_main,reported_fields,,,,0.0,,见原敏感性表,results/01_q1/q1_3_sensitivity.csv
1.3,zero_c_0.75,task_main,reported_fields,,,,0.0,,见原敏感性表,results/01_q1/q1_3_sensitivity.csv
1.3,zero_c_0.75,task_main,reported_fields,,,,0.0,,见原敏感性表,results/01_q1/q1_3_sensitivity.csv
1.3,zero_c_0.75,task_main,reported_fields,,,,0.0,,见原敏感性表,results/01_q1/q1_3_sensitivity.csv
1.3,zero_c_0.75,task_main,reported_fields,,,,0.0,,见原敏感性表,results/01_q1/q1_3_sensitivity.csv
1.3,zero_c_0.75,task_main,reported_fields,,,,0.0,,见原敏感性表,results/01_q1/q1_3_sensitivity.csv
1.3,zero_c_0.75,task_main,reported_fields,,,,0.0,,见原敏感性表,results/01_q1/q1_3_sensitivity.csv
1.3,zero_c_0.75,task_main,reported_fields,,,,0.0,,见原敏感性表,results/01_q1/q1_3_sensitivity.csv
1.3,zero_c_0.75,task_main,reported_fields,,,,0.0,,见原敏感性表,results/01_q1/q1_3_sensitivity.csv
1.3,zero_c_0.75,task_main,reported_fields,,,,0.0,,见原敏感性表,results/01_q1/q1_3_sensitivity.csv
1.3,zero_c_0.75,task_main,reported_fields,,,,0.0,,见原敏感性表,results/01_q1/q1_3_sensitivity.csv
1.3,zero_c_0.75,task_main,reported_fields,,,,0.0,,见原敏感性表,results/01_q1/q1_3_sensitivity.csv
1.3,zero_c_0.75,task_main,reported_fields,,,,0.0,,见原敏感性表,results/01_q1/q1_3_sensitivity.csv
1.3,zero_c_0.75,task_main,reported_fields,,,,0.0,,见原敏感性表,results/01_q1/q1_3_sensitivity.csv
1.3,zero_c_0.75,task_main,reported_fields,,,,0.0,,见原敏感性表,results/01_q1/q1_3_sensitivity.csv
1.3,zero_c_0.75,task_main,reported_fields,,,,0.0,,见原敏感性表,results/01_q1/q1_3_sensitivity.csv
1.3,zero_c_0.75,task_main,reported_fields,,,,0.0,,见原敏感性表,results/01_q1/q1_3_sensitivity.csv
1.3,zero_c_0.75,task_main,reported_fields,,,,0.0,,见原敏感性表,results/01_q1/q1_3_sensitivity.csv
1.3,zero_c_0.75,task_main,reported_fields,,,,0.0,,见原敏感性表,results/01_q1/q1_3_sensitivity.csv
1.3,zero_c_0.75,task_main,reported_fields,,,,0.0,,见原敏感性表,results/01_q1/q1_3_sensitivity.csv
1.3,zero_c_0.75,task_main,reported_fields,,,,0.0,,见原敏感性表,results/01_q1/q1_3_sensitivity.csv
1.3,zero_c_0.75,task_main,reported_fields,,,,0.0,,见原敏感性表,results/01_q1/q1_3_sensitivity.csv
1.3,zero_c_0.75,task_main,reported_fields,,,,0.0,,见原敏感性表,results/01_q1/q1_3_sensitivity.csv
1.3,zero_c_0.75,task_main,reported_fields,,,,0.0,,见原敏感性表,results/01_q1/q1_3_sensitivity.csv
1.3,zero_c_0.75,task_main,reported_fields,,,,0.0,,见原敏感性表,results/01_q1/q1_3_sensitivity.csv
1.3,zero_c_0.75,task_main,reported_fields,,,,0.0,,见原敏感性表,results/01_q1/q1_3_sensitivity.csv
1.3,zero_c_0.75,task_main,reported_fields,,,,0.0,,见原敏感性表,results/01_q1/q1_3_sensitivity.csv
1.3,zero_c_0.75,task_main,reported_fields,,,,0.0,,见原敏感性表,results/01_q1/q1_3_sensitivity.csv
1.3,zero_c_0.75,task_main,reported_fields,,,,0.0,,见原敏感性表,results/01_q1/q1_3_sensitivity.csv
1.3,zero_c_0.75,task_main,reported_fields,,,,0.0,,见原敏感性表,results/01_q1/q1_3_sensitivity.csv
1.3,zero_c_0.75,task_main,reported_fields,,,,0.0,,见原敏感性表,results/01_q1/q1_3_sensitivity.csv
1.3,zero_c_0.75,task_main,reported_fields,,,,0.0,,见原敏感性表,results/01_q1/q1_3_sensitivity.csv
1.3,zero_c_0.75,task_main,reported_fields,,,,0.0,,见原敏感性表,results/01_q1/q1_3_sensitivity.csv
1.3,zero_c_0.75,task_main,reported_fields,,,,0.0,,见原敏感性表,results/01_q1/q1_3_sensitivity.csv
1.3,zero_c_0.75,task_main,reported_fields,,,,0.0,,见原敏感性表,results/01_q1/q1_3_sensitivity.csv
1.3,zero_c_0.75,task_main,reported_fields,,,,0.0,,见原敏感性表,results/01_q1/q1_3_sensitivity.csv
1.3,zero_c_0.75,task_main,reported_fields,,,,0.0,,见原敏感性表,results/01_q1/q1_3_sensitivity.csv
1.3,zero_c_0.75,task_main,reported_fields,,,,0.0,,见原敏感性表,results/01_q1/q1_3_sensitivity.csv
1.3,zero_c_0.75,task_main,reported_fields,,,,0.0,,见原敏感性表,results/01_q1/q1_3_sensitivity.csv
1.3,zero_c_0.75,task_main,reported_fields,,,,0.0,,见原敏感性表,results/01_q1/q1_3_sensitivity.csv
1.3,zero_c_0.75,task_main,reported_fields,,,,0.0,,见原敏感性表,results/01_q1/q1_3_sensitivity.csv
1.3,zero_c_0.75,task_main,reported_fields,,,,0.0,,见原敏感性表,results/01_q1/q1_3_sensitivity.csv
1.3,zero_c_0.75,task_main,reported_fields,,,,0.0,,见原敏感性表,results/01_q1/q1_3_sensitivity.csv
1.3,zero_c_0.75,task_main,reported_fields,,,,0.0,,见原敏感性表,results/01_q1/q1_3_sensitivity.csv
1.3,zero_c_0.75,task_main,reported_fields,,,,0.0,,见原敏感性表,results/01_q1/q1_3_sensitivity.csv
1.3,zero_c_0.75,task_main,reported_fields,,,,0.0,,见原敏感性表,results/01_q1/q1_3_sensitivity.csv
1.3,zero_c_0.75,task_main,reported_fields,,,,0.0,,见原敏感性表,results/01_q1/q1_3_sensitivity.csv
1.3,zero_c_0.75,task_main,reported_fields,,,,0.0,,见原敏感性表,results/01_q1/q1_3_sensitivity.csv
1.3,zero_c_0.75,task_main,reported_fields,,,,0.0,,见原敏感性表,results/01_q1/q1_3_sensitivity.csv
1.3,zero_c_0.75,task_main,reported_fields,,,,0.0,,见原敏感性表,results/01_q1/q1_3_sensitivity.csv
1.3,zero_c_0.75,task_main,reported_fields,,,,0.0,,见原敏感性表,results/01_q1/q1_3_sensitivity.csv
1.3,zero_c_0.75,task_main,reported_fields,,,,0.0,,见原敏感性表,results/01_q1/q1_3_sensitivity.csv
1.3,zero_c_0.75,task_main,reported_fields,,,,0.0,,见原敏感性表,results/01_q1/q1_3_sensitivity.csv
1.3,zero_c_0.75,task_main,reported_fields,,,,0.0,,见原敏感性表,results/01_q1/q1_3_sensitivity.csv
1.3,zero_c_0.75,task_main,reported_fields,,,,0.0,,见原敏感性表,results/01_q1/q1_3_sensitivity.csv
1.3,zero_c_0.75,task_main,reported_fields,,,,0.0,,见原敏感性表,results/01_q1/q1_3_sensitivity.csv
1.3,zero_c_0.75,task_main,reported_fields,,,,0.0,,见原敏感性表,results/01_q1/q1_3_sensitivity.csv
1.3,zero_c_0.75,task_main,reported_fields,,,,0.0,,见原敏感性表,results/01_q1/q1_3_sensitivity.csv
1.3,zero_c_0.75,task_main,reported_fields,,,,0.0,,见原敏感性表,results/01_q1/q1_3_sensitivity.csv
1.3,zero_c_0.75,task_main,reported_fields,,,,0.0,,见原敏感性表,results/01_q1/q1_3_sensitivity.csv
1.3,zero_c_0.75,task_main,reported_fields,,,,0.0,,见原敏感性表,results/01_q1/q1_3_sensitivity.csv
1.3,zero_c_0.75,task_main,reported_fields,,,,0.0,,见原敏感性表,results/01_q1/q1_3_sensitivity.csv
1.3,zero_c_0.75,task_main,reported_fields,,,,0.0,,见原敏感性表,results/01_q1/q1_3_sensitivity.csv
1.3,zero_c_0.75,task_main,reported_fields,,,,0.0,,见原敏感性表,results/01_q1/q1_3_sensitivity.csv
1.3,zero_c_0.75,task_main,reported_fields,,,,0.0,,见原敏感性表,results/01_q1/q1_3_sensitivity.csv
1.3,zero_c_0.75,task_main,reported_fields,,,,0.0,,见原敏感性表,results/01_q1/q1_3_sensitivity.csv
1.3,zero_c_0.75,task_main,reported_fields,,,,0.0,,见原敏感性表,results/01_q1/q1_3_sensitivity.csv
1.3,zero_c_0.75,task_main,reported_fields,,,,0.0,,见原敏感性表,results/01_q1/q1_3_sensitivity.csv
1.3,zero_c_0.75,task_main,reported_fields,,,,0.0,,见原敏感性表,results/01_q1/q1_3_sensitivity.csv
1.3,zero_c_0.75,task_main,reported_fields,,,,0.0,,见原敏感性表,results/01_q1/q1_3_sensitivity.csv
1.3,zero_c_0.75,task_main,reported_fields,,,,0.0,,见原敏感性表,results/01_q1/q1_3_sensitivity.csv
1.3,zero_c_0.75,task_main,reported_fields,,,,0.0,,见原敏感性表,results/01_q1/q1_3_sensitivity.csv
1.3,zero_c_0.75,task_main,reported_fields,,,,0.0,,见原敏感性表,results/01_q1/q1_3_sensitivity.csv
1.3,zero_c_0.75,task_main,reported_fields,,,,0.0,,见原敏感性表,results/01_q1/q1_3_sensitivity.csv
1.3,zero_c_0.75,task_main,reported_fields,,,,0.0,,见原敏感性表,results/01_q1/q1_3_sensitivity.csv
1.3,zero_c_0.75,task_main,reported_fields,,,,0.0,,见原敏感性表,results/01_q1/q1_3_sensitivity.csv
1.3,zero_c_0.75,task_main,reported_fields,,,,0.0,,见原敏感性表,results/01_q1/q1_3_sensitivity.csv
1.3,zero_c_0.75,task_main,reported_fields,,,,0.0,,见原敏感性表,results/01_q1/q1_3_sensitivity.csv
1.3,zero_c_0.75,task_main,reported_fields,,,,0.0,,见原敏感性表,results/01_q1/q1_3_sensitivity.csv
1.3,zero_c_0.75,task_main,reported_fields,,,,0.0,,见原敏感性表,results/01_q1/q1_3_sensitivity.csv
1.3,zero_c_0.75,task_main,reported_fields,,,,0.0,,见原敏感性表,results/01_q1/q1_3_sensitivity.csv
1.3,zero_c_0.75,task_main,reported_fields,,,,0.0,,见原敏感性表,results/01_q1/q1_3_sensitivity.csv
1.3,zero_c_0.75,task_main,reported_fields,,,,0.0,,见原敏感性表,results/01_q1/q1_3_sensitivity.csv
1.3,zero_c_0.75,task_main,reported_fields,,,,0.0,,见原敏感性表,results/01_q1/q1_3_sensitivity.csv
1.3,zero_c_0.75,task_main,reported_fields,,,,0.0,,见原敏感性表,results/01_q1/q1_3_sensitivity.csv
1.3,zero_c_0.75,task_main,reported_fields,,,,0.0,,见原敏感性表,results/01_q1/q1_3_sensitivity.csv
1.3,zero_c_0.75,task_main,reported_fields,,,,0.0,,见原敏感性表,results/01_q1/q1_3_sensitivity.csv
1.3,zero_c_0.75,task_main,reported_fields,,,,0.0,,见原敏感性表,results/01_q1/q1_3_sensitivity.csv
1.3,zero_c_0.75,task_main,reported_fields,,,,0.0,,见原敏感性表,results/01_q1/q1_3_sensitivity.csv
1.3,zero_c_0.75,task_main,reported_fields,,,,0.0,,见原敏感性表,results/01_q1/q1_3_sensitivity.csv
1.3,zero_c_0.75,task_main,reported_fields,,,,0.0,,见原敏感性表,results/01_q1/q1_3_sensitivity.csv
1.3,zero_c_0.75,task_main,reported_fields,,,,0.0,,见原敏感性表,results/01_q1/q1_3_sensitivity.csv
1.3,zero_c_0.75,task_main,reported_fields,,,,0.0,,见原敏感性表,results/01_q1/q1_3_sensitivity.csv
1.3,zero_c_0.75,task_main,reported_fields,,,,0.0,,见原敏感性表,results/01_q1/q1_3_sensitivity.csv
1.3,zero_c_0.75,task_main,reported_fields,,,,0.0,,见原敏感性表,results/01_q1/q1_3_sensitivity.csv
1.3,zero_c_0.75,task_main,reported_fields,,,,0.0,,见原敏感性表,results/01_q1/q1_3_sensitivity.csv
1.3,zero_c_0.75,task_main,reported_fields,,,,0.0,,见原敏感性表,results/01_q1/q1_3_sensitivity.csv
1.3,zero_c_0.75,task_main,reported_fields,,,,0.0,,见原敏感性表,results/01_q1/q1_3_sensitivity.csv
1.3,zero_c_0.75,task_main,reported_fields,,,,0.0,,见原敏感性表,results/01_q1/q1_3_sensitivity.csv
1.3,zero_c_0.75,task_main,reported_fields,,,,0.0,,见原敏感性表,results/01_q1/q1_3_sensitivity.csv
1.3,zero_c_0.75,task_main,reported_fields,,,,0.0,,见原敏感性表,results/01_q1/q1_3_sensitivity.csv
1.3,zero_c_0.75,task_main,reported_fields,,,,0.0,,见原敏感性表,results/01_q1/q1_3_sensitivity.csv
1.3,zero_c_0.75,task_main,reported_fields,,,,0.0,,见原敏感性表,results/01_q1/q1_3_sensitivity.csv
1.3,zero_c_0.75,task_main,reported_fields,,,,0.0,,见原敏感性表,results/01_q1/q1_3_sensitivity.csv
1.3,zero_c_0.75,task_main,reported_fields,,,,0.0,,见原敏感性表,results/01_q1/q1_3_sensitivity.csv
1.3,zero_c_0.75,task_main,reported_fields,,,,0.0,,见原敏感性表,results/01_q1/q1_3_sensitivity.csv
1.3,zero_c_0.75,task_main,reported_fields,,,,0.0,,见原敏感性表,results/01_q1/q1_3_sensitivity.csv
1.3,zero_c_0.75,task_main,reported_fields,,,,0.0,,见原敏感性表,results/01_q1/q1_3_sensitivity.csv
1.3,zero_c_0.75,task_main,reported_fields,,,,0.0,,见原敏感性表,results/01_q1/q1_3_sensitivity.csv
1.3,zero_c_0.75,task_main,reported_fields,,,,0.0,,见原敏感性表,results/01_q1/q1_3_sensitivity.csv
1.3,zero_c_0.75,task_main,reported_fields,,,,0.0,,见原敏感性表,results/01_q1/q1_3_sensitivity.csv
1.3,zero_c_0.75,task_main,reported_fields,,,,0.0,,见原敏感性表,results/01_q1/q1_3_sensitivity.csv
1.3,zero_c_0.75,task_main,reported_fields,,,,0.0,,见原敏感性表,results/01_q1/q1_3_sensitivity.csv
1.3,zero_c_0.75,task_main,reported_fields,,,,0.0,,见原敏感性表,results/01_q1/q1_3_sensitivity.csv
1.3,zero_c_0.75,task_main,reported_fields,,,,0.0,,见原敏感性表,results/01_q1/q1_3_sensitivity.csv
1.3,zero_c_0.75,task_main,reported_fields,,,,0.0,,见原敏感性表,results/01_q1/q1_3_sensitivity.csv
1.3,zero_c_0.75,task_main,reported_fields,,,,0.0,,见原敏感性表,results/01_q1/q1_3_sensitivity.csv
1.3,zero_c_0.75,task_main,reported_fields,,,,0.0,,见原敏感性表,results/01_q1/q1_3_sensitivity.csv
1.3,zero_c_0.75,task_main,reported_fields,,,,0.0,,见原敏感性表,results/01_q1/q1_3_sensitivity.csv
1.3,zero_c_0.75,task_main,reported_fields,,,,0.0,,见原敏感性表,results/01_q1/q1_3_sensitivity.csv
1.3,zero_c_0.75,task_main,reported_fields,,,,0.0,,见原敏感性表,results/01_q1/q1_3_sensitivity.csv
1.3,zero_c_0.75,task_main,reported_fields,,,,0.0,,见原敏感性表,results/01_q1/q1_3_sensitivity.csv
1.3,zero_c_0.75,task_main,reported_fields,,,,0.0,,见原敏感性表,results/01_q1/q1_3_sensitivity.csv
1.3,zero_c_0.75,task_main,reported_fields,,,,0.0,,见原敏感性表,results/01_q1/q1_3_sensitivity.csv
1.3,zero_c_0.75,task_main,reported_fields,,,,0.0,,见原敏感性表,results/01_q1/q1_3_sensitivity.csv
1.3,zero_c_0.75,task_main,reported_fields,,,,0.0,,见原敏感性表,results/01_q1/q1_3_sensitivity.csv
1.3,zero_c_0.75,task_main,reported_fields,,,,0.0,,见原敏感性表,results/01_q1/q1_3_sensitivity.csv
1.3,zero_c_0.75,task_main,reported_fields,,,,0.0,,见原敏感性表,results/01_q1/q1_3_sensitivity.csv
1.3,zero_c_0.75,task_main,reported_fields,,,,0.0,,见原敏感性表,results/01_q1/q1_3_sensitivity.csv
1.3,zero_c_0.75,task_main,reported_fields,,,,0.0,,见原敏感性表,results/01_q1/q1_3_sensitivity.csv
1.3,zero_c_0.75,task_main,reported_fields,,,,0.0,,见原敏感性表,results/01_q1/q1_3_sensitivity.csv
1.3,zero_c_0.75,task_main,reported_fields,,,,0.0,,见原敏感性表,results/01_q1/q1_3_sensitivity.csv
1.3,zero_c_0.75,task_main,reported_fields,,,,0.0,,见原敏感性表,results/01_q1/q1_3_sensitivity.csv
1.3,zero_c_0.75,task_main,reported_fields,,,,0.0,,见原敏感性表,results/01_q1/q1_3_sensitivity.csv
1.3,zero_c_0.75,task_main,reported_fields,,,,0.0,,见原敏感性表,results/01_q1/q1_3_sensitivity.csv
1.3,zero_c_0.75,task_main,reported_fields,,,,0.0,,见原敏感性表,results/01_q1/q1_3_sensitivity.csv
1.3,zero_c_0.75,task_main,reported_fields,,,,0.0,,见原敏感性表,results/01_q1/q1_3_sensitivity.csv
1.3,zero_c_0.75,task_main,reported_fields,,,,0.0,,见原敏感性表,results/01_q1/q1_3_sensitivity.csv
1.3,zero_c_0.75,task_main,reported_fields,,,,0.0,,见原敏感性表,results/01_q1/q1_3_sensitivity.csv
1.3,zero_c_0.75,task_main,reported_fields,,,,0.0,,见原敏感性表,results/01_q1/q1_3_sensitivity.csv
1.3,zero_c_0.75,task_main,reported_fields,,,,0.0,,见原敏感性表,results/01_q1/q1_3_sensitivity.csv
1.3,zero_c_0.75,task_main,reported_fields,,,,0.0,,见原敏感性表,results/01_q1/q1_3_sensitivity.csv
1.3,zero_c_0.75,task_main,reported_fields,,,,0.0,,见原敏感性表,results/01_q1/q1_3_sensitivity.csv
1.3,zero_c_0.75,task_main,reported_fields,,,,0.0,,见原敏感性表,results/01_q1/q1_3_sensitivity.csv
1.3,zero_c_0.75,task_main,reported_fields,,,,0.0,,见原敏感性表,results/01_q1/q1_3_sensitivity.csv
1.3,zero_c_0.75,task_main,reported_fields,,,,0.0,,见原敏感性表,results/01_q1/q1_3_sensitivity.csv
1.3,zero_c_0.75,task_main,reported_fields,,,,0.0,,见原敏感性表,results/01_q1/q1_3_sensitivity.csv
1.3,zero_c_0.75,task_main,reported_fields,,,,0.0,,见原敏感性表,results/01_q1/q1_3_sensitivity.csv
1.3,zero_c_0.75,task_main,reported_fields,,,,0.0,,见原敏感性表,results/01_q1/q1_3_sensitivity.csv
1.3,zero_c_0.75,task_main,reported_fields,,,,0.0,,见原敏感性表,results/01_q1/q1_3_sensitivity.csv
1.3,zero_c_0.75,task_main,reported_fields,,,,0.0,,见原敏感性表,results/01_q1/q1_3_sensitivity.csv
1.3,zero_c_0.75,task_main,reported_fields,,,,0.0,,见原敏感性表,results/01_q1/q1_3_sensitivity.csv
1.3,zero_c_0.75,task_main,reported_fields,,,,0.0,,见原敏感性表,results/01_q1/q1_3_sensitivity.csv
1.3,zero_c_0.75,task_main,reported_fields,,,,0.0,,见原敏感性表,results/01_q1/q1_3_sensitivity.csv
1.3,zero_c_0.75,task_main,reported_fields,,,,0.0,,见原敏感性表,results/01_q1/q1_3_sensitivity.csv
1.3,zero_c_0.75,task_main,reported_fields,,,,0.0,,见原敏感性表,results/01_q1/q1_3_sensitivity.csv
1.3,zero_c_0.75,task_main,reported_fields,,,,0.0,,见原敏感性表,results/01_q1/q1_3_sensitivity.csv
1.3,zero_c_0.75,task_main,reported_fields,,,,0.0,,见原敏感性表,results/01_q1/q1_3_sensitivity.csv
1.3,zero_c_0.75,task_main,reported_fields,,,,0.0,,见原敏感性表,results/01_q1/q1_3_sensitivity.csv
1.3,zero_c_0.75,task_main,reported_fields,,,,0.0,,见原敏感性表,results/01_q1/q1_3_sensitivity.csv
1.3,zero_c_0.75,task_main,reported_fields,,,,0.0,,见原敏感性表,results/01_q1/q1_3_sensitivity.csv
1.3,zero_c_0.75,task_main,reported_fields,,,,0.0,,见原敏感性表,results/01_q1/q1_3_sensitivity.csv
1.3,zero_c_0.75,task_main,reported_fields,,,,0.0,,见原敏感性表,results/01_q1/q1_3_sensitivity.csv
1.3,zero_c_0.75,task_main,reported_fields,,,,0.0,,见原敏感性表,results/01_q1/q1_3_sensitivity.csv
1.3,zero_c_0.75,task_main,reported_fields,,,,0.0,,见原敏感性表,results/01_q1/q1_3_sensitivity.csv
1.3,zero_c_0.75,task_main,reported_fields,,,,0.0,,见原敏感性表,results/01_q1/q1_3_sensitivity.csv
1.3,zero_c_0.75,task_main,reported_fields,,,,0.0,,见原敏感性表,results/01_q1/q1_3_sensitivity.csv
1.3,zero_c_0.75,task_main,reported_fields,,,,0.0,,见原敏感性表,results/01_q1/q1_3_sensitivity.csv
1.3,zero_c_0.75,task_main,reported_fields,,,,0.0,,见原敏感性表,results/01_q1/q1_3_sensitivity.csv
1.3,zero_c_0.75,task_main,reported_fields,,,,0.0,,见原敏感性表,results/01_q1/q1_3_sensitivity.csv
1.3,zero_c_0.75,task_main,reported_fields,,,,0.0,,见原敏感性表,results/01_q1/q1_3_sensitivity.csv
1.3,zero_c_0.75,task_main,reported_fields,,,,0.0,,见原敏感性表,results/01_q1/q1_3_sensitivity.csv
1.3,zero_c_0.75,task_main,reported_fields,,,,0.0,,见原敏感性表,results/01_q1/q1_3_sensitivity.csv
1.3,zero_c_0.75,task_main,reported_fields,,,,0.0,,见原敏感性表,results/01_q1/q1_3_sensitivity.csv
1.3,zero_c_0.75,task_main,reported_fields,,,,0.0,,见原敏感性表,results/01_q1/q1_3_sensitivity.csv
1.3,zero_c_0.75,task_main,reported_fields,,,,0.0,,见原敏感性表,results/01_q1/q1_3_sensitivity.csv
1.3,zero_c_0.75,task_main,reported_fields,,,,0.0,,见原敏感性表,results/01_q1/q1_3_sensitivity.csv
1.3,zero_c_0.75,task_main,reported_fields,,,,0.0,,见原敏感性表,results/01_q1/q1_3_sensitivity.csv
1.3,zero_c_0.75,task_main,reported_fields,,,,0.0,,见原敏感性表,results/01_q1/q1_3_sensitivity.csv
1.3,zero_c_0.75,task_main,reported_fields,,,,0.0,,见原敏感性表,results/01_q1/q1_3_sensitivity.csv
1.3,zero_c_0.75,task_main,reported_fields,,,,0.0,,见原敏感性表,results/01_q1/q1_3_sensitivity.csv
1.3,zero_c_0.75,task_main,reported_fields,,,,0.0,,见原敏感性表,results/01_q1/q1_3_sensitivity.csv
1.3,zero_c_0.75,task_main,reported_fields,,,,0.0,,见原敏感性表,results/01_q1/q1_3_sensitivity.csv
1.3,zero_c_0.75,task_main,reported_fields,,,,0.0,,见原敏感性表,results/01_q1/q1_3_sensitivity.csv
1.3,zero_c_0.75,task_main,reported_fields,,,,0.0,,见原敏感性表,results/01_q1/q1_3_sensitivity.csv
1.3,zero_c_0.75,task_main,reported_fields,,,,0.0,,见原敏感性表,results/01_q1/q1_3_sensitivity.csv
1.3,zero_c_0.75,task_main,reported_fields,,,,0.0,,见原敏感性表,results/01_q1/q1_3_sensitivity.csv
1.3,zero_c_0.75,task_main,reported_fields,,,,0.0,,见原敏感性表,results/01_q1/q1_3_sensitivity.csv
1.3,zero_c_0.75,task_main,reported_fields,,,,0.0,,见原敏感性表,results/01_q1/q1_3_sensitivity.csv
1.3,zero_c_0.75,task_main,reported_fields,,,,0.0,,见原敏感性表,results/01_q1/q1_3_sensitivity.csv
1.3,zero_c_0.75,task_main,reported_fields,,,,0.0,,见原敏感性表,results/01_q1/q1_3_sensitivity.csv
1.3,zero_c_0.75,task_main,reported_fields,,,,0.0,,见原敏感性表,results/01_q1/q1_3_sensitivity.csv
1.3,zero_c_0.75,task_main,reported_fields,,,,0.0,,见原敏感性表,results/01_q1/q1_3_sensitivity.csv
1.3,zero_c_0.75,task_main,reported_fields,,,,0.0,,见原敏感性表,results/01_q1/q1_3_sensitivity.csv
1.3,zero_c_0.75,task_main,reported_fields,,,,0.0,,见原敏感性表,results/01_q1/q1_3_sensitivity.csv
1.3,zero_c_0.75,task_main,reported_fields,,,,0.0,,见原敏感性表,results/01_q1/q1_3_sensitivity.csv
1.3,zero_c_0.75,task_main,reported_fields,,,,0.0,,见原敏感性表,results/01_q1/q1_3_sensitivity.csv
1.3,zero_c_0.75,task_main,reported_fields,,,,0.0,,见原敏感性表,results/01_q1/q1_3_sensitivity.csv
1.3,zero_c_0.75,task_main,reported_fields,,,,0.0,,见原敏感性表,results/01_q1/q1_3_sensitivity.csv
1.3,zero_c_0.75,task_main,reported_fields,,,,0.0,,见原敏感性表,results/01_q1/q1_3_sensitivity.csv
1.3,zero_c_0.75,task_main,reported_fields,,,,0.0,,见原敏感性表,results/01_q1/q1_3_sensitivity.csv
1.3,zero_c_0.75,task_main,reported_fields,,,,0.0,,见原敏感性表,results/01_q1/q1_3_sensitivity.csv
1.3,zero_c_0.75,task_main,reported_fields,,,,0.0,,见原敏感性表,results/01_q1/q1_3_sensitivity.csv
1.3,zero_c_0.75,task_main,reported_fields,,,,0.0,,见原敏感性表,results/01_q1/q1_3_sensitivity.csv
1.3,zero_c_0.75,task_main,reported_fields,,,,0.0,,见原敏感性表,results/01_q1/q1_3_sensitivity.csv
1.3,zero_c_0.75,task_main,reported_fields,,,,0.0,,见原敏感性表,results/01_q1/q1_3_sensitivity.csv
1.3,zero_c_0.75,task_main,reported_fields,,,,0.0,,见原敏感性表,results/01_q1/q1_3_sensitivity.csv
1.3,zero_c_0.75,task_main,reported_fields,,,,0.0,,见原敏感性表,results/01_q1/q1_3_sensitivity.csv
1.3,zero_c_0.75,task_main,reported_fields,,,,0.0,,见原敏感性表,results/01_q1/q1_3_sensitivity.csv
1.3,zero_c_0.75,task_main,reported_fields,,,,0.0,,见原敏感性表,results/01_q1/q1_3_sensitivity.csv
1.3,zero_c_0.75,task_main,reported_fields,,,,0.0,,见原敏感性表,results/01_q1/q1_3_sensitivity.csv
1.3,zero_c_0.75,task_main,reported_fields,,,,0.0,,见原敏感性表,results/01_q1/q1_3_sensitivity.csv
1.3,zero_c_0.75,task_main,reported_fields,,,,0.0,,见原敏感性表,results/01_q1/q1_3_sensitivity.csv
1.3,zero_c_0.75,task_main,reported_fields,,,,0.0,,见原敏感性表,results/01_q1/q1_3_sensitivity.csv
1.3,zero_c_0.75,task_main,reported_fields,,,,0.0,,见原敏感性表,results/01_q1/q1_3_sensitivity.csv
1.3,zero_c_0.75,task_main,reported_fields,,,,0.0,,见原敏感性表,results/01_q1/q1_3_sensitivity.csv
1.3,zero_c_0.75,task_main,reported_fields,,,,0.0,,见原敏感性表,results/01_q1/q1_3_sensitivity.csv
1.3,zero_c_0.75,task_main,reported_fields,,,,0.0,,见原敏感性表,results/01_q1/q1_3_sensitivity.csv
1.3,zero_c_0.75,task_main,reported_fields,,,,0.0,,见原敏感性表,results/01_q1/q1_3_sensitivity.csv
1.3,zero_c_0.75,task_main,reported_fields,,,,0.0,,见原敏感性表,results/01_q1/q1_3_sensitivity.csv
1.3,zero_c_0.75,task_main,reported_fields,,,,0.0,,见原敏感性表,results/01_q1/q1_3_sensitivity.csv
1.3,zero_c_0.75,task_main,reported_fields,,,,0.0,,见原敏感性表,results/01_q1/q1_3_sensitivity.csv
1.3,zero_c_0.75,task_main,reported_fields,,,,0.0,,见原敏感性表,results/01_q1/q1_3_sensitivity.csv
1.3,zero_c_0.75,task_main,reported_fields,,,,0.0,,见原敏感性表,results/01_q1/q1_3_sensitivity.csv
1.3,zero_c_0.75,task_main,reported_fields,,,,0.0,,见原敏感性表,results/01_q1/q1_3_sensitivity.csv
1.3,zero_c_0.75,task_main,reported_fields,,,,0.0,,见原敏感性表,results/01_q1/q1_3_sensitivity.csv
1.3,zero_c_0.75,task_main,reported_fields,,,,0.0,,见原敏感性表,results/01_q1/q1_3_sensitivity.csv
1.3,zero_c_0.75,task_main,reported_fields,,,,0.0,,见原敏感性表,results/01_q1/q1_3_sensitivity.csv
1.3,zero_c_0.75,task_main,reported_fields,,,,0.0,,见原敏感性表,results/01_q1/q1_3_sensitivity.csv
1.3,zero_c_0.75,task_main,reported_fields,,,,0.0,,见原敏感性表,results/01_q1/q1_3_sensitivity.csv
1.3,zero_c_0.75,task_main,reported_fields,,,,0.0,,见原敏感性表,results/01_q1/q1_3_sensitivity.csv
1.3,zero_c_0.75,task_main,reported_fields,,,,0.0,,见原敏感性表,results/01_q1/q1_3_sensitivity.csv
1.3,zero_c_0.75,task_main,reported_fields,,,,0.0,,见原敏感性表,results/01_q1/q1_3_sensitivity.csv
1.3,zero_c_0.75,task_main,reported_fields,,,,0.0,,见原敏感性表,results/01_q1/q1_3_sensitivity.csv
1.3,zero_c_0.75,task_main,reported_fields,,,,0.0,,见原敏感性表,results/01_q1/q1_3_sensitivity.csv
1.3,zero_c_0.75,task_main,reported_fields,,,,0.0,,见原敏感性表,results/01_q1/q1_3_sensitivity.csv
1.3,zero_c_0.75,task_main,reported_fields,,,,0.0,,见原敏感性表,results/01_q1/q1_3_sensitivity.csv
1.3,zero_c_0.75,task_main,reported_fields,,,,0.0,,见原敏感性表,results/01_q1/q1_3_sensitivity.csv
1.3,zero_c_0.75,task_main,reported_fields,,,,0.0,,见原敏感性表,results/01_q1/q1_3_sensitivity.csv
1.3,zero_c_0.75,task_main,reported_fields,,,,0.0,,见原敏感性表,results/01_q1/q1_3_sensitivity.csv
1.3,zero_c_0.75,task_main,reported_fields,,,,0.0,,见原敏感性表,results/01_q1/q1_3_sensitivity.csv
1.3,zero_c_0.75,task_main,reported_fields,,,,0.0,,见原敏感性表,results/01_q1/q1_3_sensitivity.csv
1.3,zero_c_0.75,task_main,reported_fields,,,,0.0,,见原敏感性表,results/01_q1/q1_3_sensitivity.csv
1.3,zero_c_0.75,task_main,reported_fields,,,,0.0,,见原敏感性表,results/01_q1/q1_3_sensitivity.csv
1.3,zero_c_0.75,task_main,reported_fields,,,,0.0,,见原敏感性表,results/01_q1/q1_3_sensitivity.csv
1.3,zero_c_0.75,task_main,reported_fields,,,,0.0,,见原敏感性表,results/01_q1/q1_3_sensitivity.csv
1.3,zero_c_0.75,task_main,reported_fields,,,,0.0,,见原敏感性表,results/01_q1/q1_3_sensitivity.csv
1.3,zero_c_0.75,task_main,reported_fields,,,,0.0,,见原敏感性表,results/01_q1/q1_3_sensitivity.csv
1.3,zero_c_0.75,task_main,reported_fields,,,,0.0,,见原敏感性表,results/01_q1/q1_3_sensitivity.csv
1.3,zero_c_0.75,task_main,reported_fields,,,,0.0,,见原敏感性表,results/01_q1/q1_3_sensitivity.csv
1.3,zero_c_0.75,task_main,reported_fields,,,,0.0,,见原敏感性表,results/01_q1/q1_3_sensitivity.csv
1.3,zero_c_0.75,task_main,reported_fields,,,,0.0,,见原敏感性表,results/01_q1/q1_3_sensitivity.csv
1.3,zero_c_0.75,task_main,reported_fields,,,,0.0,,见原敏感性表,results/01_q1/q1_3_sensitivity.csv
1.3,zero_c_0.75,task_main,reported_fields,,,,0.0,,见原敏感性表,results/01_q1/q1_3_sensitivity.csv
1.3,zero_c_0.75,task_main,reported_fields,,,,0.0,,见原敏感性表,results/01_q1/q1_3_sensitivity.csv
1.3,zero_c_0.75,task_main,reported_fields,,,,0.0,,见原敏感性表,results/01_q1/q1_3_sensitivity.csv
1.3,zero_c_0.75,task_main,reported_fields,,,,0.0,,见原敏感性表,results/01_q1/q1_3_sensitivity.csv
1.3,zero_c_0.75,task_main,reported_fields,,,,0.0,,见原敏感性表,results/01_q1/q1_3_sensitivity.csv
1.3,zero_c_0.75,task_main,reported_fields,,,,0.0,,见原敏感性表,results/01_q1/q1_3_sensitivity.csv
1.3,zero_c_0.75,task_main,reported_fields,,,,0.0,,见原敏感性表,results/01_q1/q1_3_sensitivity.csv
1.3,zero_c_0.75,task_main,reported_fields,,,,0.0,,见原敏感性表,results/01_q1/q1_3_sensitivity.csv
1.3,zero_c_0.75,task_main,reported_fields,,,,0.0,,见原敏感性表,results/01_q1/q1_3_sensitivity.csv
1.3,zero_c_0.75,task_main,reported_fields,,,,0.0,,见原敏感性表,results/01_q1/q1_3_sensitivity.csv
1.3,zero_c_0.75,task_main,reported_fields,,,,0.0,,见原敏感性表,results/01_q1/q1_3_sensitivity.csv
1.3,zero_c_0.75,task_main,reported_fields,,,,0.0,,见原敏感性表,results/01_q1/q1_3_sensitivity.csv
1.3,zero_c_0.75,task_main,reported_fields,,,,0.0,,见原敏感性表,results/01_q1/q1_3_sensitivity.csv
1.3,zero_c_0.75,task_main,reported_fields,,,,0.0,,见原敏感性表,results/01_q1/q1_3_sensitivity.csv
1.3,zero_c_0.75,task_main,reported_fields,,,,0.0,,见原敏感性表,results/01_q1/q1_3_sensitivity.csv
1.3,zero_c_0.75,task_main,reported_fields,,,,0.0,,见原敏感性表,results/01_q1/q1_3_sensitivity.csv
1.3,zero_c_0.75,task_main,reported_fields,,,,0.0,,见原敏感性表,results/01_q1/q1_3_sensitivity.csv
1.3,zero_c_0.75,task_main,reported_fields,,,,0.0,,见原敏感性表,results/01_q1/q1_3_sensitivity.csv
1.3,zero_c_0.75,task_main,reported_fields,,,,0.0,,见原敏感性表,results/01_q1/q1_3_sensitivity.csv
1.3,zero_c_0.75,task_main,reported_fields,,,,0.0,,见原敏感性表,results/01_q1/q1_3_sensitivity.csv
1.3,zero_c_0.75,task_main,reported_fields,,,,0.0,,见原敏感性表,results/01_q1/q1_3_sensitivity.csv
1.3,zero_c_0.75,task_main,reported_fields,,,,0.0,,见原敏感性表,results/01_q1/q1_3_sensitivity.csv
1.3,zero_c_0.75,task_main,reported_fields,,,,0.0,,见原敏感性表,results/01_q1/q1_3_sensitivity.csv
1.3,zero_c_0.75,task_main,reported_fields,,,,0.0,,见原敏感性表,results/01_q1/q1_3_sensitivity.csv
1.3,zero_c_0.75,task_main,reported_fields,,,,0.0,,见原敏感性表,results/01_q1/q1_3_sensitivity.csv
2.1,main_weather_group_c0.5,Logistic,balanced_accuracy,,0.7875,0.0,,,见原敏感性表,results/02_q2/q2_1_sensitivity.csv
2.1,zero_c_0.25,Logistic,balanced_accuracy,,0.7875,0.0,,,见原敏感性表,results/02_q2/q2_1_sensitivity.csv
2.1,zero_c_0.75,Logistic,balanced_accuracy,,0.7875,0.0,,,见原敏感性表,results/02_q2/q2_1_sensitivity.csv
2.1,global_median,Logistic,balanced_accuracy,,0.8,0.0125,,,见原敏感性表,results/02_q2/q2_1_sensitivity.csv
2.1,knn_k5,Logistic,balanced_accuracy,,0.8,0.0125,,,见原敏感性表,results/02_q2/q2_1_sensitivity.csv
2.1,include_invalid_15_17,Logistic,balanced_accuracy,,0.8083333333333333,0.0208333333333333,,,见原敏感性表,results/02_q2/q2_1_sensitivity.csv
2.1,componentwise_pm_5pct,Logistic,balanced_accuracy,,0.7875,0.0,,,见原敏感性表,results/02_q2/q2_1_sensitivity.csv
2.1,componentwise_pm_10pct,Logistic,balanced_accuracy,,0.7875,0.0,,,见原敏感性表,results/02_q2/q2_1_sensitivity.csv
2.2,main,task_main,reported_fields,,,,,,见原敏感性表,results/02_q2/q2_2_sensitivity.csv
2.2,zero_c_0.25,task_main,reported_fields,,,,,,见原敏感性表,results/02_q2/q2_2_sensitivity.csv
2.2,zero_c_0.75,task_main,reported_fields,,,,,,见原敏感性表,results/02_q2/q2_2_sensitivity.csv
2.2,r_threshold_0.4,task_main,reported_fields,,,,,,见原敏感性表,results/02_q2/q2_2_sensitivity.csv
2.2,r_threshold_0.6,task_main,reported_fields,,,,,,见原敏感性表,results/02_q2/q2_2_sensitivity.csv
2.2,include_invalid_15_17,task_main,reported_fields,,,,,,见原敏感性表,results/02_q2/q2_2_sensitivity.csv
2.2,componentwise_pm_5pct,task_main,reported_fields,,,,,,见原敏感性表,results/02_q2/q2_2_sensitivity.csv
2.2,componentwise_pm_10pct,task_main,reported_fields,,,,,,见原敏感性表,results/02_q2/q2_2_sensitivity.csv
2.2,main,task_main,reported_fields,,,,,,见原敏感性表,results/02_q2/q2_2_sensitivity.csv
2.2,zero_c_0.25,task_main,reported_fields,,,,,,见原敏感性表,results/02_q2/q2_2_sensitivity.csv
2.2,zero_c_0.75,task_main,reported_fields,,,,,,见原敏感性表,results/02_q2/q2_2_sensitivity.csv
2.2,r_threshold_0.4,task_main,reported_fields,,,,,,见原敏感性表,results/02_q2/q2_2_sensitivity.csv
2.2,r_threshold_0.6,task_main,reported_fields,,,,,,见原敏感性表,results/02_q2/q2_2_sensitivity.csv
2.2,include_invalid_15_17,task_main,reported_fields,,,,,,见原敏感性表,results/02_q2/q2_2_sensitivity.csv
2.2,componentwise_pm_5pct,task_main,reported_fields,,,,,,见原敏感性表,results/02_q2/q2_2_sensitivity.csv
2.2,componentwise_pm_10pct,task_main,reported_fields,,,,,,见原敏感性表,results/02_q2/q2_2_sensitivity.csv
3,zero_c_0.25,task_main,reported_fields,,,,,0.0,见原敏感性表,results/03_q3/q3_sensitivity.csv
3,zero_c_0.25,task_main,reported_fields,,,,,0.0,见原敏感性表,results/03_q3/q3_sensitivity.csv
3,zero_c_0.25,task_main,reported_fields,,,,,0.0,见原敏感性表,results/03_q3/q3_sensitivity.csv
3,zero_c_0.25,task_main,reported_fields,,,,,0.0,见原敏感性表,results/03_q3/q3_sensitivity.csv
3,zero_c_0.25,task_main,reported_fields,,,,,0.0,见原敏感性表,results/03_q3/q3_sensitivity.csv
3,zero_c_0.25,task_main,reported_fields,,,,,0.0,见原敏感性表,results/03_q3/q3_sensitivity.csv
3,zero_c_0.25,task_main,reported_fields,,,,,0.0,见原敏感性表,results/03_q3/q3_sensitivity.csv
3,zero_c_0.25,task_main,reported_fields,,,,,0.0,见原敏感性表,results/03_q3/q3_sensitivity.csv
3,zero_c_0.75,task_main,reported_fields,,,,,0.0,见原敏感性表,results/03_q3/q3_sensitivity.csv
3,zero_c_0.75,task_main,reported_fields,,,,,0.0,见原敏感性表,results/03_q3/q3_sensitivity.csv
3,zero_c_0.75,task_main,reported_fields,,,,,0.0,见原敏感性表,results/03_q3/q3_sensitivity.csv
3,zero_c_0.75,task_main,reported_fields,,,,,0.0,见原敏感性表,results/03_q3/q3_sensitivity.csv
3,zero_c_0.75,task_main,reported_fields,,,,,0.0,见原敏感性表,results/03_q3/q3_sensitivity.csv
3,zero_c_0.75,task_main,reported_fields,,,,,0.0,见原敏感性表,results/03_q3/q3_sensitivity.csv
3,zero_c_0.75,task_main,reported_fields,,,,,0.0,见原敏感性表,results/03_q3/q3_sensitivity.csv
3,zero_c_0.75,task_main,reported_fields,,,,,0.0,见原敏感性表,results/03_q3/q3_sensitivity.csv
3,global_median,task_main,reported_fields,,,,,1.0,见原敏感性表,results/03_q3/q3_sensitivity.csv
3,global_median,task_main,reported_fields,,,,,0.0,见原敏感性表,results/03_q3/q3_sensitivity.csv
3,global_median,task_main,reported_fields,,,,,0.0,见原敏感性表,results/03_q3/q3_sensitivity.csv
3,global_median,task_main,reported_fields,,,,,0.0,见原敏感性表,results/03_q3/q3_sensitivity.csv
3,global_median,task_main,reported_fields,,,,,0.0,见原敏感性表,results/03_q3/q3_sensitivity.csv
3,global_median,task_main,reported_fields,,,,,0.0,见原敏感性表,results/03_q3/q3_sensitivity.csv
3,global_median,task_main,reported_fields,,,,,0.0,见原敏感性表,results/03_q3/q3_sensitivity.csv
3,global_median,task_main,reported_fields,,,,,0.0,见原敏感性表,results/03_q3/q3_sensitivity.csv
3,knn_k5,task_main,reported_fields,,,,,0.0,见原敏感性表,results/03_q3/q3_sensitivity.csv
3,knn_k5,task_main,reported_fields,,,,,0.0,见原敏感性表,results/03_q3/q3_sensitivity.csv
3,knn_k5,task_main,reported_fields,,,,,0.0,见原敏感性表,results/03_q3/q3_sensitivity.csv
3,knn_k5,task_main,reported_fields,,,,,0.0,见原敏感性表,results/03_q3/q3_sensitivity.csv
3,knn_k5,task_main,reported_fields,,,,,0.0,见原敏感性表,results/03_q3/q3_sensitivity.csv
3,knn_k5,task_main,reported_fields,,,,,0.0,见原敏感性表,results/03_q3/q3_sensitivity.csv
3,knn_k5,task_main,reported_fields,,,,,0.0,见原敏感性表,results/03_q3/q3_sensitivity.csv
3,knn_k5,task_main,reported_fields,,,,,0.0,见原敏感性表,results/03_q3/q3_sensitivity.csv
3,componentwise_pm_5pct_phase0,task_main,reported_fields,,,,,0.0,见原敏感性表,results/03_q3/q3_sensitivity.csv
3,componentwise_pm_5pct_phase0,task_main,reported_fields,,,,,0.0,见原敏感性表,results/03_q3/q3_sensitivity.csv
3,componentwise_pm_5pct_phase0,task_main,reported_fields,,,,,0.0,见原敏感性表,results/03_q3/q3_sensitivity.csv
3,componentwise_pm_5pct_phase0,task_main,reported_fields,,,,,0.0,见原敏感性表,results/03_q3/q3_sensitivity.csv
3,componentwise_pm_5pct_phase0,task_main,reported_fields,,,,,0.0,见原敏感性表,results/03_q3/q3_sensitivity.csv
3,componentwise_pm_5pct_phase0,task_main,reported_fields,,,,,0.0,见原敏感性表,results/03_q3/q3_sensitivity.csv
3,componentwise_pm_5pct_phase0,task_main,reported_fields,,,,,0.0,见原敏感性表,results/03_q3/q3_sensitivity.csv
3,componentwise_pm_5pct_phase0,task_main,reported_fields,,,,,0.0,见原敏感性表,results/03_q3/q3_sensitivity.csv
3,componentwise_pm_5pct_phase1,task_main,reported_fields,,,,,0.0,见原敏感性表,results/03_q3/q3_sensitivity.csv
3,componentwise_pm_5pct_phase1,task_main,reported_fields,,,,,0.0,见原敏感性表,results/03_q3/q3_sensitivity.csv
3,componentwise_pm_5pct_phase1,task_main,reported_fields,,,,,0.0,见原敏感性表,results/03_q3/q3_sensitivity.csv
3,componentwise_pm_5pct_phase1,task_main,reported_fields,,,,,0.0,见原敏感性表,results/03_q3/q3_sensitivity.csv
3,componentwise_pm_5pct_phase1,task_main,reported_fields,,,,,0.0,见原敏感性表,results/03_q3/q3_sensitivity.csv
3,componentwise_pm_5pct_phase1,task_main,reported_fields,,,,,0.0,见原敏感性表,results/03_q3/q3_sensitivity.csv
3,componentwise_pm_5pct_phase1,task_main,reported_fields,,,,,0.0,见原敏感性表,results/03_q3/q3_sensitivity.csv
3,componentwise_pm_5pct_phase1,task_main,reported_fields,,,,,0.0,见原敏感性表,results/03_q3/q3_sensitivity.csv
3,componentwise_pm_10pct_phase0,task_main,reported_fields,,,,,0.0,见原敏感性表,results/03_q3/q3_sensitivity.csv
3,componentwise_pm_10pct_phase0,task_main,reported_fields,,,,,0.0,见原敏感性表,results/03_q3/q3_sensitivity.csv
3,componentwise_pm_10pct_phase0,task_main,reported_fields,,,,,0.0,见原敏感性表,results/03_q3/q3_sensitivity.csv
3,componentwise_pm_10pct_phase0,task_main,reported_fields,,,,,0.0,见原敏感性表,results/03_q3/q3_sensitivity.csv
3,componentwise_pm_10pct_phase0,task_main,reported_fields,,,,,0.0,见原敏感性表,results/03_q3/q3_sensitivity.csv
3,componentwise_pm_10pct_phase0,task_main,reported_fields,,,,,0.0,见原敏感性表,results/03_q3/q3_sensitivity.csv
3,componentwise_pm_10pct_phase0,task_main,reported_fields,,,,,0.0,见原敏感性表,results/03_q3/q3_sensitivity.csv
3,componentwise_pm_10pct_phase0,task_main,reported_fields,,,,,0.0,见原敏感性表,results/03_q3/q3_sensitivity.csv
3,componentwise_pm_10pct_phase1,task_main,reported_fields,,,,,0.0,见原敏感性表,results/03_q3/q3_sensitivity.csv
3,componentwise_pm_10pct_phase1,task_main,reported_fields,,,,,0.0,见原敏感性表,results/03_q3/q3_sensitivity.csv
3,componentwise_pm_10pct_phase1,task_main,reported_fields,,,,,0.0,见原敏感性表,results/03_q3/q3_sensitivity.csv
3,componentwise_pm_10pct_phase1,task_main,reported_fields,,,,,0.0,见原敏感性表,results/03_q3/q3_sensitivity.csv
3,componentwise_pm_10pct_phase1,task_main,reported_fields,,,,,0.0,见原敏感性表,results/03_q3/q3_sensitivity.csv
3,componentwise_pm_10pct_phase1,task_main,reported_fields,,,,,0.0,见原敏感性表,results/03_q3/q3_sensitivity.csv
3,componentwise_pm_10pct_phase1,task_main,reported_fields,,,,,0.0,见原敏感性表,results/03_q3/q3_sensitivity.csv
3,componentwise_pm_10pct_phase1,task_main,reported_fields,,,,,0.0,见原敏感性表,results/03_q3/q3_sensitivity.csv
4,zero_c_0.25,task_main,高钾,,0.7777777777777778,,,,stable,results/04_q4/q4_sensitivity.csv
4,zero_c_0.75,task_main,高钾,,0.7777777777777778,,,,stable,results/04_q4/q4_sensitivity.csv
4,detection_0.20,task_main,高钾,,0.6363636363636364,,,,sensitive,results/04_q4/q4_sensitivity.csv
4,detection_0.40,task_main,高钾,,0.7777777777777778,,,,stable,results/04_q4/q4_sensitivity.csv
4,edge_threshold_0.40,task_main,高钾,,0.5,,,,sensitive,results/04_q4/q4_sensitivity.csv
4,edge_threshold_0.60,task_main,高钾,,1.0,,,,stable,results/04_q4/q4_sensitivity.csv
4,include_invalid_15_17,task_main,高钾,,0.7777777777777778,,,,stable,results/04_q4/q4_sensitivity.csv
4,zero_c_0.25,task_main,铅钡,,0.4,,,,sensitive,results/04_q4/q4_sensitivity.csv
4,zero_c_0.75,task_main,铅钡,,0.4,,,,sensitive,results/04_q4/q4_sensitivity.csv
4,detection_0.20,task_main,铅钡,,0.4,,,,sensitive,results/04_q4/q4_sensitivity.csv
4,detection_0.40,task_main,铅钡,,0.4,,,,sensitive,results/04_q4/q4_sensitivity.csv
4,edge_threshold_0.40,task_main,铅钡,,0.25,,,,sensitive,results/04_q4/q4_sensitivity.csv
4,edge_threshold_0.60,task_main,铅钡,,0.5,,,,sensitive,results/04_q4/q4_sensitivity.csv
4,include_invalid_15_17,task_main,铅钡,,0.4,,,,sensitive,results/04_q4/q4_sensitivity.csv
